ECOS solver failed:  The solver ECOS is not installed. 
Using SCS instead.
ECOS solver failed:  The solver ECOS is not installed. 
Using SCS instead.
ECOS solver failed:  The solver ECOS is not installed. 
Using SCS instead.
ECOS solver failed:  The solver ECOS is not installed. 
Using SCS instead.
ECOS solver failed:  The solver ECOS is not installed. 
Using SCS instead.
ECOS solver failed:  The solver ECOS is not installed. 
Using SCS instead.
ECOS solver failed:  The solver ECOS is not installed. 
Using SCS instead.
ECOS solver failed:  The solver ECOS is not installed. 
Using SCS instead.
ECOS solver failed:  The solver ECOS is not installed. 
Using SCS instead.
ECOS solver failed:  The solver ECOS is not installed. 
Using SCS instead.
ECOS solver failed:  The solver ECOS is not installed. 
Using SCS instead.
ECOS solver failed:  The solver ECOS is not installed. 
Using SCS instead.
ECOS solver failed:  The solver ECOS is not installed. 
Using SCS instead.
ECOS solver failed:  The solver ECOS is not installed. 
Using SCS instead.
ECOS solver failed:  The solver ECOS is not installed. 
Using SCS instead.
ECOS solver failed:  The solver ECOS is not installed. 
Using SCS instead.
ECOS solver failed:  The solver ECOS is not installed. 
Using SCS instead.
ECOS solver failed:  The solver ECOS is not installed. 
Using SCS instead.
ECOS solver failed:  The solver ECOS is not installed. 
Using SCS instead.
ECOS solver failed:  The solver ECOS is not installed. 
Using SCS instead.
ECOS solver failed:  The solver ECOS is not installed. 
Using SCS instead.
M-step Design Matrix Calculation time (sec): 0.0410
ECOS solver failed in IPCW_HAL_init, falling back to SCS: The solver ECOS is not installed.
M-step CVXPY optimize time (sec): 1.7470
ECOS solver failed:  The solver ECOS is not installed. 
Using SCS instead.
ECOS solver failed:  The solver ECOS is not installed. 
Using SCS instead.
ECOS solver failed:  The solver ECOS is not installed. 
Using SCS instead.
ECOS solver failed:  The solver ECOS is not installed. 
Using SCS instead.
ECOS solver failed:  The solver ECOS is not installed. 
Using SCS instead.
ECOS solver failed:  The solver ECOS is not installed. 
Using SCS instead.
ECOS solver failed:  The solver ECOS is not installed. 
Using SCS instead.
ECOS solver failed:  The solver ECOS is not installed. 
Using SCS instead.
ECOS solver failed:  The solver ECOS is not installed. 
Using SCS instead.
ECOS solver failed:  The solver ECOS is not installed. 
Using SCS instead.
ECOS solver failed:  The solver ECOS is not installed. 
Using SCS instead.
ECOS solver failed:  The solver ECOS is not installed. 
Using SCS instead.
ECOS solver failed:  The solver ECOS is not installed. 
Using SCS instead.
ECOS solver failed:  The solver ECOS is not installed. 
Using SCS instead.
ECOS solver failed:  The solver ECOS is not installed. 
Using SCS instead.
ECOS solver failed:  The solver ECOS is not installed. 
Using SCS instead.
ECOS solver failed:  The solver ECOS is not installed. 
Using SCS instead.
ECOS solver failed:  The solver ECOS is not installed. 
Using SCS instead.
ECOS solver failed:  The solver ECOS is not installed. 
Using SCS instead.
ECOS solver failed:  The solver ECOS is not installed. 
Using SCS instead.
ECOS solver failed:  The solver ECOS is not installed. 
Using SCS instead.
M-step Design Matrix Calculation time (sec): 0.0242
ECOS solver failed in IPCW_HAL_init, falling back to SCS: The solver ECOS is not installed.
M-step CVXPY optimize time (sec): 1.2359
ECOS solver failed:  The solver ECOS is not installed. 
Using SCS instead.
ECOS solver failed:  The solver ECOS is not installed. 
Using SCS instead.
ECOS solver failed:  The solver ECOS is not installed. 
Using SCS instead.
ECOS solver failed:  The solver ECOS is not installed. 
Using SCS instead.
ECOS solver failed:  The solver ECOS is not installed. 
Using SCS instead.
ECOS solver failed:  The solver ECOS is not installed. 
Using SCS instead.
ECOS solver failed:  The solver ECOS is not installed. 
Using SCS instead.
ECOS solver failed:  The solver ECOS is not installed. 
Using SCS instead.
ECOS solver failed:  The solver ECOS is not installed. 
Using SCS instead.
ECOS solver failed:  The solver ECOS is not installed. 
Using SCS instead.
ECOS solver failed:  The solver ECOS is not installed. 
Using SCS instead.
ECOS solver failed:  The solver ECOS is not installed. 
Using SCS instead.
ECOS solver failed:  The solver ECOS is not installed. 
Using SCS instead.
ECOS solver failed:  The solver ECOS is not installed. 
Using SCS instead.
ECOS solver failed:  The solver ECOS is not installed. 
Using SCS instead.
ECOS solver failed:  The solver ECOS is not installed. 
Using SCS instead.
ECOS solver failed:  The solver ECOS is not installed. 
Using SCS instead.
ECOS solver failed:  The solver ECOS is not installed. 
Using SCS instead.
ECOS solver failed:  The solver ECOS is not installed. 
Using SCS instead.
ECOS solver failed:  The solver ECOS is not installed. 
Using SCS instead.
ECOS solver failed:  The solver ECOS is not installed. 
Using SCS instead.
M-step Design Matrix Calculation time (sec): 0.0158
ECOS solver failed in IPCW_HAL_init, falling back to SCS: The solver ECOS is not installed.
WARNING - large complementary slackness residual: 0.030722
M-step CVXPY optimize time (sec): 1.3946
ECOS solver failed:  The solver ECOS is not installed. 
Using SCS instead.
ECOS solver failed:  The solver ECOS is not installed. 
Using SCS instead.
ECOS solver failed:  The solver ECOS is not installed. 
Using SCS instead.
ECOS solver failed:  The solver ECOS is not installed. 
Using SCS instead.
ECOS solver failed:  The solver ECOS is not installed. 
Using SCS instead.
ECOS solver failed:  The solver ECOS is not installed. 
Using SCS instead.
ECOS solver failed:  The solver ECOS is not installed. 
Using SCS instead.
ECOS solver failed:  The solver ECOS is not installed. 
Using SCS instead.
ECOS solver failed:  The solver ECOS is not installed. 
Using SCS instead.
ECOS solver failed:  The solver ECOS is not installed. 
Using SCS instead.
ECOS solver failed:  The solver ECOS is not installed. 
Using SCS instead.
ECOS solver failed:  The solver ECOS is not installed. 
Using SCS instead.
ECOS solver failed:  The solver ECOS is not installed. 
Using SCS instead.
ECOS solver failed:  The solver ECOS is not installed. 
Using SCS instead.
ECOS solver failed:  The solver ECOS is not installed. 
Using SCS instead.
ECOS solver failed:  The solver ECOS is not installed. 
Using SCS instead.
ECOS solver failed:  The solver ECOS is not installed. 
Using SCS instead.
ECOS solver failed:  The solver ECOS is not installed. 
Using SCS instead.
ECOS solver failed:  The solver ECOS is not installed. 
Using SCS instead.
ECOS solver failed:  The solver ECOS is not installed. 
Using SCS instead.
ECOS solver failed:  The solver ECOS is not installed. 
Using SCS instead.
M-step Design Matrix Calculation time (sec): 0.0226
ECOS solver failed in IPCW_HAL_init, falling back to SCS: The solver ECOS is not installed.
WARNING - large complementary slackness residual: 0.007660
M-step CVXPY optimize time (sec): 1.2962
ECOS solver failed:  The solver ECOS is not installed. 
Using SCS instead.
ECOS solver failed:  The solver ECOS is not installed. 
Using SCS instead.
ECOS solver failed:  The solver ECOS is not installed. 
Using SCS instead.
ECOS solver failed:  The solver ECOS is not installed. 
Using SCS instead.
ECOS solver failed:  The solver ECOS is not installed. 
Using SCS instead.
ECOS solver failed:  The solver ECOS is not installed. 
Using SCS instead.
ECOS solver failed:  The solver ECOS is not installed. 
Using SCS instead.
ECOS solver failed:  The solver ECOS is not installed. 
Using SCS instead.
ECOS solver failed:  The solver ECOS is not installed. 
Using SCS instead.
ECOS solver failed:  The solver ECOS is not installed. 
Using SCS instead.
ECOS solver failed:  The solver ECOS is not installed. 
Using SCS instead.
ECOS solver failed:  The solver ECOS is not installed. 
Using SCS instead.
ECOS solver failed:  The solver ECOS is not installed. 
Using SCS instead.
ECOS solver failed:  The solver ECOS is not installed. 
Using SCS instead.
ECOS solver failed:  The solver ECOS is not installed. 
Using SCS instead.
ECOS solver failed:  The solver ECOS is not installed. 
Using SCS instead.
ECOS solver failed:  The solver ECOS is not installed. 
Using SCS instead.
ECOS solver failed:  The solver ECOS is not installed. 
Using SCS instead.
ECOS solver failed:  The solver ECOS is not installed. 
Using SCS instead.
ECOS solver failed:  The solver ECOS is not installed. 
Using SCS instead.
ECOS solver failed:  The solver ECOS is not installed. 
Using SCS instead.
M-step Design Matrix Calculation time (sec): 0.0197
ECOS solver failed in IPCW_HAL_init, falling back to SCS: The solver ECOS is not installed.
WARNING - large complementary slackness residual: 0.028658
M-step CVXPY optimize time (sec): 2.6272
ECOS solver failed:  The solver ECOS is not installed. 
Using SCS instead.
ECOS solver failed:  The solver ECOS is not installed. 
Using SCS instead.
ECOS solver failed:  The solver ECOS is not installed. 
Using SCS instead.
ECOS solver failed:  The solver ECOS is not installed. 
Using SCS instead.
ECOS solver failed:  The solver ECOS is not installed. 
Using SCS instead.
ECOS solver failed:  The solver ECOS is not installed. 
Using SCS instead.
ECOS solver failed:  The solver ECOS is not installed. 
Using SCS instead.
ECOS solver failed:  The solver ECOS is not installed. 
Using SCS instead.
ECOS solver failed:  The solver ECOS is not installed. 
Using SCS instead.
ECOS solver failed:  The solver ECOS is not installed. 
Using SCS instead.
ECOS solver failed:  The solver ECOS is not installed. 
Using SCS instead.
ECOS solver failed:  The solver ECOS is not installed. 
Using SCS instead.
ECOS solver failed:  The solver ECOS is not installed. 
Using SCS instead.
ECOS solver failed:  The solver ECOS is not installed. 
Using SCS instead.
ECOS solver failed:  The solver ECOS is not installed. 
Using SCS instead.
ECOS solver failed:  The solver ECOS is not installed. 
Using SCS instead.
ECOS solver failed:  The solver ECOS is not installed. 
Using SCS instead.
ECOS solver failed:  The solver ECOS is not installed. 
Using SCS instead.
ECOS solver failed:  The solver ECOS is not installed. 
Using SCS instead.
ECOS solver failed:  The solver ECOS is not installed. 
Using SCS instead.
ECOS solver failed:  The solver ECOS is not installed. 
Using SCS instead.
M-step Design Matrix Calculation time (sec): 0.0172
ECOS solver failed in IPCW_HAL_init, falling back to SCS: The solver ECOS is not installed.
M-step CVXPY optimize time (sec): 1.5956
ECOS solver failed:  The solver ECOS is not installed. 
Using SCS instead.
ECOS solver failed:  The solver ECOS is not installed. 
Using SCS instead.
ECOS solver failed:  The solver ECOS is not installed. 
Using SCS instead.
ECOS solver failed:  The solver ECOS is not installed. 
Using SCS instead.
ECOS solver failed:  The solver ECOS is not installed. 
Using SCS instead.
ECOS solver failed:  The solver ECOS is not installed. 
Using SCS instead.
ECOS solver failed:  The solver ECOS is not installed. 
Using SCS instead.
ECOS solver failed:  The solver ECOS is not installed. 
Using SCS instead.
ECOS solver failed:  The solver ECOS is not installed. 
Using SCS instead.
ECOS solver failed:  The solver ECOS is not installed. 
Using SCS instead.
ECOS solver failed:  The solver ECOS is not installed. 
Using SCS instead.
ECOS solver failed:  The solver ECOS is not installed. 
Using SCS instead.
ECOS solver failed:  The solver ECOS is not installed. 
Using SCS instead.
ECOS solver failed:  The solver ECOS is not installed. 
Using SCS instead.
ECOS solver failed:  The solver ECOS is not installed. 
Using SCS instead.
ECOS solver failed:  The solver ECOS is not installed. 
Using SCS instead.
ECOS solver failed:  The solver ECOS is not installed. 
Using SCS instead.
ECOS solver failed:  The solver ECOS is not installed. 
Using SCS instead.
ECOS solver failed:  The solver ECOS is not installed. 
Using SCS instead.
ECOS solver failed:  The solver ECOS is not installed. 
Using SCS instead.
ECOS solver failed:  The solver ECOS is not installed. 
Using SCS instead.
M-step Design Matrix Calculation time (sec): 0.0156
ECOS solver failed in IPCW_HAL_init, falling back to SCS: The solver ECOS is not installed.
WARNING - large complementary slackness residual: 0.008391
M-step CVXPY optimize time (sec): 2.8402
ECOS solver failed:  The solver ECOS is not installed. 
Using SCS instead.
ECOS solver failed:  The solver ECOS is not installed. 
Using SCS instead.
ECOS solver failed:  The solver ECOS is not installed. 
Using SCS instead.
ECOS solver failed:  The solver ECOS is not installed. 
Using SCS instead.
ECOS solver failed:  The solver ECOS is not installed. 
Using SCS instead.
ECOS solver failed:  The solver ECOS is not installed. 
Using SCS instead.
ECOS solver failed:  The solver ECOS is not installed. 
Using SCS instead.
ECOS solver failed:  The solver ECOS is not installed. 
Using SCS instead.
ECOS solver failed:  The solver ECOS is not installed. 
Using SCS instead.
ECOS solver failed:  The solver ECOS is not installed. 
Using SCS instead.
ECOS solver failed:  The solver ECOS is not installed. 
Using SCS instead.
ECOS solver failed:  The solver ECOS is not installed. 
Using SCS instead.
ECOS solver failed:  The solver ECOS is not installed. 
Using SCS instead.
ECOS solver failed:  The solver ECOS is not installed. 
Using SCS instead.
ECOS solver failed:  The solver ECOS is not installed. 
Using SCS instead.
ECOS solver failed:  The solver ECOS is not installed. 
Using SCS instead.
ECOS solver failed:  The solver ECOS is not installed. 
Using SCS instead.
ECOS solver failed:  The solver ECOS is not installed. 
Using SCS instead.
ECOS solver failed:  The solver ECOS is not installed. 
Using SCS instead.
ECOS solver failed:  The solver ECOS is not installed. 
Using SCS instead.
ECOS solver failed:  The solver ECOS is not installed. 
Using SCS instead.
M-step Design Matrix Calculation time (sec): 0.0186
ECOS solver failed in IPCW_HAL_init, falling back to SCS: The solver ECOS is not installed.
WARNING - large complementary slackness residual: 0.018405
M-step CVXPY optimize time (sec): 0.9451
ECOS solver failed:  The solver ECOS is not installed. 
Using SCS instead.
ECOS solver failed:  The solver ECOS is not installed. 
Using SCS instead.
ECOS solver failed:  The solver ECOS is not installed. 
Using SCS instead.
ECOS solver failed:  The solver ECOS is not installed. 
Using SCS instead.
ECOS solver failed:  The solver ECOS is not installed. 
Using SCS instead.
ECOS solver failed:  The solver ECOS is not installed. 
Using SCS instead.
ECOS solver failed:  The solver ECOS is not installed. 
Using SCS instead.
ECOS solver failed:  The solver ECOS is not installed. 
Using SCS instead.
ECOS solver failed:  The solver ECOS is not installed. 
Using SCS instead.
ECOS solver failed:  The solver ECOS is not installed. 
Using SCS instead.
ECOS solver failed:  The solver ECOS is not installed. 
Using SCS instead.
ECOS solver failed:  The solver ECOS is not installed. 
Using SCS instead.
ECOS solver failed:  The solver ECOS is not installed. 
Using SCS instead.
ECOS solver failed:  The solver ECOS is not installed. 
Using SCS instead.
ECOS solver failed:  The solver ECOS is not installed. 
Using SCS instead.
ECOS solver failed:  The solver ECOS is not installed. 
Using SCS instead.
ECOS solver failed:  The solver ECOS is not installed. 
Using SCS instead.
ECOS solver failed:  The solver ECOS is not installed. 
Using SCS instead.
ECOS solver failed:  The solver ECOS is not installed. 
Using SCS instead.
ECOS solver failed:  The solver ECOS is not installed. 
Using SCS instead.
ECOS solver failed:  The solver ECOS is not installed. 
Using SCS instead.
M-step Design Matrix Calculation time (sec): 0.0181
ECOS solver failed in IPCW_HAL_init, falling back to SCS: The solver ECOS is not installed.
M-step CVXPY optimize time (sec): 1.5532
ECOS solver failed:  The solver ECOS is not installed. 
Using SCS instead.
ECOS solver failed:  The solver ECOS is not installed. 
Using SCS instead.
ECOS solver failed:  The solver ECOS is not installed. 
Using SCS instead.
ECOS solver failed:  The solver ECOS is not installed. 
Using SCS instead.
ECOS solver failed:  The solver ECOS is not installed. 
Using SCS instead.
ECOS solver failed:  The solver ECOS is not installed. 
Using SCS instead.
ECOS solver failed:  The solver ECOS is not installed. 
Using SCS instead.
ECOS solver failed:  The solver ECOS is not installed. 
Using SCS instead.
ECOS solver failed:  The solver ECOS is not installed. 
Using SCS instead.
ECOS solver failed:  The solver ECOS is not installed. 
Using SCS instead.
ECOS solver failed:  The solver ECOS is not installed. 
Using SCS instead.
ECOS solver failed:  The solver ECOS is not installed. 
Using SCS instead.
ECOS solver failed:  The solver ECOS is not installed. 
Using SCS instead.
ECOS solver failed:  The solver ECOS is not installed. 
Using SCS instead.
ECOS solver failed:  The solver ECOS is not installed. 
Using SCS instead.
ECOS solver failed:  The solver ECOS is not installed. 
Using SCS instead.
ECOS solver failed:  The solver ECOS is not installed. 
Using SCS instead.
ECOS solver failed:  The solver ECOS is not installed. 
Using SCS instead.
ECOS solver failed:  The solver ECOS is not installed. 
Using SCS instead.
ECOS solver failed:  The solver ECOS is not installed. 
Using SCS instead.
ECOS solver failed:  The solver ECOS is not installed. 
Using SCS instead.
M-step Design Matrix Calculation time (sec): 0.0200
ECOS solver failed in IPCW_HAL_init, falling back to SCS: The solver ECOS is not installed.
M-step CVXPY optimize time (sec): 1.5581
ECOS solver failed:  The solver ECOS is not installed. 
Using SCS instead.
ECOS solver failed:  The solver ECOS is not installed. 
Using SCS instead.
ECOS solver failed:  The solver ECOS is not installed. 
Using SCS instead.
ECOS solver failed:  The solver ECOS is not installed. 
Using SCS instead.
ECOS solver failed:  The solver ECOS is not installed. 
Using SCS instead.
ECOS solver failed:  The solver ECOS is not installed. 
Using SCS instead.
ECOS solver failed:  The solver ECOS is not installed. 
Using SCS instead.
ECOS solver failed:  The solver ECOS is not installed. 
Using SCS instead.
ECOS solver failed:  The solver ECOS is not installed. 
Using SCS instead.
ECOS solver failed:  The solver ECOS is not installed. 
Using SCS instead.
ECOS solver failed:  The solver ECOS is not installed. 
Using SCS instead.
ECOS solver failed:  The solver ECOS is not installed. 
Using SCS instead.
ECOS solver failed:  The solver ECOS is not installed. 
Using SCS instead.
ECOS solver failed:  The solver ECOS is not installed. 
Using SCS instead.
ECOS solver failed:  The solver ECOS is not installed. 
Using SCS instead.
ECOS solver failed:  The solver ECOS is not installed. 
Using SCS instead.
ECOS solver failed:  The solver ECOS is not installed. 
Using SCS instead.
ECOS solver failed:  The solver ECOS is not installed. 
Using SCS instead.
ECOS solver failed:  The solver ECOS is not installed. 
Using SCS instead.
ECOS solver failed:  The solver ECOS is not installed. 
Using SCS instead.
ECOS solver failed:  The solver ECOS is not installed. 
Using SCS instead.
M-step Design Matrix Calculation time (sec): 0.0745
ECOS solver failed in IPCW_HAL_init, falling back to SCS: The solver ECOS is not installed.
M-step CVXPY optimize time (sec): 1.0053
ECOS solver failed:  The solver ECOS is not installed. 
Using SCS instead.
ECOS solver failed:  The solver ECOS is not installed. 
Using SCS instead.
ECOS solver failed:  The solver ECOS is not installed. 
Using SCS instead.
ECOS solver failed:  The solver ECOS is not installed. 
Using SCS instead.
ECOS solver failed:  The solver ECOS is not installed. 
Using SCS instead.
ECOS solver failed:  The solver ECOS is not installed. 
Using SCS instead.
ECOS solver failed:  The solver ECOS is not installed. 
Using SCS instead.
ECOS solver failed:  The solver ECOS is not installed. 
Using SCS instead.
ECOS solver failed:  The solver ECOS is not installed. 
Using SCS instead.
ECOS solver failed:  The solver ECOS is not installed. 
Using SCS instead.
ECOS solver failed:  The solver ECOS is not installed. 
Using SCS instead.
ECOS solver failed:  The solver ECOS is not installed. 
Using SCS instead.
ECOS solver failed:  The solver ECOS is not installed. 
Using SCS instead.
ECOS solver failed:  The solver ECOS is not installed. 
Using SCS instead.
ECOS solver failed:  The solver ECOS is not installed. 
Using SCS instead.
ECOS solver failed:  The solver ECOS is not installed. 
Using SCS instead.
ECOS solver failed:  The solver ECOS is not installed. 
Using SCS instead.
ECOS solver failed:  The solver ECOS is not installed. 
Using SCS instead.
ECOS solver failed:  The solver ECOS is not installed. 
Using SCS instead.
ECOS solver failed:  The solver ECOS is not installed. 
Using SCS instead.
ECOS solver failed:  The solver ECOS is not installed. 
Using SCS instead.
M-step Design Matrix Calculation time (sec): 0.0185
ECOS solver failed in IPCW_HAL_init, falling back to SCS: The solver ECOS is not installed.
M-step CVXPY optimize time (sec): 1.0928
ECOS solver failed:  The solver ECOS is not installed. 
Using SCS instead.
ECOS solver failed:  The solver ECOS is not installed. 
Using SCS instead.
ECOS solver failed:  The solver ECOS is not installed. 
Using SCS instead.
ECOS solver failed:  The solver ECOS is not installed. 
Using SCS instead.
ECOS solver failed:  The solver ECOS is not installed. 
Using SCS instead.
ECOS solver failed:  The solver ECOS is not installed. 
Using SCS instead.
ECOS solver failed:  The solver ECOS is not installed. 
Using SCS instead.
ECOS solver failed:  The solver ECOS is not installed. 
Using SCS instead.
ECOS solver failed:  The solver ECOS is not installed. 
Using SCS instead.
ECOS solver failed:  The solver ECOS is not installed. 
Using SCS instead.
ECOS solver failed:  The solver ECOS is not installed. 
Using SCS instead.
ECOS solver failed:  The solver ECOS is not installed. 
Using SCS instead.
ECOS solver failed:  The solver ECOS is not installed. 
Using SCS instead.
ECOS solver failed:  The solver ECOS is not installed. 
Using SCS instead.
ECOS solver failed:  The solver ECOS is not installed. 
Using SCS instead.
ECOS solver failed:  The solver ECOS is not installed. 
Using SCS instead.
ECOS solver failed:  The solver ECOS is not installed. 
Using SCS instead.
ECOS solver failed:  The solver ECOS is not installed. 
Using SCS instead.
ECOS solver failed:  The solver ECOS is not installed. 
Using SCS instead.
ECOS solver failed:  The solver ECOS is not installed. 
Using SCS instead.
ECOS solver failed:  The solver ECOS is not installed. 
Using SCS instead.
M-step Design Matrix Calculation time (sec): 0.1085
ECOS solver failed in IPCW_HAL_init, falling back to SCS: The solver ECOS is not installed.
M-step CVXPY optimize time (sec): 0.8965
ECOS solver failed:  The solver ECOS is not installed. 
Using SCS instead.
ECOS solver failed:  The solver ECOS is not installed. 
Using SCS instead.
ECOS solver failed:  The solver ECOS is not installed. 
Using SCS instead.
ECOS solver failed:  The solver ECOS is not installed. 
Using SCS instead.
ECOS solver failed:  The solver ECOS is not installed. 
Using SCS instead.
ECOS solver failed:  The solver ECOS is not installed. 
Using SCS instead.
ECOS solver failed:  The solver ECOS is not installed. 
Using SCS instead.
ECOS solver failed:  The solver ECOS is not installed. 
Using SCS instead.
ECOS solver failed:  The solver ECOS is not installed. 
Using SCS instead.
ECOS solver failed:  The solver ECOS is not installed. 
Using SCS instead.
ECOS solver failed:  The solver ECOS is not installed. 
Using SCS instead.
ECOS solver failed:  The solver ECOS is not installed. 
Using SCS instead.
ECOS solver failed:  The solver ECOS is not installed. 
Using SCS instead.
ECOS solver failed:  The solver ECOS is not installed. 
Using SCS instead.
ECOS solver failed:  The solver ECOS is not installed. 
Using SCS instead.
ECOS solver failed:  The solver ECOS is not installed. 
Using SCS instead.
ECOS solver failed:  The solver ECOS is not installed. 
Using SCS instead.
ECOS solver failed:  The solver ECOS is not installed. 
Using SCS instead.
ECOS solver failed:  The solver ECOS is not installed. 
Using SCS instead.
ECOS solver failed:  The solver ECOS is not installed. 
Using SCS instead.
ECOS solver failed:  The solver ECOS is not installed. 
Using SCS instead.
M-step Design Matrix Calculation time (sec): 0.0331
ECOS solver failed in IPCW_HAL_init, falling back to SCS: The solver ECOS is not installed.
WARNING - large complementary slackness residual: 0.005354
M-step CVXPY optimize time (sec): 2.8588
ECOS solver failed:  The solver ECOS is not installed. 
Using SCS instead.
ECOS solver failed:  The solver ECOS is not installed. 
Using SCS instead.
ECOS solver failed:  The solver ECOS is not installed. 
Using SCS instead.
ECOS solver failed:  The solver ECOS is not installed. 
Using SCS instead.
ECOS solver failed:  The solver ECOS is not installed. 
Using SCS instead.
ECOS solver failed:  The solver ECOS is not installed. 
Using SCS instead.
ECOS solver failed:  The solver ECOS is not installed. 
Using SCS instead.
ECOS solver failed:  The solver ECOS is not installed. 
Using SCS instead.
ECOS solver failed:  The solver ECOS is not installed. 
Using SCS instead.
ECOS solver failed:  The solver ECOS is not installed. 
Using SCS instead.
ECOS solver failed:  The solver ECOS is not installed. 
Using SCS instead.
ECOS solver failed:  The solver ECOS is not installed. 
Using SCS instead.
ECOS solver failed:  The solver ECOS is not installed. 
Using SCS instead.
ECOS solver failed:  The solver ECOS is not installed. 
Using SCS instead.
ECOS solver failed:  The solver ECOS is not installed. 
Using SCS instead.
ECOS solver failed:  The solver ECOS is not installed. 
Using SCS instead.
ECOS solver failed:  The solver ECOS is not installed. 
Using SCS instead.
ECOS solver failed:  The solver ECOS is not installed. 
Using SCS instead.
ECOS solver failed:  The solver ECOS is not installed. 
Using SCS instead.
ECOS solver failed:  The solver ECOS is not installed. 
Using SCS instead.
ECOS solver failed:  The solver ECOS is not installed. 
Using SCS instead.
M-step Design Matrix Calculation time (sec): 0.0186
ECOS solver failed in IPCW_HAL_init, falling back to SCS: The solver ECOS is not installed.
WARNING - large complementary slackness residual: 0.015872
M-step CVXPY optimize time (sec): 1.3066
ECOS solver failed:  The solver ECOS is not installed. 
Using SCS instead.
ECOS solver failed:  The solver ECOS is not installed. 
Using SCS instead.
ECOS solver failed:  The solver ECOS is not installed. 
Using SCS instead.
ECOS solver failed:  The solver ECOS is not installed. 
Using SCS instead.
ECOS solver failed:  The solver ECOS is not installed. 
Using SCS instead.
ECOS solver failed:  The solver ECOS is not installed. 
Using SCS instead.
ECOS solver failed:  The solver ECOS is not installed. 
Using SCS instead.
ECOS solver failed:  The solver ECOS is not installed. 
Using SCS instead.
ECOS solver failed:  The solver ECOS is not installed. 
Using SCS instead.
ECOS solver failed:  The solver ECOS is not installed. 
Using SCS instead.
ECOS solver failed:  The solver ECOS is not installed. 
Using SCS instead.
ECOS solver failed:  The solver ECOS is not installed. 
Using SCS instead.
ECOS solver failed:  The solver ECOS is not installed. 
Using SCS instead.
ECOS solver failed:  The solver ECOS is not installed. 
Using SCS instead.
ECOS solver failed:  The solver ECOS is not installed. 
Using SCS instead.
ECOS solver failed:  The solver ECOS is not installed. 
Using SCS instead.
ECOS solver failed:  The solver ECOS is not installed. 
Using SCS instead.
ECOS solver failed:  The solver ECOS is not installed. 
Using SCS instead.
ECOS solver failed:  The solver ECOS is not installed. 
Using SCS instead.
ECOS solver failed:  The solver ECOS is not installed. 
Using SCS instead.
ECOS solver failed:  The solver ECOS is not installed. 
Using SCS instead.
M-step Design Matrix Calculation time (sec): 0.0193
ECOS solver failed in IPCW_HAL_init, falling back to SCS: The solver ECOS is not installed.
M-step CVXPY optimize time (sec): 1.1866
ECOS solver failed:  The solver ECOS is not installed. 
Using SCS instead.
ECOS solver failed:  The solver ECOS is not installed. 
Using SCS instead.
ECOS solver failed:  The solver ECOS is not installed. 
Using SCS instead.
ECOS solver failed:  The solver ECOS is not installed. 
Using SCS instead.
ECOS solver failed:  The solver ECOS is not installed. 
Using SCS instead.
ECOS solver failed:  The solver ECOS is not installed. 
Using SCS instead.
ECOS solver failed:  The solver ECOS is not installed. 
Using SCS instead.
ECOS solver failed:  The solver ECOS is not installed. 
Using SCS instead.
ECOS solver failed:  The solver ECOS is not installed. 
Using SCS instead.
ECOS solver failed:  The solver ECOS is not installed. 
Using SCS instead.
ECOS solver failed:  The solver ECOS is not installed. 
Using SCS instead.
ECOS solver failed:  The solver ECOS is not installed. 
Using SCS instead.
ECOS solver failed:  The solver ECOS is not installed. 
Using SCS instead.
ECOS solver failed:  The solver ECOS is not installed. 
Using SCS instead.
ECOS solver failed:  The solver ECOS is not installed. 
Using SCS instead.
ECOS solver failed:  The solver ECOS is not installed. 
Using SCS instead.
ECOS solver failed:  The solver ECOS is not installed. 
Using SCS instead.
ECOS solver failed:  The solver ECOS is not installed. 
Using SCS instead.
ECOS solver failed:  The solver ECOS is not installed. 
Using SCS instead.
ECOS solver failed:  The solver ECOS is not installed. 
Using SCS instead.
ECOS solver failed:  The solver ECOS is not installed. 
Using SCS instead.
M-step Design Matrix Calculation time (sec): 0.0363
ECOS solver failed in IPCW_HAL_init, falling back to SCS: The solver ECOS is not installed.
WARNING - large complementary slackness residual: 0.009278
M-step CVXPY optimize time (sec): 1.4526
ECOS solver failed:  The solver ECOS is not installed. 
Using SCS instead.
ECOS solver failed:  The solver ECOS is not installed. 
Using SCS instead.
ECOS solver failed:  The solver ECOS is not installed. 
Using SCS instead.
ECOS solver failed:  The solver ECOS is not installed. 
Using SCS instead.
ECOS solver failed:  The solver ECOS is not installed. 
Using SCS instead.
ECOS solver failed:  The solver ECOS is not installed. 
Using SCS instead.
ECOS solver failed:  The solver ECOS is not installed. 
Using SCS instead.
ECOS solver failed:  The solver ECOS is not installed. 
Using SCS instead.
ECOS solver failed:  The solver ECOS is not installed. 
Using SCS instead.
ECOS solver failed:  The solver ECOS is not installed. 
Using SCS instead.
ECOS solver failed:  The solver ECOS is not installed. 
Using SCS instead.
ECOS solver failed:  The solver ECOS is not installed. 
Using SCS instead.
ECOS solver failed:  The solver ECOS is not installed. 
Using SCS instead.
ECOS solver failed:  The solver ECOS is not installed. 
Using SCS instead.
ECOS solver failed:  The solver ECOS is not installed. 
Using SCS instead.
ECOS solver failed:  The solver ECOS is not installed. 
Using SCS instead.
ECOS solver failed:  The solver ECOS is not installed. 
Using SCS instead.
ECOS solver failed:  The solver ECOS is not installed. 
Using SCS instead.
ECOS solver failed:  The solver ECOS is not installed. 
Using SCS instead.
ECOS solver failed:  The solver ECOS is not installed. 
Using SCS instead.
ECOS solver failed:  The solver ECOS is not installed. 
Using SCS instead.
M-step Design Matrix Calculation time (sec): 0.0185
ECOS solver failed in IPCW_HAL_init, falling back to SCS: The solver ECOS is not installed.
WARNING - large complementary slackness residual: 0.033219
M-step CVXPY optimize time (sec): 0.9031
ECOS solver failed:  The solver ECOS is not installed. 
Using SCS instead.
ECOS solver failed:  The solver ECOS is not installed. 
Using SCS instead.
ECOS solver failed:  The solver ECOS is not installed. 
Using SCS instead.
ECOS solver failed:  The solver ECOS is not installed. 
Using SCS instead.
ECOS solver failed:  The solver ECOS is not installed. 
Using SCS instead.
ECOS solver failed:  The solver ECOS is not installed. 
Using SCS instead.
ECOS solver failed:  The solver ECOS is not installed. 
Using SCS instead.
ECOS solver failed:  The solver ECOS is not installed. 
Using SCS instead.
ECOS solver failed:  The solver ECOS is not installed. 
Using SCS instead.
ECOS solver failed:  The solver ECOS is not installed. 
Using SCS instead.
ECOS solver failed:  The solver ECOS is not installed. 
Using SCS instead.
ECOS solver failed:  The solver ECOS is not installed. 
Using SCS instead.
ECOS solver failed:  The solver ECOS is not installed. 
Using SCS instead.
ECOS solver failed:  The solver ECOS is not installed. 
Using SCS instead.
ECOS solver failed:  The solver ECOS is not installed. 
Using SCS instead.
ECOS solver failed:  The solver ECOS is not installed. 
Using SCS instead.
ECOS solver failed:  The solver ECOS is not installed. 
Using SCS instead.
ECOS solver failed:  The solver ECOS is not installed. 
Using SCS instead.
ECOS solver failed:  The solver ECOS is not installed. 
Using SCS instead.
ECOS solver failed:  The solver ECOS is not installed. 
Using SCS instead.
ECOS solver failed:  The solver ECOS is not installed. 
Using SCS instead.
M-step Design Matrix Calculation time (sec): 0.0577
ECOS solver failed in IPCW_HAL_init, falling back to SCS: The solver ECOS is not installed.
WARNING - large complementary slackness residual: 0.015580
M-step CVXPY optimize time (sec): 3.1461
ECOS solver failed:  The solver ECOS is not installed. 
Using SCS instead.
ECOS solver failed:  The solver ECOS is not installed. 
Using SCS instead.
ECOS solver failed:  The solver ECOS is not installed. 
Using SCS instead.
ECOS solver failed:  The solver ECOS is not installed. 
Using SCS instead.
ECOS solver failed:  The solver ECOS is not installed. 
Using SCS instead.
ECOS solver failed:  The solver ECOS is not installed. 
Using SCS instead.
ECOS solver failed:  The solver ECOS is not installed. 
Using SCS instead.
ECOS solver failed:  The solver ECOS is not installed. 
Using SCS instead.
ECOS solver failed:  The solver ECOS is not installed. 
Using SCS instead.
ECOS solver failed:  The solver ECOS is not installed. 
Using SCS instead.
ECOS solver failed:  The solver ECOS is not installed. 
Using SCS instead.
ECOS solver failed:  The solver ECOS is not installed. 
Using SCS instead.
ECOS solver failed:  The solver ECOS is not installed. 
Using SCS instead.
ECOS solver failed:  The solver ECOS is not installed. 
Using SCS instead.
ECOS solver failed:  The solver ECOS is not installed. 
Using SCS instead.
ECOS solver failed:  The solver ECOS is not installed. 
Using SCS instead.
ECOS solver failed:  The solver ECOS is not installed. 
Using SCS instead.
ECOS solver failed:  The solver ECOS is not installed. 
Using SCS instead.
ECOS solver failed:  The solver ECOS is not installed. 
Using SCS instead.
ECOS solver failed:  The solver ECOS is not installed. 
Using SCS instead.
ECOS solver failed:  The solver ECOS is not installed. 
Using SCS instead.
M-step Design Matrix Calculation time (sec): 0.0180
ECOS solver failed in IPCW_HAL_init, falling back to SCS: The solver ECOS is not installed.
WARNING - large complementary slackness residual: 0.024153
M-step CVXPY optimize time (sec): 2.5259
ECOS solver failed:  The solver ECOS is not installed. 
Using SCS instead.
ECOS solver failed:  The solver ECOS is not installed. 
Using SCS instead.
ECOS solver failed:  The solver ECOS is not installed. 
Using SCS instead.
ECOS solver failed:  The solver ECOS is not installed. 
Using SCS instead.
ECOS solver failed:  The solver ECOS is not installed. 
Using SCS instead.
ECOS solver failed:  The solver ECOS is not installed. 
Using SCS instead.
ECOS solver failed:  The solver ECOS is not installed. 
Using SCS instead.
ECOS solver failed:  The solver ECOS is not installed. 
Using SCS instead.
ECOS solver failed:  The solver ECOS is not installed. 
Using SCS instead.
ECOS solver failed:  The solver ECOS is not installed. 
Using SCS instead.
ECOS solver failed:  The solver ECOS is not installed. 
Using SCS instead.
ECOS solver failed:  The solver ECOS is not installed. 
Using SCS instead.
ECOS solver failed:  The solver ECOS is not installed. 
Using SCS instead.
ECOS solver failed:  The solver ECOS is not installed. 
Using SCS instead.
ECOS solver failed:  The solver ECOS is not installed. 
Using SCS instead.
ECOS solver failed:  The solver ECOS is not installed. 
Using SCS instead.
ECOS solver failed:  The solver ECOS is not installed. 
Using SCS instead.
ECOS solver failed:  The solver ECOS is not installed. 
Using SCS instead.
ECOS solver failed:  The solver ECOS is not installed. 
Using SCS instead.
ECOS solver failed:  The solver ECOS is not installed. 
Using SCS instead.
ECOS solver failed:  The solver ECOS is not installed. 
Using SCS instead.
M-step Design Matrix Calculation time (sec): 0.0751
ECOS solver failed in IPCW_HAL_init, falling back to SCS: The solver ECOS is not installed.
M-step CVXPY optimize time (sec): 1.3852
ECOS solver failed:  The solver ECOS is not installed. 
Using SCS instead.
ECOS solver failed:  The solver ECOS is not installed. 
Using SCS instead.
ECOS solver failed:  The solver ECOS is not installed. 
Using SCS instead.
ECOS solver failed:  The solver ECOS is not installed. 
Using SCS instead.
ECOS solver failed:  The solver ECOS is not installed. 
Using SCS instead.
ECOS solver failed:  The solver ECOS is not installed. 
Using SCS instead.
ECOS solver failed:  The solver ECOS is not installed. 
Using SCS instead.
ECOS solver failed:  The solver ECOS is not installed. 
Using SCS instead.
ECOS solver failed:  The solver ECOS is not installed. 
Using SCS instead.
ECOS solver failed:  The solver ECOS is not installed. 
Using SCS instead.
ECOS solver failed:  The solver ECOS is not installed. 
Using SCS instead.
ECOS solver failed:  The solver ECOS is not installed. 
Using SCS instead.
ECOS solver failed:  The solver ECOS is not installed. 
Using SCS instead.
ECOS solver failed:  The solver ECOS is not installed. 
Using SCS instead.
ECOS solver failed:  The solver ECOS is not installed. 
Using SCS instead.
ECOS solver failed:  The solver ECOS is not installed. 
Using SCS instead.
ECOS solver failed:  The solver ECOS is not installed. 
Using SCS instead.
ECOS solver failed:  The solver ECOS is not installed. 
Using SCS instead.
ECOS solver failed:  The solver ECOS is not installed. 
Using SCS instead.
ECOS solver failed:  The solver ECOS is not installed. 
Using SCS instead.
ECOS solver failed:  The solver ECOS is not installed. 
Using SCS instead.
M-step Design Matrix Calculation time (sec): 0.0177
ECOS solver failed in IPCW_HAL_init, falling back to SCS: The solver ECOS is not installed.
WARNING - large complementary slackness residual: 0.033314
M-step CVXPY optimize time (sec): 1.7417
ECOS solver failed:  The solver ECOS is not installed. 
Using SCS instead.
ECOS solver failed:  The solver ECOS is not installed. 
Using SCS instead.
ECOS solver failed:  The solver ECOS is not installed. 
Using SCS instead.
ECOS solver failed:  The solver ECOS is not installed. 
Using SCS instead.
ECOS solver failed:  The solver ECOS is not installed. 
Using SCS instead.
ECOS solver failed:  The solver ECOS is not installed. 
Using SCS instead.
ECOS solver failed:  The solver ECOS is not installed. 
Using SCS instead.
ECOS solver failed:  The solver ECOS is not installed. 
Using SCS instead.
ECOS solver failed:  The solver ECOS is not installed. 
Using SCS instead.
ECOS solver failed:  The solver ECOS is not installed. 
Using SCS instead.
ECOS solver failed:  The solver ECOS is not installed. 
Using SCS instead.
ECOS solver failed:  The solver ECOS is not installed. 
Using SCS instead.
ECOS solver failed:  The solver ECOS is not installed. 
Using SCS instead.
ECOS solver failed:  The solver ECOS is not installed. 
Using SCS instead.
ECOS solver failed:  The solver ECOS is not installed. 
Using SCS instead.
ECOS solver failed:  The solver ECOS is not installed. 
Using SCS instead.
ECOS solver failed:  The solver ECOS is not installed. 
Using SCS instead.
ECOS solver failed:  The solver ECOS is not installed. 
Using SCS instead.
ECOS solver failed:  The solver ECOS is not installed. 
Using SCS instead.
ECOS solver failed:  The solver ECOS is not installed. 
Using SCS instead.
ECOS solver failed:  The solver ECOS is not installed. 
Using SCS instead.
M-step Design Matrix Calculation time (sec): 0.0203
ECOS solver failed in IPCW_HAL_init, falling back to SCS: The solver ECOS is not installed.
WARNING - large complementary slackness residual: 0.013291
M-step CVXPY optimize time (sec): 4.6977
ECOS solver failed:  The solver ECOS is not installed. 
Using SCS instead.
ECOS solver failed:  The solver ECOS is not installed. 
Using SCS instead.
ECOS solver failed:  The solver ECOS is not installed. 
Using SCS instead.
ECOS solver failed:  The solver ECOS is not installed. 
Using SCS instead.
ECOS solver failed:  The solver ECOS is not installed. 
Using SCS instead.
ECOS solver failed:  The solver ECOS is not installed. 
Using SCS instead.
ECOS solver failed:  The solver ECOS is not installed. 
Using SCS instead.
ECOS solver failed:  The solver ECOS is not installed. 
Using SCS instead.
ECOS solver failed:  The solver ECOS is not installed. 
Using SCS instead.
ECOS solver failed:  The solver ECOS is not installed. 
Using SCS instead.
ECOS solver failed:  The solver ECOS is not installed. 
Using SCS instead.
ECOS solver failed:  The solver ECOS is not installed. 
Using SCS instead.
ECOS solver failed:  The solver ECOS is not installed. 
Using SCS instead.
ECOS solver failed:  The solver ECOS is not installed. 
Using SCS instead.
ECOS solver failed:  The solver ECOS is not installed. 
Using SCS instead.
ECOS solver failed:  The solver ECOS is not installed. 
Using SCS instead.
ECOS solver failed:  The solver ECOS is not installed. 
Using SCS instead.
ECOS solver failed:  The solver ECOS is not installed. 
Using SCS instead.
ECOS solver failed:  The solver ECOS is not installed. 
Using SCS instead.
ECOS solver failed:  The solver ECOS is not installed. 
Using SCS instead.
ECOS solver failed:  The solver ECOS is not installed. 
Using SCS instead.
M-step Design Matrix Calculation time (sec): 0.1411
ECOS solver failed in IPCW_HAL_init, falling back to SCS: The solver ECOS is not installed.
WARNING - large complementary slackness residual: 0.026026
M-step CVXPY optimize time (sec): 1.0419
ECOS solver failed:  The solver ECOS is not installed. 
Using SCS instead.
ECOS solver failed:  The solver ECOS is not installed. 
Using SCS instead.
ECOS solver failed:  The solver ECOS is not installed. 
Using SCS instead.
ECOS solver failed:  The solver ECOS is not installed. 
Using SCS instead.
ECOS solver failed:  The solver ECOS is not installed. 
Using SCS instead.
ECOS solver failed:  The solver ECOS is not installed. 
Using SCS instead.
ECOS solver failed:  The solver ECOS is not installed. 
Using SCS instead.
ECOS solver failed:  The solver ECOS is not installed. 
Using SCS instead.
ECOS solver failed:  The solver ECOS is not installed. 
Using SCS instead.
ECOS solver failed:  The solver ECOS is not installed. 
Using SCS instead.
ECOS solver failed:  The solver ECOS is not installed. 
Using SCS instead.
ECOS solver failed:  The solver ECOS is not installed. 
Using SCS instead.
ECOS solver failed:  The solver ECOS is not installed. 
Using SCS instead.
ECOS solver failed:  The solver ECOS is not installed. 
Using SCS instead.
ECOS solver failed:  The solver ECOS is not installed. 
Using SCS instead.
ECOS solver failed:  The solver ECOS is not installed. 
Using SCS instead.
ECOS solver failed:  The solver ECOS is not installed. 
Using SCS instead.
ECOS solver failed:  The solver ECOS is not installed. 
Using SCS instead.
ECOS solver failed:  The solver ECOS is not installed. 
Using SCS instead.
ECOS solver failed:  The solver ECOS is not installed. 
Using SCS instead.
ECOS solver failed:  The solver ECOS is not installed. 
Using SCS instead.
M-step Design Matrix Calculation time (sec): 0.0190
ECOS solver failed in IPCW_HAL_init, falling back to SCS: The solver ECOS is not installed.
M-step CVXPY optimize time (sec): 1.1624
ECOS solver failed:  The solver ECOS is not installed. 
Using SCS instead.
ECOS solver failed:  The solver ECOS is not installed. 
Using SCS instead.
ECOS solver failed:  The solver ECOS is not installed. 
Using SCS instead.
ECOS solver failed:  The solver ECOS is not installed. 
Using SCS instead.
ECOS solver failed:  The solver ECOS is not installed. 
Using SCS instead.
ECOS solver failed:  The solver ECOS is not installed. 
Using SCS instead.
ECOS solver failed:  The solver ECOS is not installed. 
Using SCS instead.
ECOS solver failed:  The solver ECOS is not installed. 
Using SCS instead.
ECOS solver failed:  The solver ECOS is not installed. 
Using SCS instead.
ECOS solver failed:  The solver ECOS is not installed. 
Using SCS instead.
ECOS solver failed:  The solver ECOS is not installed. 
Using SCS instead.
ECOS solver failed:  The solver ECOS is not installed. 
Using SCS instead.
ECOS solver failed:  The solver ECOS is not installed. 
Using SCS instead.
ECOS solver failed:  The solver ECOS is not installed. 
Using SCS instead.
ECOS solver failed:  The solver ECOS is not installed. 
Using SCS instead.
ECOS solver failed:  The solver ECOS is not installed. 
Using SCS instead.
ECOS solver failed:  The solver ECOS is not installed. 
Using SCS instead.
ECOS solver failed:  The solver ECOS is not installed. 
Using SCS instead.
ECOS solver failed:  The solver ECOS is not installed. 
Using SCS instead.
ECOS solver failed:  The solver ECOS is not installed. 
Using SCS instead.
ECOS solver failed:  The solver ECOS is not installed. 
Using SCS instead.
M-step Design Matrix Calculation time (sec): 0.0192
ECOS solver failed in IPCW_HAL_init, falling back to SCS: The solver ECOS is not installed.
WARNING - large complementary slackness residual: 0.007078
M-step CVXPY optimize time (sec): 1.6646
ECOS solver failed:  The solver ECOS is not installed. 
Using SCS instead.
ECOS solver failed:  The solver ECOS is not installed. 
Using SCS instead.
ECOS solver failed:  The solver ECOS is not installed. 
Using SCS instead.
ECOS solver failed:  The solver ECOS is not installed. 
Using SCS instead.
ECOS solver failed:  The solver ECOS is not installed. 
Using SCS instead.
ECOS solver failed:  The solver ECOS is not installed. 
Using SCS instead.
ECOS solver failed:  The solver ECOS is not installed. 
Using SCS instead.
ECOS solver failed:  The solver ECOS is not installed. 
Using SCS instead.
ECOS solver failed:  The solver ECOS is not installed. 
Using SCS instead.
ECOS solver failed:  The solver ECOS is not installed. 
Using SCS instead.
ECOS solver failed:  The solver ECOS is not installed. 
Using SCS instead.
ECOS solver failed:  The solver ECOS is not installed. 
Using SCS instead.
ECOS solver failed:  The solver ECOS is not installed. 
Using SCS instead.
ECOS solver failed:  The solver ECOS is not installed. 
Using SCS instead.
ECOS solver failed:  The solver ECOS is not installed. 
Using SCS instead.
ECOS solver failed:  The solver ECOS is not installed. 
Using SCS instead.
ECOS solver failed:  The solver ECOS is not installed. 
Using SCS instead.
ECOS solver failed:  The solver ECOS is not installed. 
Using SCS instead.
ECOS solver failed:  The solver ECOS is not installed. 
Using SCS instead.
ECOS solver failed:  The solver ECOS is not installed. 
Using SCS instead.
ECOS solver failed:  The solver ECOS is not installed. 
Using SCS instead.
M-step Design Matrix Calculation time (sec): 0.0784
ECOS solver failed in IPCW_HAL_init, falling back to SCS: The solver ECOS is not installed.
WARNING - large complementary slackness residual: 0.005229
M-step CVXPY optimize time (sec): 1.2874
ECOS solver failed:  The solver ECOS is not installed. 
Using SCS instead.
ECOS solver failed:  The solver ECOS is not installed. 
Using SCS instead.
ECOS solver failed:  The solver ECOS is not installed. 
Using SCS instead.
ECOS solver failed:  The solver ECOS is not installed. 
Using SCS instead.
ECOS solver failed:  The solver ECOS is not installed. 
Using SCS instead.
ECOS solver failed:  The solver ECOS is not installed. 
Using SCS instead.
ECOS solver failed:  The solver ECOS is not installed. 
Using SCS instead.
ECOS solver failed:  The solver ECOS is not installed. 
Using SCS instead.
ECOS solver failed:  The solver ECOS is not installed. 
Using SCS instead.
ECOS solver failed:  The solver ECOS is not installed. 
Using SCS instead.
ECOS solver failed:  The solver ECOS is not installed. 
Using SCS instead.
ECOS solver failed:  The solver ECOS is not installed. 
Using SCS instead.
ECOS solver failed:  The solver ECOS is not installed. 
Using SCS instead.
ECOS solver failed:  The solver ECOS is not installed. 
Using SCS instead.
ECOS solver failed:  The solver ECOS is not installed. 
Using SCS instead.
ECOS solver failed:  The solver ECOS is not installed. 
Using SCS instead.
ECOS solver failed:  The solver ECOS is not installed. 
Using SCS instead.
ECOS solver failed:  The solver ECOS is not installed. 
Using SCS instead.
ECOS solver failed:  The solver ECOS is not installed. 
Using SCS instead.
ECOS solver failed:  The solver ECOS is not installed. 
Using SCS instead.
ECOS solver failed:  The solver ECOS is not installed. 
Using SCS instead.
M-step Design Matrix Calculation time (sec): 0.0403
ECOS solver failed in IPCW_HAL_init, falling back to SCS: The solver ECOS is not installed.
M-step CVXPY optimize time (sec): 0.8449
ECOS solver failed:  The solver ECOS is not installed. 
Using SCS instead.
ECOS solver failed:  The solver ECOS is not installed. 
Using SCS instead.
ECOS solver failed:  The solver ECOS is not installed. 
Using SCS instead.
ECOS solver failed:  The solver ECOS is not installed. 
Using SCS instead.
ECOS solver failed:  The solver ECOS is not installed. 
Using SCS instead.
ECOS solver failed:  The solver ECOS is not installed. 
Using SCS instead.
ECOS solver failed:  The solver ECOS is not installed. 
Using SCS instead.
ECOS solver failed:  The solver ECOS is not installed. 
Using SCS instead.
ECOS solver failed:  The solver ECOS is not installed. 
Using SCS instead.
ECOS solver failed:  The solver ECOS is not installed. 
Using SCS instead.
ECOS solver failed:  The solver ECOS is not installed. 
Using SCS instead.
ECOS solver failed:  The solver ECOS is not installed. 
Using SCS instead.
ECOS solver failed:  The solver ECOS is not installed. 
Using SCS instead.
ECOS solver failed:  The solver ECOS is not installed. 
Using SCS instead.
ECOS solver failed:  The solver ECOS is not installed. 
Using SCS instead.
ECOS solver failed:  The solver ECOS is not installed. 
Using SCS instead.
ECOS solver failed:  The solver ECOS is not installed. 
Using SCS instead.
ECOS solver failed:  The solver ECOS is not installed. 
Using SCS instead.
ECOS solver failed:  The solver ECOS is not installed. 
Using SCS instead.
ECOS solver failed:  The solver ECOS is not installed. 
Using SCS instead.
ECOS solver failed:  The solver ECOS is not installed. 
Using SCS instead.
M-step Design Matrix Calculation time (sec): 0.0281
ECOS solver failed in IPCW_HAL_init, falling back to SCS: The solver ECOS is not installed.
M-step CVXPY optimize time (sec): 1.0817
ECOS solver failed:  The solver ECOS is not installed. 
Using SCS instead.
ECOS solver failed:  The solver ECOS is not installed. 
Using SCS instead.
ECOS solver failed:  The solver ECOS is not installed. 
Using SCS instead.
ECOS solver failed:  The solver ECOS is not installed. 
Using SCS instead.
ECOS solver failed:  The solver ECOS is not installed. 
Using SCS instead.
ECOS solver failed:  The solver ECOS is not installed. 
Using SCS instead.
ECOS solver failed:  The solver ECOS is not installed. 
Using SCS instead.
ECOS solver failed:  The solver ECOS is not installed. 
Using SCS instead.
ECOS solver failed:  The solver ECOS is not installed. 
Using SCS instead.
ECOS solver failed:  The solver ECOS is not installed. 
Using SCS instead.
ECOS solver failed:  The solver ECOS is not installed. 
Using SCS instead.
ECOS solver failed:  The solver ECOS is not installed. 
Using SCS instead.
ECOS solver failed:  The solver ECOS is not installed. 
Using SCS instead.
ECOS solver failed:  The solver ECOS is not installed. 
Using SCS instead.
ECOS solver failed:  The solver ECOS is not installed. 
Using SCS instead.
ECOS solver failed:  The solver ECOS is not installed. 
Using SCS instead.
ECOS solver failed:  The solver ECOS is not installed. 
Using SCS instead.
ECOS solver failed:  The solver ECOS is not installed. 
Using SCS instead.
ECOS solver failed:  The solver ECOS is not installed. 
Using SCS instead.
ECOS solver failed:  The solver ECOS is not installed. 
Using SCS instead.
ECOS solver failed:  The solver ECOS is not installed. 
Using SCS instead.
M-step Design Matrix Calculation time (sec): 0.0216
ECOS solver failed in IPCW_HAL_init, falling back to SCS: The solver ECOS is not installed.
WARNING - large complementary slackness residual: 0.010822
M-step CVXPY optimize time (sec): 2.3300
ECOS solver failed:  The solver ECOS is not installed. 
Using SCS instead.
ECOS solver failed:  The solver ECOS is not installed. 
Using SCS instead.
ECOS solver failed:  The solver ECOS is not installed. 
Using SCS instead.
ECOS solver failed:  The solver ECOS is not installed. 
Using SCS instead.
ECOS solver failed:  The solver ECOS is not installed. 
Using SCS instead.
ECOS solver failed:  The solver ECOS is not installed. 
Using SCS instead.
ECOS solver failed:  The solver ECOS is not installed. 
Using SCS instead.
ECOS solver failed:  The solver ECOS is not installed. 
Using SCS instead.
ECOS solver failed:  The solver ECOS is not installed. 
Using SCS instead.
ECOS solver failed:  The solver ECOS is not installed. 
Using SCS instead.
ECOS solver failed:  The solver ECOS is not installed. 
Using SCS instead.
ECOS solver failed:  The solver ECOS is not installed. 
Using SCS instead.
ECOS solver failed:  The solver ECOS is not installed. 
Using SCS instead.
ECOS solver failed:  The solver ECOS is not installed. 
Using SCS instead.
ECOS solver failed:  The solver ECOS is not installed. 
Using SCS instead.
ECOS solver failed:  The solver ECOS is not installed. 
Using SCS instead.
ECOS solver failed:  The solver ECOS is not installed. 
Using SCS instead.
ECOS solver failed:  The solver ECOS is not installed. 
Using SCS instead.
ECOS solver failed:  The solver ECOS is not installed. 
Using SCS instead.
ECOS solver failed:  The solver ECOS is not installed. 
Using SCS instead.
ECOS solver failed:  The solver ECOS is not installed. 
Using SCS instead.
M-step Design Matrix Calculation time (sec): 0.0182
ECOS solver failed in IPCW_HAL_init, falling back to SCS: The solver ECOS is not installed.
M-step CVXPY optimize time (sec): 1.3116
ECOS solver failed:  The solver ECOS is not installed. 
Using SCS instead.
ECOS solver failed:  The solver ECOS is not installed. 
Using SCS instead.
ECOS solver failed:  The solver ECOS is not installed. 
Using SCS instead.
ECOS solver failed:  The solver ECOS is not installed. 
Using SCS instead.
ECOS solver failed:  The solver ECOS is not installed. 
Using SCS instead.
ECOS solver failed:  The solver ECOS is not installed. 
Using SCS instead.
ECOS solver failed:  The solver ECOS is not installed. 
Using SCS instead.
ECOS solver failed:  The solver ECOS is not installed. 
Using SCS instead.
ECOS solver failed:  The solver ECOS is not installed. 
Using SCS instead.
ECOS solver failed:  The solver ECOS is not installed. 
Using SCS instead.
ECOS solver failed:  The solver ECOS is not installed. 
Using SCS instead.
ECOS solver failed:  The solver ECOS is not installed. 
Using SCS instead.
ECOS solver failed:  The solver ECOS is not installed. 
Using SCS instead.
ECOS solver failed:  The solver ECOS is not installed. 
Using SCS instead.
ECOS solver failed:  The solver ECOS is not installed. 
Using SCS instead.
ECOS solver failed:  The solver ECOS is not installed. 
Using SCS instead.
ECOS solver failed:  The solver ECOS is not installed. 
Using SCS instead.
ECOS solver failed:  The solver ECOS is not installed. 
Using SCS instead.
ECOS solver failed:  The solver ECOS is not installed. 
Using SCS instead.
ECOS solver failed:  The solver ECOS is not installed. 
Using SCS instead.
ECOS solver failed:  The solver ECOS is not installed. 
Using SCS instead.
M-step Design Matrix Calculation time (sec): 0.0181
ECOS solver failed in IPCW_HAL_init, falling back to SCS: The solver ECOS is not installed.
WARNING - large complementary slackness residual: 0.007609
M-step CVXPY optimize time (sec): 2.5959
ECOS solver failed:  The solver ECOS is not installed. 
Using SCS instead.
ECOS solver failed:  The solver ECOS is not installed. 
Using SCS instead.
ECOS solver failed:  The solver ECOS is not installed. 
Using SCS instead.
ECOS solver failed:  The solver ECOS is not installed. 
Using SCS instead.
ECOS solver failed:  The solver ECOS is not installed. 
Using SCS instead.
ECOS solver failed:  The solver ECOS is not installed. 
Using SCS instead.
ECOS solver failed:  The solver ECOS is not installed. 
Using SCS instead.
ECOS solver failed:  The solver ECOS is not installed. 
Using SCS instead.
ECOS solver failed:  The solver ECOS is not installed. 
Using SCS instead.
ECOS solver failed:  The solver ECOS is not installed. 
Using SCS instead.
ECOS solver failed:  The solver ECOS is not installed. 
Using SCS instead.
ECOS solver failed:  The solver ECOS is not installed. 
Using SCS instead.
ECOS solver failed:  The solver ECOS is not installed. 
Using SCS instead.
ECOS solver failed:  The solver ECOS is not installed. 
Using SCS instead.
ECOS solver failed:  The solver ECOS is not installed. 
Using SCS instead.
ECOS solver failed:  The solver ECOS is not installed. 
Using SCS instead.
ECOS solver failed:  The solver ECOS is not installed. 
Using SCS instead.
ECOS solver failed:  The solver ECOS is not installed. 
Using SCS instead.
ECOS solver failed:  The solver ECOS is not installed. 
Using SCS instead.
ECOS solver failed:  The solver ECOS is not installed. 
Using SCS instead.
ECOS solver failed:  The solver ECOS is not installed. 
Using SCS instead.
M-step Design Matrix Calculation time (sec): 0.0524
ECOS solver failed in IPCW_HAL_init, falling back to SCS: The solver ECOS is not installed.
WARNING - large complementary slackness residual: 0.024107
M-step CVXPY optimize time (sec): 2.5399
ECOS solver failed:  The solver ECOS is not installed. 
Using SCS instead.
ECOS solver failed:  The solver ECOS is not installed. 
Using SCS instead.
ECOS solver failed:  The solver ECOS is not installed. 
Using SCS instead.
ECOS solver failed:  The solver ECOS is not installed. 
Using SCS instead.
ECOS solver failed:  The solver ECOS is not installed. 
Using SCS instead.
ECOS solver failed:  The solver ECOS is not installed. 
Using SCS instead.
ECOS solver failed:  The solver ECOS is not installed. 
Using SCS instead.
ECOS solver failed:  The solver ECOS is not installed. 
Using SCS instead.
ECOS solver failed:  The solver ECOS is not installed. 
Using SCS instead.
ECOS solver failed:  The solver ECOS is not installed. 
Using SCS instead.
ECOS solver failed:  The solver ECOS is not installed. 
Using SCS instead.
ECOS solver failed:  The solver ECOS is not installed. 
Using SCS instead.
ECOS solver failed:  The solver ECOS is not installed. 
Using SCS instead.
ECOS solver failed:  The solver ECOS is not installed. 
Using SCS instead.
ECOS solver failed:  The solver ECOS is not installed. 
Using SCS instead.
ECOS solver failed:  The solver ECOS is not installed. 
Using SCS instead.
ECOS solver failed:  The solver ECOS is not installed. 
Using SCS instead.
ECOS solver failed:  The solver ECOS is not installed. 
Using SCS instead.
ECOS solver failed:  The solver ECOS is not installed. 
Using SCS instead.
ECOS solver failed:  The solver ECOS is not installed. 
Using SCS instead.
ECOS solver failed:  The solver ECOS is not installed. 
Using SCS instead.
M-step Design Matrix Calculation time (sec): 0.0347
ECOS solver failed in IPCW_HAL_init, falling back to SCS: The solver ECOS is not installed.
WARNING - large complementary slackness residual: 0.015218
M-step CVXPY optimize time (sec): 3.5865
ECOS solver failed:  The solver ECOS is not installed. 
Using SCS instead.
ECOS solver failed:  The solver ECOS is not installed. 
Using SCS instead.
ECOS solver failed:  The solver ECOS is not installed. 
Using SCS instead.
ECOS solver failed:  The solver ECOS is not installed. 
Using SCS instead.
ECOS solver failed:  The solver ECOS is not installed. 
Using SCS instead.
ECOS solver failed:  The solver ECOS is not installed. 
Using SCS instead.
ECOS solver failed:  The solver ECOS is not installed. 
Using SCS instead.
ECOS solver failed:  The solver ECOS is not installed. 
Using SCS instead.
ECOS solver failed:  The solver ECOS is not installed. 
Using SCS instead.
ECOS solver failed:  The solver ECOS is not installed. 
Using SCS instead.
ECOS solver failed:  The solver ECOS is not installed. 
Using SCS instead.
ECOS solver failed:  The solver ECOS is not installed. 
Using SCS instead.
ECOS solver failed:  The solver ECOS is not installed. 
Using SCS instead.
ECOS solver failed:  The solver ECOS is not installed. 
Using SCS instead.
ECOS solver failed:  The solver ECOS is not installed. 
Using SCS instead.
ECOS solver failed:  The solver ECOS is not installed. 
Using SCS instead.
ECOS solver failed:  The solver ECOS is not installed. 
Using SCS instead.
ECOS solver failed:  The solver ECOS is not installed. 
Using SCS instead.
ECOS solver failed:  The solver ECOS is not installed. 
Using SCS instead.
ECOS solver failed:  The solver ECOS is not installed. 
Using SCS instead.
ECOS solver failed:  The solver ECOS is not installed. 
Using SCS instead.
M-step Design Matrix Calculation time (sec): 0.0326
ECOS solver failed in IPCW_HAL_init, falling back to SCS: The solver ECOS is not installed.
WARNING - large complementary slackness residual: 0.014064
M-step CVXPY optimize time (sec): 2.6858
ECOS solver failed:  The solver ECOS is not installed. 
Using SCS instead.
ECOS solver failed:  The solver ECOS is not installed. 
Using SCS instead.
ECOS solver failed:  The solver ECOS is not installed. 
Using SCS instead.
ECOS solver failed:  The solver ECOS is not installed. 
Using SCS instead.
ECOS solver failed:  The solver ECOS is not installed. 
Using SCS instead.
ECOS solver failed:  The solver ECOS is not installed. 
Using SCS instead.
ECOS solver failed:  The solver ECOS is not installed. 
Using SCS instead.
ECOS solver failed:  The solver ECOS is not installed. 
Using SCS instead.
ECOS solver failed:  The solver ECOS is not installed. 
Using SCS instead.
ECOS solver failed:  The solver ECOS is not installed. 
Using SCS instead.
ECOS solver failed:  The solver ECOS is not installed. 
Using SCS instead.
ECOS solver failed:  The solver ECOS is not installed. 
Using SCS instead.
ECOS solver failed:  The solver ECOS is not installed. 
Using SCS instead.
ECOS solver failed:  The solver ECOS is not installed. 
Using SCS instead.
ECOS solver failed:  The solver ECOS is not installed. 
Using SCS instead.
ECOS solver failed:  The solver ECOS is not installed. 
Using SCS instead.
ECOS solver failed:  The solver ECOS is not installed. 
Using SCS instead.
ECOS solver failed:  The solver ECOS is not installed. 
Using SCS instead.
ECOS solver failed:  The solver ECOS is not installed. 
Using SCS instead.
ECOS solver failed:  The solver ECOS is not installed. 
Using SCS instead.
ECOS solver failed:  The solver ECOS is not installed. 
Using SCS instead.
M-step Design Matrix Calculation time (sec): 0.0181
ECOS solver failed in IPCW_HAL_init, falling back to SCS: The solver ECOS is not installed.
WARNING - large complementary slackness residual: 0.027236
M-step CVXPY optimize time (sec): 1.7325
ECOS solver failed:  The solver ECOS is not installed. 
Using SCS instead.
ECOS solver failed:  The solver ECOS is not installed. 
Using SCS instead.
ECOS solver failed:  The solver ECOS is not installed. 
Using SCS instead.
ECOS solver failed:  The solver ECOS is not installed. 
Using SCS instead.
ECOS solver failed:  The solver ECOS is not installed. 
Using SCS instead.
ECOS solver failed:  The solver ECOS is not installed. 
Using SCS instead.
ECOS solver failed:  The solver ECOS is not installed. 
Using SCS instead.
ECOS solver failed:  The solver ECOS is not installed. 
Using SCS instead.
ECOS solver failed:  The solver ECOS is not installed. 
Using SCS instead.
ECOS solver failed:  The solver ECOS is not installed. 
Using SCS instead.
ECOS solver failed:  The solver ECOS is not installed. 
Using SCS instead.
ECOS solver failed:  The solver ECOS is not installed. 
Using SCS instead.
ECOS solver failed:  The solver ECOS is not installed. 
Using SCS instead.
ECOS solver failed:  The solver ECOS is not installed. 
Using SCS instead.
ECOS solver failed:  The solver ECOS is not installed. 
Using SCS instead.
ECOS solver failed:  The solver ECOS is not installed. 
Using SCS instead.
ECOS solver failed:  The solver ECOS is not installed. 
Using SCS instead.
ECOS solver failed:  The solver ECOS is not installed. 
Using SCS instead.
ECOS solver failed:  The solver ECOS is not installed. 
Using SCS instead.
ECOS solver failed:  The solver ECOS is not installed. 
Using SCS instead.
ECOS solver failed:  The solver ECOS is not installed. 
Using SCS instead.
M-step Design Matrix Calculation time (sec): 0.0219
ECOS solver failed in IPCW_HAL_init, falling back to SCS: The solver ECOS is not installed.
WARNING - large complementary slackness residual: 0.023117
M-step CVXPY optimize time (sec): 2.1282
ECOS solver failed:  The solver ECOS is not installed. 
Using SCS instead.
ECOS solver failed:  The solver ECOS is not installed. 
Using SCS instead.
ECOS solver failed:  The solver ECOS is not installed. 
Using SCS instead.
ECOS solver failed:  The solver ECOS is not installed. 
Using SCS instead.
ECOS solver failed:  The solver ECOS is not installed. 
Using SCS instead.
ECOS solver failed:  The solver ECOS is not installed. 
Using SCS instead.
ECOS solver failed:  The solver ECOS is not installed. 
Using SCS instead.
ECOS solver failed:  The solver ECOS is not installed. 
Using SCS instead.
ECOS solver failed:  The solver ECOS is not installed. 
Using SCS instead.
ECOS solver failed:  The solver ECOS is not installed. 
Using SCS instead.
ECOS solver failed:  The solver ECOS is not installed. 
Using SCS instead.
ECOS solver failed:  The solver ECOS is not installed. 
Using SCS instead.
ECOS solver failed:  The solver ECOS is not installed. 
Using SCS instead.
ECOS solver failed:  The solver ECOS is not installed. 
Using SCS instead.
ECOS solver failed:  The solver ECOS is not installed. 
Using SCS instead.
ECOS solver failed:  The solver ECOS is not installed. 
Using SCS instead.
ECOS solver failed:  The solver ECOS is not installed. 
Using SCS instead.
ECOS solver failed:  The solver ECOS is not installed. 
Using SCS instead.
ECOS solver failed:  The solver ECOS is not installed. 
Using SCS instead.
ECOS solver failed:  The solver ECOS is not installed. 
Using SCS instead.
ECOS solver failed:  The solver ECOS is not installed. 
Using SCS instead.
M-step Design Matrix Calculation time (sec): 0.0181
ECOS solver failed in IPCW_HAL_init, falling back to SCS: The solver ECOS is not installed.
M-step CVXPY optimize time (sec): 0.7933
ECOS solver failed:  The solver ECOS is not installed. 
Using SCS instead.
ECOS solver failed:  The solver ECOS is not installed. 
Using SCS instead.
ECOS solver failed:  The solver ECOS is not installed. 
Using SCS instead.
ECOS solver failed:  The solver ECOS is not installed. 
Using SCS instead.
ECOS solver failed:  The solver ECOS is not installed. 
Using SCS instead.
ECOS solver failed:  The solver ECOS is not installed. 
Using SCS instead.
ECOS solver failed:  The solver ECOS is not installed. 
Using SCS instead.
ECOS solver failed:  The solver ECOS is not installed. 
Using SCS instead.
ECOS solver failed:  The solver ECOS is not installed. 
Using SCS instead.
ECOS solver failed:  The solver ECOS is not installed. 
Using SCS instead.
ECOS solver failed:  The solver ECOS is not installed. 
Using SCS instead.
ECOS solver failed:  The solver ECOS is not installed. 
Using SCS instead.
ECOS solver failed:  The solver ECOS is not installed. 
Using SCS instead.
ECOS solver failed:  The solver ECOS is not installed. 
Using SCS instead.
ECOS solver failed:  The solver ECOS is not installed. 
Using SCS instead.
ECOS solver failed:  The solver ECOS is not installed. 
Using SCS instead.
ECOS solver failed:  The solver ECOS is not installed. 
Using SCS instead.
ECOS solver failed:  The solver ECOS is not installed. 
Using SCS instead.
ECOS solver failed:  The solver ECOS is not installed. 
Using SCS instead.
ECOS solver failed:  The solver ECOS is not installed. 
Using SCS instead.
ECOS solver failed:  The solver ECOS is not installed. 
Using SCS instead.
M-step Design Matrix Calculation time (sec): 0.0467
ECOS solver failed in IPCW_HAL_init, falling back to SCS: The solver ECOS is not installed.
M-step CVXPY optimize time (sec): 1.6290
ECOS solver failed:  The solver ECOS is not installed. 
Using SCS instead.
ECOS solver failed:  The solver ECOS is not installed. 
Using SCS instead.
ECOS solver failed:  The solver ECOS is not installed. 
Using SCS instead.
ECOS solver failed:  The solver ECOS is not installed. 
Using SCS instead.
ECOS solver failed:  The solver ECOS is not installed. 
Using SCS instead.
ECOS solver failed:  The solver ECOS is not installed. 
Using SCS instead.
ECOS solver failed:  The solver ECOS is not installed. 
Using SCS instead.
ECOS solver failed:  The solver ECOS is not installed. 
Using SCS instead.
ECOS solver failed:  The solver ECOS is not installed. 
Using SCS instead.
ECOS solver failed:  The solver ECOS is not installed. 
Using SCS instead.
ECOS solver failed:  The solver ECOS is not installed. 
Using SCS instead.
ECOS solver failed:  The solver ECOS is not installed. 
Using SCS instead.
ECOS solver failed:  The solver ECOS is not installed. 
Using SCS instead.
ECOS solver failed:  The solver ECOS is not installed. 
Using SCS instead.
ECOS solver failed:  The solver ECOS is not installed. 
Using SCS instead.
ECOS solver failed:  The solver ECOS is not installed. 
Using SCS instead.
ECOS solver failed:  The solver ECOS is not installed. 
Using SCS instead.
ECOS solver failed:  The solver ECOS is not installed. 
Using SCS instead.
ECOS solver failed:  The solver ECOS is not installed. 
Using SCS instead.
ECOS solver failed:  The solver ECOS is not installed. 
Using SCS instead.
ECOS solver failed:  The solver ECOS is not installed. 
Using SCS instead.
M-step Design Matrix Calculation time (sec): 0.0181
ECOS solver failed in IPCW_HAL_init, falling back to SCS: The solver ECOS is not installed.
WARNING - large complementary slackness residual: 0.015987
M-step CVXPY optimize time (sec): 3.5973
ECOS solver failed:  The solver ECOS is not installed. 
Using SCS instead.
ECOS solver failed:  The solver ECOS is not installed. 
Using SCS instead.
ECOS solver failed:  The solver ECOS is not installed. 
Using SCS instead.
ECOS solver failed:  The solver ECOS is not installed. 
Using SCS instead.
ECOS solver failed:  The solver ECOS is not installed. 
Using SCS instead.
ECOS solver failed:  The solver ECOS is not installed. 
Using SCS instead.
ECOS solver failed:  The solver ECOS is not installed. 
Using SCS instead.
ECOS solver failed:  The solver ECOS is not installed. 
Using SCS instead.
ECOS solver failed:  The solver ECOS is not installed. 
Using SCS instead.
ECOS solver failed:  The solver ECOS is not installed. 
Using SCS instead.
ECOS solver failed:  The solver ECOS is not installed. 
Using SCS instead.
ECOS solver failed:  The solver ECOS is not installed. 
Using SCS instead.
ECOS solver failed:  The solver ECOS is not installed. 
Using SCS instead.
ECOS solver failed:  The solver ECOS is not installed. 
Using SCS instead.
ECOS solver failed:  The solver ECOS is not installed. 
Using SCS instead.
ECOS solver failed:  The solver ECOS is not installed. 
Using SCS instead.
ECOS solver failed:  The solver ECOS is not installed. 
Using SCS instead.
ECOS solver failed:  The solver ECOS is not installed. 
Using SCS instead.
ECOS solver failed:  The solver ECOS is not installed. 
Using SCS instead.
ECOS solver failed:  The solver ECOS is not installed. 
Using SCS instead.
ECOS solver failed:  The solver ECOS is not installed. 
Using SCS instead.
M-step Design Matrix Calculation time (sec): 0.0282
ECOS solver failed in IPCW_HAL_init, falling back to SCS: The solver ECOS is not installed.
M-step CVXPY optimize time (sec): 1.1643
ECOS solver failed:  The solver ECOS is not installed. 
Using SCS instead.
ECOS solver failed:  The solver ECOS is not installed. 
Using SCS instead.
ECOS solver failed:  The solver ECOS is not installed. 
Using SCS instead.
ECOS solver failed:  The solver ECOS is not installed. 
Using SCS instead.
ECOS solver failed:  The solver ECOS is not installed. 
Using SCS instead.
ECOS solver failed:  The solver ECOS is not installed. 
Using SCS instead.
ECOS solver failed:  The solver ECOS is not installed. 
Using SCS instead.
ECOS solver failed:  The solver ECOS is not installed. 
Using SCS instead.
ECOS solver failed:  The solver ECOS is not installed. 
Using SCS instead.
ECOS solver failed:  The solver ECOS is not installed. 
Using SCS instead.
ECOS solver failed:  The solver ECOS is not installed. 
Using SCS instead.
ECOS solver failed:  The solver ECOS is not installed. 
Using SCS instead.
ECOS solver failed:  The solver ECOS is not installed. 
Using SCS instead.
ECOS solver failed:  The solver ECOS is not installed. 
Using SCS instead.
ECOS solver failed:  The solver ECOS is not installed. 
Using SCS instead.
ECOS solver failed:  The solver ECOS is not installed. 
Using SCS instead.
ECOS solver failed:  The solver ECOS is not installed. 
Using SCS instead.
ECOS solver failed:  The solver ECOS is not installed. 
Using SCS instead.
ECOS solver failed:  The solver ECOS is not installed. 
Using SCS instead.
ECOS solver failed:  The solver ECOS is not installed. 
Using SCS instead.
ECOS solver failed:  The solver ECOS is not installed. 
Using SCS instead.
M-step Design Matrix Calculation time (sec): 0.0396
ECOS solver failed in IPCW_HAL_init, falling back to SCS: The solver ECOS is not installed.
M-step CVXPY optimize time (sec): 2.7135
ECOS solver failed:  The solver ECOS is not installed. 
Using SCS instead.
ECOS solver failed:  The solver ECOS is not installed. 
Using SCS instead.
ECOS solver failed:  The solver ECOS is not installed. 
Using SCS instead.
ECOS solver failed:  The solver ECOS is not installed. 
Using SCS instead.
ECOS solver failed:  The solver ECOS is not installed. 
Using SCS instead.
ECOS solver failed:  The solver ECOS is not installed. 
Using SCS instead.
ECOS solver failed:  The solver ECOS is not installed. 
Using SCS instead.
ECOS solver failed:  The solver ECOS is not installed. 
Using SCS instead.
ECOS solver failed:  The solver ECOS is not installed. 
Using SCS instead.
ECOS solver failed:  The solver ECOS is not installed. 
Using SCS instead.
ECOS solver failed:  The solver ECOS is not installed. 
Using SCS instead.
ECOS solver failed:  The solver ECOS is not installed. 
Using SCS instead.
ECOS solver failed:  The solver ECOS is not installed. 
Using SCS instead.
ECOS solver failed:  The solver ECOS is not installed. 
Using SCS instead.
ECOS solver failed:  The solver ECOS is not installed. 
Using SCS instead.
ECOS solver failed:  The solver ECOS is not installed. 
Using SCS instead.
ECOS solver failed:  The solver ECOS is not installed. 
Using SCS instead.
ECOS solver failed:  The solver ECOS is not installed. 
Using SCS instead.
ECOS solver failed:  The solver ECOS is not installed. 
Using SCS instead.
ECOS solver failed:  The solver ECOS is not installed. 
Using SCS instead.
ECOS solver failed:  The solver ECOS is not installed. 
Using SCS instead.
M-step Design Matrix Calculation time (sec): 0.1340
ECOS solver failed in IPCW_HAL_init, falling back to SCS: The solver ECOS is not installed.
WARNING - large complementary slackness residual: 0.011116
M-step CVXPY optimize time (sec): 3.3001
ECOS solver failed:  The solver ECOS is not installed. 
Using SCS instead.
ECOS solver failed:  The solver ECOS is not installed. 
Using SCS instead.
ECOS solver failed:  The solver ECOS is not installed. 
Using SCS instead.
ECOS solver failed:  The solver ECOS is not installed. 
Using SCS instead.
ECOS solver failed:  The solver ECOS is not installed. 
Using SCS instead.
ECOS solver failed:  The solver ECOS is not installed. 
Using SCS instead.
ECOS solver failed:  The solver ECOS is not installed. 
Using SCS instead.
ECOS solver failed:  The solver ECOS is not installed. 
Using SCS instead.
ECOS solver failed:  The solver ECOS is not installed. 
Using SCS instead.
ECOS solver failed:  The solver ECOS is not installed. 
Using SCS instead.
ECOS solver failed:  The solver ECOS is not installed. 
Using SCS instead.
ECOS solver failed:  The solver ECOS is not installed. 
Using SCS instead.
ECOS solver failed:  The solver ECOS is not installed. 
Using SCS instead.
ECOS solver failed:  The solver ECOS is not installed. 
Using SCS instead.
ECOS solver failed:  The solver ECOS is not installed. 
Using SCS instead.
ECOS solver failed:  The solver ECOS is not installed. 
Using SCS instead.
ECOS solver failed:  The solver ECOS is not installed. 
Using SCS instead.
ECOS solver failed:  The solver ECOS is not installed. 
Using SCS instead.
ECOS solver failed:  The solver ECOS is not installed. 
Using SCS instead.
ECOS solver failed:  The solver ECOS is not installed. 
Using SCS instead.
ECOS solver failed:  The solver ECOS is not installed. 
Using SCS instead.
M-step Design Matrix Calculation time (sec): 0.0225
ECOS solver failed in IPCW_HAL_init, falling back to SCS: The solver ECOS is not installed.
M-step CVXPY optimize time (sec): 1.2342
ECOS solver failed:  The solver ECOS is not installed. 
Using SCS instead.
ECOS solver failed:  The solver ECOS is not installed. 
Using SCS instead.
ECOS solver failed:  The solver ECOS is not installed. 
Using SCS instead.
ECOS solver failed:  The solver ECOS is not installed. 
Using SCS instead.
ECOS solver failed:  The solver ECOS is not installed. 
Using SCS instead.
ECOS solver failed:  The solver ECOS is not installed. 
Using SCS instead.
ECOS solver failed:  The solver ECOS is not installed. 
Using SCS instead.
ECOS solver failed:  The solver ECOS is not installed. 
Using SCS instead.
ECOS solver failed:  The solver ECOS is not installed. 
Using SCS instead.
ECOS solver failed:  The solver ECOS is not installed. 
Using SCS instead.
ECOS solver failed:  The solver ECOS is not installed. 
Using SCS instead.
ECOS solver failed:  The solver ECOS is not installed. 
Using SCS instead.
ECOS solver failed:  The solver ECOS is not installed. 
Using SCS instead.
ECOS solver failed:  The solver ECOS is not installed. 
Using SCS instead.
ECOS solver failed:  The solver ECOS is not installed. 
Using SCS instead.
ECOS solver failed:  The solver ECOS is not installed. 
Using SCS instead.
ECOS solver failed:  The solver ECOS is not installed. 
Using SCS instead.
ECOS solver failed:  The solver ECOS is not installed. 
Using SCS instead.
ECOS solver failed:  The solver ECOS is not installed. 
Using SCS instead.
ECOS solver failed:  The solver ECOS is not installed. 
Using SCS instead.
ECOS solver failed:  The solver ECOS is not installed. 
Using SCS instead.
M-step Design Matrix Calculation time (sec): 0.0687
ECOS solver failed in IPCW_HAL_init, falling back to SCS: The solver ECOS is not installed.
WARNING - large complementary slackness residual: 0.026629
M-step CVXPY optimize time (sec): 4.0237
ECOS solver failed:  The solver ECOS is not installed. 
Using SCS instead.
ECOS solver failed:  The solver ECOS is not installed. 
Using SCS instead.
ECOS solver failed:  The solver ECOS is not installed. 
Using SCS instead.
ECOS solver failed:  The solver ECOS is not installed. 
Using SCS instead.
ECOS solver failed:  The solver ECOS is not installed. 
Using SCS instead.
ECOS solver failed:  The solver ECOS is not installed. 
Using SCS instead.
ECOS solver failed:  The solver ECOS is not installed. 
Using SCS instead.
ECOS solver failed:  The solver ECOS is not installed. 
Using SCS instead.
ECOS solver failed:  The solver ECOS is not installed. 
Using SCS instead.
ECOS solver failed:  The solver ECOS is not installed. 
Using SCS instead.
ECOS solver failed:  The solver ECOS is not installed. 
Using SCS instead.
ECOS solver failed:  The solver ECOS is not installed. 
Using SCS instead.
ECOS solver failed:  The solver ECOS is not installed. 
Using SCS instead.
ECOS solver failed:  The solver ECOS is not installed. 
Using SCS instead.
ECOS solver failed:  The solver ECOS is not installed. 
Using SCS instead.
ECOS solver failed:  The solver ECOS is not installed. 
Using SCS instead.
ECOS solver failed:  The solver ECOS is not installed. 
Using SCS instead.
ECOS solver failed:  The solver ECOS is not installed. 
Using SCS instead.
ECOS solver failed:  The solver ECOS is not installed. 
Using SCS instead.
ECOS solver failed:  The solver ECOS is not installed. 
Using SCS instead.
ECOS solver failed:  The solver ECOS is not installed. 
Using SCS instead.
M-step Design Matrix Calculation time (sec): 0.0186
ECOS solver failed in IPCW_HAL_init, falling back to SCS: The solver ECOS is not installed.
M-step CVXPY optimize time (sec): 2.0886
ECOS solver failed:  The solver ECOS is not installed. 
Using SCS instead.
ECOS solver failed:  The solver ECOS is not installed. 
Using SCS instead.
ECOS solver failed:  The solver ECOS is not installed. 
Using SCS instead.
ECOS solver failed:  The solver ECOS is not installed. 
Using SCS instead.
ECOS solver failed:  The solver ECOS is not installed. 
Using SCS instead.
ECOS solver failed:  The solver ECOS is not installed. 
Using SCS instead.
ECOS solver failed:  The solver ECOS is not installed. 
Using SCS instead.
ECOS solver failed:  The solver ECOS is not installed. 
Using SCS instead.
ECOS solver failed:  The solver ECOS is not installed. 
Using SCS instead.
ECOS solver failed:  The solver ECOS is not installed. 
Using SCS instead.
ECOS solver failed:  The solver ECOS is not installed. 
Using SCS instead.
ECOS solver failed:  The solver ECOS is not installed. 
Using SCS instead.
ECOS solver failed:  The solver ECOS is not installed. 
Using SCS instead.
ECOS solver failed:  The solver ECOS is not installed. 
Using SCS instead.
ECOS solver failed:  The solver ECOS is not installed. 
Using SCS instead.
ECOS solver failed:  The solver ECOS is not installed. 
Using SCS instead.
ECOS solver failed:  The solver ECOS is not installed. 
Using SCS instead.
ECOS solver failed:  The solver ECOS is not installed. 
Using SCS instead.
ECOS solver failed:  The solver ECOS is not installed. 
Using SCS instead.
ECOS solver failed:  The solver ECOS is not installed. 
Using SCS instead.
ECOS solver failed:  The solver ECOS is not installed. 
Using SCS instead.
M-step Design Matrix Calculation time (sec): 0.1250
ECOS solver failed in IPCW_HAL_init, falling back to SCS: The solver ECOS is not installed.
WARNING - large complementary slackness residual: 0.005111
M-step CVXPY optimize time (sec): 1.8631
ECOS solver failed:  The solver ECOS is not installed. 
Using SCS instead.
ECOS solver failed:  The solver ECOS is not installed. 
Using SCS instead.
ECOS solver failed:  The solver ECOS is not installed. 
Using SCS instead.
ECOS solver failed:  The solver ECOS is not installed. 
Using SCS instead.
ECOS solver failed:  The solver ECOS is not installed. 
Using SCS instead.
ECOS solver failed:  The solver ECOS is not installed. 
Using SCS instead.
ECOS solver failed:  The solver ECOS is not installed. 
Using SCS instead.
ECOS solver failed:  The solver ECOS is not installed. 
Using SCS instead.
ECOS solver failed:  The solver ECOS is not installed. 
Using SCS instead.
ECOS solver failed:  The solver ECOS is not installed. 
Using SCS instead.
ECOS solver failed:  The solver ECOS is not installed. 
Using SCS instead.
ECOS solver failed:  The solver ECOS is not installed. 
Using SCS instead.
ECOS solver failed:  The solver ECOS is not installed. 
Using SCS instead.
ECOS solver failed:  The solver ECOS is not installed. 
Using SCS instead.
ECOS solver failed:  The solver ECOS is not installed. 
Using SCS instead.
ECOS solver failed:  The solver ECOS is not installed. 
Using SCS instead.
ECOS solver failed:  The solver ECOS is not installed. 
Using SCS instead.
ECOS solver failed:  The solver ECOS is not installed. 
Using SCS instead.
ECOS solver failed:  The solver ECOS is not installed. 
Using SCS instead.
ECOS solver failed:  The solver ECOS is not installed. 
Using SCS instead.
ECOS solver failed:  The solver ECOS is not installed. 
Using SCS instead.
M-step Design Matrix Calculation time (sec): 0.0175
ECOS solver failed in IPCW_HAL_init, falling back to SCS: The solver ECOS is not installed.
WARNING - large complementary slackness residual: 0.015901
M-step CVXPY optimize time (sec): 1.6280
ECOS solver failed:  The solver ECOS is not installed. 
Using SCS instead.
ECOS solver failed:  The solver ECOS is not installed. 
Using SCS instead.
ECOS solver failed:  The solver ECOS is not installed. 
Using SCS instead.
ECOS solver failed:  The solver ECOS is not installed. 
Using SCS instead.
ECOS solver failed:  The solver ECOS is not installed. 
Using SCS instead.
ECOS solver failed:  The solver ECOS is not installed. 
Using SCS instead.
ECOS solver failed:  The solver ECOS is not installed. 
Using SCS instead.
ECOS solver failed:  The solver ECOS is not installed. 
Using SCS instead.
ECOS solver failed:  The solver ECOS is not installed. 
Using SCS instead.
ECOS solver failed:  The solver ECOS is not installed. 
Using SCS instead.
ECOS solver failed:  The solver ECOS is not installed. 
Using SCS instead.
ECOS solver failed:  The solver ECOS is not installed. 
Using SCS instead.
ECOS solver failed:  The solver ECOS is not installed. 
Using SCS instead.
ECOS solver failed:  The solver ECOS is not installed. 
Using SCS instead.
ECOS solver failed:  The solver ECOS is not installed. 
Using SCS instead.
ECOS solver failed:  The solver ECOS is not installed. 
Using SCS instead.
ECOS solver failed:  The solver ECOS is not installed. 
Using SCS instead.
ECOS solver failed:  The solver ECOS is not installed. 
Using SCS instead.
ECOS solver failed:  The solver ECOS is not installed. 
Using SCS instead.
ECOS solver failed:  The solver ECOS is not installed. 
Using SCS instead.
ECOS solver failed:  The solver ECOS is not installed. 
Using SCS instead.
M-step Design Matrix Calculation time (sec): 0.0179
ECOS solver failed in IPCW_HAL_init, falling back to SCS: The solver ECOS is not installed.
WARNING - large complementary slackness residual: 0.014520
M-step CVXPY optimize time (sec): 2.8084
ECOS solver failed:  The solver ECOS is not installed. 
Using SCS instead.
ECOS solver failed:  The solver ECOS is not installed. 
Using SCS instead.
ECOS solver failed:  The solver ECOS is not installed. 
Using SCS instead.
ECOS solver failed:  The solver ECOS is not installed. 
Using SCS instead.
ECOS solver failed:  The solver ECOS is not installed. 
Using SCS instead.
ECOS solver failed:  The solver ECOS is not installed. 
Using SCS instead.
ECOS solver failed:  The solver ECOS is not installed. 
Using SCS instead.
ECOS solver failed:  The solver ECOS is not installed. 
Using SCS instead.
ECOS solver failed:  The solver ECOS is not installed. 
Using SCS instead.
ECOS solver failed:  The solver ECOS is not installed. 
Using SCS instead.
ECOS solver failed:  The solver ECOS is not installed. 
Using SCS instead.
ECOS solver failed:  The solver ECOS is not installed. 
Using SCS instead.
ECOS solver failed:  The solver ECOS is not installed. 
Using SCS instead.
ECOS solver failed:  The solver ECOS is not installed. 
Using SCS instead.
ECOS solver failed:  The solver ECOS is not installed. 
Using SCS instead.
ECOS solver failed:  The solver ECOS is not installed. 
Using SCS instead.
ECOS solver failed:  The solver ECOS is not installed. 
Using SCS instead.
ECOS solver failed:  The solver ECOS is not installed. 
Using SCS instead.
ECOS solver failed:  The solver ECOS is not installed. 
Using SCS instead.
ECOS solver failed:  The solver ECOS is not installed. 
Using SCS instead.
ECOS solver failed:  The solver ECOS is not installed. 
Using SCS instead.
M-step Design Matrix Calculation time (sec): 0.1353
ECOS solver failed in IPCW_HAL_init, falling back to SCS: The solver ECOS is not installed.
M-step CVXPY optimize time (sec): 1.8033
ECOS solver failed:  The solver ECOS is not installed. 
Using SCS instead.
ECOS solver failed:  The solver ECOS is not installed. 
Using SCS instead.
ECOS solver failed:  The solver ECOS is not installed. 
Using SCS instead.
ECOS solver failed:  The solver ECOS is not installed. 
Using SCS instead.
ECOS solver failed:  The solver ECOS is not installed. 
Using SCS instead.
ECOS solver failed:  The solver ECOS is not installed. 
Using SCS instead.
ECOS solver failed:  The solver ECOS is not installed. 
Using SCS instead.
ECOS solver failed:  The solver ECOS is not installed. 
Using SCS instead.
ECOS solver failed:  The solver ECOS is not installed. 
Using SCS instead.
ECOS solver failed:  The solver ECOS is not installed. 
Using SCS instead.
ECOS solver failed:  The solver ECOS is not installed. 
Using SCS instead.
ECOS solver failed:  The solver ECOS is not installed. 
Using SCS instead.
ECOS solver failed:  The solver ECOS is not installed. 
Using SCS instead.
ECOS solver failed:  The solver ECOS is not installed. 
Using SCS instead.
ECOS solver failed:  The solver ECOS is not installed. 
Using SCS instead.
ECOS solver failed:  The solver ECOS is not installed. 
Using SCS instead.
ECOS solver failed:  The solver ECOS is not installed. 
Using SCS instead.
ECOS solver failed:  The solver ECOS is not installed. 
Using SCS instead.
ECOS solver failed:  The solver ECOS is not installed. 
Using SCS instead.
ECOS solver failed:  The solver ECOS is not installed. 
Using SCS instead.
ECOS solver failed:  The solver ECOS is not installed. 
Using SCS instead.
M-step Design Matrix Calculation time (sec): 0.0776
ECOS solver failed in IPCW_HAL_init, falling back to SCS: The solver ECOS is not installed.
M-step CVXPY optimize time (sec): 0.8543
ECOS solver failed:  The solver ECOS is not installed. 
Using SCS instead.
ECOS solver failed:  The solver ECOS is not installed. 
Using SCS instead.
ECOS solver failed:  The solver ECOS is not installed. 
Using SCS instead.
ECOS solver failed:  The solver ECOS is not installed. 
Using SCS instead.
ECOS solver failed:  The solver ECOS is not installed. 
Using SCS instead.
ECOS solver failed:  The solver ECOS is not installed. 
Using SCS instead.
ECOS solver failed:  The solver ECOS is not installed. 
Using SCS instead.
ECOS solver failed:  The solver ECOS is not installed. 
Using SCS instead.
ECOS solver failed:  The solver ECOS is not installed. 
Using SCS instead.
ECOS solver failed:  The solver ECOS is not installed. 
Using SCS instead.
ECOS solver failed:  The solver ECOS is not installed. 
Using SCS instead.
ECOS solver failed:  The solver ECOS is not installed. 
Using SCS instead.
ECOS solver failed:  The solver ECOS is not installed. 
Using SCS instead.
ECOS solver failed:  The solver ECOS is not installed. 
Using SCS instead.
ECOS solver failed:  The solver ECOS is not installed. 
Using SCS instead.
ECOS solver failed:  The solver ECOS is not installed. 
Using SCS instead.
ECOS solver failed:  The solver ECOS is not installed. 
Using SCS instead.
ECOS solver failed:  The solver ECOS is not installed. 
Using SCS instead.
ECOS solver failed:  The solver ECOS is not installed. 
Using SCS instead.
ECOS solver failed:  The solver ECOS is not installed. 
Using SCS instead.
ECOS solver failed:  The solver ECOS is not installed. 
Using SCS instead.
M-step Design Matrix Calculation time (sec): 0.0660
ECOS solver failed in IPCW_HAL_init, falling back to SCS: The solver ECOS is not installed.
WARNING - large complementary slackness residual: 0.012816
M-step CVXPY optimize time (sec): 2.1306
ECOS solver failed:  The solver ECOS is not installed. 
Using SCS instead.
ECOS solver failed:  The solver ECOS is not installed. 
Using SCS instead.
ECOS solver failed:  The solver ECOS is not installed. 
Using SCS instead.
ECOS solver failed:  The solver ECOS is not installed. 
Using SCS instead.
ECOS solver failed:  The solver ECOS is not installed. 
Using SCS instead.
ECOS solver failed:  The solver ECOS is not installed. 
Using SCS instead.
ECOS solver failed:  The solver ECOS is not installed. 
Using SCS instead.
ECOS solver failed:  The solver ECOS is not installed. 
Using SCS instead.
ECOS solver failed:  The solver ECOS is not installed. 
Using SCS instead.
ECOS solver failed:  The solver ECOS is not installed. 
Using SCS instead.
ECOS solver failed:  The solver ECOS is not installed. 
Using SCS instead.
ECOS solver failed:  The solver ECOS is not installed. 
Using SCS instead.
ECOS solver failed:  The solver ECOS is not installed. 
Using SCS instead.
ECOS solver failed:  The solver ECOS is not installed. 
Using SCS instead.
ECOS solver failed:  The solver ECOS is not installed. 
Using SCS instead.
ECOS solver failed:  The solver ECOS is not installed. 
Using SCS instead.
ECOS solver failed:  The solver ECOS is not installed. 
Using SCS instead.
ECOS solver failed:  The solver ECOS is not installed. 
Using SCS instead.
ECOS solver failed:  The solver ECOS is not installed. 
Using SCS instead.
ECOS solver failed:  The solver ECOS is not installed. 
Using SCS instead.
ECOS solver failed:  The solver ECOS is not installed. 
Using SCS instead.
M-step Design Matrix Calculation time (sec): 0.1664
ECOS solver failed in IPCW_HAL_init, falling back to SCS: The solver ECOS is not installed.
WARNING - large complementary slackness residual: 0.011712
M-step CVXPY optimize time (sec): 2.8778
ECOS solver failed:  The solver ECOS is not installed. 
Using SCS instead.
ECOS solver failed:  The solver ECOS is not installed. 
Using SCS instead.
ECOS solver failed:  The solver ECOS is not installed. 
Using SCS instead.
ECOS solver failed:  The solver ECOS is not installed. 
Using SCS instead.
ECOS solver failed:  The solver ECOS is not installed. 
Using SCS instead.
ECOS solver failed:  The solver ECOS is not installed. 
Using SCS instead.
ECOS solver failed:  The solver ECOS is not installed. 
Using SCS instead.
ECOS solver failed:  The solver ECOS is not installed. 
Using SCS instead.
ECOS solver failed:  The solver ECOS is not installed. 
Using SCS instead.
ECOS solver failed:  The solver ECOS is not installed. 
Using SCS instead.
ECOS solver failed:  The solver ECOS is not installed. 
Using SCS instead.
ECOS solver failed:  The solver ECOS is not installed. 
Using SCS instead.
ECOS solver failed:  The solver ECOS is not installed. 
Using SCS instead.
ECOS solver failed:  The solver ECOS is not installed. 
Using SCS instead.
ECOS solver failed:  The solver ECOS is not installed. 
Using SCS instead.
ECOS solver failed:  The solver ECOS is not installed. 
Using SCS instead.
ECOS solver failed:  The solver ECOS is not installed. 
Using SCS instead.
ECOS solver failed:  The solver ECOS is not installed. 
Using SCS instead.
ECOS solver failed:  The solver ECOS is not installed. 
Using SCS instead.
ECOS solver failed:  The solver ECOS is not installed. 
Using SCS instead.
ECOS solver failed:  The solver ECOS is not installed. 
Using SCS instead.
M-step Design Matrix Calculation time (sec): 0.0177
ECOS solver failed in IPCW_HAL_init, falling back to SCS: The solver ECOS is not installed.
WARNING - large complementary slackness residual: 0.015362
M-step CVXPY optimize time (sec): 2.2623
ECOS solver failed:  The solver ECOS is not installed. 
Using SCS instead.
ECOS solver failed:  The solver ECOS is not installed. 
Using SCS instead.
ECOS solver failed:  The solver ECOS is not installed. 
Using SCS instead.
ECOS solver failed:  The solver ECOS is not installed. 
Using SCS instead.
ECOS solver failed:  The solver ECOS is not installed. 
Using SCS instead.
ECOS solver failed:  The solver ECOS is not installed. 
Using SCS instead.
ECOS solver failed:  The solver ECOS is not installed. 
Using SCS instead.
ECOS solver failed:  The solver ECOS is not installed. 
Using SCS instead.
ECOS solver failed:  The solver ECOS is not installed. 
Using SCS instead.
ECOS solver failed:  The solver ECOS is not installed. 
Using SCS instead.
ECOS solver failed:  The solver ECOS is not installed. 
Using SCS instead.
ECOS solver failed:  The solver ECOS is not installed. 
Using SCS instead.
ECOS solver failed:  The solver ECOS is not installed. 
Using SCS instead.
ECOS solver failed:  The solver ECOS is not installed. 
Using SCS instead.
ECOS solver failed:  The solver ECOS is not installed. 
Using SCS instead.
ECOS solver failed:  The solver ECOS is not installed. 
Using SCS instead.
ECOS solver failed:  The solver ECOS is not installed. 
Using SCS instead.
ECOS solver failed:  The solver ECOS is not installed. 
Using SCS instead.
ECOS solver failed:  The solver ECOS is not installed. 
Using SCS instead.
ECOS solver failed:  The solver ECOS is not installed. 
Using SCS instead.
ECOS solver failed:  The solver ECOS is not installed. 
Using SCS instead.
M-step Design Matrix Calculation time (sec): 0.0303
ECOS solver failed in IPCW_HAL_init, falling back to SCS: The solver ECOS is not installed.
M-step CVXPY optimize time (sec): 1.0696
ECOS solver failed:  The solver ECOS is not installed. 
Using SCS instead.
ECOS solver failed:  The solver ECOS is not installed. 
Using SCS instead.
ECOS solver failed:  The solver ECOS is not installed. 
Using SCS instead.
ECOS solver failed:  The solver ECOS is not installed. 
Using SCS instead.
ECOS solver failed:  The solver ECOS is not installed. 
Using SCS instead.
ECOS solver failed:  The solver ECOS is not installed. 
Using SCS instead.
ECOS solver failed:  The solver ECOS is not installed. 
Using SCS instead.
ECOS solver failed:  The solver ECOS is not installed. 
Using SCS instead.
ECOS solver failed:  The solver ECOS is not installed. 
Using SCS instead.
ECOS solver failed:  The solver ECOS is not installed. 
Using SCS instead.
ECOS solver failed:  The solver ECOS is not installed. 
Using SCS instead.
ECOS solver failed:  The solver ECOS is not installed. 
Using SCS instead.
ECOS solver failed:  The solver ECOS is not installed. 
Using SCS instead.
ECOS solver failed:  The solver ECOS is not installed. 
Using SCS instead.
ECOS solver failed:  The solver ECOS is not installed. 
Using SCS instead.
ECOS solver failed:  The solver ECOS is not installed. 
Using SCS instead.
ECOS solver failed:  The solver ECOS is not installed. 
Using SCS instead.
ECOS solver failed:  The solver ECOS is not installed. 
Using SCS instead.
ECOS solver failed:  The solver ECOS is not installed. 
Using SCS instead.
ECOS solver failed:  The solver ECOS is not installed. 
Using SCS instead.
ECOS solver failed:  The solver ECOS is not installed. 
Using SCS instead.
M-step Design Matrix Calculation time (sec): 0.0201
ECOS solver failed in IPCW_HAL_init, falling back to SCS: The solver ECOS is not installed.
M-step CVXPY optimize time (sec): 0.7361
ECOS solver failed:  The solver ECOS is not installed. 
Using SCS instead.
ECOS solver failed:  The solver ECOS is not installed. 
Using SCS instead.
ECOS solver failed:  The solver ECOS is not installed. 
Using SCS instead.
ECOS solver failed:  The solver ECOS is not installed. 
Using SCS instead.
ECOS solver failed:  The solver ECOS is not installed. 
Using SCS instead.
ECOS solver failed:  The solver ECOS is not installed. 
Using SCS instead.
ECOS solver failed:  The solver ECOS is not installed. 
Using SCS instead.
ECOS solver failed:  The solver ECOS is not installed. 
Using SCS instead.
ECOS solver failed:  The solver ECOS is not installed. 
Using SCS instead.
ECOS solver failed:  The solver ECOS is not installed. 
Using SCS instead.
ECOS solver failed:  The solver ECOS is not installed. 
Using SCS instead.
ECOS solver failed:  The solver ECOS is not installed. 
Using SCS instead.
ECOS solver failed:  The solver ECOS is not installed. 
Using SCS instead.
ECOS solver failed:  The solver ECOS is not installed. 
Using SCS instead.
ECOS solver failed:  The solver ECOS is not installed. 
Using SCS instead.
ECOS solver failed:  The solver ECOS is not installed. 
Using SCS instead.
ECOS solver failed:  The solver ECOS is not installed. 
Using SCS instead.
ECOS solver failed:  The solver ECOS is not installed. 
Using SCS instead.
ECOS solver failed:  The solver ECOS is not installed. 
Using SCS instead.
ECOS solver failed:  The solver ECOS is not installed. 
Using SCS instead.
ECOS solver failed:  The solver ECOS is not installed. 
Using SCS instead.
M-step Design Matrix Calculation time (sec): 0.0197
ECOS solver failed in IPCW_HAL_init, falling back to SCS: The solver ECOS is not installed.
WARNING - large complementary slackness residual: 0.015800
M-step CVXPY optimize time (sec): 3.2339
ECOS solver failed:  The solver ECOS is not installed. 
Using SCS instead.
ECOS solver failed:  The solver ECOS is not installed. 
Using SCS instead.
ECOS solver failed:  The solver ECOS is not installed. 
Using SCS instead.
ECOS solver failed:  The solver ECOS is not installed. 
Using SCS instead.
ECOS solver failed:  The solver ECOS is not installed. 
Using SCS instead.
ECOS solver failed:  The solver ECOS is not installed. 
Using SCS instead.
ECOS solver failed:  The solver ECOS is not installed. 
Using SCS instead.
ECOS solver failed:  The solver ECOS is not installed. 
Using SCS instead.
ECOS solver failed:  The solver ECOS is not installed. 
Using SCS instead.
ECOS solver failed:  The solver ECOS is not installed. 
Using SCS instead.
ECOS solver failed:  The solver ECOS is not installed. 
Using SCS instead.
ECOS solver failed:  The solver ECOS is not installed. 
Using SCS instead.
ECOS solver failed:  The solver ECOS is not installed. 
Using SCS instead.
ECOS solver failed:  The solver ECOS is not installed. 
Using SCS instead.
ECOS solver failed:  The solver ECOS is not installed. 
Using SCS instead.
ECOS solver failed:  The solver ECOS is not installed. 
Using SCS instead.
ECOS solver failed:  The solver ECOS is not installed. 
Using SCS instead.
ECOS solver failed:  The solver ECOS is not installed. 
Using SCS instead.
ECOS solver failed:  The solver ECOS is not installed. 
Using SCS instead.
ECOS solver failed:  The solver ECOS is not installed. 
Using SCS instead.
ECOS solver failed:  The solver ECOS is not installed. 
Using SCS instead.
M-step Design Matrix Calculation time (sec): 0.0331
ECOS solver failed in IPCW_HAL_init, falling back to SCS: The solver ECOS is not installed.
WARNING - large complementary slackness residual: 0.011584
M-step CVXPY optimize time (sec): 3.6404
ECOS solver failed:  The solver ECOS is not installed. 
Using SCS instead.
ECOS solver failed:  The solver ECOS is not installed. 
Using SCS instead.
ECOS solver failed:  The solver ECOS is not installed. 
Using SCS instead.
ECOS solver failed:  The solver ECOS is not installed. 
Using SCS instead.
ECOS solver failed:  The solver ECOS is not installed. 
Using SCS instead.
ECOS solver failed:  The solver ECOS is not installed. 
Using SCS instead.
ECOS solver failed:  The solver ECOS is not installed. 
Using SCS instead.
ECOS solver failed:  The solver ECOS is not installed. 
Using SCS instead.
ECOS solver failed:  The solver ECOS is not installed. 
Using SCS instead.
ECOS solver failed:  The solver ECOS is not installed. 
Using SCS instead.
ECOS solver failed:  The solver ECOS is not installed. 
Using SCS instead.
ECOS solver failed:  The solver ECOS is not installed. 
Using SCS instead.
ECOS solver failed:  The solver ECOS is not installed. 
Using SCS instead.
ECOS solver failed:  The solver ECOS is not installed. 
Using SCS instead.
ECOS solver failed:  The solver ECOS is not installed. 
Using SCS instead.
ECOS solver failed:  The solver ECOS is not installed. 
Using SCS instead.
ECOS solver failed:  The solver ECOS is not installed. 
Using SCS instead.
ECOS solver failed:  The solver ECOS is not installed. 
Using SCS instead.
ECOS solver failed:  The solver ECOS is not installed. 
Using SCS instead.
ECOS solver failed:  The solver ECOS is not installed. 
Using SCS instead.
ECOS solver failed:  The solver ECOS is not installed. 
Using SCS instead.
M-step Design Matrix Calculation time (sec): 0.0558
ECOS solver failed in IPCW_HAL_init, falling back to SCS: The solver ECOS is not installed.
WARNING - large complementary slackness residual: 0.033215
M-step CVXPY optimize time (sec): 1.5691
ECOS solver failed:  The solver ECOS is not installed. 
Using SCS instead.
ECOS solver failed:  The solver ECOS is not installed. 
Using SCS instead.
ECOS solver failed:  The solver ECOS is not installed. 
Using SCS instead.
ECOS solver failed:  The solver ECOS is not installed. 
Using SCS instead.
ECOS solver failed:  The solver ECOS is not installed. 
Using SCS instead.
ECOS solver failed:  The solver ECOS is not installed. 
Using SCS instead.
ECOS solver failed:  The solver ECOS is not installed. 
Using SCS instead.
ECOS solver failed:  The solver ECOS is not installed. 
Using SCS instead.
ECOS solver failed:  The solver ECOS is not installed. 
Using SCS instead.
ECOS solver failed:  The solver ECOS is not installed. 
Using SCS instead.
ECOS solver failed:  The solver ECOS is not installed. 
Using SCS instead.
ECOS solver failed:  The solver ECOS is not installed. 
Using SCS instead.
ECOS solver failed:  The solver ECOS is not installed. 
Using SCS instead.
ECOS solver failed:  The solver ECOS is not installed. 
Using SCS instead.
ECOS solver failed:  The solver ECOS is not installed. 
Using SCS instead.
ECOS solver failed:  The solver ECOS is not installed. 
Using SCS instead.
ECOS solver failed:  The solver ECOS is not installed. 
Using SCS instead.
ECOS solver failed:  The solver ECOS is not installed. 
Using SCS instead.
ECOS solver failed:  The solver ECOS is not installed. 
Using SCS instead.
ECOS solver failed:  The solver ECOS is not installed. 
Using SCS instead.
ECOS solver failed:  The solver ECOS is not installed. 
Using SCS instead.
M-step Design Matrix Calculation time (sec): 0.0189
ECOS solver failed in IPCW_HAL_init, falling back to SCS: The solver ECOS is not installed.
M-step CVXPY optimize time (sec): 1.0734
ECOS solver failed:  The solver ECOS is not installed. 
Using SCS instead.
ECOS solver failed:  The solver ECOS is not installed. 
Using SCS instead.
ECOS solver failed:  The solver ECOS is not installed. 
Using SCS instead.
ECOS solver failed:  The solver ECOS is not installed. 
Using SCS instead.
ECOS solver failed:  The solver ECOS is not installed. 
Using SCS instead.
ECOS solver failed:  The solver ECOS is not installed. 
Using SCS instead.
ECOS solver failed:  The solver ECOS is not installed. 
Using SCS instead.
ECOS solver failed:  The solver ECOS is not installed. 
Using SCS instead.
ECOS solver failed:  The solver ECOS is not installed. 
Using SCS instead.
ECOS solver failed:  The solver ECOS is not installed. 
Using SCS instead.
ECOS solver failed:  The solver ECOS is not installed. 
Using SCS instead.
ECOS solver failed:  The solver ECOS is not installed. 
Using SCS instead.
ECOS solver failed:  The solver ECOS is not installed. 
Using SCS instead.
ECOS solver failed:  The solver ECOS is not installed. 
Using SCS instead.
ECOS solver failed:  The solver ECOS is not installed. 
Using SCS instead.
ECOS solver failed:  The solver ECOS is not installed. 
Using SCS instead.
ECOS solver failed:  The solver ECOS is not installed. 
Using SCS instead.
ECOS solver failed:  The solver ECOS is not installed. 
Using SCS instead.
ECOS solver failed:  The solver ECOS is not installed. 
Using SCS instead.
ECOS solver failed:  The solver ECOS is not installed. 
Using SCS instead.
ECOS solver failed:  The solver ECOS is not installed. 
Using SCS instead.
M-step Design Matrix Calculation time (sec): 0.1531
ECOS solver failed in IPCW_HAL_init, falling back to SCS: The solver ECOS is not installed.
WARNING - large complementary slackness residual: 0.008455
M-step CVXPY optimize time (sec): 1.7518
ECOS solver failed:  The solver ECOS is not installed. 
Using SCS instead.
ECOS solver failed:  The solver ECOS is not installed. 
Using SCS instead.
ECOS solver failed:  The solver ECOS is not installed. 
Using SCS instead.
ECOS solver failed:  The solver ECOS is not installed. 
Using SCS instead.
ECOS solver failed:  The solver ECOS is not installed. 
Using SCS instead.
ECOS solver failed:  The solver ECOS is not installed. 
Using SCS instead.
ECOS solver failed:  The solver ECOS is not installed. 
Using SCS instead.
ECOS solver failed:  The solver ECOS is not installed. 
Using SCS instead.
ECOS solver failed:  The solver ECOS is not installed. 
Using SCS instead.
ECOS solver failed:  The solver ECOS is not installed. 
Using SCS instead.
ECOS solver failed:  The solver ECOS is not installed. 
Using SCS instead.
ECOS solver failed:  The solver ECOS is not installed. 
Using SCS instead.
ECOS solver failed:  The solver ECOS is not installed. 
Using SCS instead.
ECOS solver failed:  The solver ECOS is not installed. 
Using SCS instead.
ECOS solver failed:  The solver ECOS is not installed. 
Using SCS instead.
ECOS solver failed:  The solver ECOS is not installed. 
Using SCS instead.
ECOS solver failed:  The solver ECOS is not installed. 
Using SCS instead.
ECOS solver failed:  The solver ECOS is not installed. 
Using SCS instead.
ECOS solver failed:  The solver ECOS is not installed. 
Using SCS instead.
ECOS solver failed:  The solver ECOS is not installed. 
Using SCS instead.
ECOS solver failed:  The solver ECOS is not installed. 
Using SCS instead.
M-step Design Matrix Calculation time (sec): 0.2008
ECOS solver failed in IPCW_HAL_init, falling back to SCS: The solver ECOS is not installed.
M-step CVXPY optimize time (sec): 0.8542
ECOS solver failed:  The solver ECOS is not installed. 
Using SCS instead.
ECOS solver failed:  The solver ECOS is not installed. 
Using SCS instead.
ECOS solver failed:  The solver ECOS is not installed. 
Using SCS instead.
ECOS solver failed:  The solver ECOS is not installed. 
Using SCS instead.
ECOS solver failed:  The solver ECOS is not installed. 
Using SCS instead.
ECOS solver failed:  The solver ECOS is not installed. 
Using SCS instead.
ECOS solver failed:  The solver ECOS is not installed. 
Using SCS instead.
ECOS solver failed:  The solver ECOS is not installed. 
Using SCS instead.
ECOS solver failed:  The solver ECOS is not installed. 
Using SCS instead.
ECOS solver failed:  The solver ECOS is not installed. 
Using SCS instead.
ECOS solver failed:  The solver ECOS is not installed. 
Using SCS instead.
ECOS solver failed:  The solver ECOS is not installed. 
Using SCS instead.
ECOS solver failed:  The solver ECOS is not installed. 
Using SCS instead.
ECOS solver failed:  The solver ECOS is not installed. 
Using SCS instead.
ECOS solver failed:  The solver ECOS is not installed. 
Using SCS instead.
ECOS solver failed:  The solver ECOS is not installed. 
Using SCS instead.
ECOS solver failed:  The solver ECOS is not installed. 
Using SCS instead.
ECOS solver failed:  The solver ECOS is not installed. 
Using SCS instead.
ECOS solver failed:  The solver ECOS is not installed. 
Using SCS instead.
ECOS solver failed:  The solver ECOS is not installed. 
Using SCS instead.
ECOS solver failed:  The solver ECOS is not installed. 
Using SCS instead.
M-step Design Matrix Calculation time (sec): 0.0179
ECOS solver failed in IPCW_HAL_init, falling back to SCS: The solver ECOS is not installed.
WARNING - large complementary slackness residual: 0.012717
M-step CVXPY optimize time (sec): 3.0623
ECOS solver failed:  The solver ECOS is not installed. 
Using SCS instead.
ECOS solver failed:  The solver ECOS is not installed. 
Using SCS instead.
ECOS solver failed:  The solver ECOS is not installed. 
Using SCS instead.
ECOS solver failed:  The solver ECOS is not installed. 
Using SCS instead.
ECOS solver failed:  The solver ECOS is not installed. 
Using SCS instead.
ECOS solver failed:  The solver ECOS is not installed. 
Using SCS instead.
ECOS solver failed:  The solver ECOS is not installed. 
Using SCS instead.
ECOS solver failed:  The solver ECOS is not installed. 
Using SCS instead.
ECOS solver failed:  The solver ECOS is not installed. 
Using SCS instead.
ECOS solver failed:  The solver ECOS is not installed. 
Using SCS instead.
ECOS solver failed:  The solver ECOS is not installed. 
Using SCS instead.
ECOS solver failed:  The solver ECOS is not installed. 
Using SCS instead.
ECOS solver failed:  The solver ECOS is not installed. 
Using SCS instead.
ECOS solver failed:  The solver ECOS is not installed. 
Using SCS instead.
ECOS solver failed:  The solver ECOS is not installed. 
Using SCS instead.
ECOS solver failed:  The solver ECOS is not installed. 
Using SCS instead.
ECOS solver failed:  The solver ECOS is not installed. 
Using SCS instead.
ECOS solver failed:  The solver ECOS is not installed. 
Using SCS instead.
ECOS solver failed:  The solver ECOS is not installed. 
Using SCS instead.
ECOS solver failed:  The solver ECOS is not installed. 
Using SCS instead.
ECOS solver failed:  The solver ECOS is not installed. 
Using SCS instead.
M-step Design Matrix Calculation time (sec): 0.0457
ECOS solver failed in IPCW_HAL_init, falling back to SCS: The solver ECOS is not installed.
M-step CVXPY optimize time (sec): 0.9591
ECOS solver failed:  The solver ECOS is not installed. 
Using SCS instead.
ECOS solver failed:  The solver ECOS is not installed. 
Using SCS instead.
ECOS solver failed:  The solver ECOS is not installed. 
Using SCS instead.
ECOS solver failed:  The solver ECOS is not installed. 
Using SCS instead.
ECOS solver failed:  The solver ECOS is not installed. 
Using SCS instead.
ECOS solver failed:  The solver ECOS is not installed. 
Using SCS instead.
ECOS solver failed:  The solver ECOS is not installed. 
Using SCS instead.
ECOS solver failed:  The solver ECOS is not installed. 
Using SCS instead.
ECOS solver failed:  The solver ECOS is not installed. 
Using SCS instead.
ECOS solver failed:  The solver ECOS is not installed. 
Using SCS instead.
ECOS solver failed:  The solver ECOS is not installed. 
Using SCS instead.
ECOS solver failed:  The solver ECOS is not installed. 
Using SCS instead.
ECOS solver failed:  The solver ECOS is not installed. 
Using SCS instead.
ECOS solver failed:  The solver ECOS is not installed. 
Using SCS instead.
ECOS solver failed:  The solver ECOS is not installed. 
Using SCS instead.
ECOS solver failed:  The solver ECOS is not installed. 
Using SCS instead.
ECOS solver failed:  The solver ECOS is not installed. 
Using SCS instead.
ECOS solver failed:  The solver ECOS is not installed. 
Using SCS instead.
ECOS solver failed:  The solver ECOS is not installed. 
Using SCS instead.
ECOS solver failed:  The solver ECOS is not installed. 
Using SCS instead.
ECOS solver failed:  The solver ECOS is not installed. 
Using SCS instead.
M-step Design Matrix Calculation time (sec): 0.0171
ECOS solver failed in IPCW_HAL_init, falling back to SCS: The solver ECOS is not installed.
WARNING - large complementary slackness residual: 0.013230
M-step CVXPY optimize time (sec): 0.7122
ECOS solver failed:  The solver ECOS is not installed. 
Using SCS instead.
ECOS solver failed:  The solver ECOS is not installed. 
Using SCS instead.
ECOS solver failed:  The solver ECOS is not installed. 
Using SCS instead.
ECOS solver failed:  The solver ECOS is not installed. 
Using SCS instead.
ECOS solver failed:  The solver ECOS is not installed. 
Using SCS instead.
ECOS solver failed:  The solver ECOS is not installed. 
Using SCS instead.
ECOS solver failed:  The solver ECOS is not installed. 
Using SCS instead.
ECOS solver failed:  The solver ECOS is not installed. 
Using SCS instead.
ECOS solver failed:  The solver ECOS is not installed. 
Using SCS instead.
ECOS solver failed:  The solver ECOS is not installed. 
Using SCS instead.
ECOS solver failed:  The solver ECOS is not installed. 
Using SCS instead.
ECOS solver failed:  The solver ECOS is not installed. 
Using SCS instead.
ECOS solver failed:  The solver ECOS is not installed. 
Using SCS instead.
ECOS solver failed:  The solver ECOS is not installed. 
Using SCS instead.
ECOS solver failed:  The solver ECOS is not installed. 
Using SCS instead.
ECOS solver failed:  The solver ECOS is not installed. 
Using SCS instead.
ECOS solver failed:  The solver ECOS is not installed. 
Using SCS instead.
ECOS solver failed:  The solver ECOS is not installed. 
Using SCS instead.
ECOS solver failed:  The solver ECOS is not installed. 
Using SCS instead.
ECOS solver failed:  The solver ECOS is not installed. 
Using SCS instead.
ECOS solver failed:  The solver ECOS is not installed. 
Using SCS instead.
M-step Design Matrix Calculation time (sec): 0.0504
ECOS solver failed in IPCW_HAL_init, falling back to SCS: The solver ECOS is not installed.
WARNING - large complementary slackness residual: 0.004689
M-step CVXPY optimize time (sec): 1.6949
ECOS solver failed:  The solver ECOS is not installed. 
Using SCS instead.
ECOS solver failed:  The solver ECOS is not installed. 
Using SCS instead.
ECOS solver failed:  The solver ECOS is not installed. 
Using SCS instead.
ECOS solver failed:  The solver ECOS is not installed. 
Using SCS instead.
ECOS solver failed:  The solver ECOS is not installed. 
Using SCS instead.
ECOS solver failed:  The solver ECOS is not installed. 
Using SCS instead.
ECOS solver failed:  The solver ECOS is not installed. 
Using SCS instead.
ECOS solver failed:  The solver ECOS is not installed. 
Using SCS instead.
ECOS solver failed:  The solver ECOS is not installed. 
Using SCS instead.
ECOS solver failed:  The solver ECOS is not installed. 
Using SCS instead.
ECOS solver failed:  The solver ECOS is not installed. 
Using SCS instead.
ECOS solver failed:  The solver ECOS is not installed. 
Using SCS instead.
ECOS solver failed:  The solver ECOS is not installed. 
Using SCS instead.
ECOS solver failed:  The solver ECOS is not installed. 
Using SCS instead.
ECOS solver failed:  The solver ECOS is not installed. 
Using SCS instead.
ECOS solver failed:  The solver ECOS is not installed. 
Using SCS instead.
ECOS solver failed:  The solver ECOS is not installed. 
Using SCS instead.
ECOS solver failed:  The solver ECOS is not installed. 
Using SCS instead.
ECOS solver failed:  The solver ECOS is not installed. 
Using SCS instead.
ECOS solver failed:  The solver ECOS is not installed. 
Using SCS instead.
ECOS solver failed:  The solver ECOS is not installed. 
Using SCS instead.
M-step Design Matrix Calculation time (sec): 0.0405
ECOS solver failed in IPCW_HAL_init, falling back to SCS: The solver ECOS is not installed.
WARNING - large complementary slackness residual: 0.026099
M-step CVXPY optimize time (sec): 2.6359
ECOS solver failed:  The solver ECOS is not installed. 
Using SCS instead.
ECOS solver failed:  The solver ECOS is not installed. 
Using SCS instead.
ECOS solver failed:  The solver ECOS is not installed. 
Using SCS instead.
ECOS solver failed:  The solver ECOS is not installed. 
Using SCS instead.
ECOS solver failed:  The solver ECOS is not installed. 
Using SCS instead.
ECOS solver failed:  The solver ECOS is not installed. 
Using SCS instead.
ECOS solver failed:  The solver ECOS is not installed. 
Using SCS instead.
ECOS solver failed:  The solver ECOS is not installed. 
Using SCS instead.
ECOS solver failed:  The solver ECOS is not installed. 
Using SCS instead.
ECOS solver failed:  The solver ECOS is not installed. 
Using SCS instead.
ECOS solver failed:  The solver ECOS is not installed. 
Using SCS instead.
ECOS solver failed:  The solver ECOS is not installed. 
Using SCS instead.
ECOS solver failed:  The solver ECOS is not installed. 
Using SCS instead.
ECOS solver failed:  The solver ECOS is not installed. 
Using SCS instead.
ECOS solver failed:  The solver ECOS is not installed. 
Using SCS instead.
ECOS solver failed:  The solver ECOS is not installed. 
Using SCS instead.
ECOS solver failed:  The solver ECOS is not installed. 
Using SCS instead.
ECOS solver failed:  The solver ECOS is not installed. 
Using SCS instead.
ECOS solver failed:  The solver ECOS is not installed. 
Using SCS instead.
ECOS solver failed:  The solver ECOS is not installed. 
Using SCS instead.
ECOS solver failed:  The solver ECOS is not installed. 
Using SCS instead.
M-step Design Matrix Calculation time (sec): 0.1295
ECOS solver failed in IPCW_HAL_init, falling back to SCS: The solver ECOS is not installed.
M-step CVXPY optimize time (sec): 1.2338
ECOS solver failed:  The solver ECOS is not installed. 
Using SCS instead.
ECOS solver failed:  The solver ECOS is not installed. 
Using SCS instead.
ECOS solver failed:  The solver ECOS is not installed. 
Using SCS instead.
ECOS solver failed:  The solver ECOS is not installed. 
Using SCS instead.
ECOS solver failed:  The solver ECOS is not installed. 
Using SCS instead.
ECOS solver failed:  The solver ECOS is not installed. 
Using SCS instead.
ECOS solver failed:  The solver ECOS is not installed. 
Using SCS instead.
ECOS solver failed:  The solver ECOS is not installed. 
Using SCS instead.
ECOS solver failed:  The solver ECOS is not installed. 
Using SCS instead.
ECOS solver failed:  The solver ECOS is not installed. 
Using SCS instead.
ECOS solver failed:  The solver ECOS is not installed. 
Using SCS instead.
ECOS solver failed:  The solver ECOS is not installed. 
Using SCS instead.
ECOS solver failed:  The solver ECOS is not installed. 
Using SCS instead.
ECOS solver failed:  The solver ECOS is not installed. 
Using SCS instead.
ECOS solver failed:  The solver ECOS is not installed. 
Using SCS instead.
ECOS solver failed:  The solver ECOS is not installed. 
Using SCS instead.
ECOS solver failed:  The solver ECOS is not installed. 
Using SCS instead.
ECOS solver failed:  The solver ECOS is not installed. 
Using SCS instead.
ECOS solver failed:  The solver ECOS is not installed. 
Using SCS instead.
ECOS solver failed:  The solver ECOS is not installed. 
Using SCS instead.
ECOS solver failed:  The solver ECOS is not installed. 
Using SCS instead.
M-step Design Matrix Calculation time (sec): 0.0797
ECOS solver failed in IPCW_HAL_init, falling back to SCS: The solver ECOS is not installed.
WARNING - large complementary slackness residual: 0.016592
M-step CVXPY optimize time (sec): 2.6518
ECOS solver failed:  The solver ECOS is not installed. 
Using SCS instead.
ECOS solver failed:  The solver ECOS is not installed. 
Using SCS instead.
ECOS solver failed:  The solver ECOS is not installed. 
Using SCS instead.
ECOS solver failed:  The solver ECOS is not installed. 
Using SCS instead.
ECOS solver failed:  The solver ECOS is not installed. 
Using SCS instead.
ECOS solver failed:  The solver ECOS is not installed. 
Using SCS instead.
ECOS solver failed:  The solver ECOS is not installed. 
Using SCS instead.
ECOS solver failed:  The solver ECOS is not installed. 
Using SCS instead.
ECOS solver failed:  The solver ECOS is not installed. 
Using SCS instead.
ECOS solver failed:  The solver ECOS is not installed. 
Using SCS instead.
ECOS solver failed:  The solver ECOS is not installed. 
Using SCS instead.
ECOS solver failed:  The solver ECOS is not installed. 
Using SCS instead.
ECOS solver failed:  The solver ECOS is not installed. 
Using SCS instead.
ECOS solver failed:  The solver ECOS is not installed. 
Using SCS instead.
ECOS solver failed:  The solver ECOS is not installed. 
Using SCS instead.
ECOS solver failed:  The solver ECOS is not installed. 
Using SCS instead.
ECOS solver failed:  The solver ECOS is not installed. 
Using SCS instead.
ECOS solver failed:  The solver ECOS is not installed. 
Using SCS instead.
ECOS solver failed:  The solver ECOS is not installed. 
Using SCS instead.
ECOS solver failed:  The solver ECOS is not installed. 
Using SCS instead.
ECOS solver failed:  The solver ECOS is not installed. 
Using SCS instead.
M-step Design Matrix Calculation time (sec): 0.0220
ECOS solver failed in IPCW_HAL_init, falling back to SCS: The solver ECOS is not installed.
WARNING - large complementary slackness residual: 0.021003
M-step CVXPY optimize time (sec): 1.6294
ECOS solver failed:  The solver ECOS is not installed. 
Using SCS instead.
ECOS solver failed:  The solver ECOS is not installed. 
Using SCS instead.
ECOS solver failed:  The solver ECOS is not installed. 
Using SCS instead.
ECOS solver failed:  The solver ECOS is not installed. 
Using SCS instead.
ECOS solver failed:  The solver ECOS is not installed. 
Using SCS instead.
ECOS solver failed:  The solver ECOS is not installed. 
Using SCS instead.
ECOS solver failed:  The solver ECOS is not installed. 
Using SCS instead.
ECOS solver failed:  The solver ECOS is not installed. 
Using SCS instead.
ECOS solver failed:  The solver ECOS is not installed. 
Using SCS instead.
ECOS solver failed:  The solver ECOS is not installed. 
Using SCS instead.
ECOS solver failed:  The solver ECOS is not installed. 
Using SCS instead.
ECOS solver failed:  The solver ECOS is not installed. 
Using SCS instead.
ECOS solver failed:  The solver ECOS is not installed. 
Using SCS instead.
ECOS solver failed:  The solver ECOS is not installed. 
Using SCS instead.
ECOS solver failed:  The solver ECOS is not installed. 
Using SCS instead.
ECOS solver failed:  The solver ECOS is not installed. 
Using SCS instead.
ECOS solver failed:  The solver ECOS is not installed. 
Using SCS instead.
ECOS solver failed:  The solver ECOS is not installed. 
Using SCS instead.
ECOS solver failed:  The solver ECOS is not installed. 
Using SCS instead.
ECOS solver failed:  The solver ECOS is not installed. 
Using SCS instead.
ECOS solver failed:  The solver ECOS is not installed. 
Using SCS instead.
M-step Design Matrix Calculation time (sec): 0.1260
ECOS solver failed in IPCW_HAL_init, falling back to SCS: The solver ECOS is not installed.
WARNING - large complementary slackness residual: 0.014884
M-step CVXPY optimize time (sec): 2.1491
ECOS solver failed:  The solver ECOS is not installed. 
Using SCS instead.
ECOS solver failed:  The solver ECOS is not installed. 
Using SCS instead.
ECOS solver failed:  The solver ECOS is not installed. 
Using SCS instead.
ECOS solver failed:  The solver ECOS is not installed. 
Using SCS instead.
ECOS solver failed:  The solver ECOS is not installed. 
Using SCS instead.
ECOS solver failed:  The solver ECOS is not installed. 
Using SCS instead.
ECOS solver failed:  The solver ECOS is not installed. 
Using SCS instead.
ECOS solver failed:  The solver ECOS is not installed. 
Using SCS instead.
ECOS solver failed:  The solver ECOS is not installed. 
Using SCS instead.
ECOS solver failed:  The solver ECOS is not installed. 
Using SCS instead.
ECOS solver failed:  The solver ECOS is not installed. 
Using SCS instead.
ECOS solver failed:  The solver ECOS is not installed. 
Using SCS instead.
ECOS solver failed:  The solver ECOS is not installed. 
Using SCS instead.
ECOS solver failed:  The solver ECOS is not installed. 
Using SCS instead.
ECOS solver failed:  The solver ECOS is not installed. 
Using SCS instead.
ECOS solver failed:  The solver ECOS is not installed. 
Using SCS instead.
ECOS solver failed:  The solver ECOS is not installed. 
Using SCS instead.
ECOS solver failed:  The solver ECOS is not installed. 
Using SCS instead.
ECOS solver failed:  The solver ECOS is not installed. 
Using SCS instead.
ECOS solver failed:  The solver ECOS is not installed. 
Using SCS instead.
ECOS solver failed:  The solver ECOS is not installed. 
Using SCS instead.
M-step Design Matrix Calculation time (sec): 0.0430
ECOS solver failed in IPCW_HAL_init, falling back to SCS: The solver ECOS is not installed.
M-step CVXPY optimize time (sec): 0.5290
ECOS solver failed:  The solver ECOS is not installed. 
Using SCS instead.
ECOS solver failed:  The solver ECOS is not installed. 
Using SCS instead.
ECOS solver failed:  The solver ECOS is not installed. 
Using SCS instead.
ECOS solver failed:  The solver ECOS is not installed. 
Using SCS instead.
ECOS solver failed:  The solver ECOS is not installed. 
Using SCS instead.
ECOS solver failed:  The solver ECOS is not installed. 
Using SCS instead.
ECOS solver failed:  The solver ECOS is not installed. 
Using SCS instead.
ECOS solver failed:  The solver ECOS is not installed. 
Using SCS instead.
ECOS solver failed:  The solver ECOS is not installed. 
Using SCS instead.
ECOS solver failed:  The solver ECOS is not installed. 
Using SCS instead.
ECOS solver failed:  The solver ECOS is not installed. 
Using SCS instead.
ECOS solver failed:  The solver ECOS is not installed. 
Using SCS instead.
ECOS solver failed:  The solver ECOS is not installed. 
Using SCS instead.
ECOS solver failed:  The solver ECOS is not installed. 
Using SCS instead.
ECOS solver failed:  The solver ECOS is not installed. 
Using SCS instead.
ECOS solver failed:  The solver ECOS is not installed. 
Using SCS instead.
ECOS solver failed:  The solver ECOS is not installed. 
Using SCS instead.
ECOS solver failed:  The solver ECOS is not installed. 
Using SCS instead.
ECOS solver failed:  The solver ECOS is not installed. 
Using SCS instead.
ECOS solver failed:  The solver ECOS is not installed. 
Using SCS instead.
ECOS solver failed:  The solver ECOS is not installed. 
Using SCS instead.
M-step Design Matrix Calculation time (sec): 0.0594
ECOS solver failed in IPCW_HAL_init, falling back to SCS: The solver ECOS is not installed.
M-step CVXPY optimize time (sec): 1.8435
ECOS solver failed:  The solver ECOS is not installed. 
Using SCS instead.
ECOS solver failed:  The solver ECOS is not installed. 
Using SCS instead.
ECOS solver failed:  The solver ECOS is not installed. 
Using SCS instead.
ECOS solver failed:  The solver ECOS is not installed. 
Using SCS instead.
ECOS solver failed:  The solver ECOS is not installed. 
Using SCS instead.
ECOS solver failed:  The solver ECOS is not installed. 
Using SCS instead.
ECOS solver failed:  The solver ECOS is not installed. 
Using SCS instead.
ECOS solver failed:  The solver ECOS is not installed. 
Using SCS instead.
ECOS solver failed:  The solver ECOS is not installed. 
Using SCS instead.
ECOS solver failed:  The solver ECOS is not installed. 
Using SCS instead.
ECOS solver failed:  The solver ECOS is not installed. 
Using SCS instead.
ECOS solver failed:  The solver ECOS is not installed. 
Using SCS instead.
ECOS solver failed:  The solver ECOS is not installed. 
Using SCS instead.
ECOS solver failed:  The solver ECOS is not installed. 
Using SCS instead.
ECOS solver failed:  The solver ECOS is not installed. 
Using SCS instead.
ECOS solver failed:  The solver ECOS is not installed. 
Using SCS instead.
ECOS solver failed:  The solver ECOS is not installed. 
Using SCS instead.
ECOS solver failed:  The solver ECOS is not installed. 
Using SCS instead.
ECOS solver failed:  The solver ECOS is not installed. 
Using SCS instead.
ECOS solver failed:  The solver ECOS is not installed. 
Using SCS instead.
ECOS solver failed:  The solver ECOS is not installed. 
Using SCS instead.
M-step Design Matrix Calculation time (sec): 0.0203
ECOS solver failed in IPCW_HAL_init, falling back to SCS: The solver ECOS is not installed.
M-step CVXPY optimize time (sec): 0.7947
ECOS solver failed:  The solver ECOS is not installed. 
Using SCS instead.
ECOS solver failed:  The solver ECOS is not installed. 
Using SCS instead.
ECOS solver failed:  The solver ECOS is not installed. 
Using SCS instead.
ECOS solver failed:  The solver ECOS is not installed. 
Using SCS instead.
ECOS solver failed:  The solver ECOS is not installed. 
Using SCS instead.
ECOS solver failed:  The solver ECOS is not installed. 
Using SCS instead.
ECOS solver failed:  The solver ECOS is not installed. 
Using SCS instead.
ECOS solver failed:  The solver ECOS is not installed. 
Using SCS instead.
ECOS solver failed:  The solver ECOS is not installed. 
Using SCS instead.
ECOS solver failed:  The solver ECOS is not installed. 
Using SCS instead.
ECOS solver failed:  The solver ECOS is not installed. 
Using SCS instead.
ECOS solver failed:  The solver ECOS is not installed. 
Using SCS instead.
ECOS solver failed:  The solver ECOS is not installed. 
Using SCS instead.
ECOS solver failed:  The solver ECOS is not installed. 
Using SCS instead.
ECOS solver failed:  The solver ECOS is not installed. 
Using SCS instead.
ECOS solver failed:  The solver ECOS is not installed. 
Using SCS instead.
ECOS solver failed:  The solver ECOS is not installed. 
Using SCS instead.
ECOS solver failed:  The solver ECOS is not installed. 
Using SCS instead.
ECOS solver failed:  The solver ECOS is not installed. 
Using SCS instead.
ECOS solver failed:  The solver ECOS is not installed. 
Using SCS instead.
ECOS solver failed:  The solver ECOS is not installed. 
Using SCS instead.
M-step Design Matrix Calculation time (sec): 0.0197
ECOS solver failed in IPCW_HAL_init, falling back to SCS: The solver ECOS is not installed.
WARNING - large complementary slackness residual: 0.016374
M-step CVXPY optimize time (sec): 2.2445
ECOS solver failed:  The solver ECOS is not installed. 
Using SCS instead.
ECOS solver failed:  The solver ECOS is not installed. 
Using SCS instead.
ECOS solver failed:  The solver ECOS is not installed. 
Using SCS instead.
ECOS solver failed:  The solver ECOS is not installed. 
Using SCS instead.
ECOS solver failed:  The solver ECOS is not installed. 
Using SCS instead.
ECOS solver failed:  The solver ECOS is not installed. 
Using SCS instead.
ECOS solver failed:  The solver ECOS is not installed. 
Using SCS instead.
ECOS solver failed:  The solver ECOS is not installed. 
Using SCS instead.
ECOS solver failed:  The solver ECOS is not installed. 
Using SCS instead.
ECOS solver failed:  The solver ECOS is not installed. 
Using SCS instead.
ECOS solver failed:  The solver ECOS is not installed. 
Using SCS instead.
ECOS solver failed:  The solver ECOS is not installed. 
Using SCS instead.
ECOS solver failed:  The solver ECOS is not installed. 
Using SCS instead.
ECOS solver failed:  The solver ECOS is not installed. 
Using SCS instead.
ECOS solver failed:  The solver ECOS is not installed. 
Using SCS instead.
ECOS solver failed:  The solver ECOS is not installed. 
Using SCS instead.
ECOS solver failed:  The solver ECOS is not installed. 
Using SCS instead.
ECOS solver failed:  The solver ECOS is not installed. 
Using SCS instead.
ECOS solver failed:  The solver ECOS is not installed. 
Using SCS instead.
ECOS solver failed:  The solver ECOS is not installed. 
Using SCS instead.
ECOS solver failed:  The solver ECOS is not installed. 
Using SCS instead.
M-step Design Matrix Calculation time (sec): 0.1769
ECOS solver failed in IPCW_HAL_init, falling back to SCS: The solver ECOS is not installed.
M-step CVXPY optimize time (sec): 1.6621
ECOS solver failed:  The solver ECOS is not installed. 
Using SCS instead.
ECOS solver failed:  The solver ECOS is not installed. 
Using SCS instead.
ECOS solver failed:  The solver ECOS is not installed. 
Using SCS instead.
ECOS solver failed:  The solver ECOS is not installed. 
Using SCS instead.
ECOS solver failed:  The solver ECOS is not installed. 
Using SCS instead.
ECOS solver failed:  The solver ECOS is not installed. 
Using SCS instead.
ECOS solver failed:  The solver ECOS is not installed. 
Using SCS instead.
ECOS solver failed:  The solver ECOS is not installed. 
Using SCS instead.
ECOS solver failed:  The solver ECOS is not installed. 
Using SCS instead.
ECOS solver failed:  The solver ECOS is not installed. 
Using SCS instead.
ECOS solver failed:  The solver ECOS is not installed. 
Using SCS instead.
ECOS solver failed:  The solver ECOS is not installed. 
Using SCS instead.
ECOS solver failed:  The solver ECOS is not installed. 
Using SCS instead.
ECOS solver failed:  The solver ECOS is not installed. 
Using SCS instead.
ECOS solver failed:  The solver ECOS is not installed. 
Using SCS instead.
ECOS solver failed:  The solver ECOS is not installed. 
Using SCS instead.
ECOS solver failed:  The solver ECOS is not installed. 
Using SCS instead.
ECOS solver failed:  The solver ECOS is not installed. 
Using SCS instead.
ECOS solver failed:  The solver ECOS is not installed. 
Using SCS instead.
ECOS solver failed:  The solver ECOS is not installed. 
Using SCS instead.
ECOS solver failed:  The solver ECOS is not installed. 
Using SCS instead.
M-step Design Matrix Calculation time (sec): 0.2842
ECOS solver failed in IPCW_HAL_init, falling back to SCS: The solver ECOS is not installed.
WARNING - large complementary slackness residual: 0.026448
M-step CVXPY optimize time (sec): 3.4510
ECOS solver failed:  The solver ECOS is not installed. 
Using SCS instead.
ECOS solver failed:  The solver ECOS is not installed. 
Using SCS instead.
ECOS solver failed:  The solver ECOS is not installed. 
Using SCS instead.
ECOS solver failed:  The solver ECOS is not installed. 
Using SCS instead.
ECOS solver failed:  The solver ECOS is not installed. 
Using SCS instead.
ECOS solver failed:  The solver ECOS is not installed. 
Using SCS instead.
ECOS solver failed:  The solver ECOS is not installed. 
Using SCS instead.
ECOS solver failed:  The solver ECOS is not installed. 
Using SCS instead.
ECOS solver failed:  The solver ECOS is not installed. 
Using SCS instead.
ECOS solver failed:  The solver ECOS is not installed. 
Using SCS instead.
ECOS solver failed:  The solver ECOS is not installed. 
Using SCS instead.
ECOS solver failed:  The solver ECOS is not installed. 
Using SCS instead.
ECOS solver failed:  The solver ECOS is not installed. 
Using SCS instead.
ECOS solver failed:  The solver ECOS is not installed. 
Using SCS instead.
ECOS solver failed:  The solver ECOS is not installed. 
Using SCS instead.
ECOS solver failed:  The solver ECOS is not installed. 
Using SCS instead.
ECOS solver failed:  The solver ECOS is not installed. 
Using SCS instead.
ECOS solver failed:  The solver ECOS is not installed. 
Using SCS instead.
ECOS solver failed:  The solver ECOS is not installed. 
Using SCS instead.
ECOS solver failed:  The solver ECOS is not installed. 
Using SCS instead.
ECOS solver failed:  The solver ECOS is not installed. 
Using SCS instead.
M-step Design Matrix Calculation time (sec): 0.0927
ECOS solver failed in IPCW_HAL_init, falling back to SCS: The solver ECOS is not installed.
M-step CVXPY optimize time (sec): 2.0752
ECOS solver failed:  The solver ECOS is not installed. 
Using SCS instead.
ECOS solver failed:  The solver ECOS is not installed. 
Using SCS instead.
ECOS solver failed:  The solver ECOS is not installed. 
Using SCS instead.
ECOS solver failed:  The solver ECOS is not installed. 
Using SCS instead.
ECOS solver failed:  The solver ECOS is not installed. 
Using SCS instead.
ECOS solver failed:  The solver ECOS is not installed. 
Using SCS instead.
ECOS solver failed:  The solver ECOS is not installed. 
Using SCS instead.
ECOS solver failed:  The solver ECOS is not installed. 
Using SCS instead.
ECOS solver failed:  The solver ECOS is not installed. 
Using SCS instead.
ECOS solver failed:  The solver ECOS is not installed. 
Using SCS instead.
ECOS solver failed:  The solver ECOS is not installed. 
Using SCS instead.
ECOS solver failed:  The solver ECOS is not installed. 
Using SCS instead.
ECOS solver failed:  The solver ECOS is not installed. 
Using SCS instead.
ECOS solver failed:  The solver ECOS is not installed. 
Using SCS instead.
ECOS solver failed:  The solver ECOS is not installed. 
Using SCS instead.
ECOS solver failed:  The solver ECOS is not installed. 
Using SCS instead.
ECOS solver failed:  The solver ECOS is not installed. 
Using SCS instead.
ECOS solver failed:  The solver ECOS is not installed. 
Using SCS instead.
ECOS solver failed:  The solver ECOS is not installed. 
Using SCS instead.
ECOS solver failed:  The solver ECOS is not installed. 
Using SCS instead.
ECOS solver failed:  The solver ECOS is not installed. 
Using SCS instead.
M-step Design Matrix Calculation time (sec): 0.0180
ECOS solver failed in IPCW_HAL_init, falling back to SCS: The solver ECOS is not installed.
M-step CVXPY optimize time (sec): 1.5309
ECOS solver failed:  The solver ECOS is not installed. 
Using SCS instead.
ECOS solver failed:  The solver ECOS is not installed. 
Using SCS instead.
ECOS solver failed:  The solver ECOS is not installed. 
Using SCS instead.
ECOS solver failed:  The solver ECOS is not installed. 
Using SCS instead.
ECOS solver failed:  The solver ECOS is not installed. 
Using SCS instead.
ECOS solver failed:  The solver ECOS is not installed. 
Using SCS instead.
ECOS solver failed:  The solver ECOS is not installed. 
Using SCS instead.
ECOS solver failed:  The solver ECOS is not installed. 
Using SCS instead.
ECOS solver failed:  The solver ECOS is not installed. 
Using SCS instead.
ECOS solver failed:  The solver ECOS is not installed. 
Using SCS instead.
ECOS solver failed:  The solver ECOS is not installed. 
Using SCS instead.
ECOS solver failed:  The solver ECOS is not installed. 
Using SCS instead.
ECOS solver failed:  The solver ECOS is not installed. 
Using SCS instead.
ECOS solver failed:  The solver ECOS is not installed. 
Using SCS instead.
ECOS solver failed:  The solver ECOS is not installed. 
Using SCS instead.
ECOS solver failed:  The solver ECOS is not installed. 
Using SCS instead.
ECOS solver failed:  The solver ECOS is not installed. 
Using SCS instead.
ECOS solver failed:  The solver ECOS is not installed. 
Using SCS instead.
ECOS solver failed:  The solver ECOS is not installed. 
Using SCS instead.
ECOS solver failed:  The solver ECOS is not installed. 
Using SCS instead.
ECOS solver failed:  The solver ECOS is not installed. 
Using SCS instead.
M-step Design Matrix Calculation time (sec): 0.0579
ECOS solver failed in IPCW_HAL_init, falling back to SCS: The solver ECOS is not installed.
M-step CVXPY optimize time (sec): 1.3632
ECOS solver failed:  The solver ECOS is not installed. 
Using SCS instead.
ECOS solver failed:  The solver ECOS is not installed. 
Using SCS instead.
ECOS solver failed:  The solver ECOS is not installed. 
Using SCS instead.
ECOS solver failed:  The solver ECOS is not installed. 
Using SCS instead.
ECOS solver failed:  The solver ECOS is not installed. 
Using SCS instead.
ECOS solver failed:  The solver ECOS is not installed. 
Using SCS instead.
ECOS solver failed:  The solver ECOS is not installed. 
Using SCS instead.
ECOS solver failed:  The solver ECOS is not installed. 
Using SCS instead.
ECOS solver failed:  The solver ECOS is not installed. 
Using SCS instead.
ECOS solver failed:  The solver ECOS is not installed. 
Using SCS instead.
ECOS solver failed:  The solver ECOS is not installed. 
Using SCS instead.
ECOS solver failed:  The solver ECOS is not installed. 
Using SCS instead.
ECOS solver failed:  The solver ECOS is not installed. 
Using SCS instead.
ECOS solver failed:  The solver ECOS is not installed. 
Using SCS instead.
ECOS solver failed:  The solver ECOS is not installed. 
Using SCS instead.
ECOS solver failed:  The solver ECOS is not installed. 
Using SCS instead.
ECOS solver failed:  The solver ECOS is not installed. 
Using SCS instead.
ECOS solver failed:  The solver ECOS is not installed. 
Using SCS instead.
ECOS solver failed:  The solver ECOS is not installed. 
Using SCS instead.
ECOS solver failed:  The solver ECOS is not installed. 
Using SCS instead.
ECOS solver failed:  The solver ECOS is not installed. 
Using SCS instead.
M-step Design Matrix Calculation time (sec): 0.0210
ECOS solver failed in IPCW_HAL_init, falling back to SCS: The solver ECOS is not installed.
M-step CVXPY optimize time (sec): 1.3781
ECOS solver failed:  The solver ECOS is not installed. 
Using SCS instead.
ECOS solver failed:  The solver ECOS is not installed. 
Using SCS instead.
ECOS solver failed:  The solver ECOS is not installed. 
Using SCS instead.
ECOS solver failed:  The solver ECOS is not installed. 
Using SCS instead.
ECOS solver failed:  The solver ECOS is not installed. 
Using SCS instead.
ECOS solver failed:  The solver ECOS is not installed. 
Using SCS instead.
ECOS solver failed:  The solver ECOS is not installed. 
Using SCS instead.
ECOS solver failed:  The solver ECOS is not installed. 
Using SCS instead.
ECOS solver failed:  The solver ECOS is not installed. 
Using SCS instead.
ECOS solver failed:  The solver ECOS is not installed. 
Using SCS instead.
ECOS solver failed:  The solver ECOS is not installed. 
Using SCS instead.
ECOS solver failed:  The solver ECOS is not installed. 
Using SCS instead.
ECOS solver failed:  The solver ECOS is not installed. 
Using SCS instead.
ECOS solver failed:  The solver ECOS is not installed. 
Using SCS instead.
ECOS solver failed:  The solver ECOS is not installed. 
Using SCS instead.
ECOS solver failed:  The solver ECOS is not installed. 
Using SCS instead.
ECOS solver failed:  The solver ECOS is not installed. 
Using SCS instead.
ECOS solver failed:  The solver ECOS is not installed. 
Using SCS instead.
ECOS solver failed:  The solver ECOS is not installed. 
Using SCS instead.
ECOS solver failed:  The solver ECOS is not installed. 
Using SCS instead.
ECOS solver failed:  The solver ECOS is not installed. 
Using SCS instead.
M-step Design Matrix Calculation time (sec): 0.0183
ECOS solver failed in IPCW_HAL_init, falling back to SCS: The solver ECOS is not installed.
WARNING - large complementary slackness residual: 0.010820
M-step CVXPY optimize time (sec): 1.7644
ECOS solver failed:  The solver ECOS is not installed. 
Using SCS instead.
ECOS solver failed:  The solver ECOS is not installed. 
Using SCS instead.
ECOS solver failed:  The solver ECOS is not installed. 
Using SCS instead.
ECOS solver failed:  The solver ECOS is not installed. 
Using SCS instead.
ECOS solver failed:  The solver ECOS is not installed. 
Using SCS instead.
ECOS solver failed:  The solver ECOS is not installed. 
Using SCS instead.
ECOS solver failed:  The solver ECOS is not installed. 
Using SCS instead.
ECOS solver failed:  The solver ECOS is not installed. 
Using SCS instead.
ECOS solver failed:  The solver ECOS is not installed. 
Using SCS instead.
ECOS solver failed:  The solver ECOS is not installed. 
Using SCS instead.
ECOS solver failed:  The solver ECOS is not installed. 
Using SCS instead.
ECOS solver failed:  The solver ECOS is not installed. 
Using SCS instead.
ECOS solver failed:  The solver ECOS is not installed. 
Using SCS instead.
ECOS solver failed:  The solver ECOS is not installed. 
Using SCS instead.
ECOS solver failed:  The solver ECOS is not installed. 
Using SCS instead.
ECOS solver failed:  The solver ECOS is not installed. 
Using SCS instead.
ECOS solver failed:  The solver ECOS is not installed. 
Using SCS instead.
ECOS solver failed:  The solver ECOS is not installed. 
Using SCS instead.
ECOS solver failed:  The solver ECOS is not installed. 
Using SCS instead.
ECOS solver failed:  The solver ECOS is not installed. 
Using SCS instead.
ECOS solver failed:  The solver ECOS is not installed. 
Using SCS instead.
M-step Design Matrix Calculation time (sec): 0.0192
ECOS solver failed in IPCW_HAL_init, falling back to SCS: The solver ECOS is not installed.
WARNING - large complementary slackness residual: 0.007208
M-step CVXPY optimize time (sec): 1.8265
ECOS solver failed:  The solver ECOS is not installed. 
Using SCS instead.
ECOS solver failed:  The solver ECOS is not installed. 
Using SCS instead.
ECOS solver failed:  The solver ECOS is not installed. 
Using SCS instead.
ECOS solver failed:  The solver ECOS is not installed. 
Using SCS instead.
ECOS solver failed:  The solver ECOS is not installed. 
Using SCS instead.
ECOS solver failed:  The solver ECOS is not installed. 
Using SCS instead.
ECOS solver failed:  The solver ECOS is not installed. 
Using SCS instead.
ECOS solver failed:  The solver ECOS is not installed. 
Using SCS instead.
ECOS solver failed:  The solver ECOS is not installed. 
Using SCS instead.
ECOS solver failed:  The solver ECOS is not installed. 
Using SCS instead.
ECOS solver failed:  The solver ECOS is not installed. 
Using SCS instead.
ECOS solver failed:  The solver ECOS is not installed. 
Using SCS instead.
ECOS solver failed:  The solver ECOS is not installed. 
Using SCS instead.
ECOS solver failed:  The solver ECOS is not installed. 
Using SCS instead.
ECOS solver failed:  The solver ECOS is not installed. 
Using SCS instead.
ECOS solver failed:  The solver ECOS is not installed. 
Using SCS instead.
ECOS solver failed:  The solver ECOS is not installed. 
Using SCS instead.
ECOS solver failed:  The solver ECOS is not installed. 
Using SCS instead.
ECOS solver failed:  The solver ECOS is not installed. 
Using SCS instead.
ECOS solver failed:  The solver ECOS is not installed. 
Using SCS instead.
ECOS solver failed:  The solver ECOS is not installed. 
Using SCS instead.
M-step Design Matrix Calculation time (sec): 0.1383
ECOS solver failed in IPCW_HAL_init, falling back to SCS: The solver ECOS is not installed.
M-step CVXPY optimize time (sec): 0.8613
ECOS solver failed:  The solver ECOS is not installed. 
Using SCS instead.
ECOS solver failed:  The solver ECOS is not installed. 
Using SCS instead.
ECOS solver failed:  The solver ECOS is not installed. 
Using SCS instead.
ECOS solver failed:  The solver ECOS is not installed. 
Using SCS instead.
ECOS solver failed:  The solver ECOS is not installed. 
Using SCS instead.
ECOS solver failed:  The solver ECOS is not installed. 
Using SCS instead.
ECOS solver failed:  The solver ECOS is not installed. 
Using SCS instead.
ECOS solver failed:  The solver ECOS is not installed. 
Using SCS instead.
ECOS solver failed:  The solver ECOS is not installed. 
Using SCS instead.
ECOS solver failed:  The solver ECOS is not installed. 
Using SCS instead.
ECOS solver failed:  The solver ECOS is not installed. 
Using SCS instead.
ECOS solver failed:  The solver ECOS is not installed. 
Using SCS instead.
ECOS solver failed:  The solver ECOS is not installed. 
Using SCS instead.
ECOS solver failed:  The solver ECOS is not installed. 
Using SCS instead.
ECOS solver failed:  The solver ECOS is not installed. 
Using SCS instead.
ECOS solver failed:  The solver ECOS is not installed. 
Using SCS instead.
ECOS solver failed:  The solver ECOS is not installed. 
Using SCS instead.
ECOS solver failed:  The solver ECOS is not installed. 
Using SCS instead.
ECOS solver failed:  The solver ECOS is not installed. 
Using SCS instead.
ECOS solver failed:  The solver ECOS is not installed. 
Using SCS instead.
ECOS solver failed:  The solver ECOS is not installed. 
Using SCS instead.
M-step Design Matrix Calculation time (sec): 0.0201
ECOS solver failed in IPCW_HAL_init, falling back to SCS: The solver ECOS is not installed.
WARNING - large complementary slackness residual: 0.025976
M-step CVXPY optimize time (sec): 1.9761
ECOS solver failed:  The solver ECOS is not installed. 
Using SCS instead.
ECOS solver failed:  The solver ECOS is not installed. 
Using SCS instead.
ECOS solver failed:  The solver ECOS is not installed. 
Using SCS instead.
ECOS solver failed:  The solver ECOS is not installed. 
Using SCS instead.
ECOS solver failed:  The solver ECOS is not installed. 
Using SCS instead.
ECOS solver failed:  The solver ECOS is not installed. 
Using SCS instead.
ECOS solver failed:  The solver ECOS is not installed. 
Using SCS instead.
ECOS solver failed:  The solver ECOS is not installed. 
Using SCS instead.
ECOS solver failed:  The solver ECOS is not installed. 
Using SCS instead.
ECOS solver failed:  The solver ECOS is not installed. 
Using SCS instead.
ECOS solver failed:  The solver ECOS is not installed. 
Using SCS instead.
ECOS solver failed:  The solver ECOS is not installed. 
Using SCS instead.
ECOS solver failed:  The solver ECOS is not installed. 
Using SCS instead.
ECOS solver failed:  The solver ECOS is not installed. 
Using SCS instead.
ECOS solver failed:  The solver ECOS is not installed. 
Using SCS instead.
ECOS solver failed:  The solver ECOS is not installed. 
Using SCS instead.
ECOS solver failed:  The solver ECOS is not installed. 
Using SCS instead.
ECOS solver failed:  The solver ECOS is not installed. 
Using SCS instead.
ECOS solver failed:  The solver ECOS is not installed. 
Using SCS instead.
ECOS solver failed:  The solver ECOS is not installed. 
Using SCS instead.
ECOS solver failed:  The solver ECOS is not installed. 
Using SCS instead.
M-step Design Matrix Calculation time (sec): 0.1540
ECOS solver failed in IPCW_HAL_init, falling back to SCS: The solver ECOS is not installed.
M-step CVXPY optimize time (sec): 0.8931
ECOS solver failed:  The solver ECOS is not installed. 
Using SCS instead.
ECOS solver failed:  The solver ECOS is not installed. 
Using SCS instead.
ECOS solver failed:  The solver ECOS is not installed. 
Using SCS instead.
ECOS solver failed:  The solver ECOS is not installed. 
Using SCS instead.
ECOS solver failed:  The solver ECOS is not installed. 
Using SCS instead.
ECOS solver failed:  The solver ECOS is not installed. 
Using SCS instead.
ECOS solver failed:  The solver ECOS is not installed. 
Using SCS instead.
ECOS solver failed:  The solver ECOS is not installed. 
Using SCS instead.
ECOS solver failed:  The solver ECOS is not installed. 
Using SCS instead.
ECOS solver failed:  The solver ECOS is not installed. 
Using SCS instead.
ECOS solver failed:  The solver ECOS is not installed. 
Using SCS instead.
ECOS solver failed:  The solver ECOS is not installed. 
Using SCS instead.
ECOS solver failed:  The solver ECOS is not installed. 
Using SCS instead.
ECOS solver failed:  The solver ECOS is not installed. 
Using SCS instead.
ECOS solver failed:  The solver ECOS is not installed. 
Using SCS instead.
ECOS solver failed:  The solver ECOS is not installed. 
Using SCS instead.
ECOS solver failed:  The solver ECOS is not installed. 
Using SCS instead.
ECOS solver failed:  The solver ECOS is not installed. 
Using SCS instead.
ECOS solver failed:  The solver ECOS is not installed. 
Using SCS instead.
ECOS solver failed:  The solver ECOS is not installed. 
Using SCS instead.
ECOS solver failed:  The solver ECOS is not installed. 
Using SCS instead.
M-step Design Matrix Calculation time (sec): 0.0244
ECOS solver failed in IPCW_HAL_init, falling back to SCS: The solver ECOS is not installed.
M-step CVXPY optimize time (sec): 1.0833
ECOS solver failed:  The solver ECOS is not installed. 
Using SCS instead.
ECOS solver failed:  The solver ECOS is not installed. 
Using SCS instead.
ECOS solver failed:  The solver ECOS is not installed. 
Using SCS instead.
ECOS solver failed:  The solver ECOS is not installed. 
Using SCS instead.
ECOS solver failed:  The solver ECOS is not installed. 
Using SCS instead.
ECOS solver failed:  The solver ECOS is not installed. 
Using SCS instead.
ECOS solver failed:  The solver ECOS is not installed. 
Using SCS instead.
ECOS solver failed:  The solver ECOS is not installed. 
Using SCS instead.
ECOS solver failed:  The solver ECOS is not installed. 
Using SCS instead.
ECOS solver failed:  The solver ECOS is not installed. 
Using SCS instead.
ECOS solver failed:  The solver ECOS is not installed. 
Using SCS instead.
ECOS solver failed:  The solver ECOS is not installed. 
Using SCS instead.
ECOS solver failed:  The solver ECOS is not installed. 
Using SCS instead.
ECOS solver failed:  The solver ECOS is not installed. 
Using SCS instead.
ECOS solver failed:  The solver ECOS is not installed. 
Using SCS instead.
ECOS solver failed:  The solver ECOS is not installed. 
Using SCS instead.
ECOS solver failed:  The solver ECOS is not installed. 
Using SCS instead.
ECOS solver failed:  The solver ECOS is not installed. 
Using SCS instead.
ECOS solver failed:  The solver ECOS is not installed. 
Using SCS instead.
ECOS solver failed:  The solver ECOS is not installed. 
Using SCS instead.
ECOS solver failed:  The solver ECOS is not installed. 
Using SCS instead.
M-step Design Matrix Calculation time (sec): 0.0258
ECOS solver failed in IPCW_HAL_init, falling back to SCS: The solver ECOS is not installed.
M-step CVXPY optimize time (sec): 1.7321
ECOS solver failed:  The solver ECOS is not installed. 
Using SCS instead.
ECOS solver failed:  The solver ECOS is not installed. 
Using SCS instead.
ECOS solver failed:  The solver ECOS is not installed. 
Using SCS instead.
ECOS solver failed:  The solver ECOS is not installed. 
Using SCS instead.
ECOS solver failed:  The solver ECOS is not installed. 
Using SCS instead.
ECOS solver failed:  The solver ECOS is not installed. 
Using SCS instead.
ECOS solver failed:  The solver ECOS is not installed. 
Using SCS instead.
ECOS solver failed:  The solver ECOS is not installed. 
Using SCS instead.
ECOS solver failed:  The solver ECOS is not installed. 
Using SCS instead.
ECOS solver failed:  The solver ECOS is not installed. 
Using SCS instead.
ECOS solver failed:  The solver ECOS is not installed. 
Using SCS instead.
ECOS solver failed:  The solver ECOS is not installed. 
Using SCS instead.
ECOS solver failed:  The solver ECOS is not installed. 
Using SCS instead.
ECOS solver failed:  The solver ECOS is not installed. 
Using SCS instead.
ECOS solver failed:  The solver ECOS is not installed. 
Using SCS instead.
ECOS solver failed:  The solver ECOS is not installed. 
Using SCS instead.
ECOS solver failed:  The solver ECOS is not installed. 
Using SCS instead.
ECOS solver failed:  The solver ECOS is not installed. 
Using SCS instead.
ECOS solver failed:  The solver ECOS is not installed. 
Using SCS instead.
ECOS solver failed:  The solver ECOS is not installed. 
Using SCS instead.
ECOS solver failed:  The solver ECOS is not installed. 
Using SCS instead.
M-step Design Matrix Calculation time (sec): 0.0236
ECOS solver failed in IPCW_HAL_init, falling back to SCS: The solver ECOS is not installed.
M-step CVXPY optimize time (sec): 0.9272
ECOS solver failed:  The solver ECOS is not installed. 
Using SCS instead.
ECOS solver failed:  The solver ECOS is not installed. 
Using SCS instead.
ECOS solver failed:  The solver ECOS is not installed. 
Using SCS instead.
ECOS solver failed:  The solver ECOS is not installed. 
Using SCS instead.
ECOS solver failed:  The solver ECOS is not installed. 
Using SCS instead.
ECOS solver failed:  The solver ECOS is not installed. 
Using SCS instead.
ECOS solver failed:  The solver ECOS is not installed. 
Using SCS instead.
ECOS solver failed:  The solver ECOS is not installed. 
Using SCS instead.
ECOS solver failed:  The solver ECOS is not installed. 
Using SCS instead.
ECOS solver failed:  The solver ECOS is not installed. 
Using SCS instead.
ECOS solver failed:  The solver ECOS is not installed. 
Using SCS instead.
ECOS solver failed:  The solver ECOS is not installed. 
Using SCS instead.
ECOS solver failed:  The solver ECOS is not installed. 
Using SCS instead.
ECOS solver failed:  The solver ECOS is not installed. 
Using SCS instead.
ECOS solver failed:  The solver ECOS is not installed. 
Using SCS instead.
ECOS solver failed:  The solver ECOS is not installed. 
Using SCS instead.
ECOS solver failed:  The solver ECOS is not installed. 
Using SCS instead.
ECOS solver failed:  The solver ECOS is not installed. 
Using SCS instead.
ECOS solver failed:  The solver ECOS is not installed. 
Using SCS instead.
ECOS solver failed:  The solver ECOS is not installed. 
Using SCS instead.
ECOS solver failed:  The solver ECOS is not installed. 
Using SCS instead.
M-step Design Matrix Calculation time (sec): 0.3832
ECOS solver failed in IPCW_HAL_init, falling back to SCS: The solver ECOS is not installed.
WARNING - large complementary slackness residual: 0.026368
M-step CVXPY optimize time (sec): 2.2663
ECOS solver failed:  The solver ECOS is not installed. 
Using SCS instead.
ECOS solver failed:  The solver ECOS is not installed. 
Using SCS instead.
ECOS solver failed:  The solver ECOS is not installed. 
Using SCS instead.
ECOS solver failed:  The solver ECOS is not installed. 
Using SCS instead.
ECOS solver failed:  The solver ECOS is not installed. 
Using SCS instead.
ECOS solver failed:  The solver ECOS is not installed. 
Using SCS instead.
ECOS solver failed:  The solver ECOS is not installed. 
Using SCS instead.
ECOS solver failed:  The solver ECOS is not installed. 
Using SCS instead.
ECOS solver failed:  The solver ECOS is not installed. 
Using SCS instead.
ECOS solver failed:  The solver ECOS is not installed. 
Using SCS instead.
ECOS solver failed:  The solver ECOS is not installed. 
Using SCS instead.
ECOS solver failed:  The solver ECOS is not installed. 
Using SCS instead.
ECOS solver failed:  The solver ECOS is not installed. 
Using SCS instead.
ECOS solver failed:  The solver ECOS is not installed. 
Using SCS instead.
ECOS solver failed:  The solver ECOS is not installed. 
Using SCS instead.
ECOS solver failed:  The solver ECOS is not installed. 
Using SCS instead.
ECOS solver failed:  The solver ECOS is not installed. 
Using SCS instead.
ECOS solver failed:  The solver ECOS is not installed. 
Using SCS instead.
ECOS solver failed:  The solver ECOS is not installed. 
Using SCS instead.
ECOS solver failed:  The solver ECOS is not installed. 
Using SCS instead.
ECOS solver failed:  The solver ECOS is not installed. 
Using SCS instead.
M-step Design Matrix Calculation time (sec): 0.0626
ECOS solver failed in IPCW_HAL_init, falling back to SCS: The solver ECOS is not installed.
WARNING - large complementary slackness residual: 0.042716
M-step CVXPY optimize time (sec): 1.1131
ECOS solver failed:  The solver ECOS is not installed. 
Using SCS instead.
ECOS solver failed:  The solver ECOS is not installed. 
Using SCS instead.
ECOS solver failed:  The solver ECOS is not installed. 
Using SCS instead.
ECOS solver failed:  The solver ECOS is not installed. 
Using SCS instead.
ECOS solver failed:  The solver ECOS is not installed. 
Using SCS instead.
ECOS solver failed:  The solver ECOS is not installed. 
Using SCS instead.
ECOS solver failed:  The solver ECOS is not installed. 
Using SCS instead.
ECOS solver failed:  The solver ECOS is not installed. 
Using SCS instead.
ECOS solver failed:  The solver ECOS is not installed. 
Using SCS instead.
ECOS solver failed:  The solver ECOS is not installed. 
Using SCS instead.
ECOS solver failed:  The solver ECOS is not installed. 
Using SCS instead.
ECOS solver failed:  The solver ECOS is not installed. 
Using SCS instead.
ECOS solver failed:  The solver ECOS is not installed. 
Using SCS instead.
ECOS solver failed:  The solver ECOS is not installed. 
Using SCS instead.
ECOS solver failed:  The solver ECOS is not installed. 
Using SCS instead.
ECOS solver failed:  The solver ECOS is not installed. 
Using SCS instead.
ECOS solver failed:  The solver ECOS is not installed. 
Using SCS instead.
ECOS solver failed:  The solver ECOS is not installed. 
Using SCS instead.
ECOS solver failed:  The solver ECOS is not installed. 
Using SCS instead.
ECOS solver failed:  The solver ECOS is not installed. 
Using SCS instead.
ECOS solver failed:  The solver ECOS is not installed. 
Using SCS instead.
M-step Design Matrix Calculation time (sec): 0.0312
ECOS solver failed in IPCW_HAL_init, falling back to SCS: The solver ECOS is not installed.
WARNING - large complementary slackness residual: 0.016493
M-step CVXPY optimize time (sec): 4.6933
ECOS solver failed:  The solver ECOS is not installed. 
Using SCS instead.
ECOS solver failed:  The solver ECOS is not installed. 
Using SCS instead.
ECOS solver failed:  The solver ECOS is not installed. 
Using SCS instead.
ECOS solver failed:  The solver ECOS is not installed. 
Using SCS instead.
ECOS solver failed:  The solver ECOS is not installed. 
Using SCS instead.
ECOS solver failed:  The solver ECOS is not installed. 
Using SCS instead.
ECOS solver failed:  The solver ECOS is not installed. 
Using SCS instead.
ECOS solver failed:  The solver ECOS is not installed. 
Using SCS instead.
ECOS solver failed:  The solver ECOS is not installed. 
Using SCS instead.
ECOS solver failed:  The solver ECOS is not installed. 
Using SCS instead.
ECOS solver failed:  The solver ECOS is not installed. 
Using SCS instead.
ECOS solver failed:  The solver ECOS is not installed. 
Using SCS instead.
ECOS solver failed:  The solver ECOS is not installed. 
Using SCS instead.
ECOS solver failed:  The solver ECOS is not installed. 
Using SCS instead.
ECOS solver failed:  The solver ECOS is not installed. 
Using SCS instead.
ECOS solver failed:  The solver ECOS is not installed. 
Using SCS instead.
ECOS solver failed:  The solver ECOS is not installed. 
Using SCS instead.
ECOS solver failed:  The solver ECOS is not installed. 
Using SCS instead.
ECOS solver failed:  The solver ECOS is not installed. 
Using SCS instead.
ECOS solver failed:  The solver ECOS is not installed. 
Using SCS instead.
ECOS solver failed:  The solver ECOS is not installed. 
Using SCS instead.
M-step Design Matrix Calculation time (sec): 0.0185
ECOS solver failed in IPCW_HAL_init, falling back to SCS: The solver ECOS is not installed.
M-step CVXPY optimize time (sec): 2.1486
ECOS solver failed:  The solver ECOS is not installed. 
Using SCS instead.
ECOS solver failed:  The solver ECOS is not installed. 
Using SCS instead.
ECOS solver failed:  The solver ECOS is not installed. 
Using SCS instead.
ECOS solver failed:  The solver ECOS is not installed. 
Using SCS instead.
ECOS solver failed:  The solver ECOS is not installed. 
Using SCS instead.
ECOS solver failed:  The solver ECOS is not installed. 
Using SCS instead.
ECOS solver failed:  The solver ECOS is not installed. 
Using SCS instead.
ECOS solver failed:  The solver ECOS is not installed. 
Using SCS instead.
ECOS solver failed:  The solver ECOS is not installed. 
Using SCS instead.
ECOS solver failed:  The solver ECOS is not installed. 
Using SCS instead.
ECOS solver failed:  The solver ECOS is not installed. 
Using SCS instead.
ECOS solver failed:  The solver ECOS is not installed. 
Using SCS instead.
ECOS solver failed:  The solver ECOS is not installed. 
Using SCS instead.
ECOS solver failed:  The solver ECOS is not installed. 
Using SCS instead.
ECOS solver failed:  The solver ECOS is not installed. 
Using SCS instead.
ECOS solver failed:  The solver ECOS is not installed. 
Using SCS instead.
ECOS solver failed:  The solver ECOS is not installed. 
Using SCS instead.
ECOS solver failed:  The solver ECOS is not installed. 
Using SCS instead.
ECOS solver failed:  The solver ECOS is not installed. 
Using SCS instead.
ECOS solver failed:  The solver ECOS is not installed. 
Using SCS instead.
ECOS solver failed:  The solver ECOS is not installed. 
Using SCS instead.
M-step Design Matrix Calculation time (sec): 0.0181
ECOS solver failed in IPCW_HAL_init, falling back to SCS: The solver ECOS is not installed.
WARNING - large complementary slackness residual: 0.022735
M-step CVXPY optimize time (sec): 1.6616
ECOS solver failed:  The solver ECOS is not installed. 
Using SCS instead.
ECOS solver failed:  The solver ECOS is not installed. 
Using SCS instead.
ECOS solver failed:  The solver ECOS is not installed. 
Using SCS instead.
ECOS solver failed:  The solver ECOS is not installed. 
Using SCS instead.
ECOS solver failed:  The solver ECOS is not installed. 
Using SCS instead.
ECOS solver failed:  The solver ECOS is not installed. 
Using SCS instead.
ECOS solver failed:  The solver ECOS is not installed. 
Using SCS instead.
ECOS solver failed:  The solver ECOS is not installed. 
Using SCS instead.
ECOS solver failed:  The solver ECOS is not installed. 
Using SCS instead.
ECOS solver failed:  The solver ECOS is not installed. 
Using SCS instead.
ECOS solver failed:  The solver ECOS is not installed. 
Using SCS instead.
ECOS solver failed:  The solver ECOS is not installed. 
Using SCS instead.
ECOS solver failed:  The solver ECOS is not installed. 
Using SCS instead.
ECOS solver failed:  The solver ECOS is not installed. 
Using SCS instead.
ECOS solver failed:  The solver ECOS is not installed. 
Using SCS instead.
ECOS solver failed:  The solver ECOS is not installed. 
Using SCS instead.
ECOS solver failed:  The solver ECOS is not installed. 
Using SCS instead.
ECOS solver failed:  The solver ECOS is not installed. 
Using SCS instead.
ECOS solver failed:  The solver ECOS is not installed. 
Using SCS instead.
ECOS solver failed:  The solver ECOS is not installed. 
Using SCS instead.
ECOS solver failed:  The solver ECOS is not installed. 
Using SCS instead.
M-step Design Matrix Calculation time (sec): 0.1974
ECOS solver failed in IPCW_HAL_init, falling back to SCS: The solver ECOS is not installed.
WARNING - large complementary slackness residual: 0.007911
M-step CVXPY optimize time (sec): 1.3851
ECOS solver failed:  The solver ECOS is not installed. 
Using SCS instead.
ECOS solver failed:  The solver ECOS is not installed. 
Using SCS instead.
ECOS solver failed:  The solver ECOS is not installed. 
Using SCS instead.
ECOS solver failed:  The solver ECOS is not installed. 
Using SCS instead.
ECOS solver failed:  The solver ECOS is not installed. 
Using SCS instead.
ECOS solver failed:  The solver ECOS is not installed. 
Using SCS instead.
ECOS solver failed:  The solver ECOS is not installed. 
Using SCS instead.
ECOS solver failed:  The solver ECOS is not installed. 
Using SCS instead.
ECOS solver failed:  The solver ECOS is not installed. 
Using SCS instead.
ECOS solver failed:  The solver ECOS is not installed. 
Using SCS instead.
ECOS solver failed:  The solver ECOS is not installed. 
Using SCS instead.
ECOS solver failed:  The solver ECOS is not installed. 
Using SCS instead.
ECOS solver failed:  The solver ECOS is not installed. 
Using SCS instead.
ECOS solver failed:  The solver ECOS is not installed. 
Using SCS instead.
ECOS solver failed:  The solver ECOS is not installed. 
Using SCS instead.
ECOS solver failed:  The solver ECOS is not installed. 
Using SCS instead.
ECOS solver failed:  The solver ECOS is not installed. 
Using SCS instead.
ECOS solver failed:  The solver ECOS is not installed. 
Using SCS instead.
ECOS solver failed:  The solver ECOS is not installed. 
Using SCS instead.
ECOS solver failed:  The solver ECOS is not installed. 
Using SCS instead.
ECOS solver failed:  The solver ECOS is not installed. 
Using SCS instead.
M-step Design Matrix Calculation time (sec): 0.0988
ECOS solver failed in IPCW_HAL_init, falling back to SCS: The solver ECOS is not installed.
M-step CVXPY optimize time (sec): 0.6601
ECOS solver failed:  The solver ECOS is not installed. 
Using SCS instead.
ECOS solver failed:  The solver ECOS is not installed. 
Using SCS instead.
ECOS solver failed:  The solver ECOS is not installed. 
Using SCS instead.
ECOS solver failed:  The solver ECOS is not installed. 
Using SCS instead.
ECOS solver failed:  The solver ECOS is not installed. 
Using SCS instead.
ECOS solver failed:  The solver ECOS is not installed. 
Using SCS instead.
ECOS solver failed:  The solver ECOS is not installed. 
Using SCS instead.
ECOS solver failed:  The solver ECOS is not installed. 
Using SCS instead.
ECOS solver failed:  The solver ECOS is not installed. 
Using SCS instead.
ECOS solver failed:  The solver ECOS is not installed. 
Using SCS instead.
ECOS solver failed:  The solver ECOS is not installed. 
Using SCS instead.
ECOS solver failed:  The solver ECOS is not installed. 
Using SCS instead.
ECOS solver failed:  The solver ECOS is not installed. 
Using SCS instead.
ECOS solver failed:  The solver ECOS is not installed. 
Using SCS instead.
ECOS solver failed:  The solver ECOS is not installed. 
Using SCS instead.
ECOS solver failed:  The solver ECOS is not installed. 
Using SCS instead.
ECOS solver failed:  The solver ECOS is not installed. 
Using SCS instead.
ECOS solver failed:  The solver ECOS is not installed. 
Using SCS instead.
ECOS solver failed:  The solver ECOS is not installed. 
Using SCS instead.
ECOS solver failed:  The solver ECOS is not installed. 
Using SCS instead.
ECOS solver failed:  The solver ECOS is not installed. 
Using SCS instead.
M-step Design Matrix Calculation time (sec): 0.0470
ECOS solver failed in IPCW_HAL_init, falling back to SCS: The solver ECOS is not installed.
WARNING - large complementary slackness residual: 0.006486
M-step CVXPY optimize time (sec): 2.1144
ECOS solver failed:  The solver ECOS is not installed. 
Using SCS instead.
ECOS solver failed:  The solver ECOS is not installed. 
Using SCS instead.
ECOS solver failed:  The solver ECOS is not installed. 
Using SCS instead.
ECOS solver failed:  The solver ECOS is not installed. 
Using SCS instead.
ECOS solver failed:  The solver ECOS is not installed. 
Using SCS instead.
ECOS solver failed:  The solver ECOS is not installed. 
Using SCS instead.
ECOS solver failed:  The solver ECOS is not installed. 
Using SCS instead.
ECOS solver failed:  The solver ECOS is not installed. 
Using SCS instead.
ECOS solver failed:  The solver ECOS is not installed. 
Using SCS instead.
ECOS solver failed:  The solver ECOS is not installed. 
Using SCS instead.
ECOS solver failed:  The solver ECOS is not installed. 
Using SCS instead.
ECOS solver failed:  The solver ECOS is not installed. 
Using SCS instead.
ECOS solver failed:  The solver ECOS is not installed. 
Using SCS instead.
ECOS solver failed:  The solver ECOS is not installed. 
Using SCS instead.
ECOS solver failed:  The solver ECOS is not installed. 
Using SCS instead.
ECOS solver failed:  The solver ECOS is not installed. 
Using SCS instead.
ECOS solver failed:  The solver ECOS is not installed. 
Using SCS instead.
ECOS solver failed:  The solver ECOS is not installed. 
Using SCS instead.
ECOS solver failed:  The solver ECOS is not installed. 
Using SCS instead.
ECOS solver failed:  The solver ECOS is not installed. 
Using SCS instead.
ECOS solver failed:  The solver ECOS is not installed. 
Using SCS instead.
M-step Design Matrix Calculation time (sec): 0.0194
ECOS solver failed in IPCW_HAL_init, falling back to SCS: The solver ECOS is not installed.
WARNING - large complementary slackness residual: 0.032984
M-step CVXPY optimize time (sec): 1.2031
ECOS solver failed:  The solver ECOS is not installed. 
Using SCS instead.
ECOS solver failed:  The solver ECOS is not installed. 
Using SCS instead.
ECOS solver failed:  The solver ECOS is not installed. 
Using SCS instead.
ECOS solver failed:  The solver ECOS is not installed. 
Using SCS instead.
ECOS solver failed:  The solver ECOS is not installed. 
Using SCS instead.
ECOS solver failed:  The solver ECOS is not installed. 
Using SCS instead.
ECOS solver failed:  The solver ECOS is not installed. 
Using SCS instead.
ECOS solver failed:  The solver ECOS is not installed. 
Using SCS instead.
ECOS solver failed:  The solver ECOS is not installed. 
Using SCS instead.
ECOS solver failed:  The solver ECOS is not installed. 
Using SCS instead.
ECOS solver failed:  The solver ECOS is not installed. 
Using SCS instead.
ECOS solver failed:  The solver ECOS is not installed. 
Using SCS instead.
ECOS solver failed:  The solver ECOS is not installed. 
Using SCS instead.
ECOS solver failed:  The solver ECOS is not installed. 
Using SCS instead.
ECOS solver failed:  The solver ECOS is not installed. 
Using SCS instead.
ECOS solver failed:  The solver ECOS is not installed. 
Using SCS instead.
ECOS solver failed:  The solver ECOS is not installed. 
Using SCS instead.
ECOS solver failed:  The solver ECOS is not installed. 
Using SCS instead.
ECOS solver failed:  The solver ECOS is not installed. 
Using SCS instead.
ECOS solver failed:  The solver ECOS is not installed. 
Using SCS instead.
ECOS solver failed:  The solver ECOS is not installed. 
Using SCS instead.
M-step Design Matrix Calculation time (sec): 0.0820
ECOS solver failed in IPCW_HAL_init, falling back to SCS: The solver ECOS is not installed.
WARNING - large complementary slackness residual: 0.018271
M-step CVXPY optimize time (sec): 2.5150
ECOS solver failed:  The solver ECOS is not installed. 
Using SCS instead.
ECOS solver failed:  The solver ECOS is not installed. 
Using SCS instead.
ECOS solver failed:  The solver ECOS is not installed. 
Using SCS instead.
ECOS solver failed:  The solver ECOS is not installed. 
Using SCS instead.
ECOS solver failed:  The solver ECOS is not installed. 
Using SCS instead.
ECOS solver failed:  The solver ECOS is not installed. 
Using SCS instead.
ECOS solver failed:  The solver ECOS is not installed. 
Using SCS instead.
ECOS solver failed:  The solver ECOS is not installed. 
Using SCS instead.
ECOS solver failed:  The solver ECOS is not installed. 
Using SCS instead.
ECOS solver failed:  The solver ECOS is not installed. 
Using SCS instead.
ECOS solver failed:  The solver ECOS is not installed. 
Using SCS instead.
ECOS solver failed:  The solver ECOS is not installed. 
Using SCS instead.
ECOS solver failed:  The solver ECOS is not installed. 
Using SCS instead.
ECOS solver failed:  The solver ECOS is not installed. 
Using SCS instead.
ECOS solver failed:  The solver ECOS is not installed. 
Using SCS instead.
ECOS solver failed:  The solver ECOS is not installed. 
Using SCS instead.
ECOS solver failed:  The solver ECOS is not installed. 
Using SCS instead.
ECOS solver failed:  The solver ECOS is not installed. 
Using SCS instead.
ECOS solver failed:  The solver ECOS is not installed. 
Using SCS instead.
ECOS solver failed:  The solver ECOS is not installed. 
Using SCS instead.
ECOS solver failed:  The solver ECOS is not installed. 
Using SCS instead.
M-step Design Matrix Calculation time (sec): 0.0176
ECOS solver failed in IPCW_HAL_init, falling back to SCS: The solver ECOS is not installed.
WARNING - large complementary slackness residual: 0.032867
M-step CVXPY optimize time (sec): 1.2113
ECOS solver failed:  The solver ECOS is not installed. 
Using SCS instead.
ECOS solver failed:  The solver ECOS is not installed. 
Using SCS instead.
ECOS solver failed:  The solver ECOS is not installed. 
Using SCS instead.
ECOS solver failed:  The solver ECOS is not installed. 
Using SCS instead.
ECOS solver failed:  The solver ECOS is not installed. 
Using SCS instead.
ECOS solver failed:  The solver ECOS is not installed. 
Using SCS instead.
ECOS solver failed:  The solver ECOS is not installed. 
Using SCS instead.
ECOS solver failed:  The solver ECOS is not installed. 
Using SCS instead.
ECOS solver failed:  The solver ECOS is not installed. 
Using SCS instead.
ECOS solver failed:  The solver ECOS is not installed. 
Using SCS instead.
ECOS solver failed:  The solver ECOS is not installed. 
Using SCS instead.
ECOS solver failed:  The solver ECOS is not installed. 
Using SCS instead.
ECOS solver failed:  The solver ECOS is not installed. 
Using SCS instead.
ECOS solver failed:  The solver ECOS is not installed. 
Using SCS instead.
ECOS solver failed:  The solver ECOS is not installed. 
Using SCS instead.
ECOS solver failed:  The solver ECOS is not installed. 
Using SCS instead.
ECOS solver failed:  The solver ECOS is not installed. 
Using SCS instead.
ECOS solver failed:  The solver ECOS is not installed. 
Using SCS instead.
ECOS solver failed:  The solver ECOS is not installed. 
Using SCS instead.
ECOS solver failed:  The solver ECOS is not installed. 
Using SCS instead.
ECOS solver failed:  The solver ECOS is not installed. 
Using SCS instead.
M-step Design Matrix Calculation time (sec): 0.0197
ECOS solver failed in IPCW_HAL_init, falling back to SCS: The solver ECOS is not installed.
WARNING - large complementary slackness residual: 0.004045
M-step CVXPY optimize time (sec): 3.0511
ECOS solver failed:  The solver ECOS is not installed. 
Using SCS instead.
ECOS solver failed:  The solver ECOS is not installed. 
Using SCS instead.
ECOS solver failed:  The solver ECOS is not installed. 
Using SCS instead.
ECOS solver failed:  The solver ECOS is not installed. 
Using SCS instead.
ECOS solver failed:  The solver ECOS is not installed. 
Using SCS instead.
ECOS solver failed:  The solver ECOS is not installed. 
Using SCS instead.
ECOS solver failed:  The solver ECOS is not installed. 
Using SCS instead.
ECOS solver failed:  The solver ECOS is not installed. 
Using SCS instead.
ECOS solver failed:  The solver ECOS is not installed. 
Using SCS instead.
ECOS solver failed:  The solver ECOS is not installed. 
Using SCS instead.
ECOS solver failed:  The solver ECOS is not installed. 
Using SCS instead.
ECOS solver failed:  The solver ECOS is not installed. 
Using SCS instead.
ECOS solver failed:  The solver ECOS is not installed. 
Using SCS instead.
ECOS solver failed:  The solver ECOS is not installed. 
Using SCS instead.
ECOS solver failed:  The solver ECOS is not installed. 
Using SCS instead.
ECOS solver failed:  The solver ECOS is not installed. 
Using SCS instead.
ECOS solver failed:  The solver ECOS is not installed. 
Using SCS instead.
ECOS solver failed:  The solver ECOS is not installed. 
Using SCS instead.
ECOS solver failed:  The solver ECOS is not installed. 
Using SCS instead.
ECOS solver failed:  The solver ECOS is not installed. 
Using SCS instead.
ECOS solver failed:  The solver ECOS is not installed. 
Using SCS instead.
M-step Design Matrix Calculation time (sec): 0.0337
ECOS solver failed in IPCW_HAL_init, falling back to SCS: The solver ECOS is not installed.
M-step CVXPY optimize time (sec): 0.9735
ECOS solver failed:  The solver ECOS is not installed. 
Using SCS instead.
ECOS solver failed:  The solver ECOS is not installed. 
Using SCS instead.
ECOS solver failed:  The solver ECOS is not installed. 
Using SCS instead.
ECOS solver failed:  The solver ECOS is not installed. 
Using SCS instead.
ECOS solver failed:  The solver ECOS is not installed. 
Using SCS instead.
ECOS solver failed:  The solver ECOS is not installed. 
Using SCS instead.
ECOS solver failed:  The solver ECOS is not installed. 
Using SCS instead.
ECOS solver failed:  The solver ECOS is not installed. 
Using SCS instead.
ECOS solver failed:  The solver ECOS is not installed. 
Using SCS instead.
ECOS solver failed:  The solver ECOS is not installed. 
Using SCS instead.
ECOS solver failed:  The solver ECOS is not installed. 
Using SCS instead.
ECOS solver failed:  The solver ECOS is not installed. 
Using SCS instead.
ECOS solver failed:  The solver ECOS is not installed. 
Using SCS instead.
ECOS solver failed:  The solver ECOS is not installed. 
Using SCS instead.
ECOS solver failed:  The solver ECOS is not installed. 
Using SCS instead.
ECOS solver failed:  The solver ECOS is not installed. 
Using SCS instead.
ECOS solver failed:  The solver ECOS is not installed. 
Using SCS instead.
ECOS solver failed:  The solver ECOS is not installed. 
Using SCS instead.
ECOS solver failed:  The solver ECOS is not installed. 
Using SCS instead.
ECOS solver failed:  The solver ECOS is not installed. 
Using SCS instead.
ECOS solver failed:  The solver ECOS is not installed. 
Using SCS instead.
M-step Design Matrix Calculation time (sec): 0.0379
ECOS solver failed in IPCW_HAL_init, falling back to SCS: The solver ECOS is not installed.
M-step CVXPY optimize time (sec): 2.1491
ECOS solver failed:  The solver ECOS is not installed. 
Using SCS instead.
ECOS solver failed:  The solver ECOS is not installed. 
Using SCS instead.
ECOS solver failed:  The solver ECOS is not installed. 
Using SCS instead.
ECOS solver failed:  The solver ECOS is not installed. 
Using SCS instead.
ECOS solver failed:  The solver ECOS is not installed. 
Using SCS instead.
ECOS solver failed:  The solver ECOS is not installed. 
Using SCS instead.
ECOS solver failed:  The solver ECOS is not installed. 
Using SCS instead.
ECOS solver failed:  The solver ECOS is not installed. 
Using SCS instead.
ECOS solver failed:  The solver ECOS is not installed. 
Using SCS instead.
ECOS solver failed:  The solver ECOS is not installed. 
Using SCS instead.
ECOS solver failed:  The solver ECOS is not installed. 
Using SCS instead.
ECOS solver failed:  The solver ECOS is not installed. 
Using SCS instead.
ECOS solver failed:  The solver ECOS is not installed. 
Using SCS instead.
ECOS solver failed:  The solver ECOS is not installed. 
Using SCS instead.
ECOS solver failed:  The solver ECOS is not installed. 
Using SCS instead.
ECOS solver failed:  The solver ECOS is not installed. 
Using SCS instead.
ECOS solver failed:  The solver ECOS is not installed. 
Using SCS instead.
ECOS solver failed:  The solver ECOS is not installed. 
Using SCS instead.
ECOS solver failed:  The solver ECOS is not installed. 
Using SCS instead.
ECOS solver failed:  The solver ECOS is not installed. 
Using SCS instead.
ECOS solver failed:  The solver ECOS is not installed. 
Using SCS instead.
M-step Design Matrix Calculation time (sec): 0.0186
ECOS solver failed in IPCW_HAL_init, falling back to SCS: The solver ECOS is not installed.
WARNING - large complementary slackness residual: 0.028466
M-step CVXPY optimize time (sec): 1.7691
ECOS solver failed:  The solver ECOS is not installed. 
Using SCS instead.
ECOS solver failed:  The solver ECOS is not installed. 
Using SCS instead.
ECOS solver failed:  The solver ECOS is not installed. 
Using SCS instead.
ECOS solver failed:  The solver ECOS is not installed. 
Using SCS instead.
ECOS solver failed:  The solver ECOS is not installed. 
Using SCS instead.
ECOS solver failed:  The solver ECOS is not installed. 
Using SCS instead.
ECOS solver failed:  The solver ECOS is not installed. 
Using SCS instead.
ECOS solver failed:  The solver ECOS is not installed. 
Using SCS instead.
ECOS solver failed:  The solver ECOS is not installed. 
Using SCS instead.
ECOS solver failed:  The solver ECOS is not installed. 
Using SCS instead.
ECOS solver failed:  The solver ECOS is not installed. 
Using SCS instead.
ECOS solver failed:  The solver ECOS is not installed. 
Using SCS instead.
ECOS solver failed:  The solver ECOS is not installed. 
Using SCS instead.
ECOS solver failed:  The solver ECOS is not installed. 
Using SCS instead.
ECOS solver failed:  The solver ECOS is not installed. 
Using SCS instead.
ECOS solver failed:  The solver ECOS is not installed. 
Using SCS instead.
ECOS solver failed:  The solver ECOS is not installed. 
Using SCS instead.
ECOS solver failed:  The solver ECOS is not installed. 
Using SCS instead.
ECOS solver failed:  The solver ECOS is not installed. 
Using SCS instead.
ECOS solver failed:  The solver ECOS is not installed. 
Using SCS instead.
ECOS solver failed:  The solver ECOS is not installed. 
Using SCS instead.
M-step Design Matrix Calculation time (sec): 0.0176
ECOS solver failed in IPCW_HAL_init, falling back to SCS: The solver ECOS is not installed.
M-step CVXPY optimize time (sec): 1.4882
ECOS solver failed:  The solver ECOS is not installed. 
Using SCS instead.
ECOS solver failed:  The solver ECOS is not installed. 
Using SCS instead.
ECOS solver failed:  The solver ECOS is not installed. 
Using SCS instead.
ECOS solver failed:  The solver ECOS is not installed. 
Using SCS instead.
ECOS solver failed:  The solver ECOS is not installed. 
Using SCS instead.
ECOS solver failed:  The solver ECOS is not installed. 
Using SCS instead.
ECOS solver failed:  The solver ECOS is not installed. 
Using SCS instead.
ECOS solver failed:  The solver ECOS is not installed. 
Using SCS instead.
ECOS solver failed:  The solver ECOS is not installed. 
Using SCS instead.
ECOS solver failed:  The solver ECOS is not installed. 
Using SCS instead.
ECOS solver failed:  The solver ECOS is not installed. 
Using SCS instead.
ECOS solver failed:  The solver ECOS is not installed. 
Using SCS instead.
ECOS solver failed:  The solver ECOS is not installed. 
Using SCS instead.
ECOS solver failed:  The solver ECOS is not installed. 
Using SCS instead.
ECOS solver failed:  The solver ECOS is not installed. 
Using SCS instead.
ECOS solver failed:  The solver ECOS is not installed. 
Using SCS instead.
ECOS solver failed:  The solver ECOS is not installed. 
Using SCS instead.
ECOS solver failed:  The solver ECOS is not installed. 
Using SCS instead.
ECOS solver failed:  The solver ECOS is not installed. 
Using SCS instead.
ECOS solver failed:  The solver ECOS is not installed. 
Using SCS instead.
ECOS solver failed:  The solver ECOS is not installed. 
Using SCS instead.
M-step Design Matrix Calculation time (sec): 0.0990
ECOS solver failed in IPCW_HAL_init, falling back to SCS: The solver ECOS is not installed.
WARNING - large complementary slackness residual: 0.019509
M-step CVXPY optimize time (sec): 4.6348
ECOS solver failed:  The solver ECOS is not installed. 
Using SCS instead.
ECOS solver failed:  The solver ECOS is not installed. 
Using SCS instead.
ECOS solver failed:  The solver ECOS is not installed. 
Using SCS instead.
ECOS solver failed:  The solver ECOS is not installed. 
Using SCS instead.
ECOS solver failed:  The solver ECOS is not installed. 
Using SCS instead.
ECOS solver failed:  The solver ECOS is not installed. 
Using SCS instead.
ECOS solver failed:  The solver ECOS is not installed. 
Using SCS instead.
ECOS solver failed:  The solver ECOS is not installed. 
Using SCS instead.
ECOS solver failed:  The solver ECOS is not installed. 
Using SCS instead.
ECOS solver failed:  The solver ECOS is not installed. 
Using SCS instead.
ECOS solver failed:  The solver ECOS is not installed. 
Using SCS instead.
ECOS solver failed:  The solver ECOS is not installed. 
Using SCS instead.
ECOS solver failed:  The solver ECOS is not installed. 
Using SCS instead.
ECOS solver failed:  The solver ECOS is not installed. 
Using SCS instead.
ECOS solver failed:  The solver ECOS is not installed. 
Using SCS instead.
ECOS solver failed:  The solver ECOS is not installed. 
Using SCS instead.
ECOS solver failed:  The solver ECOS is not installed. 
Using SCS instead.
ECOS solver failed:  The solver ECOS is not installed. 
Using SCS instead.
ECOS solver failed:  The solver ECOS is not installed. 
Using SCS instead.
ECOS solver failed:  The solver ECOS is not installed. 
Using SCS instead.
ECOS solver failed:  The solver ECOS is not installed. 
Using SCS instead.
M-step Design Matrix Calculation time (sec): 0.0295
ECOS solver failed in IPCW_HAL_init, falling back to SCS: The solver ECOS is not installed.
WARNING - large complementary slackness residual: 0.007711
M-step CVXPY optimize time (sec): 3.1862
ECOS solver failed:  The solver ECOS is not installed. 
Using SCS instead.
ECOS solver failed:  The solver ECOS is not installed. 
Using SCS instead.
ECOS solver failed:  The solver ECOS is not installed. 
Using SCS instead.
ECOS solver failed:  The solver ECOS is not installed. 
Using SCS instead.
ECOS solver failed:  The solver ECOS is not installed. 
Using SCS instead.
ECOS solver failed:  The solver ECOS is not installed. 
Using SCS instead.
ECOS solver failed:  The solver ECOS is not installed. 
Using SCS instead.
ECOS solver failed:  The solver ECOS is not installed. 
Using SCS instead.
ECOS solver failed:  The solver ECOS is not installed. 
Using SCS instead.
ECOS solver failed:  The solver ECOS is not installed. 
Using SCS instead.
ECOS solver failed:  The solver ECOS is not installed. 
Using SCS instead.
ECOS solver failed:  The solver ECOS is not installed. 
Using SCS instead.
ECOS solver failed:  The solver ECOS is not installed. 
Using SCS instead.
ECOS solver failed:  The solver ECOS is not installed. 
Using SCS instead.
ECOS solver failed:  The solver ECOS is not installed. 
Using SCS instead.
ECOS solver failed:  The solver ECOS is not installed. 
Using SCS instead.
ECOS solver failed:  The solver ECOS is not installed. 
Using SCS instead.
ECOS solver failed:  The solver ECOS is not installed. 
Using SCS instead.
ECOS solver failed:  The solver ECOS is not installed. 
Using SCS instead.
ECOS solver failed:  The solver ECOS is not installed. 
Using SCS instead.
ECOS solver failed:  The solver ECOS is not installed. 
Using SCS instead.
M-step Design Matrix Calculation time (sec): 0.0189
ECOS solver failed in IPCW_HAL_init, falling back to SCS: The solver ECOS is not installed.
WARNING - large complementary slackness residual: 0.011414
M-step CVXPY optimize time (sec): 1.7798
ECOS solver failed:  The solver ECOS is not installed. 
Using SCS instead.
ECOS solver failed:  The solver ECOS is not installed. 
Using SCS instead.
ECOS solver failed:  The solver ECOS is not installed. 
Using SCS instead.
ECOS solver failed:  The solver ECOS is not installed. 
Using SCS instead.
ECOS solver failed:  The solver ECOS is not installed. 
Using SCS instead.
ECOS solver failed:  The solver ECOS is not installed. 
Using SCS instead.
ECOS solver failed:  The solver ECOS is not installed. 
Using SCS instead.
ECOS solver failed:  The solver ECOS is not installed. 
Using SCS instead.
ECOS solver failed:  The solver ECOS is not installed. 
Using SCS instead.
ECOS solver failed:  The solver ECOS is not installed. 
Using SCS instead.
ECOS solver failed:  The solver ECOS is not installed. 
Using SCS instead.
ECOS solver failed:  The solver ECOS is not installed. 
Using SCS instead.
ECOS solver failed:  The solver ECOS is not installed. 
Using SCS instead.
ECOS solver failed:  The solver ECOS is not installed. 
Using SCS instead.
ECOS solver failed:  The solver ECOS is not installed. 
Using SCS instead.
ECOS solver failed:  The solver ECOS is not installed. 
Using SCS instead.
ECOS solver failed:  The solver ECOS is not installed. 
Using SCS instead.
ECOS solver failed:  The solver ECOS is not installed. 
Using SCS instead.
ECOS solver failed:  The solver ECOS is not installed. 
Using SCS instead.
ECOS solver failed:  The solver ECOS is not installed. 
Using SCS instead.
ECOS solver failed:  The solver ECOS is not installed. 
Using SCS instead.
M-step Design Matrix Calculation time (sec): 0.0359
ECOS solver failed in IPCW_HAL_init, falling back to SCS: The solver ECOS is not installed.
M-step CVXPY optimize time (sec): 1.0339
ECOS solver failed:  The solver ECOS is not installed. 
Using SCS instead.
ECOS solver failed:  The solver ECOS is not installed. 
Using SCS instead.
ECOS solver failed:  The solver ECOS is not installed. 
Using SCS instead.
ECOS solver failed:  The solver ECOS is not installed. 
Using SCS instead.
ECOS solver failed:  The solver ECOS is not installed. 
Using SCS instead.
ECOS solver failed:  The solver ECOS is not installed. 
Using SCS instead.
ECOS solver failed:  The solver ECOS is not installed. 
Using SCS instead.
ECOS solver failed:  The solver ECOS is not installed. 
Using SCS instead.
ECOS solver failed:  The solver ECOS is not installed. 
Using SCS instead.
ECOS solver failed:  The solver ECOS is not installed. 
Using SCS instead.
ECOS solver failed:  The solver ECOS is not installed. 
Using SCS instead.
ECOS solver failed:  The solver ECOS is not installed. 
Using SCS instead.
ECOS solver failed:  The solver ECOS is not installed. 
Using SCS instead.
ECOS solver failed:  The solver ECOS is not installed. 
Using SCS instead.
ECOS solver failed:  The solver ECOS is not installed. 
Using SCS instead.
ECOS solver failed:  The solver ECOS is not installed. 
Using SCS instead.
ECOS solver failed:  The solver ECOS is not installed. 
Using SCS instead.
ECOS solver failed:  The solver ECOS is not installed. 
Using SCS instead.
ECOS solver failed:  The solver ECOS is not installed. 
Using SCS instead.
ECOS solver failed:  The solver ECOS is not installed. 
Using SCS instead.
ECOS solver failed:  The solver ECOS is not installed. 
Using SCS instead.
M-step Design Matrix Calculation time (sec): 0.0185
ECOS solver failed in IPCW_HAL_init, falling back to SCS: The solver ECOS is not installed.
M-step CVXPY optimize time (sec): 2.2342
ECOS solver failed:  The solver ECOS is not installed. 
Using SCS instead.
ECOS solver failed:  The solver ECOS is not installed. 
Using SCS instead.
ECOS solver failed:  The solver ECOS is not installed. 
Using SCS instead.
ECOS solver failed:  The solver ECOS is not installed. 
Using SCS instead.
ECOS solver failed:  The solver ECOS is not installed. 
Using SCS instead.
ECOS solver failed:  The solver ECOS is not installed. 
Using SCS instead.
ECOS solver failed:  The solver ECOS is not installed. 
Using SCS instead.
ECOS solver failed:  The solver ECOS is not installed. 
Using SCS instead.
ECOS solver failed:  The solver ECOS is not installed. 
Using SCS instead.
ECOS solver failed:  The solver ECOS is not installed. 
Using SCS instead.
ECOS solver failed:  The solver ECOS is not installed. 
Using SCS instead.
ECOS solver failed:  The solver ECOS is not installed. 
Using SCS instead.
ECOS solver failed:  The solver ECOS is not installed. 
Using SCS instead.
ECOS solver failed:  The solver ECOS is not installed. 
Using SCS instead.
ECOS solver failed:  The solver ECOS is not installed. 
Using SCS instead.
ECOS solver failed:  The solver ECOS is not installed. 
Using SCS instead.
ECOS solver failed:  The solver ECOS is not installed. 
Using SCS instead.
ECOS solver failed:  The solver ECOS is not installed. 
Using SCS instead.
ECOS solver failed:  The solver ECOS is not installed. 
Using SCS instead.
ECOS solver failed:  The solver ECOS is not installed. 
Using SCS instead.
ECOS solver failed:  The solver ECOS is not installed. 
Using SCS instead.
M-step Design Matrix Calculation time (sec): 0.0451
ECOS solver failed in IPCW_HAL_init, falling back to SCS: The solver ECOS is not installed.
WARNING - large complementary slackness residual: 0.030791
M-step CVXPY optimize time (sec): 1.8516
ECOS solver failed:  The solver ECOS is not installed. 
Using SCS instead.
ECOS solver failed:  The solver ECOS is not installed. 
Using SCS instead.
ECOS solver failed:  The solver ECOS is not installed. 
Using SCS instead.
ECOS solver failed:  The solver ECOS is not installed. 
Using SCS instead.
ECOS solver failed:  The solver ECOS is not installed. 
Using SCS instead.
ECOS solver failed:  The solver ECOS is not installed. 
Using SCS instead.
ECOS solver failed:  The solver ECOS is not installed. 
Using SCS instead.
ECOS solver failed:  The solver ECOS is not installed. 
Using SCS instead.
ECOS solver failed:  The solver ECOS is not installed. 
Using SCS instead.
ECOS solver failed:  The solver ECOS is not installed. 
Using SCS instead.
ECOS solver failed:  The solver ECOS is not installed. 
Using SCS instead.
ECOS solver failed:  The solver ECOS is not installed. 
Using SCS instead.
ECOS solver failed:  The solver ECOS is not installed. 
Using SCS instead.
ECOS solver failed:  The solver ECOS is not installed. 
Using SCS instead.
ECOS solver failed:  The solver ECOS is not installed. 
Using SCS instead.
ECOS solver failed:  The solver ECOS is not installed. 
Using SCS instead.
ECOS solver failed:  The solver ECOS is not installed. 
Using SCS instead.
ECOS solver failed:  The solver ECOS is not installed. 
Using SCS instead.
ECOS solver failed:  The solver ECOS is not installed. 
Using SCS instead.
ECOS solver failed:  The solver ECOS is not installed. 
Using SCS instead.
ECOS solver failed:  The solver ECOS is not installed. 
Using SCS instead.
M-step Design Matrix Calculation time (sec): 0.0363
ECOS solver failed in IPCW_HAL_init, falling back to SCS: The solver ECOS is not installed.
M-step CVXPY optimize time (sec): 1.5520
ECOS solver failed:  The solver ECOS is not installed. 
Using SCS instead.
ECOS solver failed:  The solver ECOS is not installed. 
Using SCS instead.
ECOS solver failed:  The solver ECOS is not installed. 
Using SCS instead.
ECOS solver failed:  The solver ECOS is not installed. 
Using SCS instead.
ECOS solver failed:  The solver ECOS is not installed. 
Using SCS instead.
ECOS solver failed:  The solver ECOS is not installed. 
Using SCS instead.
ECOS solver failed:  The solver ECOS is not installed. 
Using SCS instead.
ECOS solver failed:  The solver ECOS is not installed. 
Using SCS instead.
ECOS solver failed:  The solver ECOS is not installed. 
Using SCS instead.
ECOS solver failed:  The solver ECOS is not installed. 
Using SCS instead.
ECOS solver failed:  The solver ECOS is not installed. 
Using SCS instead.
ECOS solver failed:  The solver ECOS is not installed. 
Using SCS instead.
ECOS solver failed:  The solver ECOS is not installed. 
Using SCS instead.
ECOS solver failed:  The solver ECOS is not installed. 
Using SCS instead.
ECOS solver failed:  The solver ECOS is not installed. 
Using SCS instead.
ECOS solver failed:  The solver ECOS is not installed. 
Using SCS instead.
ECOS solver failed:  The solver ECOS is not installed. 
Using SCS instead.
ECOS solver failed:  The solver ECOS is not installed. 
Using SCS instead.
ECOS solver failed:  The solver ECOS is not installed. 
Using SCS instead.
ECOS solver failed:  The solver ECOS is not installed. 
Using SCS instead.
ECOS solver failed:  The solver ECOS is not installed. 
Using SCS instead.
M-step Design Matrix Calculation time (sec): 0.0169
ECOS solver failed in IPCW_HAL_init, falling back to SCS: The solver ECOS is not installed.
WARNING - large complementary slackness residual: 0.019828
M-step CVXPY optimize time (sec): 4.4697
ECOS solver failed:  The solver ECOS is not installed. 
Using SCS instead.
ECOS solver failed:  The solver ECOS is not installed. 
Using SCS instead.
ECOS solver failed:  The solver ECOS is not installed. 
Using SCS instead.
ECOS solver failed:  The solver ECOS is not installed. 
Using SCS instead.
ECOS solver failed:  The solver ECOS is not installed. 
Using SCS instead.
ECOS solver failed:  The solver ECOS is not installed. 
Using SCS instead.
ECOS solver failed:  The solver ECOS is not installed. 
Using SCS instead.
ECOS solver failed:  The solver ECOS is not installed. 
Using SCS instead.
ECOS solver failed:  The solver ECOS is not installed. 
Using SCS instead.
ECOS solver failed:  The solver ECOS is not installed. 
Using SCS instead.
ECOS solver failed:  The solver ECOS is not installed. 
Using SCS instead.
ECOS solver failed:  The solver ECOS is not installed. 
Using SCS instead.
ECOS solver failed:  The solver ECOS is not installed. 
Using SCS instead.
ECOS solver failed:  The solver ECOS is not installed. 
Using SCS instead.
ECOS solver failed:  The solver ECOS is not installed. 
Using SCS instead.
ECOS solver failed:  The solver ECOS is not installed. 
Using SCS instead.
ECOS solver failed:  The solver ECOS is not installed. 
Using SCS instead.
ECOS solver failed:  The solver ECOS is not installed. 
Using SCS instead.
ECOS solver failed:  The solver ECOS is not installed. 
Using SCS instead.
ECOS solver failed:  The solver ECOS is not installed. 
Using SCS instead.
ECOS solver failed:  The solver ECOS is not installed. 
Using SCS instead.
M-step Design Matrix Calculation time (sec): 0.1525
ECOS solver failed in IPCW_HAL_init, falling back to SCS: The solver ECOS is not installed.
WARNING - large complementary slackness residual: 0.018322
M-step CVXPY optimize time (sec): 3.0113
ECOS solver failed:  The solver ECOS is not installed. 
Using SCS instead.
ECOS solver failed:  The solver ECOS is not installed. 
Using SCS instead.
ECOS solver failed:  The solver ECOS is not installed. 
Using SCS instead.
ECOS solver failed:  The solver ECOS is not installed. 
Using SCS instead.
ECOS solver failed:  The solver ECOS is not installed. 
Using SCS instead.
ECOS solver failed:  The solver ECOS is not installed. 
Using SCS instead.
ECOS solver failed:  The solver ECOS is not installed. 
Using SCS instead.
ECOS solver failed:  The solver ECOS is not installed. 
Using SCS instead.
ECOS solver failed:  The solver ECOS is not installed. 
Using SCS instead.
ECOS solver failed:  The solver ECOS is not installed. 
Using SCS instead.
ECOS solver failed:  The solver ECOS is not installed. 
Using SCS instead.
ECOS solver failed:  The solver ECOS is not installed. 
Using SCS instead.
ECOS solver failed:  The solver ECOS is not installed. 
Using SCS instead.
ECOS solver failed:  The solver ECOS is not installed. 
Using SCS instead.
ECOS solver failed:  The solver ECOS is not installed. 
Using SCS instead.
ECOS solver failed:  The solver ECOS is not installed. 
Using SCS instead.
ECOS solver failed:  The solver ECOS is not installed. 
Using SCS instead.
ECOS solver failed:  The solver ECOS is not installed. 
Using SCS instead.
ECOS solver failed:  The solver ECOS is not installed. 
Using SCS instead.
ECOS solver failed:  The solver ECOS is not installed. 
Using SCS instead.
ECOS solver failed:  The solver ECOS is not installed. 
Using SCS instead.
M-step Design Matrix Calculation time (sec): 0.0180
ECOS solver failed in IPCW_HAL_init, falling back to SCS: The solver ECOS is not installed.
WARNING - large complementary slackness residual: 0.021482
M-step CVXPY optimize time (sec): 2.5635
ECOS solver failed:  The solver ECOS is not installed. 
Using SCS instead.
ECOS solver failed:  The solver ECOS is not installed. 
Using SCS instead.
ECOS solver failed:  The solver ECOS is not installed. 
Using SCS instead.
ECOS solver failed:  The solver ECOS is not installed. 
Using SCS instead.
ECOS solver failed:  The solver ECOS is not installed. 
Using SCS instead.
ECOS solver failed:  The solver ECOS is not installed. 
Using SCS instead.
ECOS solver failed:  The solver ECOS is not installed. 
Using SCS instead.
ECOS solver failed:  The solver ECOS is not installed. 
Using SCS instead.
ECOS solver failed:  The solver ECOS is not installed. 
Using SCS instead.
ECOS solver failed:  The solver ECOS is not installed. 
Using SCS instead.
ECOS solver failed:  The solver ECOS is not installed. 
Using SCS instead.
ECOS solver failed:  The solver ECOS is not installed. 
Using SCS instead.
ECOS solver failed:  The solver ECOS is not installed. 
Using SCS instead.
ECOS solver failed:  The solver ECOS is not installed. 
Using SCS instead.
ECOS solver failed:  The solver ECOS is not installed. 
Using SCS instead.
ECOS solver failed:  The solver ECOS is not installed. 
Using SCS instead.
ECOS solver failed:  The solver ECOS is not installed. 
Using SCS instead.
ECOS solver failed:  The solver ECOS is not installed. 
Using SCS instead.
ECOS solver failed:  The solver ECOS is not installed. 
Using SCS instead.
ECOS solver failed:  The solver ECOS is not installed. 
Using SCS instead.
ECOS solver failed:  The solver ECOS is not installed. 
Using SCS instead.
M-step Design Matrix Calculation time (sec): 0.0197
ECOS solver failed in IPCW_HAL_init, falling back to SCS: The solver ECOS is not installed.
WARNING - large complementary slackness residual: 0.016566
M-step CVXPY optimize time (sec): 4.2473
ECOS solver failed:  The solver ECOS is not installed. 
Using SCS instead.
ECOS solver failed:  The solver ECOS is not installed. 
Using SCS instead.
ECOS solver failed:  The solver ECOS is not installed. 
Using SCS instead.
ECOS solver failed:  The solver ECOS is not installed. 
Using SCS instead.
ECOS solver failed:  The solver ECOS is not installed. 
Using SCS instead.
ECOS solver failed:  The solver ECOS is not installed. 
Using SCS instead.
ECOS solver failed:  The solver ECOS is not installed. 
Using SCS instead.
ECOS solver failed:  The solver ECOS is not installed. 
Using SCS instead.
ECOS solver failed:  The solver ECOS is not installed. 
Using SCS instead.
ECOS solver failed:  The solver ECOS is not installed. 
Using SCS instead.
ECOS solver failed:  The solver ECOS is not installed. 
Using SCS instead.
ECOS solver failed:  The solver ECOS is not installed. 
Using SCS instead.
ECOS solver failed:  The solver ECOS is not installed. 
Using SCS instead.
ECOS solver failed:  The solver ECOS is not installed. 
Using SCS instead.
ECOS solver failed:  The solver ECOS is not installed. 
Using SCS instead.
ECOS solver failed:  The solver ECOS is not installed. 
Using SCS instead.
ECOS solver failed:  The solver ECOS is not installed. 
Using SCS instead.
ECOS solver failed:  The solver ECOS is not installed. 
Using SCS instead.
ECOS solver failed:  The solver ECOS is not installed. 
Using SCS instead.
ECOS solver failed:  The solver ECOS is not installed. 
Using SCS instead.
ECOS solver failed:  The solver ECOS is not installed. 
Using SCS instead.
M-step Design Matrix Calculation time (sec): 0.0192
ECOS solver failed in IPCW_HAL_init, falling back to SCS: The solver ECOS is not installed.
M-step CVXPY optimize time (sec): 0.9904
ECOS solver failed:  The solver ECOS is not installed. 
Using SCS instead.
ECOS solver failed:  The solver ECOS is not installed. 
Using SCS instead.
ECOS solver failed:  The solver ECOS is not installed. 
Using SCS instead.
ECOS solver failed:  The solver ECOS is not installed. 
Using SCS instead.
ECOS solver failed:  The solver ECOS is not installed. 
Using SCS instead.
ECOS solver failed:  The solver ECOS is not installed. 
Using SCS instead.
ECOS solver failed:  The solver ECOS is not installed. 
Using SCS instead.
ECOS solver failed:  The solver ECOS is not installed. 
Using SCS instead.
ECOS solver failed:  The solver ECOS is not installed. 
Using SCS instead.
ECOS solver failed:  The solver ECOS is not installed. 
Using SCS instead.
ECOS solver failed:  The solver ECOS is not installed. 
Using SCS instead.
ECOS solver failed:  The solver ECOS is not installed. 
Using SCS instead.
ECOS solver failed:  The solver ECOS is not installed. 
Using SCS instead.
ECOS solver failed:  The solver ECOS is not installed. 
Using SCS instead.
ECOS solver failed:  The solver ECOS is not installed. 
Using SCS instead.
ECOS solver failed:  The solver ECOS is not installed. 
Using SCS instead.
ECOS solver failed:  The solver ECOS is not installed. 
Using SCS instead.
ECOS solver failed:  The solver ECOS is not installed. 
Using SCS instead.
ECOS solver failed:  The solver ECOS is not installed. 
Using SCS instead.
ECOS solver failed:  The solver ECOS is not installed. 
Using SCS instead.
ECOS solver failed:  The solver ECOS is not installed. 
Using SCS instead.
M-step Design Matrix Calculation time (sec): 0.0300
ECOS solver failed in IPCW_HAL_init, falling back to SCS: The solver ECOS is not installed.
WARNING - large complementary slackness residual: 0.021535
M-step CVXPY optimize time (sec): 2.4272
ECOS solver failed:  The solver ECOS is not installed. 
Using SCS instead.
ECOS solver failed:  The solver ECOS is not installed. 
Using SCS instead.
ECOS solver failed:  The solver ECOS is not installed. 
Using SCS instead.
ECOS solver failed:  The solver ECOS is not installed. 
Using SCS instead.
ECOS solver failed:  The solver ECOS is not installed. 
Using SCS instead.
ECOS solver failed:  The solver ECOS is not installed. 
Using SCS instead.
ECOS solver failed:  The solver ECOS is not installed. 
Using SCS instead.
ECOS solver failed:  The solver ECOS is not installed. 
Using SCS instead.
ECOS solver failed:  The solver ECOS is not installed. 
Using SCS instead.
ECOS solver failed:  The solver ECOS is not installed. 
Using SCS instead.
ECOS solver failed:  The solver ECOS is not installed. 
Using SCS instead.
ECOS solver failed:  The solver ECOS is not installed. 
Using SCS instead.
ECOS solver failed:  The solver ECOS is not installed. 
Using SCS instead.
ECOS solver failed:  The solver ECOS is not installed. 
Using SCS instead.
ECOS solver failed:  The solver ECOS is not installed. 
Using SCS instead.
ECOS solver failed:  The solver ECOS is not installed. 
Using SCS instead.
ECOS solver failed:  The solver ECOS is not installed. 
Using SCS instead.
ECOS solver failed:  The solver ECOS is not installed. 
Using SCS instead.
ECOS solver failed:  The solver ECOS is not installed. 
Using SCS instead.
ECOS solver failed:  The solver ECOS is not installed. 
Using SCS instead.
ECOS solver failed:  The solver ECOS is not installed. 
Using SCS instead.
M-step Design Matrix Calculation time (sec): 0.0339
ECOS solver failed in IPCW_HAL_init, falling back to SCS: The solver ECOS is not installed.
WARNING - large complementary slackness residual: 0.008056
M-step CVXPY optimize time (sec): 1.5846
ECOS solver failed:  The solver ECOS is not installed. 
Using SCS instead.
ECOS solver failed:  The solver ECOS is not installed. 
Using SCS instead.
ECOS solver failed:  The solver ECOS is not installed. 
Using SCS instead.
ECOS solver failed:  The solver ECOS is not installed. 
Using SCS instead.
ECOS solver failed:  The solver ECOS is not installed. 
Using SCS instead.
ECOS solver failed:  The solver ECOS is not installed. 
Using SCS instead.
ECOS solver failed:  The solver ECOS is not installed. 
Using SCS instead.
ECOS solver failed:  The solver ECOS is not installed. 
Using SCS instead.
ECOS solver failed:  The solver ECOS is not installed. 
Using SCS instead.
ECOS solver failed:  The solver ECOS is not installed. 
Using SCS instead.
ECOS solver failed:  The solver ECOS is not installed. 
Using SCS instead.
ECOS solver failed:  The solver ECOS is not installed. 
Using SCS instead.
ECOS solver failed:  The solver ECOS is not installed. 
Using SCS instead.
ECOS solver failed:  The solver ECOS is not installed. 
Using SCS instead.
ECOS solver failed:  The solver ECOS is not installed. 
Using SCS instead.
ECOS solver failed:  The solver ECOS is not installed. 
Using SCS instead.
ECOS solver failed:  The solver ECOS is not installed. 
Using SCS instead.
ECOS solver failed:  The solver ECOS is not installed. 
Using SCS instead.
ECOS solver failed:  The solver ECOS is not installed. 
Using SCS instead.
ECOS solver failed:  The solver ECOS is not installed. 
Using SCS instead.
ECOS solver failed:  The solver ECOS is not installed. 
Using SCS instead.
M-step Design Matrix Calculation time (sec): 0.0320
ECOS solver failed in IPCW_HAL_init, falling back to SCS: The solver ECOS is not installed.
M-step CVXPY optimize time (sec): 0.6705
ECOS solver failed:  The solver ECOS is not installed. 
Using SCS instead.
ECOS solver failed:  The solver ECOS is not installed. 
Using SCS instead.
ECOS solver failed:  The solver ECOS is not installed. 
Using SCS instead.
ECOS solver failed:  The solver ECOS is not installed. 
Using SCS instead.
ECOS solver failed:  The solver ECOS is not installed. 
Using SCS instead.
ECOS solver failed:  The solver ECOS is not installed. 
Using SCS instead.
ECOS solver failed:  The solver ECOS is not installed. 
Using SCS instead.
ECOS solver failed:  The solver ECOS is not installed. 
Using SCS instead.
ECOS solver failed:  The solver ECOS is not installed. 
Using SCS instead.
ECOS solver failed:  The solver ECOS is not installed. 
Using SCS instead.
ECOS solver failed:  The solver ECOS is not installed. 
Using SCS instead.
ECOS solver failed:  The solver ECOS is not installed. 
Using SCS instead.
ECOS solver failed:  The solver ECOS is not installed. 
Using SCS instead.
ECOS solver failed:  The solver ECOS is not installed. 
Using SCS instead.
ECOS solver failed:  The solver ECOS is not installed. 
Using SCS instead.
ECOS solver failed:  The solver ECOS is not installed. 
Using SCS instead.
ECOS solver failed:  The solver ECOS is not installed. 
Using SCS instead.
ECOS solver failed:  The solver ECOS is not installed. 
Using SCS instead.
ECOS solver failed:  The solver ECOS is not installed. 
Using SCS instead.
ECOS solver failed:  The solver ECOS is not installed. 
Using SCS instead.
ECOS solver failed:  The solver ECOS is not installed. 
Using SCS instead.
M-step Design Matrix Calculation time (sec): 0.0190
ECOS solver failed in IPCW_HAL_init, falling back to SCS: The solver ECOS is not installed.
WARNING - large complementary slackness residual: 0.005151
M-step CVXPY optimize time (sec): 3.2157
ECOS solver failed:  The solver ECOS is not installed. 
Using SCS instead.
ECOS solver failed:  The solver ECOS is not installed. 
Using SCS instead.
ECOS solver failed:  The solver ECOS is not installed. 
Using SCS instead.
ECOS solver failed:  The solver ECOS is not installed. 
Using SCS instead.
ECOS solver failed:  The solver ECOS is not installed. 
Using SCS instead.
ECOS solver failed:  The solver ECOS is not installed. 
Using SCS instead.
ECOS solver failed:  The solver ECOS is not installed. 
Using SCS instead.
ECOS solver failed:  The solver ECOS is not installed. 
Using SCS instead.
ECOS solver failed:  The solver ECOS is not installed. 
Using SCS instead.
ECOS solver failed:  The solver ECOS is not installed. 
Using SCS instead.
ECOS solver failed:  The solver ECOS is not installed. 
Using SCS instead.
ECOS solver failed:  The solver ECOS is not installed. 
Using SCS instead.
ECOS solver failed:  The solver ECOS is not installed. 
Using SCS instead.
ECOS solver failed:  The solver ECOS is not installed. 
Using SCS instead.
ECOS solver failed:  The solver ECOS is not installed. 
Using SCS instead.
ECOS solver failed:  The solver ECOS is not installed. 
Using SCS instead.
ECOS solver failed:  The solver ECOS is not installed. 
Using SCS instead.
ECOS solver failed:  The solver ECOS is not installed. 
Using SCS instead.
ECOS solver failed:  The solver ECOS is not installed. 
Using SCS instead.
ECOS solver failed:  The solver ECOS is not installed. 
Using SCS instead.
ECOS solver failed:  The solver ECOS is not installed. 
Using SCS instead.
M-step Design Matrix Calculation time (sec): 0.1309
ECOS solver failed in IPCW_HAL_init, falling back to SCS: The solver ECOS is not installed.
WARNING - large complementary slackness residual: 0.008322
M-step CVXPY optimize time (sec): 2.1587
ECOS solver failed:  The solver ECOS is not installed. 
Using SCS instead.
ECOS solver failed:  The solver ECOS is not installed. 
Using SCS instead.
ECOS solver failed:  The solver ECOS is not installed. 
Using SCS instead.
ECOS solver failed:  The solver ECOS is not installed. 
Using SCS instead.
ECOS solver failed:  The solver ECOS is not installed. 
Using SCS instead.
ECOS solver failed:  The solver ECOS is not installed. 
Using SCS instead.
ECOS solver failed:  The solver ECOS is not installed. 
Using SCS instead.
ECOS solver failed:  The solver ECOS is not installed. 
Using SCS instead.
ECOS solver failed:  The solver ECOS is not installed. 
Using SCS instead.
ECOS solver failed:  The solver ECOS is not installed. 
Using SCS instead.
ECOS solver failed:  The solver ECOS is not installed. 
Using SCS instead.
ECOS solver failed:  The solver ECOS is not installed. 
Using SCS instead.
ECOS solver failed:  The solver ECOS is not installed. 
Using SCS instead.
ECOS solver failed:  The solver ECOS is not installed. 
Using SCS instead.
ECOS solver failed:  The solver ECOS is not installed. 
Using SCS instead.
ECOS solver failed:  The solver ECOS is not installed. 
Using SCS instead.
ECOS solver failed:  The solver ECOS is not installed. 
Using SCS instead.
ECOS solver failed:  The solver ECOS is not installed. 
Using SCS instead.
ECOS solver failed:  The solver ECOS is not installed. 
Using SCS instead.
ECOS solver failed:  The solver ECOS is not installed. 
Using SCS instead.
ECOS solver failed:  The solver ECOS is not installed. 
Using SCS instead.
M-step Design Matrix Calculation time (sec): 0.0366
ECOS solver failed in IPCW_HAL_init, falling back to SCS: The solver ECOS is not installed.
WARNING - large complementary slackness residual: 0.015452
M-step CVXPY optimize time (sec): 1.6134
ECOS solver failed:  The solver ECOS is not installed. 
Using SCS instead.
ECOS solver failed:  The solver ECOS is not installed. 
Using SCS instead.
ECOS solver failed:  The solver ECOS is not installed. 
Using SCS instead.
ECOS solver failed:  The solver ECOS is not installed. 
Using SCS instead.
ECOS solver failed:  The solver ECOS is not installed. 
Using SCS instead.
ECOS solver failed:  The solver ECOS is not installed. 
Using SCS instead.
ECOS solver failed:  The solver ECOS is not installed. 
Using SCS instead.
ECOS solver failed:  The solver ECOS is not installed. 
Using SCS instead.
ECOS solver failed:  The solver ECOS is not installed. 
Using SCS instead.
ECOS solver failed:  The solver ECOS is not installed. 
Using SCS instead.
ECOS solver failed:  The solver ECOS is not installed. 
Using SCS instead.
ECOS solver failed:  The solver ECOS is not installed. 
Using SCS instead.
ECOS solver failed:  The solver ECOS is not installed. 
Using SCS instead.
ECOS solver failed:  The solver ECOS is not installed. 
Using SCS instead.
ECOS solver failed:  The solver ECOS is not installed. 
Using SCS instead.
ECOS solver failed:  The solver ECOS is not installed. 
Using SCS instead.
ECOS solver failed:  The solver ECOS is not installed. 
Using SCS instead.
ECOS solver failed:  The solver ECOS is not installed. 
Using SCS instead.
ECOS solver failed:  The solver ECOS is not installed. 
Using SCS instead.
ECOS solver failed:  The solver ECOS is not installed. 
Using SCS instead.
ECOS solver failed:  The solver ECOS is not installed. 
Using SCS instead.
M-step Design Matrix Calculation time (sec): 0.0200
ECOS solver failed in IPCW_HAL_init, falling back to SCS: The solver ECOS is not installed.
WARNING - large complementary slackness residual: 0.021000
M-step CVXPY optimize time (sec): 1.1583
ECOS solver failed:  The solver ECOS is not installed. 
Using SCS instead.
ECOS solver failed:  The solver ECOS is not installed. 
Using SCS instead.
ECOS solver failed:  The solver ECOS is not installed. 
Using SCS instead.
ECOS solver failed:  The solver ECOS is not installed. 
Using SCS instead.
ECOS solver failed:  The solver ECOS is not installed. 
Using SCS instead.
ECOS solver failed:  The solver ECOS is not installed. 
Using SCS instead.
ECOS solver failed:  The solver ECOS is not installed. 
Using SCS instead.
ECOS solver failed:  The solver ECOS is not installed. 
Using SCS instead.
ECOS solver failed:  The solver ECOS is not installed. 
Using SCS instead.
ECOS solver failed:  The solver ECOS is not installed. 
Using SCS instead.
ECOS solver failed:  The solver ECOS is not installed. 
Using SCS instead.
ECOS solver failed:  The solver ECOS is not installed. 
Using SCS instead.
ECOS solver failed:  The solver ECOS is not installed. 
Using SCS instead.
ECOS solver failed:  The solver ECOS is not installed. 
Using SCS instead.
ECOS solver failed:  The solver ECOS is not installed. 
Using SCS instead.
ECOS solver failed:  The solver ECOS is not installed. 
Using SCS instead.
ECOS solver failed:  The solver ECOS is not installed. 
Using SCS instead.
ECOS solver failed:  The solver ECOS is not installed. 
Using SCS instead.
ECOS solver failed:  The solver ECOS is not installed. 
Using SCS instead.
ECOS solver failed:  The solver ECOS is not installed. 
Using SCS instead.
ECOS solver failed:  The solver ECOS is not installed. 
Using SCS instead.
M-step Design Matrix Calculation time (sec): 0.0243
ECOS solver failed in IPCW_HAL_init, falling back to SCS: The solver ECOS is not installed.
M-step CVXPY optimize time (sec): 0.6930
ECOS solver failed:  The solver ECOS is not installed. 
Using SCS instead.
ECOS solver failed:  The solver ECOS is not installed. 
Using SCS instead.
ECOS solver failed:  The solver ECOS is not installed. 
Using SCS instead.
ECOS solver failed:  The solver ECOS is not installed. 
Using SCS instead.
ECOS solver failed:  The solver ECOS is not installed. 
Using SCS instead.
ECOS solver failed:  The solver ECOS is not installed. 
Using SCS instead.
ECOS solver failed:  The solver ECOS is not installed. 
Using SCS instead.
ECOS solver failed:  The solver ECOS is not installed. 
Using SCS instead.
ECOS solver failed:  The solver ECOS is not installed. 
Using SCS instead.
ECOS solver failed:  The solver ECOS is not installed. 
Using SCS instead.
ECOS solver failed:  The solver ECOS is not installed. 
Using SCS instead.
ECOS solver failed:  The solver ECOS is not installed. 
Using SCS instead.
ECOS solver failed:  The solver ECOS is not installed. 
Using SCS instead.
ECOS solver failed:  The solver ECOS is not installed. 
Using SCS instead.
ECOS solver failed:  The solver ECOS is not installed. 
Using SCS instead.
ECOS solver failed:  The solver ECOS is not installed. 
Using SCS instead.
ECOS solver failed:  The solver ECOS is not installed. 
Using SCS instead.
ECOS solver failed:  The solver ECOS is not installed. 
Using SCS instead.
ECOS solver failed:  The solver ECOS is not installed. 
Using SCS instead.
ECOS solver failed:  The solver ECOS is not installed. 
Using SCS instead.
ECOS solver failed:  The solver ECOS is not installed. 
Using SCS instead.
M-step Design Matrix Calculation time (sec): 0.0318
ECOS solver failed in IPCW_HAL_init, falling back to SCS: The solver ECOS is not installed.
M-step CVXPY optimize time (sec): 0.8768
ECOS solver failed:  The solver ECOS is not installed. 
Using SCS instead.
ECOS solver failed:  The solver ECOS is not installed. 
Using SCS instead.
ECOS solver failed:  The solver ECOS is not installed. 
Using SCS instead.
ECOS solver failed:  The solver ECOS is not installed. 
Using SCS instead.
ECOS solver failed:  The solver ECOS is not installed. 
Using SCS instead.
ECOS solver failed:  The solver ECOS is not installed. 
Using SCS instead.
ECOS solver failed:  The solver ECOS is not installed. 
Using SCS instead.
ECOS solver failed:  The solver ECOS is not installed. 
Using SCS instead.
ECOS solver failed:  The solver ECOS is not installed. 
Using SCS instead.
ECOS solver failed:  The solver ECOS is not installed. 
Using SCS instead.
ECOS solver failed:  The solver ECOS is not installed. 
Using SCS instead.
ECOS solver failed:  The solver ECOS is not installed. 
Using SCS instead.
ECOS solver failed:  The solver ECOS is not installed. 
Using SCS instead.
ECOS solver failed:  The solver ECOS is not installed. 
Using SCS instead.
ECOS solver failed:  The solver ECOS is not installed. 
Using SCS instead.
ECOS solver failed:  The solver ECOS is not installed. 
Using SCS instead.
ECOS solver failed:  The solver ECOS is not installed. 
Using SCS instead.
ECOS solver failed:  The solver ECOS is not installed. 
Using SCS instead.
ECOS solver failed:  The solver ECOS is not installed. 
Using SCS instead.
ECOS solver failed:  The solver ECOS is not installed. 
Using SCS instead.
ECOS solver failed:  The solver ECOS is not installed. 
Using SCS instead.
M-step Design Matrix Calculation time (sec): 0.0280
ECOS solver failed in IPCW_HAL_init, falling back to SCS: The solver ECOS is not installed.
WARNING - large complementary slackness residual: 0.006683
M-step CVXPY optimize time (sec): 1.3340
ECOS solver failed:  The solver ECOS is not installed. 
Using SCS instead.
ECOS solver failed:  The solver ECOS is not installed. 
Using SCS instead.
ECOS solver failed:  The solver ECOS is not installed. 
Using SCS instead.
ECOS solver failed:  The solver ECOS is not installed. 
Using SCS instead.
ECOS solver failed:  The solver ECOS is not installed. 
Using SCS instead.
ECOS solver failed:  The solver ECOS is not installed. 
Using SCS instead.
ECOS solver failed:  The solver ECOS is not installed. 
Using SCS instead.
ECOS solver failed:  The solver ECOS is not installed. 
Using SCS instead.
ECOS solver failed:  The solver ECOS is not installed. 
Using SCS instead.
ECOS solver failed:  The solver ECOS is not installed. 
Using SCS instead.
ECOS solver failed:  The solver ECOS is not installed. 
Using SCS instead.
ECOS solver failed:  The solver ECOS is not installed. 
Using SCS instead.
ECOS solver failed:  The solver ECOS is not installed. 
Using SCS instead.
ECOS solver failed:  The solver ECOS is not installed. 
Using SCS instead.
ECOS solver failed:  The solver ECOS is not installed. 
Using SCS instead.
ECOS solver failed:  The solver ECOS is not installed. 
Using SCS instead.
ECOS solver failed:  The solver ECOS is not installed. 
Using SCS instead.
ECOS solver failed:  The solver ECOS is not installed. 
Using SCS instead.
ECOS solver failed:  The solver ECOS is not installed. 
Using SCS instead.
ECOS solver failed:  The solver ECOS is not installed. 
Using SCS instead.
ECOS solver failed:  The solver ECOS is not installed. 
Using SCS instead.
M-step Design Matrix Calculation time (sec): 0.0485
ECOS solver failed in IPCW_HAL_init, falling back to SCS: The solver ECOS is not installed.
M-step CVXPY optimize time (sec): 2.6843
ECOS solver failed:  The solver ECOS is not installed. 
Using SCS instead.
ECOS solver failed:  The solver ECOS is not installed. 
Using SCS instead.
ECOS solver failed:  The solver ECOS is not installed. 
Using SCS instead.
ECOS solver failed:  The solver ECOS is not installed. 
Using SCS instead.
ECOS solver failed:  The solver ECOS is not installed. 
Using SCS instead.
ECOS solver failed:  The solver ECOS is not installed. 
Using SCS instead.
ECOS solver failed:  The solver ECOS is not installed. 
Using SCS instead.
ECOS solver failed:  The solver ECOS is not installed. 
Using SCS instead.
ECOS solver failed:  The solver ECOS is not installed. 
Using SCS instead.
ECOS solver failed:  The solver ECOS is not installed. 
Using SCS instead.
ECOS solver failed:  The solver ECOS is not installed. 
Using SCS instead.
ECOS solver failed:  The solver ECOS is not installed. 
Using SCS instead.
ECOS solver failed:  The solver ECOS is not installed. 
Using SCS instead.
ECOS solver failed:  The solver ECOS is not installed. 
Using SCS instead.
ECOS solver failed:  The solver ECOS is not installed. 
Using SCS instead.
ECOS solver failed:  The solver ECOS is not installed. 
Using SCS instead.
ECOS solver failed:  The solver ECOS is not installed. 
Using SCS instead.
ECOS solver failed:  The solver ECOS is not installed. 
Using SCS instead.
ECOS solver failed:  The solver ECOS is not installed. 
Using SCS instead.
ECOS solver failed:  The solver ECOS is not installed. 
Using SCS instead.
ECOS solver failed:  The solver ECOS is not installed. 
Using SCS instead.
M-step Design Matrix Calculation time (sec): 0.0592
ECOS solver failed in IPCW_HAL_init, falling back to SCS: The solver ECOS is not installed.
M-step CVXPY optimize time (sec): 0.7402
ECOS solver failed:  The solver ECOS is not installed. 
Using SCS instead.
ECOS solver failed:  The solver ECOS is not installed. 
Using SCS instead.
ECOS solver failed:  The solver ECOS is not installed. 
Using SCS instead.
ECOS solver failed:  The solver ECOS is not installed. 
Using SCS instead.
ECOS solver failed:  The solver ECOS is not installed. 
Using SCS instead.
ECOS solver failed:  The solver ECOS is not installed. 
Using SCS instead.
ECOS solver failed:  The solver ECOS is not installed. 
Using SCS instead.
ECOS solver failed:  The solver ECOS is not installed. 
Using SCS instead.
ECOS solver failed:  The solver ECOS is not installed. 
Using SCS instead.
ECOS solver failed:  The solver ECOS is not installed. 
Using SCS instead.
ECOS solver failed:  The solver ECOS is not installed. 
Using SCS instead.
ECOS solver failed:  The solver ECOS is not installed. 
Using SCS instead.
ECOS solver failed:  The solver ECOS is not installed. 
Using SCS instead.
ECOS solver failed:  The solver ECOS is not installed. 
Using SCS instead.
ECOS solver failed:  The solver ECOS is not installed. 
Using SCS instead.
ECOS solver failed:  The solver ECOS is not installed. 
Using SCS instead.
ECOS solver failed:  The solver ECOS is not installed. 
Using SCS instead.
ECOS solver failed:  The solver ECOS is not installed. 
Using SCS instead.
ECOS solver failed:  The solver ECOS is not installed. 
Using SCS instead.
ECOS solver failed:  The solver ECOS is not installed. 
Using SCS instead.
ECOS solver failed:  The solver ECOS is not installed. 
Using SCS instead.
M-step Design Matrix Calculation time (sec): 0.0168
ECOS solver failed in IPCW_HAL_init, falling back to SCS: The solver ECOS is not installed.
M-step CVXPY optimize time (sec): 0.8859
ECOS solver failed:  The solver ECOS is not installed. 
Using SCS instead.
ECOS solver failed:  The solver ECOS is not installed. 
Using SCS instead.
ECOS solver failed:  The solver ECOS is not installed. 
Using SCS instead.
ECOS solver failed:  The solver ECOS is not installed. 
Using SCS instead.
ECOS solver failed:  The solver ECOS is not installed. 
Using SCS instead.
ECOS solver failed:  The solver ECOS is not installed. 
Using SCS instead.
ECOS solver failed:  The solver ECOS is not installed. 
Using SCS instead.
ECOS solver failed:  The solver ECOS is not installed. 
Using SCS instead.
ECOS solver failed:  The solver ECOS is not installed. 
Using SCS instead.
ECOS solver failed:  The solver ECOS is not installed. 
Using SCS instead.
ECOS solver failed:  The solver ECOS is not installed. 
Using SCS instead.
ECOS solver failed:  The solver ECOS is not installed. 
Using SCS instead.
ECOS solver failed:  The solver ECOS is not installed. 
Using SCS instead.
ECOS solver failed:  The solver ECOS is not installed. 
Using SCS instead.
ECOS solver failed:  The solver ECOS is not installed. 
Using SCS instead.
ECOS solver failed:  The solver ECOS is not installed. 
Using SCS instead.
ECOS solver failed:  The solver ECOS is not installed. 
Using SCS instead.
ECOS solver failed:  The solver ECOS is not installed. 
Using SCS instead.
ECOS solver failed:  The solver ECOS is not installed. 
Using SCS instead.
ECOS solver failed:  The solver ECOS is not installed. 
Using SCS instead.
ECOS solver failed:  The solver ECOS is not installed. 
Using SCS instead.
M-step Design Matrix Calculation time (sec): 0.0186
ECOS solver failed in IPCW_HAL_init, falling back to SCS: The solver ECOS is not installed.
M-step CVXPY optimize time (sec): 0.7178
ECOS solver failed:  The solver ECOS is not installed. 
Using SCS instead.
ECOS solver failed:  The solver ECOS is not installed. 
Using SCS instead.
ECOS solver failed:  The solver ECOS is not installed. 
Using SCS instead.
ECOS solver failed:  The solver ECOS is not installed. 
Using SCS instead.
ECOS solver failed:  The solver ECOS is not installed. 
Using SCS instead.
ECOS solver failed:  The solver ECOS is not installed. 
Using SCS instead.
ECOS solver failed:  The solver ECOS is not installed. 
Using SCS instead.
ECOS solver failed:  The solver ECOS is not installed. 
Using SCS instead.
ECOS solver failed:  The solver ECOS is not installed. 
Using SCS instead.
ECOS solver failed:  The solver ECOS is not installed. 
Using SCS instead.
ECOS solver failed:  The solver ECOS is not installed. 
Using SCS instead.
ECOS solver failed:  The solver ECOS is not installed. 
Using SCS instead.
ECOS solver failed:  The solver ECOS is not installed. 
Using SCS instead.
ECOS solver failed:  The solver ECOS is not installed. 
Using SCS instead.
ECOS solver failed:  The solver ECOS is not installed. 
Using SCS instead.
ECOS solver failed:  The solver ECOS is not installed. 
Using SCS instead.
ECOS solver failed:  The solver ECOS is not installed. 
Using SCS instead.
ECOS solver failed:  The solver ECOS is not installed. 
Using SCS instead.
ECOS solver failed:  The solver ECOS is not installed. 
Using SCS instead.
ECOS solver failed:  The solver ECOS is not installed. 
Using SCS instead.
ECOS solver failed:  The solver ECOS is not installed. 
Using SCS instead.
M-step Design Matrix Calculation time (sec): 0.0185
ECOS solver failed in IPCW_HAL_init, falling back to SCS: The solver ECOS is not installed.
M-step CVXPY optimize time (sec): 1.0249
ECOS solver failed:  The solver ECOS is not installed. 
Using SCS instead.
ECOS solver failed:  The solver ECOS is not installed. 
Using SCS instead.
ECOS solver failed:  The solver ECOS is not installed. 
Using SCS instead.
ECOS solver failed:  The solver ECOS is not installed. 
Using SCS instead.
ECOS solver failed:  The solver ECOS is not installed. 
Using SCS instead.
ECOS solver failed:  The solver ECOS is not installed. 
Using SCS instead.
ECOS solver failed:  The solver ECOS is not installed. 
Using SCS instead.
ECOS solver failed:  The solver ECOS is not installed. 
Using SCS instead.
ECOS solver failed:  The solver ECOS is not installed. 
Using SCS instead.
ECOS solver failed:  The solver ECOS is not installed. 
Using SCS instead.
ECOS solver failed:  The solver ECOS is not installed. 
Using SCS instead.
ECOS solver failed:  The solver ECOS is not installed. 
Using SCS instead.
ECOS solver failed:  The solver ECOS is not installed. 
Using SCS instead.
ECOS solver failed:  The solver ECOS is not installed. 
Using SCS instead.
ECOS solver failed:  The solver ECOS is not installed. 
Using SCS instead.
ECOS solver failed:  The solver ECOS is not installed. 
Using SCS instead.
ECOS solver failed:  The solver ECOS is not installed. 
Using SCS instead.
ECOS solver failed:  The solver ECOS is not installed. 
Using SCS instead.
ECOS solver failed:  The solver ECOS is not installed. 
Using SCS instead.
ECOS solver failed:  The solver ECOS is not installed. 
Using SCS instead.
ECOS solver failed:  The solver ECOS is not installed. 
Using SCS instead.
M-step Design Matrix Calculation time (sec): 0.2311
ECOS solver failed in IPCW_HAL_init, falling back to SCS: The solver ECOS is not installed.
WARNING - large complementary slackness residual: 0.030805
M-step CVXPY optimize time (sec): 2.0740
ECOS solver failed:  The solver ECOS is not installed. 
Using SCS instead.
ECOS solver failed:  The solver ECOS is not installed. 
Using SCS instead.
ECOS solver failed:  The solver ECOS is not installed. 
Using SCS instead.
ECOS solver failed:  The solver ECOS is not installed. 
Using SCS instead.
ECOS solver failed:  The solver ECOS is not installed. 
Using SCS instead.
ECOS solver failed:  The solver ECOS is not installed. 
Using SCS instead.
ECOS solver failed:  The solver ECOS is not installed. 
Using SCS instead.
ECOS solver failed:  The solver ECOS is not installed. 
Using SCS instead.
ECOS solver failed:  The solver ECOS is not installed. 
Using SCS instead.
ECOS solver failed:  The solver ECOS is not installed. 
Using SCS instead.
ECOS solver failed:  The solver ECOS is not installed. 
Using SCS instead.
ECOS solver failed:  The solver ECOS is not installed. 
Using SCS instead.
ECOS solver failed:  The solver ECOS is not installed. 
Using SCS instead.
ECOS solver failed:  The solver ECOS is not installed. 
Using SCS instead.
ECOS solver failed:  The solver ECOS is not installed. 
Using SCS instead.
ECOS solver failed:  The solver ECOS is not installed. 
Using SCS instead.
ECOS solver failed:  The solver ECOS is not installed. 
Using SCS instead.
ECOS solver failed:  The solver ECOS is not installed. 
Using SCS instead.
ECOS solver failed:  The solver ECOS is not installed. 
Using SCS instead.
ECOS solver failed:  The solver ECOS is not installed. 
Using SCS instead.
ECOS solver failed:  The solver ECOS is not installed. 
Using SCS instead.
M-step Design Matrix Calculation time (sec): 0.0543
ECOS solver failed in IPCW_HAL_init, falling back to SCS: The solver ECOS is not installed.
WARNING - large complementary slackness residual: 0.008071
M-step CVXPY optimize time (sec): 2.7513
ECOS solver failed:  The solver ECOS is not installed. 
Using SCS instead.
ECOS solver failed:  The solver ECOS is not installed. 
Using SCS instead.
ECOS solver failed:  The solver ECOS is not installed. 
Using SCS instead.
ECOS solver failed:  The solver ECOS is not installed. 
Using SCS instead.
ECOS solver failed:  The solver ECOS is not installed. 
Using SCS instead.
ECOS solver failed:  The solver ECOS is not installed. 
Using SCS instead.
ECOS solver failed:  The solver ECOS is not installed. 
Using SCS instead.
ECOS solver failed:  The solver ECOS is not installed. 
Using SCS instead.
ECOS solver failed:  The solver ECOS is not installed. 
Using SCS instead.
ECOS solver failed:  The solver ECOS is not installed. 
Using SCS instead.
ECOS solver failed:  The solver ECOS is not installed. 
Using SCS instead.
ECOS solver failed:  The solver ECOS is not installed. 
Using SCS instead.
ECOS solver failed:  The solver ECOS is not installed. 
Using SCS instead.
ECOS solver failed:  The solver ECOS is not installed. 
Using SCS instead.
ECOS solver failed:  The solver ECOS is not installed. 
Using SCS instead.
ECOS solver failed:  The solver ECOS is not installed. 
Using SCS instead.
ECOS solver failed:  The solver ECOS is not installed. 
Using SCS instead.
ECOS solver failed:  The solver ECOS is not installed. 
Using SCS instead.
ECOS solver failed:  The solver ECOS is not installed. 
Using SCS instead.
ECOS solver failed:  The solver ECOS is not installed. 
Using SCS instead.
ECOS solver failed:  The solver ECOS is not installed. 
Using SCS instead.
M-step Design Matrix Calculation time (sec): 0.0578
ECOS solver failed in IPCW_HAL_init, falling back to SCS: The solver ECOS is not installed.
WARNING - large complementary slackness residual: 0.012065
M-step CVXPY optimize time (sec): 1.1906
ECOS solver failed:  The solver ECOS is not installed. 
Using SCS instead.
ECOS solver failed:  The solver ECOS is not installed. 
Using SCS instead.
ECOS solver failed:  The solver ECOS is not installed. 
Using SCS instead.
ECOS solver failed:  The solver ECOS is not installed. 
Using SCS instead.
ECOS solver failed:  The solver ECOS is not installed. 
Using SCS instead.
ECOS solver failed:  The solver ECOS is not installed. 
Using SCS instead.
ECOS solver failed:  The solver ECOS is not installed. 
Using SCS instead.
ECOS solver failed:  The solver ECOS is not installed. 
Using SCS instead.
ECOS solver failed:  The solver ECOS is not installed. 
Using SCS instead.
ECOS solver failed:  The solver ECOS is not installed. 
Using SCS instead.
ECOS solver failed:  The solver ECOS is not installed. 
Using SCS instead.
ECOS solver failed:  The solver ECOS is not installed. 
Using SCS instead.
ECOS solver failed:  The solver ECOS is not installed. 
Using SCS instead.
ECOS solver failed:  The solver ECOS is not installed. 
Using SCS instead.
ECOS solver failed:  The solver ECOS is not installed. 
Using SCS instead.
ECOS solver failed:  The solver ECOS is not installed. 
Using SCS instead.
ECOS solver failed:  The solver ECOS is not installed. 
Using SCS instead.
ECOS solver failed:  The solver ECOS is not installed. 
Using SCS instead.
ECOS solver failed:  The solver ECOS is not installed. 
Using SCS instead.
ECOS solver failed:  The solver ECOS is not installed. 
Using SCS instead.
ECOS solver failed:  The solver ECOS is not installed. 
Using SCS instead.
M-step Design Matrix Calculation time (sec): 0.0179
ECOS solver failed in IPCW_HAL_init, falling back to SCS: The solver ECOS is not installed.
M-step CVXPY optimize time (sec): 0.9069
ECOS solver failed:  The solver ECOS is not installed. 
Using SCS instead.
ECOS solver failed:  The solver ECOS is not installed. 
Using SCS instead.
ECOS solver failed:  The solver ECOS is not installed. 
Using SCS instead.
ECOS solver failed:  The solver ECOS is not installed. 
Using SCS instead.
ECOS solver failed:  The solver ECOS is not installed. 
Using SCS instead.
ECOS solver failed:  The solver ECOS is not installed. 
Using SCS instead.
ECOS solver failed:  The solver ECOS is not installed. 
Using SCS instead.
ECOS solver failed:  The solver ECOS is not installed. 
Using SCS instead.
ECOS solver failed:  The solver ECOS is not installed. 
Using SCS instead.
ECOS solver failed:  The solver ECOS is not installed. 
Using SCS instead.
ECOS solver failed:  The solver ECOS is not installed. 
Using SCS instead.
ECOS solver failed:  The solver ECOS is not installed. 
Using SCS instead.
ECOS solver failed:  The solver ECOS is not installed. 
Using SCS instead.
ECOS solver failed:  The solver ECOS is not installed. 
Using SCS instead.
ECOS solver failed:  The solver ECOS is not installed. 
Using SCS instead.
ECOS solver failed:  The solver ECOS is not installed. 
Using SCS instead.
ECOS solver failed:  The solver ECOS is not installed. 
Using SCS instead.
ECOS solver failed:  The solver ECOS is not installed. 
Using SCS instead.
ECOS solver failed:  The solver ECOS is not installed. 
Using SCS instead.
ECOS solver failed:  The solver ECOS is not installed. 
Using SCS instead.
ECOS solver failed:  The solver ECOS is not installed. 
Using SCS instead.
M-step Design Matrix Calculation time (sec): 0.0333
ECOS solver failed in IPCW_HAL_init, falling back to SCS: The solver ECOS is not installed.
M-step CVXPY optimize time (sec): 1.0781
ECOS solver failed:  The solver ECOS is not installed. 
Using SCS instead.
ECOS solver failed:  The solver ECOS is not installed. 
Using SCS instead.
ECOS solver failed:  The solver ECOS is not installed. 
Using SCS instead.
ECOS solver failed:  The solver ECOS is not installed. 
Using SCS instead.
ECOS solver failed:  The solver ECOS is not installed. 
Using SCS instead.
ECOS solver failed:  The solver ECOS is not installed. 
Using SCS instead.
ECOS solver failed:  The solver ECOS is not installed. 
Using SCS instead.
ECOS solver failed:  The solver ECOS is not installed. 
Using SCS instead.
ECOS solver failed:  The solver ECOS is not installed. 
Using SCS instead.
ECOS solver failed:  The solver ECOS is not installed. 
Using SCS instead.
ECOS solver failed:  The solver ECOS is not installed. 
Using SCS instead.
ECOS solver failed:  The solver ECOS is not installed. 
Using SCS instead.
ECOS solver failed:  The solver ECOS is not installed. 
Using SCS instead.
ECOS solver failed:  The solver ECOS is not installed. 
Using SCS instead.
ECOS solver failed:  The solver ECOS is not installed. 
Using SCS instead.
ECOS solver failed:  The solver ECOS is not installed. 
Using SCS instead.
ECOS solver failed:  The solver ECOS is not installed. 
Using SCS instead.
ECOS solver failed:  The solver ECOS is not installed. 
Using SCS instead.
ECOS solver failed:  The solver ECOS is not installed. 
Using SCS instead.
ECOS solver failed:  The solver ECOS is not installed. 
Using SCS instead.
ECOS solver failed:  The solver ECOS is not installed. 
Using SCS instead.
M-step Design Matrix Calculation time (sec): 0.0167
ECOS solver failed in IPCW_HAL_init, falling back to SCS: The solver ECOS is not installed.
M-step CVXPY optimize time (sec): 0.8930
ECOS solver failed:  The solver ECOS is not installed. 
Using SCS instead.
ECOS solver failed:  The solver ECOS is not installed. 
Using SCS instead.
ECOS solver failed:  The solver ECOS is not installed. 
Using SCS instead.
ECOS solver failed:  The solver ECOS is not installed. 
Using SCS instead.
ECOS solver failed:  The solver ECOS is not installed. 
Using SCS instead.
ECOS solver failed:  The solver ECOS is not installed. 
Using SCS instead.
ECOS solver failed:  The solver ECOS is not installed. 
Using SCS instead.
ECOS solver failed:  The solver ECOS is not installed. 
Using SCS instead.
ECOS solver failed:  The solver ECOS is not installed. 
Using SCS instead.
ECOS solver failed:  The solver ECOS is not installed. 
Using SCS instead.
ECOS solver failed:  The solver ECOS is not installed. 
Using SCS instead.
ECOS solver failed:  The solver ECOS is not installed. 
Using SCS instead.
ECOS solver failed:  The solver ECOS is not installed. 
Using SCS instead.
ECOS solver failed:  The solver ECOS is not installed. 
Using SCS instead.
ECOS solver failed:  The solver ECOS is not installed. 
Using SCS instead.
ECOS solver failed:  The solver ECOS is not installed. 
Using SCS instead.
ECOS solver failed:  The solver ECOS is not installed. 
Using SCS instead.
ECOS solver failed:  The solver ECOS is not installed. 
Using SCS instead.
ECOS solver failed:  The solver ECOS is not installed. 
Using SCS instead.
ECOS solver failed:  The solver ECOS is not installed. 
Using SCS instead.
ECOS solver failed:  The solver ECOS is not installed. 
Using SCS instead.
M-step Design Matrix Calculation time (sec): 0.0202
ECOS solver failed in IPCW_HAL_init, falling back to SCS: The solver ECOS is not installed.
WARNING - large complementary slackness residual: 0.026968
M-step CVXPY optimize time (sec): 1.4547
ECOS solver failed:  The solver ECOS is not installed. 
Using SCS instead.
ECOS solver failed:  The solver ECOS is not installed. 
Using SCS instead.
ECOS solver failed:  The solver ECOS is not installed. 
Using SCS instead.
ECOS solver failed:  The solver ECOS is not installed. 
Using SCS instead.
ECOS solver failed:  The solver ECOS is not installed. 
Using SCS instead.
ECOS solver failed:  The solver ECOS is not installed. 
Using SCS instead.
ECOS solver failed:  The solver ECOS is not installed. 
Using SCS instead.
ECOS solver failed:  The solver ECOS is not installed. 
Using SCS instead.
ECOS solver failed:  The solver ECOS is not installed. 
Using SCS instead.
ECOS solver failed:  The solver ECOS is not installed. 
Using SCS instead.
ECOS solver failed:  The solver ECOS is not installed. 
Using SCS instead.
ECOS solver failed:  The solver ECOS is not installed. 
Using SCS instead.
ECOS solver failed:  The solver ECOS is not installed. 
Using SCS instead.
ECOS solver failed:  The solver ECOS is not installed. 
Using SCS instead.
ECOS solver failed:  The solver ECOS is not installed. 
Using SCS instead.
ECOS solver failed:  The solver ECOS is not installed. 
Using SCS instead.
ECOS solver failed:  The solver ECOS is not installed. 
Using SCS instead.
ECOS solver failed:  The solver ECOS is not installed. 
Using SCS instead.
ECOS solver failed:  The solver ECOS is not installed. 
Using SCS instead.
ECOS solver failed:  The solver ECOS is not installed. 
Using SCS instead.
ECOS solver failed:  The solver ECOS is not installed. 
Using SCS instead.
M-step Design Matrix Calculation time (sec): 0.0451
ECOS solver failed in IPCW_HAL_init, falling back to SCS: The solver ECOS is not installed.
WARNING - large complementary slackness residual: 0.005994
M-step CVXPY optimize time (sec): 3.0109
ECOS solver failed:  The solver ECOS is not installed. 
Using SCS instead.
ECOS solver failed:  The solver ECOS is not installed. 
Using SCS instead.
ECOS solver failed:  The solver ECOS is not installed. 
Using SCS instead.
ECOS solver failed:  The solver ECOS is not installed. 
Using SCS instead.
ECOS solver failed:  The solver ECOS is not installed. 
Using SCS instead.
ECOS solver failed:  The solver ECOS is not installed. 
Using SCS instead.
ECOS solver failed:  The solver ECOS is not installed. 
Using SCS instead.
ECOS solver failed:  The solver ECOS is not installed. 
Using SCS instead.
ECOS solver failed:  The solver ECOS is not installed. 
Using SCS instead.
ECOS solver failed:  The solver ECOS is not installed. 
Using SCS instead.
ECOS solver failed:  The solver ECOS is not installed. 
Using SCS instead.
ECOS solver failed:  The solver ECOS is not installed. 
Using SCS instead.
ECOS solver failed:  The solver ECOS is not installed. 
Using SCS instead.
ECOS solver failed:  The solver ECOS is not installed. 
Using SCS instead.
ECOS solver failed:  The solver ECOS is not installed. 
Using SCS instead.
ECOS solver failed:  The solver ECOS is not installed. 
Using SCS instead.
ECOS solver failed:  The solver ECOS is not installed. 
Using SCS instead.
ECOS solver failed:  The solver ECOS is not installed. 
Using SCS instead.
ECOS solver failed:  The solver ECOS is not installed. 
Using SCS instead.
ECOS solver failed:  The solver ECOS is not installed. 
Using SCS instead.
ECOS solver failed:  The solver ECOS is not installed. 
Using SCS instead.
M-step Design Matrix Calculation time (sec): 0.0615
ECOS solver failed in IPCW_HAL_init, falling back to SCS: The solver ECOS is not installed.
WARNING - large complementary slackness residual: 0.006263
M-step CVXPY optimize time (sec): 2.0664
ECOS solver failed:  The solver ECOS is not installed. 
Using SCS instead.
ECOS solver failed:  The solver ECOS is not installed. 
Using SCS instead.
ECOS solver failed:  The solver ECOS is not installed. 
Using SCS instead.
ECOS solver failed:  The solver ECOS is not installed. 
Using SCS instead.
ECOS solver failed:  The solver ECOS is not installed. 
Using SCS instead.
ECOS solver failed:  The solver ECOS is not installed. 
Using SCS instead.
ECOS solver failed:  The solver ECOS is not installed. 
Using SCS instead.
ECOS solver failed:  The solver ECOS is not installed. 
Using SCS instead.
ECOS solver failed:  The solver ECOS is not installed. 
Using SCS instead.
ECOS solver failed:  The solver ECOS is not installed. 
Using SCS instead.
ECOS solver failed:  The solver ECOS is not installed. 
Using SCS instead.
ECOS solver failed:  The solver ECOS is not installed. 
Using SCS instead.
ECOS solver failed:  The solver ECOS is not installed. 
Using SCS instead.
ECOS solver failed:  The solver ECOS is not installed. 
Using SCS instead.
ECOS solver failed:  The solver ECOS is not installed. 
Using SCS instead.
ECOS solver failed:  The solver ECOS is not installed. 
Using SCS instead.
ECOS solver failed:  The solver ECOS is not installed. 
Using SCS instead.
ECOS solver failed:  The solver ECOS is not installed. 
Using SCS instead.
ECOS solver failed:  The solver ECOS is not installed. 
Using SCS instead.
ECOS solver failed:  The solver ECOS is not installed. 
Using SCS instead.
ECOS solver failed:  The solver ECOS is not installed. 
Using SCS instead.
M-step Design Matrix Calculation time (sec): 0.0283
ECOS solver failed in IPCW_HAL_init, falling back to SCS: The solver ECOS is not installed.
WARNING - large complementary slackness residual: 0.017634
M-step CVXPY optimize time (sec): 3.7357
ECOS solver failed:  The solver ECOS is not installed. 
Using SCS instead.
ECOS solver failed:  The solver ECOS is not installed. 
Using SCS instead.
ECOS solver failed:  The solver ECOS is not installed. 
Using SCS instead.
ECOS solver failed:  The solver ECOS is not installed. 
Using SCS instead.
ECOS solver failed:  The solver ECOS is not installed. 
Using SCS instead.
ECOS solver failed:  The solver ECOS is not installed. 
Using SCS instead.
ECOS solver failed:  The solver ECOS is not installed. 
Using SCS instead.
ECOS solver failed:  The solver ECOS is not installed. 
Using SCS instead.
ECOS solver failed:  The solver ECOS is not installed. 
Using SCS instead.
ECOS solver failed:  The solver ECOS is not installed. 
Using SCS instead.
ECOS solver failed:  The solver ECOS is not installed. 
Using SCS instead.
ECOS solver failed:  The solver ECOS is not installed. 
Using SCS instead.
ECOS solver failed:  The solver ECOS is not installed. 
Using SCS instead.
ECOS solver failed:  The solver ECOS is not installed. 
Using SCS instead.
ECOS solver failed:  The solver ECOS is not installed. 
Using SCS instead.
ECOS solver failed:  The solver ECOS is not installed. 
Using SCS instead.
ECOS solver failed:  The solver ECOS is not installed. 
Using SCS instead.
ECOS solver failed:  The solver ECOS is not installed. 
Using SCS instead.
ECOS solver failed:  The solver ECOS is not installed. 
Using SCS instead.
ECOS solver failed:  The solver ECOS is not installed. 
Using SCS instead.
ECOS solver failed:  The solver ECOS is not installed. 
Using SCS instead.
M-step Design Matrix Calculation time (sec): 0.0193
ECOS solver failed in IPCW_HAL_init, falling back to SCS: The solver ECOS is not installed.
WARNING - large complementary slackness residual: 0.015847
M-step CVXPY optimize time (sec): 2.5308
ECOS solver failed:  The solver ECOS is not installed. 
Using SCS instead.
ECOS solver failed:  The solver ECOS is not installed. 
Using SCS instead.
ECOS solver failed:  The solver ECOS is not installed. 
Using SCS instead.
ECOS solver failed:  The solver ECOS is not installed. 
Using SCS instead.
ECOS solver failed:  The solver ECOS is not installed. 
Using SCS instead.
ECOS solver failed:  The solver ECOS is not installed. 
Using SCS instead.
ECOS solver failed:  The solver ECOS is not installed. 
Using SCS instead.
ECOS solver failed:  The solver ECOS is not installed. 
Using SCS instead.
ECOS solver failed:  The solver ECOS is not installed. 
Using SCS instead.
ECOS solver failed:  The solver ECOS is not installed. 
Using SCS instead.
ECOS solver failed:  The solver ECOS is not installed. 
Using SCS instead.
ECOS solver failed:  The solver ECOS is not installed. 
Using SCS instead.
ECOS solver failed:  The solver ECOS is not installed. 
Using SCS instead.
ECOS solver failed:  The solver ECOS is not installed. 
Using SCS instead.
ECOS solver failed:  The solver ECOS is not installed. 
Using SCS instead.
ECOS solver failed:  The solver ECOS is not installed. 
Using SCS instead.
ECOS solver failed:  The solver ECOS is not installed. 
Using SCS instead.
ECOS solver failed:  The solver ECOS is not installed. 
Using SCS instead.
ECOS solver failed:  The solver ECOS is not installed. 
Using SCS instead.
ECOS solver failed:  The solver ECOS is not installed. 
Using SCS instead.
ECOS solver failed:  The solver ECOS is not installed. 
Using SCS instead.
M-step Design Matrix Calculation time (sec): 0.0178
ECOS solver failed in IPCW_HAL_init, falling back to SCS: The solver ECOS is not installed.
M-step CVXPY optimize time (sec): 1.1037
ECOS solver failed:  The solver ECOS is not installed. 
Using SCS instead.
ECOS solver failed:  The solver ECOS is not installed. 
Using SCS instead.
ECOS solver failed:  The solver ECOS is not installed. 
Using SCS instead.
ECOS solver failed:  The solver ECOS is not installed. 
Using SCS instead.
ECOS solver failed:  The solver ECOS is not installed. 
Using SCS instead.
ECOS solver failed:  The solver ECOS is not installed. 
Using SCS instead.
ECOS solver failed:  The solver ECOS is not installed. 
Using SCS instead.
ECOS solver failed:  The solver ECOS is not installed. 
Using SCS instead.
ECOS solver failed:  The solver ECOS is not installed. 
Using SCS instead.
ECOS solver failed:  The solver ECOS is not installed. 
Using SCS instead.
ECOS solver failed:  The solver ECOS is not installed. 
Using SCS instead.
ECOS solver failed:  The solver ECOS is not installed. 
Using SCS instead.
ECOS solver failed:  The solver ECOS is not installed. 
Using SCS instead.
ECOS solver failed:  The solver ECOS is not installed. 
Using SCS instead.
ECOS solver failed:  The solver ECOS is not installed. 
Using SCS instead.
ECOS solver failed:  The solver ECOS is not installed. 
Using SCS instead.
ECOS solver failed:  The solver ECOS is not installed. 
Using SCS instead.
ECOS solver failed:  The solver ECOS is not installed. 
Using SCS instead.
ECOS solver failed:  The solver ECOS is not installed. 
Using SCS instead.
ECOS solver failed:  The solver ECOS is not installed. 
Using SCS instead.
ECOS solver failed:  The solver ECOS is not installed. 
Using SCS instead.
M-step Design Matrix Calculation time (sec): 0.0179
ECOS solver failed in IPCW_HAL_init, falling back to SCS: The solver ECOS is not installed.
WARNING - large complementary slackness residual: 0.015709
M-step CVXPY optimize time (sec): 1.2676
ECOS solver failed:  The solver ECOS is not installed. 
Using SCS instead.
ECOS solver failed:  The solver ECOS is not installed. 
Using SCS instead.
ECOS solver failed:  The solver ECOS is not installed. 
Using SCS instead.
ECOS solver failed:  The solver ECOS is not installed. 
Using SCS instead.
ECOS solver failed:  The solver ECOS is not installed. 
Using SCS instead.
ECOS solver failed:  The solver ECOS is not installed. 
Using SCS instead.
ECOS solver failed:  The solver ECOS is not installed. 
Using SCS instead.
ECOS solver failed:  The solver ECOS is not installed. 
Using SCS instead.
ECOS solver failed:  The solver ECOS is not installed. 
Using SCS instead.
ECOS solver failed:  The solver ECOS is not installed. 
Using SCS instead.
ECOS solver failed:  The solver ECOS is not installed. 
Using SCS instead.
ECOS solver failed:  The solver ECOS is not installed. 
Using SCS instead.
ECOS solver failed:  The solver ECOS is not installed. 
Using SCS instead.
ECOS solver failed:  The solver ECOS is not installed. 
Using SCS instead.
ECOS solver failed:  The solver ECOS is not installed. 
Using SCS instead.
ECOS solver failed:  The solver ECOS is not installed. 
Using SCS instead.
ECOS solver failed:  The solver ECOS is not installed. 
Using SCS instead.
ECOS solver failed:  The solver ECOS is not installed. 
Using SCS instead.
ECOS solver failed:  The solver ECOS is not installed. 
Using SCS instead.
ECOS solver failed:  The solver ECOS is not installed. 
Using SCS instead.
ECOS solver failed:  The solver ECOS is not installed. 
Using SCS instead.
M-step Design Matrix Calculation time (sec): 0.0619
ECOS solver failed in IPCW_HAL_init, falling back to SCS: The solver ECOS is not installed.
WARNING - large complementary slackness residual: 0.018453
M-step CVXPY optimize time (sec): 3.9508
ECOS solver failed:  The solver ECOS is not installed. 
Using SCS instead.
ECOS solver failed:  The solver ECOS is not installed. 
Using SCS instead.
ECOS solver failed:  The solver ECOS is not installed. 
Using SCS instead.
ECOS solver failed:  The solver ECOS is not installed. 
Using SCS instead.
ECOS solver failed:  The solver ECOS is not installed. 
Using SCS instead.
ECOS solver failed:  The solver ECOS is not installed. 
Using SCS instead.
ECOS solver failed:  The solver ECOS is not installed. 
Using SCS instead.
ECOS solver failed:  The solver ECOS is not installed. 
Using SCS instead.
ECOS solver failed:  The solver ECOS is not installed. 
Using SCS instead.
ECOS solver failed:  The solver ECOS is not installed. 
Using SCS instead.
ECOS solver failed:  The solver ECOS is not installed. 
Using SCS instead.
ECOS solver failed:  The solver ECOS is not installed. 
Using SCS instead.
ECOS solver failed:  The solver ECOS is not installed. 
Using SCS instead.
ECOS solver failed:  The solver ECOS is not installed. 
Using SCS instead.
ECOS solver failed:  The solver ECOS is not installed. 
Using SCS instead.
ECOS solver failed:  The solver ECOS is not installed. 
Using SCS instead.
ECOS solver failed:  The solver ECOS is not installed. 
Using SCS instead.
ECOS solver failed:  The solver ECOS is not installed. 
Using SCS instead.
ECOS solver failed:  The solver ECOS is not installed. 
Using SCS instead.
ECOS solver failed:  The solver ECOS is not installed. 
Using SCS instead.
ECOS solver failed:  The solver ECOS is not installed. 
Using SCS instead.
M-step Design Matrix Calculation time (sec): 0.0194
ECOS solver failed in IPCW_HAL_init, falling back to SCS: The solver ECOS is not installed.
WARNING - large complementary slackness residual: 0.023679
M-step CVXPY optimize time (sec): 1.8551
ECOS solver failed:  The solver ECOS is not installed. 
Using SCS instead.
ECOS solver failed:  The solver ECOS is not installed. 
Using SCS instead.
ECOS solver failed:  The solver ECOS is not installed. 
Using SCS instead.
ECOS solver failed:  The solver ECOS is not installed. 
Using SCS instead.
ECOS solver failed:  The solver ECOS is not installed. 
Using SCS instead.
ECOS solver failed:  The solver ECOS is not installed. 
Using SCS instead.
ECOS solver failed:  The solver ECOS is not installed. 
Using SCS instead.
ECOS solver failed:  The solver ECOS is not installed. 
Using SCS instead.
ECOS solver failed:  The solver ECOS is not installed. 
Using SCS instead.
ECOS solver failed:  The solver ECOS is not installed. 
Using SCS instead.
ECOS solver failed:  The solver ECOS is not installed. 
Using SCS instead.
ECOS solver failed:  The solver ECOS is not installed. 
Using SCS instead.
ECOS solver failed:  The solver ECOS is not installed. 
Using SCS instead.
ECOS solver failed:  The solver ECOS is not installed. 
Using SCS instead.
ECOS solver failed:  The solver ECOS is not installed. 
Using SCS instead.
ECOS solver failed:  The solver ECOS is not installed. 
Using SCS instead.
ECOS solver failed:  The solver ECOS is not installed. 
Using SCS instead.
ECOS solver failed:  The solver ECOS is not installed. 
Using SCS instead.
ECOS solver failed:  The solver ECOS is not installed. 
Using SCS instead.
ECOS solver failed:  The solver ECOS is not installed. 
Using SCS instead.
ECOS solver failed:  The solver ECOS is not installed. 
Using SCS instead.
M-step Design Matrix Calculation time (sec): 0.0197
ECOS solver failed in IPCW_HAL_init, falling back to SCS: The solver ECOS is not installed.
WARNING - large complementary slackness residual: 0.015923
M-step CVXPY optimize time (sec): 2.2765
ECOS solver failed:  The solver ECOS is not installed. 
Using SCS instead.
ECOS solver failed:  The solver ECOS is not installed. 
Using SCS instead.
ECOS solver failed:  The solver ECOS is not installed. 
Using SCS instead.
ECOS solver failed:  The solver ECOS is not installed. 
Using SCS instead.
ECOS solver failed:  The solver ECOS is not installed. 
Using SCS instead.
ECOS solver failed:  The solver ECOS is not installed. 
Using SCS instead.
ECOS solver failed:  The solver ECOS is not installed. 
Using SCS instead.
ECOS solver failed:  The solver ECOS is not installed. 
Using SCS instead.
ECOS solver failed:  The solver ECOS is not installed. 
Using SCS instead.
ECOS solver failed:  The solver ECOS is not installed. 
Using SCS instead.
ECOS solver failed:  The solver ECOS is not installed. 
Using SCS instead.
ECOS solver failed:  The solver ECOS is not installed. 
Using SCS instead.
ECOS solver failed:  The solver ECOS is not installed. 
Using SCS instead.
ECOS solver failed:  The solver ECOS is not installed. 
Using SCS instead.
ECOS solver failed:  The solver ECOS is not installed. 
Using SCS instead.
ECOS solver failed:  The solver ECOS is not installed. 
Using SCS instead.
ECOS solver failed:  The solver ECOS is not installed. 
Using SCS instead.
ECOS solver failed:  The solver ECOS is not installed. 
Using SCS instead.
ECOS solver failed:  The solver ECOS is not installed. 
Using SCS instead.
ECOS solver failed:  The solver ECOS is not installed. 
Using SCS instead.
ECOS solver failed:  The solver ECOS is not installed. 
Using SCS instead.
M-step Design Matrix Calculation time (sec): 0.0259
ECOS solver failed in IPCW_HAL_init, falling back to SCS: The solver ECOS is not installed.
WARNING - large complementary slackness residual: 0.012521
M-step CVXPY optimize time (sec): 2.8155
ECOS solver failed:  The solver ECOS is not installed. 
Using SCS instead.
ECOS solver failed:  The solver ECOS is not installed. 
Using SCS instead.
ECOS solver failed:  The solver ECOS is not installed. 
Using SCS instead.
ECOS solver failed:  The solver ECOS is not installed. 
Using SCS instead.
ECOS solver failed:  The solver ECOS is not installed. 
Using SCS instead.
ECOS solver failed:  The solver ECOS is not installed. 
Using SCS instead.
ECOS solver failed:  The solver ECOS is not installed. 
Using SCS instead.
ECOS solver failed:  The solver ECOS is not installed. 
Using SCS instead.
ECOS solver failed:  The solver ECOS is not installed. 
Using SCS instead.
ECOS solver failed:  The solver ECOS is not installed. 
Using SCS instead.
ECOS solver failed:  The solver ECOS is not installed. 
Using SCS instead.
ECOS solver failed:  The solver ECOS is not installed. 
Using SCS instead.
ECOS solver failed:  The solver ECOS is not installed. 
Using SCS instead.
ECOS solver failed:  The solver ECOS is not installed. 
Using SCS instead.
ECOS solver failed:  The solver ECOS is not installed. 
Using SCS instead.
ECOS solver failed:  The solver ECOS is not installed. 
Using SCS instead.
ECOS solver failed:  The solver ECOS is not installed. 
Using SCS instead.
ECOS solver failed:  The solver ECOS is not installed. 
Using SCS instead.
ECOS solver failed:  The solver ECOS is not installed. 
Using SCS instead.
ECOS solver failed:  The solver ECOS is not installed. 
Using SCS instead.
ECOS solver failed:  The solver ECOS is not installed. 
Using SCS instead.
M-step Design Matrix Calculation time (sec): 0.0246
ECOS solver failed in IPCW_HAL_init, falling back to SCS: The solver ECOS is not installed.
M-step CVXPY optimize time (sec): 0.8341
ECOS solver failed:  The solver ECOS is not installed. 
Using SCS instead.
ECOS solver failed:  The solver ECOS is not installed. 
Using SCS instead.
ECOS solver failed:  The solver ECOS is not installed. 
Using SCS instead.
ECOS solver failed:  The solver ECOS is not installed. 
Using SCS instead.
ECOS solver failed:  The solver ECOS is not installed. 
Using SCS instead.
ECOS solver failed:  The solver ECOS is not installed. 
Using SCS instead.
ECOS solver failed:  The solver ECOS is not installed. 
Using SCS instead.
ECOS solver failed:  The solver ECOS is not installed. 
Using SCS instead.
ECOS solver failed:  The solver ECOS is not installed. 
Using SCS instead.
ECOS solver failed:  The solver ECOS is not installed. 
Using SCS instead.
ECOS solver failed:  The solver ECOS is not installed. 
Using SCS instead.
ECOS solver failed:  The solver ECOS is not installed. 
Using SCS instead.
ECOS solver failed:  The solver ECOS is not installed. 
Using SCS instead.
ECOS solver failed:  The solver ECOS is not installed. 
Using SCS instead.
ECOS solver failed:  The solver ECOS is not installed. 
Using SCS instead.
ECOS solver failed:  The solver ECOS is not installed. 
Using SCS instead.
ECOS solver failed:  The solver ECOS is not installed. 
Using SCS instead.
ECOS solver failed:  The solver ECOS is not installed. 
Using SCS instead.
ECOS solver failed:  The solver ECOS is not installed. 
Using SCS instead.
ECOS solver failed:  The solver ECOS is not installed. 
Using SCS instead.
ECOS solver failed:  The solver ECOS is not installed. 
Using SCS instead.
M-step Design Matrix Calculation time (sec): 0.0464
ECOS solver failed in IPCW_HAL_init, falling back to SCS: The solver ECOS is not installed.
M-step CVXPY optimize time (sec): 1.8342
ECOS solver failed:  The solver ECOS is not installed. 
Using SCS instead.
ECOS solver failed:  The solver ECOS is not installed. 
Using SCS instead.
ECOS solver failed:  The solver ECOS is not installed. 
Using SCS instead.
ECOS solver failed:  The solver ECOS is not installed. 
Using SCS instead.
ECOS solver failed:  The solver ECOS is not installed. 
Using SCS instead.
ECOS solver failed:  The solver ECOS is not installed. 
Using SCS instead.
ECOS solver failed:  The solver ECOS is not installed. 
Using SCS instead.
ECOS solver failed:  The solver ECOS is not installed. 
Using SCS instead.
ECOS solver failed:  The solver ECOS is not installed. 
Using SCS instead.
ECOS solver failed:  The solver ECOS is not installed. 
Using SCS instead.
ECOS solver failed:  The solver ECOS is not installed. 
Using SCS instead.
ECOS solver failed:  The solver ECOS is not installed. 
Using SCS instead.
ECOS solver failed:  The solver ECOS is not installed. 
Using SCS instead.
ECOS solver failed:  The solver ECOS is not installed. 
Using SCS instead.
ECOS solver failed:  The solver ECOS is not installed. 
Using SCS instead.
ECOS solver failed:  The solver ECOS is not installed. 
Using SCS instead.
ECOS solver failed:  The solver ECOS is not installed. 
Using SCS instead.
ECOS solver failed:  The solver ECOS is not installed. 
Using SCS instead.
ECOS solver failed:  The solver ECOS is not installed. 
Using SCS instead.
ECOS solver failed:  The solver ECOS is not installed. 
Using SCS instead.
ECOS solver failed:  The solver ECOS is not installed. 
Using SCS instead.
M-step Design Matrix Calculation time (sec): 0.0603
ECOS solver failed in IPCW_HAL_init, falling back to SCS: The solver ECOS is not installed.
M-step CVXPY optimize time (sec): 0.8532
ECOS solver failed:  The solver ECOS is not installed. 
Using SCS instead.
ECOS solver failed:  The solver ECOS is not installed. 
Using SCS instead.
ECOS solver failed:  The solver ECOS is not installed. 
Using SCS instead.
ECOS solver failed:  The solver ECOS is not installed. 
Using SCS instead.
ECOS solver failed:  The solver ECOS is not installed. 
Using SCS instead.
ECOS solver failed:  The solver ECOS is not installed. 
Using SCS instead.
ECOS solver failed:  The solver ECOS is not installed. 
Using SCS instead.
ECOS solver failed:  The solver ECOS is not installed. 
Using SCS instead.
ECOS solver failed:  The solver ECOS is not installed. 
Using SCS instead.
ECOS solver failed:  The solver ECOS is not installed. 
Using SCS instead.
ECOS solver failed:  The solver ECOS is not installed. 
Using SCS instead.
ECOS solver failed:  The solver ECOS is not installed. 
Using SCS instead.
ECOS solver failed:  The solver ECOS is not installed. 
Using SCS instead.
ECOS solver failed:  The solver ECOS is not installed. 
Using SCS instead.
ECOS solver failed:  The solver ECOS is not installed. 
Using SCS instead.
ECOS solver failed:  The solver ECOS is not installed. 
Using SCS instead.
ECOS solver failed:  The solver ECOS is not installed. 
Using SCS instead.
ECOS solver failed:  The solver ECOS is not installed. 
Using SCS instead.
ECOS solver failed:  The solver ECOS is not installed. 
Using SCS instead.
ECOS solver failed:  The solver ECOS is not installed. 
Using SCS instead.
ECOS solver failed:  The solver ECOS is not installed. 
Using SCS instead.
M-step Design Matrix Calculation time (sec): 0.0316
ECOS solver failed in IPCW_HAL_init, falling back to SCS: The solver ECOS is not installed.
WARNING - large complementary slackness residual: 0.033971
M-step CVXPY optimize time (sec): 2.0320
ECOS solver failed:  The solver ECOS is not installed. 
Using SCS instead.
ECOS solver failed:  The solver ECOS is not installed. 
Using SCS instead.
ECOS solver failed:  The solver ECOS is not installed. 
Using SCS instead.
ECOS solver failed:  The solver ECOS is not installed. 
Using SCS instead.
ECOS solver failed:  The solver ECOS is not installed. 
Using SCS instead.
ECOS solver failed:  The solver ECOS is not installed. 
Using SCS instead.
ECOS solver failed:  The solver ECOS is not installed. 
Using SCS instead.
ECOS solver failed:  The solver ECOS is not installed. 
Using SCS instead.
ECOS solver failed:  The solver ECOS is not installed. 
Using SCS instead.
ECOS solver failed:  The solver ECOS is not installed. 
Using SCS instead.
ECOS solver failed:  The solver ECOS is not installed. 
Using SCS instead.
ECOS solver failed:  The solver ECOS is not installed. 
Using SCS instead.
ECOS solver failed:  The solver ECOS is not installed. 
Using SCS instead.
ECOS solver failed:  The solver ECOS is not installed. 
Using SCS instead.
ECOS solver failed:  The solver ECOS is not installed. 
Using SCS instead.
ECOS solver failed:  The solver ECOS is not installed. 
Using SCS instead.
ECOS solver failed:  The solver ECOS is not installed. 
Using SCS instead.
ECOS solver failed:  The solver ECOS is not installed. 
Using SCS instead.
ECOS solver failed:  The solver ECOS is not installed. 
Using SCS instead.
ECOS solver failed:  The solver ECOS is not installed. 
Using SCS instead.
ECOS solver failed:  The solver ECOS is not installed. 
Using SCS instead.
M-step Design Matrix Calculation time (sec): 0.0235
ECOS solver failed in IPCW_HAL_init, falling back to SCS: The solver ECOS is not installed.
WARNING - large complementary slackness residual: 0.007231
M-step CVXPY optimize time (sec): 1.8816
ECOS solver failed:  The solver ECOS is not installed. 
Using SCS instead.
ECOS solver failed:  The solver ECOS is not installed. 
Using SCS instead.
ECOS solver failed:  The solver ECOS is not installed. 
Using SCS instead.
ECOS solver failed:  The solver ECOS is not installed. 
Using SCS instead.
ECOS solver failed:  The solver ECOS is not installed. 
Using SCS instead.
ECOS solver failed:  The solver ECOS is not installed. 
Using SCS instead.
ECOS solver failed:  The solver ECOS is not installed. 
Using SCS instead.
ECOS solver failed:  The solver ECOS is not installed. 
Using SCS instead.
ECOS solver failed:  The solver ECOS is not installed. 
Using SCS instead.
ECOS solver failed:  The solver ECOS is not installed. 
Using SCS instead.
ECOS solver failed:  The solver ECOS is not installed. 
Using SCS instead.
ECOS solver failed:  The solver ECOS is not installed. 
Using SCS instead.
ECOS solver failed:  The solver ECOS is not installed. 
Using SCS instead.
ECOS solver failed:  The solver ECOS is not installed. 
Using SCS instead.
ECOS solver failed:  The solver ECOS is not installed. 
Using SCS instead.
ECOS solver failed:  The solver ECOS is not installed. 
Using SCS instead.
ECOS solver failed:  The solver ECOS is not installed. 
Using SCS instead.
ECOS solver failed:  The solver ECOS is not installed. 
Using SCS instead.
ECOS solver failed:  The solver ECOS is not installed. 
Using SCS instead.
ECOS solver failed:  The solver ECOS is not installed. 
Using SCS instead.
ECOS solver failed:  The solver ECOS is not installed. 
Using SCS instead.
M-step Design Matrix Calculation time (sec): 0.1513
ECOS solver failed in IPCW_HAL_init, falling back to SCS: The solver ECOS is not installed.
WARNING - large complementary slackness residual: 0.041362
M-step CVXPY optimize time (sec): 2.0562
ECOS solver failed:  The solver ECOS is not installed. 
Using SCS instead.
ECOS solver failed:  The solver ECOS is not installed. 
Using SCS instead.
ECOS solver failed:  The solver ECOS is not installed. 
Using SCS instead.
ECOS solver failed:  The solver ECOS is not installed. 
Using SCS instead.
ECOS solver failed:  The solver ECOS is not installed. 
Using SCS instead.
ECOS solver failed:  The solver ECOS is not installed. 
Using SCS instead.
ECOS solver failed:  The solver ECOS is not installed. 
Using SCS instead.
ECOS solver failed:  The solver ECOS is not installed. 
Using SCS instead.
ECOS solver failed:  The solver ECOS is not installed. 
Using SCS instead.
ECOS solver failed:  The solver ECOS is not installed. 
Using SCS instead.
ECOS solver failed:  The solver ECOS is not installed. 
Using SCS instead.
ECOS solver failed:  The solver ECOS is not installed. 
Using SCS instead.
ECOS solver failed:  The solver ECOS is not installed. 
Using SCS instead.
ECOS solver failed:  The solver ECOS is not installed. 
Using SCS instead.
ECOS solver failed:  The solver ECOS is not installed. 
Using SCS instead.
ECOS solver failed:  The solver ECOS is not installed. 
Using SCS instead.
ECOS solver failed:  The solver ECOS is not installed. 
Using SCS instead.
ECOS solver failed:  The solver ECOS is not installed. 
Using SCS instead.
ECOS solver failed:  The solver ECOS is not installed. 
Using SCS instead.
ECOS solver failed:  The solver ECOS is not installed. 
Using SCS instead.
ECOS solver failed:  The solver ECOS is not installed. 
Using SCS instead.
M-step Design Matrix Calculation time (sec): 0.0170
ECOS solver failed in IPCW_HAL_init, falling back to SCS: The solver ECOS is not installed.
WARNING - large complementary slackness residual: 0.013801
M-step CVXPY optimize time (sec): 1.4915
ECOS solver failed:  The solver ECOS is not installed. 
Using SCS instead.
ECOS solver failed:  The solver ECOS is not installed. 
Using SCS instead.
ECOS solver failed:  The solver ECOS is not installed. 
Using SCS instead.
ECOS solver failed:  The solver ECOS is not installed. 
Using SCS instead.
ECOS solver failed:  The solver ECOS is not installed. 
Using SCS instead.
ECOS solver failed:  The solver ECOS is not installed. 
Using SCS instead.
ECOS solver failed:  The solver ECOS is not installed. 
Using SCS instead.
ECOS solver failed:  The solver ECOS is not installed. 
Using SCS instead.
ECOS solver failed:  The solver ECOS is not installed. 
Using SCS instead.
ECOS solver failed:  The solver ECOS is not installed. 
Using SCS instead.
ECOS solver failed:  The solver ECOS is not installed. 
Using SCS instead.
ECOS solver failed:  The solver ECOS is not installed. 
Using SCS instead.
ECOS solver failed:  The solver ECOS is not installed. 
Using SCS instead.
ECOS solver failed:  The solver ECOS is not installed. 
Using SCS instead.
ECOS solver failed:  The solver ECOS is not installed. 
Using SCS instead.
ECOS solver failed:  The solver ECOS is not installed. 
Using SCS instead.
ECOS solver failed:  The solver ECOS is not installed. 
Using SCS instead.
ECOS solver failed:  The solver ECOS is not installed. 
Using SCS instead.
ECOS solver failed:  The solver ECOS is not installed. 
Using SCS instead.
ECOS solver failed:  The solver ECOS is not installed. 
Using SCS instead.
ECOS solver failed:  The solver ECOS is not installed. 
Using SCS instead.
M-step Design Matrix Calculation time (sec): 0.0363
ECOS solver failed in IPCW_HAL_init, falling back to SCS: The solver ECOS is not installed.
WARNING - large complementary slackness residual: 0.021329
M-step CVXPY optimize time (sec): 3.0807
ECOS solver failed:  The solver ECOS is not installed. 
Using SCS instead.
ECOS solver failed:  The solver ECOS is not installed. 
Using SCS instead.
ECOS solver failed:  The solver ECOS is not installed. 
Using SCS instead.
ECOS solver failed:  The solver ECOS is not installed. 
Using SCS instead.
ECOS solver failed:  The solver ECOS is not installed. 
Using SCS instead.
ECOS solver failed:  The solver ECOS is not installed. 
Using SCS instead.
ECOS solver failed:  The solver ECOS is not installed. 
Using SCS instead.
ECOS solver failed:  The solver ECOS is not installed. 
Using SCS instead.
ECOS solver failed:  The solver ECOS is not installed. 
Using SCS instead.
ECOS solver failed:  The solver ECOS is not installed. 
Using SCS instead.
ECOS solver failed:  The solver ECOS is not installed. 
Using SCS instead.
ECOS solver failed:  The solver ECOS is not installed. 
Using SCS instead.
ECOS solver failed:  The solver ECOS is not installed. 
Using SCS instead.
ECOS solver failed:  The solver ECOS is not installed. 
Using SCS instead.
ECOS solver failed:  The solver ECOS is not installed. 
Using SCS instead.
ECOS solver failed:  The solver ECOS is not installed. 
Using SCS instead.
ECOS solver failed:  The solver ECOS is not installed. 
Using SCS instead.
ECOS solver failed:  The solver ECOS is not installed. 
Using SCS instead.
ECOS solver failed:  The solver ECOS is not installed. 
Using SCS instead.
ECOS solver failed:  The solver ECOS is not installed. 
Using SCS instead.
ECOS solver failed:  The solver ECOS is not installed. 
Using SCS instead.
M-step Design Matrix Calculation time (sec): 0.1461
ECOS solver failed in IPCW_HAL_init, falling back to SCS: The solver ECOS is not installed.
WARNING - large complementary slackness residual: 0.015261
M-step CVXPY optimize time (sec): 2.9072
ECOS solver failed:  The solver ECOS is not installed. 
Using SCS instead.
ECOS solver failed:  The solver ECOS is not installed. 
Using SCS instead.
ECOS solver failed:  The solver ECOS is not installed. 
Using SCS instead.
ECOS solver failed:  The solver ECOS is not installed. 
Using SCS instead.
ECOS solver failed:  The solver ECOS is not installed. 
Using SCS instead.
ECOS solver failed:  The solver ECOS is not installed. 
Using SCS instead.
ECOS solver failed:  The solver ECOS is not installed. 
Using SCS instead.
ECOS solver failed:  The solver ECOS is not installed. 
Using SCS instead.
ECOS solver failed:  The solver ECOS is not installed. 
Using SCS instead.
ECOS solver failed:  The solver ECOS is not installed. 
Using SCS instead.
ECOS solver failed:  The solver ECOS is not installed. 
Using SCS instead.
ECOS solver failed:  The solver ECOS is not installed. 
Using SCS instead.
ECOS solver failed:  The solver ECOS is not installed. 
Using SCS instead.
ECOS solver failed:  The solver ECOS is not installed. 
Using SCS instead.
ECOS solver failed:  The solver ECOS is not installed. 
Using SCS instead.
ECOS solver failed:  The solver ECOS is not installed. 
Using SCS instead.
ECOS solver failed:  The solver ECOS is not installed. 
Using SCS instead.
ECOS solver failed:  The solver ECOS is not installed. 
Using SCS instead.
ECOS solver failed:  The solver ECOS is not installed. 
Using SCS instead.
ECOS solver failed:  The solver ECOS is not installed. 
Using SCS instead.
ECOS solver failed:  The solver ECOS is not installed. 
Using SCS instead.
M-step Design Matrix Calculation time (sec): 0.0174
ECOS solver failed in IPCW_HAL_init, falling back to SCS: The solver ECOS is not installed.
WARNING - large complementary slackness residual: 0.023094
M-step CVXPY optimize time (sec): 1.0594
ECOS solver failed:  The solver ECOS is not installed. 
Using SCS instead.
ECOS solver failed:  The solver ECOS is not installed. 
Using SCS instead.
ECOS solver failed:  The solver ECOS is not installed. 
Using SCS instead.
ECOS solver failed:  The solver ECOS is not installed. 
Using SCS instead.
ECOS solver failed:  The solver ECOS is not installed. 
Using SCS instead.
ECOS solver failed:  The solver ECOS is not installed. 
Using SCS instead.
ECOS solver failed:  The solver ECOS is not installed. 
Using SCS instead.
ECOS solver failed:  The solver ECOS is not installed. 
Using SCS instead.
ECOS solver failed:  The solver ECOS is not installed. 
Using SCS instead.
ECOS solver failed:  The solver ECOS is not installed. 
Using SCS instead.
ECOS solver failed:  The solver ECOS is not installed. 
Using SCS instead.
ECOS solver failed:  The solver ECOS is not installed. 
Using SCS instead.
ECOS solver failed:  The solver ECOS is not installed. 
Using SCS instead.
ECOS solver failed:  The solver ECOS is not installed. 
Using SCS instead.
ECOS solver failed:  The solver ECOS is not installed. 
Using SCS instead.
ECOS solver failed:  The solver ECOS is not installed. 
Using SCS instead.
ECOS solver failed:  The solver ECOS is not installed. 
Using SCS instead.
ECOS solver failed:  The solver ECOS is not installed. 
Using SCS instead.
ECOS solver failed:  The solver ECOS is not installed. 
Using SCS instead.
ECOS solver failed:  The solver ECOS is not installed. 
Using SCS instead.
ECOS solver failed:  The solver ECOS is not installed. 
Using SCS instead.
M-step Design Matrix Calculation time (sec): 0.0191
ECOS solver failed in IPCW_HAL_init, falling back to SCS: The solver ECOS is not installed.
WARNING - large complementary slackness residual: 0.032908
M-step CVXPY optimize time (sec): 1.7680
ECOS solver failed:  The solver ECOS is not installed. 
Using SCS instead.
ECOS solver failed:  The solver ECOS is not installed. 
Using SCS instead.
ECOS solver failed:  The solver ECOS is not installed. 
Using SCS instead.
ECOS solver failed:  The solver ECOS is not installed. 
Using SCS instead.
ECOS solver failed:  The solver ECOS is not installed. 
Using SCS instead.
ECOS solver failed:  The solver ECOS is not installed. 
Using SCS instead.
ECOS solver failed:  The solver ECOS is not installed. 
Using SCS instead.
ECOS solver failed:  The solver ECOS is not installed. 
Using SCS instead.
ECOS solver failed:  The solver ECOS is not installed. 
Using SCS instead.
ECOS solver failed:  The solver ECOS is not installed. 
Using SCS instead.
ECOS solver failed:  The solver ECOS is not installed. 
Using SCS instead.
ECOS solver failed:  The solver ECOS is not installed. 
Using SCS instead.
ECOS solver failed:  The solver ECOS is not installed. 
Using SCS instead.
ECOS solver failed:  The solver ECOS is not installed. 
Using SCS instead.
ECOS solver failed:  The solver ECOS is not installed. 
Using SCS instead.
ECOS solver failed:  The solver ECOS is not installed. 
Using SCS instead.
ECOS solver failed:  The solver ECOS is not installed. 
Using SCS instead.
ECOS solver failed:  The solver ECOS is not installed. 
Using SCS instead.
ECOS solver failed:  The solver ECOS is not installed. 
Using SCS instead.
ECOS solver failed:  The solver ECOS is not installed. 
Using SCS instead.
ECOS solver failed:  The solver ECOS is not installed. 
Using SCS instead.
M-step Design Matrix Calculation time (sec): 0.0328
ECOS solver failed in IPCW_HAL_init, falling back to SCS: The solver ECOS is not installed.
M-step CVXPY optimize time (sec): 2.3240
ECOS solver failed:  The solver ECOS is not installed. 
Using SCS instead.
ECOS solver failed:  The solver ECOS is not installed. 
Using SCS instead.
ECOS solver failed:  The solver ECOS is not installed. 
Using SCS instead.
ECOS solver failed:  The solver ECOS is not installed. 
Using SCS instead.
ECOS solver failed:  The solver ECOS is not installed. 
Using SCS instead.
ECOS solver failed:  The solver ECOS is not installed. 
Using SCS instead.
ECOS solver failed:  The solver ECOS is not installed. 
Using SCS instead.
ECOS solver failed:  The solver ECOS is not installed. 
Using SCS instead.
ECOS solver failed:  The solver ECOS is not installed. 
Using SCS instead.
ECOS solver failed:  The solver ECOS is not installed. 
Using SCS instead.
ECOS solver failed:  The solver ECOS is not installed. 
Using SCS instead.
ECOS solver failed:  The solver ECOS is not installed. 
Using SCS instead.
ECOS solver failed:  The solver ECOS is not installed. 
Using SCS instead.
ECOS solver failed:  The solver ECOS is not installed. 
Using SCS instead.
ECOS solver failed:  The solver ECOS is not installed. 
Using SCS instead.
ECOS solver failed:  The solver ECOS is not installed. 
Using SCS instead.
ECOS solver failed:  The solver ECOS is not installed. 
Using SCS instead.
ECOS solver failed:  The solver ECOS is not installed. 
Using SCS instead.
ECOS solver failed:  The solver ECOS is not installed. 
Using SCS instead.
ECOS solver failed:  The solver ECOS is not installed. 
Using SCS instead.
ECOS solver failed:  The solver ECOS is not installed. 
Using SCS instead.
M-step Design Matrix Calculation time (sec): 0.0543
ECOS solver failed in IPCW_HAL_init, falling back to SCS: The solver ECOS is not installed.
M-step CVXPY optimize time (sec): 1.2622
ECOS solver failed:  The solver ECOS is not installed. 
Using SCS instead.
ECOS solver failed:  The solver ECOS is not installed. 
Using SCS instead.
ECOS solver failed:  The solver ECOS is not installed. 
Using SCS instead.
ECOS solver failed:  The solver ECOS is not installed. 
Using SCS instead.
ECOS solver failed:  The solver ECOS is not installed. 
Using SCS instead.
ECOS solver failed:  The solver ECOS is not installed. 
Using SCS instead.
ECOS solver failed:  The solver ECOS is not installed. 
Using SCS instead.
ECOS solver failed:  The solver ECOS is not installed. 
Using SCS instead.
ECOS solver failed:  The solver ECOS is not installed. 
Using SCS instead.
ECOS solver failed:  The solver ECOS is not installed. 
Using SCS instead.
ECOS solver failed:  The solver ECOS is not installed. 
Using SCS instead.
ECOS solver failed:  The solver ECOS is not installed. 
Using SCS instead.
ECOS solver failed:  The solver ECOS is not installed. 
Using SCS instead.
ECOS solver failed:  The solver ECOS is not installed. 
Using SCS instead.
ECOS solver failed:  The solver ECOS is not installed. 
Using SCS instead.
ECOS solver failed:  The solver ECOS is not installed. 
Using SCS instead.
ECOS solver failed:  The solver ECOS is not installed. 
Using SCS instead.
ECOS solver failed:  The solver ECOS is not installed. 
Using SCS instead.
ECOS solver failed:  The solver ECOS is not installed. 
Using SCS instead.
ECOS solver failed:  The solver ECOS is not installed. 
Using SCS instead.
ECOS solver failed:  The solver ECOS is not installed. 
Using SCS instead.
M-step Design Matrix Calculation time (sec): 0.0194
ECOS solver failed in IPCW_HAL_init, falling back to SCS: The solver ECOS is not installed.
WARNING - large complementary slackness residual: 0.007088
M-step CVXPY optimize time (sec): 2.3467
ECOS solver failed:  The solver ECOS is not installed. 
Using SCS instead.
ECOS solver failed:  The solver ECOS is not installed. 
Using SCS instead.
ECOS solver failed:  The solver ECOS is not installed. 
Using SCS instead.
ECOS solver failed:  The solver ECOS is not installed. 
Using SCS instead.
ECOS solver failed:  The solver ECOS is not installed. 
Using SCS instead.
ECOS solver failed:  The solver ECOS is not installed. 
Using SCS instead.
ECOS solver failed:  The solver ECOS is not installed. 
Using SCS instead.
ECOS solver failed:  The solver ECOS is not installed. 
Using SCS instead.
ECOS solver failed:  The solver ECOS is not installed. 
Using SCS instead.
ECOS solver failed:  The solver ECOS is not installed. 
Using SCS instead.
ECOS solver failed:  The solver ECOS is not installed. 
Using SCS instead.
ECOS solver failed:  The solver ECOS is not installed. 
Using SCS instead.
ECOS solver failed:  The solver ECOS is not installed. 
Using SCS instead.
ECOS solver failed:  The solver ECOS is not installed. 
Using SCS instead.
ECOS solver failed:  The solver ECOS is not installed. 
Using SCS instead.
ECOS solver failed:  The solver ECOS is not installed. 
Using SCS instead.
ECOS solver failed:  The solver ECOS is not installed. 
Using SCS instead.
ECOS solver failed:  The solver ECOS is not installed. 
Using SCS instead.
ECOS solver failed:  The solver ECOS is not installed. 
Using SCS instead.
ECOS solver failed:  The solver ECOS is not installed. 
Using SCS instead.
ECOS solver failed:  The solver ECOS is not installed. 
Using SCS instead.
M-step Design Matrix Calculation time (sec): 0.0351
ECOS solver failed in IPCW_HAL_init, falling back to SCS: The solver ECOS is not installed.
WARNING - large complementary slackness residual: 0.004485
M-step CVXPY optimize time (sec): 3.8371
ECOS solver failed:  The solver ECOS is not installed. 
Using SCS instead.
ECOS solver failed:  The solver ECOS is not installed. 
Using SCS instead.
ECOS solver failed:  The solver ECOS is not installed. 
Using SCS instead.
ECOS solver failed:  The solver ECOS is not installed. 
Using SCS instead.
ECOS solver failed:  The solver ECOS is not installed. 
Using SCS instead.
ECOS solver failed:  The solver ECOS is not installed. 
Using SCS instead.
ECOS solver failed:  The solver ECOS is not installed. 
Using SCS instead.
ECOS solver failed:  The solver ECOS is not installed. 
Using SCS instead.
ECOS solver failed:  The solver ECOS is not installed. 
Using SCS instead.
ECOS solver failed:  The solver ECOS is not installed. 
Using SCS instead.
ECOS solver failed:  The solver ECOS is not installed. 
Using SCS instead.
ECOS solver failed:  The solver ECOS is not installed. 
Using SCS instead.
ECOS solver failed:  The solver ECOS is not installed. 
Using SCS instead.
ECOS solver failed:  The solver ECOS is not installed. 
Using SCS instead.
ECOS solver failed:  The solver ECOS is not installed. 
Using SCS instead.
ECOS solver failed:  The solver ECOS is not installed. 
Using SCS instead.
ECOS solver failed:  The solver ECOS is not installed. 
Using SCS instead.
ECOS solver failed:  The solver ECOS is not installed. 
Using SCS instead.
ECOS solver failed:  The solver ECOS is not installed. 
Using SCS instead.
ECOS solver failed:  The solver ECOS is not installed. 
Using SCS instead.
ECOS solver failed:  The solver ECOS is not installed. 
Using SCS instead.
M-step Design Matrix Calculation time (sec): 0.1162
ECOS solver failed in IPCW_HAL_init, falling back to SCS: The solver ECOS is not installed.
WARNING - large complementary slackness residual: 0.007560
M-step CVXPY optimize time (sec): 2.1083
ECOS solver failed:  The solver ECOS is not installed. 
Using SCS instead.
ECOS solver failed:  The solver ECOS is not installed. 
Using SCS instead.
ECOS solver failed:  The solver ECOS is not installed. 
Using SCS instead.
ECOS solver failed:  The solver ECOS is not installed. 
Using SCS instead.
ECOS solver failed:  The solver ECOS is not installed. 
Using SCS instead.
ECOS solver failed:  The solver ECOS is not installed. 
Using SCS instead.
ECOS solver failed:  The solver ECOS is not installed. 
Using SCS instead.
ECOS solver failed:  The solver ECOS is not installed. 
Using SCS instead.
ECOS solver failed:  The solver ECOS is not installed. 
Using SCS instead.
ECOS solver failed:  The solver ECOS is not installed. 
Using SCS instead.
ECOS solver failed:  The solver ECOS is not installed. 
Using SCS instead.
ECOS solver failed:  The solver ECOS is not installed. 
Using SCS instead.
ECOS solver failed:  The solver ECOS is not installed. 
Using SCS instead.
ECOS solver failed:  The solver ECOS is not installed. 
Using SCS instead.
ECOS solver failed:  The solver ECOS is not installed. 
Using SCS instead.
ECOS solver failed:  The solver ECOS is not installed. 
Using SCS instead.
ECOS solver failed:  The solver ECOS is not installed. 
Using SCS instead.
ECOS solver failed:  The solver ECOS is not installed. 
Using SCS instead.
ECOS solver failed:  The solver ECOS is not installed. 
Using SCS instead.
ECOS solver failed:  The solver ECOS is not installed. 
Using SCS instead.
ECOS solver failed:  The solver ECOS is not installed. 
Using SCS instead.
M-step Design Matrix Calculation time (sec): 0.0164
ECOS solver failed in IPCW_HAL_init, falling back to SCS: The solver ECOS is not installed.
M-step CVXPY optimize time (sec): 1.9652
ECOS solver failed:  The solver ECOS is not installed. 
Using SCS instead.
ECOS solver failed:  The solver ECOS is not installed. 
Using SCS instead.
ECOS solver failed:  The solver ECOS is not installed. 
Using SCS instead.
ECOS solver failed:  The solver ECOS is not installed. 
Using SCS instead.
ECOS solver failed:  The solver ECOS is not installed. 
Using SCS instead.
ECOS solver failed:  The solver ECOS is not installed. 
Using SCS instead.
ECOS solver failed:  The solver ECOS is not installed. 
Using SCS instead.
ECOS solver failed:  The solver ECOS is not installed. 
Using SCS instead.
ECOS solver failed:  The solver ECOS is not installed. 
Using SCS instead.
ECOS solver failed:  The solver ECOS is not installed. 
Using SCS instead.
ECOS solver failed:  The solver ECOS is not installed. 
Using SCS instead.
ECOS solver failed:  The solver ECOS is not installed. 
Using SCS instead.
ECOS solver failed:  The solver ECOS is not installed. 
Using SCS instead.
ECOS solver failed:  The solver ECOS is not installed. 
Using SCS instead.
ECOS solver failed:  The solver ECOS is not installed. 
Using SCS instead.
ECOS solver failed:  The solver ECOS is not installed. 
Using SCS instead.
ECOS solver failed:  The solver ECOS is not installed. 
Using SCS instead.
ECOS solver failed:  The solver ECOS is not installed. 
Using SCS instead.
ECOS solver failed:  The solver ECOS is not installed. 
Using SCS instead.
ECOS solver failed:  The solver ECOS is not installed. 
Using SCS instead.
ECOS solver failed:  The solver ECOS is not installed. 
Using SCS instead.
M-step Design Matrix Calculation time (sec): 0.0192
ECOS solver failed in IPCW_HAL_init, falling back to SCS: The solver ECOS is not installed.
WARNING - large complementary slackness residual: 0.033218
M-step CVXPY optimize time (sec): 1.8671
ECOS solver failed:  The solver ECOS is not installed. 
Using SCS instead.
ECOS solver failed:  The solver ECOS is not installed. 
Using SCS instead.
ECOS solver failed:  The solver ECOS is not installed. 
Using SCS instead.
ECOS solver failed:  The solver ECOS is not installed. 
Using SCS instead.
ECOS solver failed:  The solver ECOS is not installed. 
Using SCS instead.
ECOS solver failed:  The solver ECOS is not installed. 
Using SCS instead.
ECOS solver failed:  The solver ECOS is not installed. 
Using SCS instead.
ECOS solver failed:  The solver ECOS is not installed. 
Using SCS instead.
ECOS solver failed:  The solver ECOS is not installed. 
Using SCS instead.
ECOS solver failed:  The solver ECOS is not installed. 
Using SCS instead.
ECOS solver failed:  The solver ECOS is not installed. 
Using SCS instead.
ECOS solver failed:  The solver ECOS is not installed. 
Using SCS instead.
ECOS solver failed:  The solver ECOS is not installed. 
Using SCS instead.
ECOS solver failed:  The solver ECOS is not installed. 
Using SCS instead.
ECOS solver failed:  The solver ECOS is not installed. 
Using SCS instead.
ECOS solver failed:  The solver ECOS is not installed. 
Using SCS instead.
ECOS solver failed:  The solver ECOS is not installed. 
Using SCS instead.
ECOS solver failed:  The solver ECOS is not installed. 
Using SCS instead.
ECOS solver failed:  The solver ECOS is not installed. 
Using SCS instead.
ECOS solver failed:  The solver ECOS is not installed. 
Using SCS instead.
ECOS solver failed:  The solver ECOS is not installed. 
Using SCS instead.
M-step Design Matrix Calculation time (sec): 0.0288
ECOS solver failed in IPCW_HAL_init, falling back to SCS: The solver ECOS is not installed.
M-step CVXPY optimize time (sec): 0.6354
ECOS solver failed:  The solver ECOS is not installed. 
Using SCS instead.
ECOS solver failed:  The solver ECOS is not installed. 
Using SCS instead.
ECOS solver failed:  The solver ECOS is not installed. 
Using SCS instead.
ECOS solver failed:  The solver ECOS is not installed. 
Using SCS instead.
ECOS solver failed:  The solver ECOS is not installed. 
Using SCS instead.
ECOS solver failed:  The solver ECOS is not installed. 
Using SCS instead.
ECOS solver failed:  The solver ECOS is not installed. 
Using SCS instead.
ECOS solver failed:  The solver ECOS is not installed. 
Using SCS instead.
ECOS solver failed:  The solver ECOS is not installed. 
Using SCS instead.
ECOS solver failed:  The solver ECOS is not installed. 
Using SCS instead.
ECOS solver failed:  The solver ECOS is not installed. 
Using SCS instead.
ECOS solver failed:  The solver ECOS is not installed. 
Using SCS instead.
ECOS solver failed:  The solver ECOS is not installed. 
Using SCS instead.
ECOS solver failed:  The solver ECOS is not installed. 
Using SCS instead.
ECOS solver failed:  The solver ECOS is not installed. 
Using SCS instead.
ECOS solver failed:  The solver ECOS is not installed. 
Using SCS instead.
ECOS solver failed:  The solver ECOS is not installed. 
Using SCS instead.
ECOS solver failed:  The solver ECOS is not installed. 
Using SCS instead.
ECOS solver failed:  The solver ECOS is not installed. 
Using SCS instead.
ECOS solver failed:  The solver ECOS is not installed. 
Using SCS instead.
ECOS solver failed:  The solver ECOS is not installed. 
Using SCS instead.
M-step Design Matrix Calculation time (sec): 0.1169
ECOS solver failed in IPCW_HAL_init, falling back to SCS: The solver ECOS is not installed.
M-step CVXPY optimize time (sec): 0.6252
ECOS solver failed:  The solver ECOS is not installed. 
Using SCS instead.
ECOS solver failed:  The solver ECOS is not installed. 
Using SCS instead.
ECOS solver failed:  The solver ECOS is not installed. 
Using SCS instead.
ECOS solver failed:  The solver ECOS is not installed. 
Using SCS instead.
ECOS solver failed:  The solver ECOS is not installed. 
Using SCS instead.
ECOS solver failed:  The solver ECOS is not installed. 
Using SCS instead.
ECOS solver failed:  The solver ECOS is not installed. 
Using SCS instead.
ECOS solver failed:  The solver ECOS is not installed. 
Using SCS instead.
ECOS solver failed:  The solver ECOS is not installed. 
Using SCS instead.
ECOS solver failed:  The solver ECOS is not installed. 
Using SCS instead.
ECOS solver failed:  The solver ECOS is not installed. 
Using SCS instead.
ECOS solver failed:  The solver ECOS is not installed. 
Using SCS instead.
ECOS solver failed:  The solver ECOS is not installed. 
Using SCS instead.
ECOS solver failed:  The solver ECOS is not installed. 
Using SCS instead.
ECOS solver failed:  The solver ECOS is not installed. 
Using SCS instead.
ECOS solver failed:  The solver ECOS is not installed. 
Using SCS instead.
ECOS solver failed:  The solver ECOS is not installed. 
Using SCS instead.
ECOS solver failed:  The solver ECOS is not installed. 
Using SCS instead.
ECOS solver failed:  The solver ECOS is not installed. 
Using SCS instead.
ECOS solver failed:  The solver ECOS is not installed. 
Using SCS instead.
ECOS solver failed:  The solver ECOS is not installed. 
Using SCS instead.
M-step Design Matrix Calculation time (sec): 0.0524
ECOS solver failed in IPCW_HAL_init, falling back to SCS: The solver ECOS is not installed.
WARNING - large complementary slackness residual: 0.023803
M-step CVXPY optimize time (sec): 1.2201
ECOS solver failed:  The solver ECOS is not installed. 
Using SCS instead.
ECOS solver failed:  The solver ECOS is not installed. 
Using SCS instead.
ECOS solver failed:  The solver ECOS is not installed. 
Using SCS instead.
ECOS solver failed:  The solver ECOS is not installed. 
Using SCS instead.
ECOS solver failed:  The solver ECOS is not installed. 
Using SCS instead.
ECOS solver failed:  The solver ECOS is not installed. 
Using SCS instead.
ECOS solver failed:  The solver ECOS is not installed. 
Using SCS instead.
ECOS solver failed:  The solver ECOS is not installed. 
Using SCS instead.
ECOS solver failed:  The solver ECOS is not installed. 
Using SCS instead.
ECOS solver failed:  The solver ECOS is not installed. 
Using SCS instead.
ECOS solver failed:  The solver ECOS is not installed. 
Using SCS instead.
ECOS solver failed:  The solver ECOS is not installed. 
Using SCS instead.
ECOS solver failed:  The solver ECOS is not installed. 
Using SCS instead.
ECOS solver failed:  The solver ECOS is not installed. 
Using SCS instead.
ECOS solver failed:  The solver ECOS is not installed. 
Using SCS instead.
ECOS solver failed:  The solver ECOS is not installed. 
Using SCS instead.
ECOS solver failed:  The solver ECOS is not installed. 
Using SCS instead.
ECOS solver failed:  The solver ECOS is not installed. 
Using SCS instead.
ECOS solver failed:  The solver ECOS is not installed. 
Using SCS instead.
ECOS solver failed:  The solver ECOS is not installed. 
Using SCS instead.
ECOS solver failed:  The solver ECOS is not installed. 
Using SCS instead.
M-step Design Matrix Calculation time (sec): 0.0513
ECOS solver failed in IPCW_HAL_init, falling back to SCS: The solver ECOS is not installed.
WARNING - large complementary slackness residual: 0.006435
M-step CVXPY optimize time (sec): 2.3119
ECOS solver failed:  The solver ECOS is not installed. 
Using SCS instead.
ECOS solver failed:  The solver ECOS is not installed. 
Using SCS instead.
ECOS solver failed:  The solver ECOS is not installed. 
Using SCS instead.
ECOS solver failed:  The solver ECOS is not installed. 
Using SCS instead.
ECOS solver failed:  The solver ECOS is not installed. 
Using SCS instead.
ECOS solver failed:  The solver ECOS is not installed. 
Using SCS instead.
ECOS solver failed:  The solver ECOS is not installed. 
Using SCS instead.
ECOS solver failed:  The solver ECOS is not installed. 
Using SCS instead.
ECOS solver failed:  The solver ECOS is not installed. 
Using SCS instead.
ECOS solver failed:  The solver ECOS is not installed. 
Using SCS instead.
ECOS solver failed:  The solver ECOS is not installed. 
Using SCS instead.
ECOS solver failed:  The solver ECOS is not installed. 
Using SCS instead.
ECOS solver failed:  The solver ECOS is not installed. 
Using SCS instead.
ECOS solver failed:  The solver ECOS is not installed. 
Using SCS instead.
ECOS solver failed:  The solver ECOS is not installed. 
Using SCS instead.
ECOS solver failed:  The solver ECOS is not installed. 
Using SCS instead.
ECOS solver failed:  The solver ECOS is not installed. 
Using SCS instead.
ECOS solver failed:  The solver ECOS is not installed. 
Using SCS instead.
ECOS solver failed:  The solver ECOS is not installed. 
Using SCS instead.
ECOS solver failed:  The solver ECOS is not installed. 
Using SCS instead.
ECOS solver failed:  The solver ECOS is not installed. 
Using SCS instead.
M-step Design Matrix Calculation time (sec): 0.0327
ECOS solver failed in IPCW_HAL_init, falling back to SCS: The solver ECOS is not installed.
WARNING - large complementary slackness residual: 0.005776
M-step CVXPY optimize time (sec): 1.3083
ECOS solver failed:  The solver ECOS is not installed. 
Using SCS instead.
ECOS solver failed:  The solver ECOS is not installed. 
Using SCS instead.
ECOS solver failed:  The solver ECOS is not installed. 
Using SCS instead.
ECOS solver failed:  The solver ECOS is not installed. 
Using SCS instead.
ECOS solver failed:  The solver ECOS is not installed. 
Using SCS instead.
ECOS solver failed:  The solver ECOS is not installed. 
Using SCS instead.
ECOS solver failed:  The solver ECOS is not installed. 
Using SCS instead.
ECOS solver failed:  The solver ECOS is not installed. 
Using SCS instead.
ECOS solver failed:  The solver ECOS is not installed. 
Using SCS instead.
ECOS solver failed:  The solver ECOS is not installed. 
Using SCS instead.
ECOS solver failed:  The solver ECOS is not installed. 
Using SCS instead.
ECOS solver failed:  The solver ECOS is not installed. 
Using SCS instead.
ECOS solver failed:  The solver ECOS is not installed. 
Using SCS instead.
ECOS solver failed:  The solver ECOS is not installed. 
Using SCS instead.
ECOS solver failed:  The solver ECOS is not installed. 
Using SCS instead.
ECOS solver failed:  The solver ECOS is not installed. 
Using SCS instead.
ECOS solver failed:  The solver ECOS is not installed. 
Using SCS instead.
ECOS solver failed:  The solver ECOS is not installed. 
Using SCS instead.
ECOS solver failed:  The solver ECOS is not installed. 
Using SCS instead.
ECOS solver failed:  The solver ECOS is not installed. 
Using SCS instead.
ECOS solver failed:  The solver ECOS is not installed. 
Using SCS instead.
M-step Design Matrix Calculation time (sec): 0.0397
ECOS solver failed in IPCW_HAL_init, falling back to SCS: The solver ECOS is not installed.
WARNING - large complementary slackness residual: 0.009602
M-step CVXPY optimize time (sec): 1.1068
ECOS solver failed:  The solver ECOS is not installed. 
Using SCS instead.
ECOS solver failed:  The solver ECOS is not installed. 
Using SCS instead.
ECOS solver failed:  The solver ECOS is not installed. 
Using SCS instead.
ECOS solver failed:  The solver ECOS is not installed. 
Using SCS instead.
ECOS solver failed:  The solver ECOS is not installed. 
Using SCS instead.
ECOS solver failed:  The solver ECOS is not installed. 
Using SCS instead.
ECOS solver failed:  The solver ECOS is not installed. 
Using SCS instead.
ECOS solver failed:  The solver ECOS is not installed. 
Using SCS instead.
ECOS solver failed:  The solver ECOS is not installed. 
Using SCS instead.
ECOS solver failed:  The solver ECOS is not installed. 
Using SCS instead.
ECOS solver failed:  The solver ECOS is not installed. 
Using SCS instead.
ECOS solver failed:  The solver ECOS is not installed. 
Using SCS instead.
ECOS solver failed:  The solver ECOS is not installed. 
Using SCS instead.
ECOS solver failed:  The solver ECOS is not installed. 
Using SCS instead.
ECOS solver failed:  The solver ECOS is not installed. 
Using SCS instead.
ECOS solver failed:  The solver ECOS is not installed. 
Using SCS instead.
ECOS solver failed:  The solver ECOS is not installed. 
Using SCS instead.
ECOS solver failed:  The solver ECOS is not installed. 
Using SCS instead.
ECOS solver failed:  The solver ECOS is not installed. 
Using SCS instead.
ECOS solver failed:  The solver ECOS is not installed. 
Using SCS instead.
ECOS solver failed:  The solver ECOS is not installed. 
Using SCS instead.
M-step Design Matrix Calculation time (sec): 0.0198
ECOS solver failed in IPCW_HAL_init, falling back to SCS: The solver ECOS is not installed.
WARNING - large complementary slackness residual: 0.006648
M-step CVXPY optimize time (sec): 1.8988
ECOS solver failed:  The solver ECOS is not installed. 
Using SCS instead.
ECOS solver failed:  The solver ECOS is not installed. 
Using SCS instead.
ECOS solver failed:  The solver ECOS is not installed. 
Using SCS instead.
ECOS solver failed:  The solver ECOS is not installed. 
Using SCS instead.
ECOS solver failed:  The solver ECOS is not installed. 
Using SCS instead.
ECOS solver failed:  The solver ECOS is not installed. 
Using SCS instead.
ECOS solver failed:  The solver ECOS is not installed. 
Using SCS instead.
ECOS solver failed:  The solver ECOS is not installed. 
Using SCS instead.
ECOS solver failed:  The solver ECOS is not installed. 
Using SCS instead.
ECOS solver failed:  The solver ECOS is not installed. 
Using SCS instead.
ECOS solver failed:  The solver ECOS is not installed. 
Using SCS instead.
ECOS solver failed:  The solver ECOS is not installed. 
Using SCS instead.
ECOS solver failed:  The solver ECOS is not installed. 
Using SCS instead.
ECOS solver failed:  The solver ECOS is not installed. 
Using SCS instead.
ECOS solver failed:  The solver ECOS is not installed. 
Using SCS instead.
ECOS solver failed:  The solver ECOS is not installed. 
Using SCS instead.
ECOS solver failed:  The solver ECOS is not installed. 
Using SCS instead.
ECOS solver failed:  The solver ECOS is not installed. 
Using SCS instead.
ECOS solver failed:  The solver ECOS is not installed. 
Using SCS instead.
ECOS solver failed:  The solver ECOS is not installed. 
Using SCS instead.
ECOS solver failed:  The solver ECOS is not installed. 
Using SCS instead.
M-step Design Matrix Calculation time (sec): 0.0189
ECOS solver failed in IPCW_HAL_init, falling back to SCS: The solver ECOS is not installed.
WARNING - large complementary slackness residual: 0.012912
M-step CVXPY optimize time (sec): 1.7480
ECOS solver failed:  The solver ECOS is not installed. 
Using SCS instead.
ECOS solver failed:  The solver ECOS is not installed. 
Using SCS instead.
ECOS solver failed:  The solver ECOS is not installed. 
Using SCS instead.
ECOS solver failed:  The solver ECOS is not installed. 
Using SCS instead.
ECOS solver failed:  The solver ECOS is not installed. 
Using SCS instead.
ECOS solver failed:  The solver ECOS is not installed. 
Using SCS instead.
ECOS solver failed:  The solver ECOS is not installed. 
Using SCS instead.
ECOS solver failed:  The solver ECOS is not installed. 
Using SCS instead.
ECOS solver failed:  The solver ECOS is not installed. 
Using SCS instead.
ECOS solver failed:  The solver ECOS is not installed. 
Using SCS instead.
ECOS solver failed:  The solver ECOS is not installed. 
Using SCS instead.
ECOS solver failed:  The solver ECOS is not installed. 
Using SCS instead.
ECOS solver failed:  The solver ECOS is not installed. 
Using SCS instead.
ECOS solver failed:  The solver ECOS is not installed. 
Using SCS instead.
ECOS solver failed:  The solver ECOS is not installed. 
Using SCS instead.
ECOS solver failed:  The solver ECOS is not installed. 
Using SCS instead.
ECOS solver failed:  The solver ECOS is not installed. 
Using SCS instead.
ECOS solver failed:  The solver ECOS is not installed. 
Using SCS instead.
ECOS solver failed:  The solver ECOS is not installed. 
Using SCS instead.
ECOS solver failed:  The solver ECOS is not installed. 
Using SCS instead.
ECOS solver failed:  The solver ECOS is not installed. 
Using SCS instead.
M-step Design Matrix Calculation time (sec): 0.0335
ECOS solver failed in IPCW_HAL_init, falling back to SCS: The solver ECOS is not installed.
WARNING - large complementary slackness residual: 0.032961
M-step CVXPY optimize time (sec): 1.1027
ECOS solver failed:  The solver ECOS is not installed. 
Using SCS instead.
ECOS solver failed:  The solver ECOS is not installed. 
Using SCS instead.
ECOS solver failed:  The solver ECOS is not installed. 
Using SCS instead.
ECOS solver failed:  The solver ECOS is not installed. 
Using SCS instead.
ECOS solver failed:  The solver ECOS is not installed. 
Using SCS instead.
ECOS solver failed:  The solver ECOS is not installed. 
Using SCS instead.
ECOS solver failed:  The solver ECOS is not installed. 
Using SCS instead.
ECOS solver failed:  The solver ECOS is not installed. 
Using SCS instead.
ECOS solver failed:  The solver ECOS is not installed. 
Using SCS instead.
ECOS solver failed:  The solver ECOS is not installed. 
Using SCS instead.
ECOS solver failed:  The solver ECOS is not installed. 
Using SCS instead.
ECOS solver failed:  The solver ECOS is not installed. 
Using SCS instead.
ECOS solver failed:  The solver ECOS is not installed. 
Using SCS instead.
ECOS solver failed:  The solver ECOS is not installed. 
Using SCS instead.
ECOS solver failed:  The solver ECOS is not installed. 
Using SCS instead.
ECOS solver failed:  The solver ECOS is not installed. 
Using SCS instead.
ECOS solver failed:  The solver ECOS is not installed. 
Using SCS instead.
ECOS solver failed:  The solver ECOS is not installed. 
Using SCS instead.
ECOS solver failed:  The solver ECOS is not installed. 
Using SCS instead.
ECOS solver failed:  The solver ECOS is not installed. 
Using SCS instead.
ECOS solver failed:  The solver ECOS is not installed. 
Using SCS instead.
M-step Design Matrix Calculation time (sec): 0.0187
ECOS solver failed in IPCW_HAL_init, falling back to SCS: The solver ECOS is not installed.
WARNING - large complementary slackness residual: 0.013159
M-step CVXPY optimize time (sec): 1.9300
ECOS solver failed:  The solver ECOS is not installed. 
Using SCS instead.
ECOS solver failed:  The solver ECOS is not installed. 
Using SCS instead.
ECOS solver failed:  The solver ECOS is not installed. 
Using SCS instead.
ECOS solver failed:  The solver ECOS is not installed. 
Using SCS instead.
ECOS solver failed:  The solver ECOS is not installed. 
Using SCS instead.
ECOS solver failed:  The solver ECOS is not installed. 
Using SCS instead.
ECOS solver failed:  The solver ECOS is not installed. 
Using SCS instead.
ECOS solver failed:  The solver ECOS is not installed. 
Using SCS instead.
ECOS solver failed:  The solver ECOS is not installed. 
Using SCS instead.
ECOS solver failed:  The solver ECOS is not installed. 
Using SCS instead.
ECOS solver failed:  The solver ECOS is not installed. 
Using SCS instead.
ECOS solver failed:  The solver ECOS is not installed. 
Using SCS instead.
ECOS solver failed:  The solver ECOS is not installed. 
Using SCS instead.
ECOS solver failed:  The solver ECOS is not installed. 
Using SCS instead.
ECOS solver failed:  The solver ECOS is not installed. 
Using SCS instead.
ECOS solver failed:  The solver ECOS is not installed. 
Using SCS instead.
ECOS solver failed:  The solver ECOS is not installed. 
Using SCS instead.
ECOS solver failed:  The solver ECOS is not installed. 
Using SCS instead.
ECOS solver failed:  The solver ECOS is not installed. 
Using SCS instead.
ECOS solver failed:  The solver ECOS is not installed. 
Using SCS instead.
ECOS solver failed:  The solver ECOS is not installed. 
Using SCS instead.
M-step Design Matrix Calculation time (sec): 0.0345
ECOS solver failed in IPCW_HAL_init, falling back to SCS: The solver ECOS is not installed.
WARNING - large complementary slackness residual: 0.006459
M-step CVXPY optimize time (sec): 1.7040
ECOS solver failed:  The solver ECOS is not installed. 
Using SCS instead.
ECOS solver failed:  The solver ECOS is not installed. 
Using SCS instead.
ECOS solver failed:  The solver ECOS is not installed. 
Using SCS instead.
ECOS solver failed:  The solver ECOS is not installed. 
Using SCS instead.
ECOS solver failed:  The solver ECOS is not installed. 
Using SCS instead.
ECOS solver failed:  The solver ECOS is not installed. 
Using SCS instead.
ECOS solver failed:  The solver ECOS is not installed. 
Using SCS instead.
ECOS solver failed:  The solver ECOS is not installed. 
Using SCS instead.
ECOS solver failed:  The solver ECOS is not installed. 
Using SCS instead.
ECOS solver failed:  The solver ECOS is not installed. 
Using SCS instead.
ECOS solver failed:  The solver ECOS is not installed. 
Using SCS instead.
ECOS solver failed:  The solver ECOS is not installed. 
Using SCS instead.
ECOS solver failed:  The solver ECOS is not installed. 
Using SCS instead.
ECOS solver failed:  The solver ECOS is not installed. 
Using SCS instead.
ECOS solver failed:  The solver ECOS is not installed. 
Using SCS instead.
ECOS solver failed:  The solver ECOS is not installed. 
Using SCS instead.
ECOS solver failed:  The solver ECOS is not installed. 
Using SCS instead.
ECOS solver failed:  The solver ECOS is not installed. 
Using SCS instead.
ECOS solver failed:  The solver ECOS is not installed. 
Using SCS instead.
ECOS solver failed:  The solver ECOS is not installed. 
Using SCS instead.
ECOS solver failed:  The solver ECOS is not installed. 
Using SCS instead.
M-step Design Matrix Calculation time (sec): 0.0260
ECOS solver failed in IPCW_HAL_init, falling back to SCS: The solver ECOS is not installed.
M-step CVXPY optimize time (sec): 0.7989
ECOS solver failed:  The solver ECOS is not installed. 
Using SCS instead.
ECOS solver failed:  The solver ECOS is not installed. 
Using SCS instead.
ECOS solver failed:  The solver ECOS is not installed. 
Using SCS instead.
ECOS solver failed:  The solver ECOS is not installed. 
Using SCS instead.
ECOS solver failed:  The solver ECOS is not installed. 
Using SCS instead.
ECOS solver failed:  The solver ECOS is not installed. 
Using SCS instead.
ECOS solver failed:  The solver ECOS is not installed. 
Using SCS instead.
ECOS solver failed:  The solver ECOS is not installed. 
Using SCS instead.
ECOS solver failed:  The solver ECOS is not installed. 
Using SCS instead.
ECOS solver failed:  The solver ECOS is not installed. 
Using SCS instead.
ECOS solver failed:  The solver ECOS is not installed. 
Using SCS instead.
ECOS solver failed:  The solver ECOS is not installed. 
Using SCS instead.
ECOS solver failed:  The solver ECOS is not installed. 
Using SCS instead.
ECOS solver failed:  The solver ECOS is not installed. 
Using SCS instead.
ECOS solver failed:  The solver ECOS is not installed. 
Using SCS instead.
ECOS solver failed:  The solver ECOS is not installed. 
Using SCS instead.
ECOS solver failed:  The solver ECOS is not installed. 
Using SCS instead.
ECOS solver failed:  The solver ECOS is not installed. 
Using SCS instead.
ECOS solver failed:  The solver ECOS is not installed. 
Using SCS instead.
ECOS solver failed:  The solver ECOS is not installed. 
Using SCS instead.
ECOS solver failed:  The solver ECOS is not installed. 
Using SCS instead.
M-step Design Matrix Calculation time (sec): 0.0186
ECOS solver failed in IPCW_HAL_init, falling back to SCS: The solver ECOS is not installed.
WARNING - large complementary slackness residual: 0.005586
M-step CVXPY optimize time (sec): 1.0558
ECOS solver failed:  The solver ECOS is not installed. 
Using SCS instead.
ECOS solver failed:  The solver ECOS is not installed. 
Using SCS instead.
ECOS solver failed:  The solver ECOS is not installed. 
Using SCS instead.
ECOS solver failed:  The solver ECOS is not installed. 
Using SCS instead.
ECOS solver failed:  The solver ECOS is not installed. 
Using SCS instead.
ECOS solver failed:  The solver ECOS is not installed. 
Using SCS instead.
ECOS solver failed:  The solver ECOS is not installed. 
Using SCS instead.
ECOS solver failed:  The solver ECOS is not installed. 
Using SCS instead.
ECOS solver failed:  The solver ECOS is not installed. 
Using SCS instead.
ECOS solver failed:  The solver ECOS is not installed. 
Using SCS instead.
ECOS solver failed:  The solver ECOS is not installed. 
Using SCS instead.
ECOS solver failed:  The solver ECOS is not installed. 
Using SCS instead.
ECOS solver failed:  The solver ECOS is not installed. 
Using SCS instead.
ECOS solver failed:  The solver ECOS is not installed. 
Using SCS instead.
ECOS solver failed:  The solver ECOS is not installed. 
Using SCS instead.
ECOS solver failed:  The solver ECOS is not installed. 
Using SCS instead.
ECOS solver failed:  The solver ECOS is not installed. 
Using SCS instead.
ECOS solver failed:  The solver ECOS is not installed. 
Using SCS instead.
ECOS solver failed:  The solver ECOS is not installed. 
Using SCS instead.
ECOS solver failed:  The solver ECOS is not installed. 
Using SCS instead.
ECOS solver failed:  The solver ECOS is not installed. 
Using SCS instead.
M-step Design Matrix Calculation time (sec): 0.1227
ECOS solver failed in IPCW_HAL_init, falling back to SCS: The solver ECOS is not installed.
WARNING - large complementary slackness residual: 0.003768
M-step CVXPY optimize time (sec): 2.8811
ECOS solver failed:  The solver ECOS is not installed. 
Using SCS instead.
ECOS solver failed:  The solver ECOS is not installed. 
Using SCS instead.
ECOS solver failed:  The solver ECOS is not installed. 
Using SCS instead.
ECOS solver failed:  The solver ECOS is not installed. 
Using SCS instead.
ECOS solver failed:  The solver ECOS is not installed. 
Using SCS instead.
ECOS solver failed:  The solver ECOS is not installed. 
Using SCS instead.
ECOS solver failed:  The solver ECOS is not installed. 
Using SCS instead.
ECOS solver failed:  The solver ECOS is not installed. 
Using SCS instead.
ECOS solver failed:  The solver ECOS is not installed. 
Using SCS instead.
ECOS solver failed:  The solver ECOS is not installed. 
Using SCS instead.
ECOS solver failed:  The solver ECOS is not installed. 
Using SCS instead.
ECOS solver failed:  The solver ECOS is not installed. 
Using SCS instead.
ECOS solver failed:  The solver ECOS is not installed. 
Using SCS instead.
ECOS solver failed:  The solver ECOS is not installed. 
Using SCS instead.
ECOS solver failed:  The solver ECOS is not installed. 
Using SCS instead.
ECOS solver failed:  The solver ECOS is not installed. 
Using SCS instead.
ECOS solver failed:  The solver ECOS is not installed. 
Using SCS instead.
ECOS solver failed:  The solver ECOS is not installed. 
Using SCS instead.
ECOS solver failed:  The solver ECOS is not installed. 
Using SCS instead.
ECOS solver failed:  The solver ECOS is not installed. 
Using SCS instead.
ECOS solver failed:  The solver ECOS is not installed. 
Using SCS instead.
M-step Design Matrix Calculation time (sec): 0.0445
ECOS solver failed in IPCW_HAL_init, falling back to SCS: The solver ECOS is not installed.
WARNING - large complementary slackness residual: 0.005467
M-step CVXPY optimize time (sec): 2.4594
ECOS solver failed:  The solver ECOS is not installed. 
Using SCS instead.
ECOS solver failed:  The solver ECOS is not installed. 
Using SCS instead.
ECOS solver failed:  The solver ECOS is not installed. 
Using SCS instead.
ECOS solver failed:  The solver ECOS is not installed. 
Using SCS instead.
ECOS solver failed:  The solver ECOS is not installed. 
Using SCS instead.
ECOS solver failed:  The solver ECOS is not installed. 
Using SCS instead.
ECOS solver failed:  The solver ECOS is not installed. 
Using SCS instead.
ECOS solver failed:  The solver ECOS is not installed. 
Using SCS instead.
ECOS solver failed:  The solver ECOS is not installed. 
Using SCS instead.
ECOS solver failed:  The solver ECOS is not installed. 
Using SCS instead.
ECOS solver failed:  The solver ECOS is not installed. 
Using SCS instead.
ECOS solver failed:  The solver ECOS is not installed. 
Using SCS instead.
ECOS solver failed:  The solver ECOS is not installed. 
Using SCS instead.
ECOS solver failed:  The solver ECOS is not installed. 
Using SCS instead.
ECOS solver failed:  The solver ECOS is not installed. 
Using SCS instead.
ECOS solver failed:  The solver ECOS is not installed. 
Using SCS instead.
ECOS solver failed:  The solver ECOS is not installed. 
Using SCS instead.
ECOS solver failed:  The solver ECOS is not installed. 
Using SCS instead.
ECOS solver failed:  The solver ECOS is not installed. 
Using SCS instead.
ECOS solver failed:  The solver ECOS is not installed. 
Using SCS instead.
ECOS solver failed:  The solver ECOS is not installed. 
Using SCS instead.
M-step Design Matrix Calculation time (sec): 0.0202
ECOS solver failed in IPCW_HAL_init, falling back to SCS: The solver ECOS is not installed.
M-step CVXPY optimize time (sec): 0.8561
ECOS solver failed:  The solver ECOS is not installed. 
Using SCS instead.
ECOS solver failed:  The solver ECOS is not installed. 
Using SCS instead.
ECOS solver failed:  The solver ECOS is not installed. 
Using SCS instead.
ECOS solver failed:  The solver ECOS is not installed. 
Using SCS instead.
ECOS solver failed:  The solver ECOS is not installed. 
Using SCS instead.
ECOS solver failed:  The solver ECOS is not installed. 
Using SCS instead.
ECOS solver failed:  The solver ECOS is not installed. 
Using SCS instead.
ECOS solver failed:  The solver ECOS is not installed. 
Using SCS instead.
ECOS solver failed:  The solver ECOS is not installed. 
Using SCS instead.
ECOS solver failed:  The solver ECOS is not installed. 
Using SCS instead.
ECOS solver failed:  The solver ECOS is not installed. 
Using SCS instead.
ECOS solver failed:  The solver ECOS is not installed. 
Using SCS instead.
ECOS solver failed:  The solver ECOS is not installed. 
Using SCS instead.
ECOS solver failed:  The solver ECOS is not installed. 
Using SCS instead.
ECOS solver failed:  The solver ECOS is not installed. 
Using SCS instead.
ECOS solver failed:  The solver ECOS is not installed. 
Using SCS instead.
ECOS solver failed:  The solver ECOS is not installed. 
Using SCS instead.
ECOS solver failed:  The solver ECOS is not installed. 
Using SCS instead.
ECOS solver failed:  The solver ECOS is not installed. 
Using SCS instead.
ECOS solver failed:  The solver ECOS is not installed. 
Using SCS instead.
ECOS solver failed:  The solver ECOS is not installed. 
Using SCS instead.
M-step Design Matrix Calculation time (sec): 0.0176
ECOS solver failed in IPCW_HAL_init, falling back to SCS: The solver ECOS is not installed.
WARNING - large complementary slackness residual: 0.005735
M-step CVXPY optimize time (sec): 1.6247
ECOS solver failed:  The solver ECOS is not installed. 
Using SCS instead.
ECOS solver failed:  The solver ECOS is not installed. 
Using SCS instead.
ECOS solver failed:  The solver ECOS is not installed. 
Using SCS instead.
ECOS solver failed:  The solver ECOS is not installed. 
Using SCS instead.
ECOS solver failed:  The solver ECOS is not installed. 
Using SCS instead.
ECOS solver failed:  The solver ECOS is not installed. 
Using SCS instead.
ECOS solver failed:  The solver ECOS is not installed. 
Using SCS instead.
ECOS solver failed:  The solver ECOS is not installed. 
Using SCS instead.
ECOS solver failed:  The solver ECOS is not installed. 
Using SCS instead.
ECOS solver failed:  The solver ECOS is not installed. 
Using SCS instead.
ECOS solver failed:  The solver ECOS is not installed. 
Using SCS instead.
ECOS solver failed:  The solver ECOS is not installed. 
Using SCS instead.
ECOS solver failed:  The solver ECOS is not installed. 
Using SCS instead.
ECOS solver failed:  The solver ECOS is not installed. 
Using SCS instead.
ECOS solver failed:  The solver ECOS is not installed. 
Using SCS instead.
ECOS solver failed:  The solver ECOS is not installed. 
Using SCS instead.
ECOS solver failed:  The solver ECOS is not installed. 
Using SCS instead.
ECOS solver failed:  The solver ECOS is not installed. 
Using SCS instead.
ECOS solver failed:  The solver ECOS is not installed. 
Using SCS instead.
ECOS solver failed:  The solver ECOS is not installed. 
Using SCS instead.
ECOS solver failed:  The solver ECOS is not installed. 
Using SCS instead.
M-step Design Matrix Calculation time (sec): 0.3369
ECOS solver failed in IPCW_HAL_init, falling back to SCS: The solver ECOS is not installed.
WARNING - large complementary slackness residual: 0.033590
M-step CVXPY optimize time (sec): 1.1744
ECOS solver failed:  The solver ECOS is not installed. 
Using SCS instead.
ECOS solver failed:  The solver ECOS is not installed. 
Using SCS instead.
ECOS solver failed:  The solver ECOS is not installed. 
Using SCS instead.
ECOS solver failed:  The solver ECOS is not installed. 
Using SCS instead.
ECOS solver failed:  The solver ECOS is not installed. 
Using SCS instead.
ECOS solver failed:  The solver ECOS is not installed. 
Using SCS instead.
ECOS solver failed:  The solver ECOS is not installed. 
Using SCS instead.
ECOS solver failed:  The solver ECOS is not installed. 
Using SCS instead.
ECOS solver failed:  The solver ECOS is not installed. 
Using SCS instead.
ECOS solver failed:  The solver ECOS is not installed. 
Using SCS instead.
ECOS solver failed:  The solver ECOS is not installed. 
Using SCS instead.
ECOS solver failed:  The solver ECOS is not installed. 
Using SCS instead.
ECOS solver failed:  The solver ECOS is not installed. 
Using SCS instead.
ECOS solver failed:  The solver ECOS is not installed. 
Using SCS instead.
ECOS solver failed:  The solver ECOS is not installed. 
Using SCS instead.
ECOS solver failed:  The solver ECOS is not installed. 
Using SCS instead.
ECOS solver failed:  The solver ECOS is not installed. 
Using SCS instead.
ECOS solver failed:  The solver ECOS is not installed. 
Using SCS instead.
ECOS solver failed:  The solver ECOS is not installed. 
Using SCS instead.
ECOS solver failed:  The solver ECOS is not installed. 
Using SCS instead.
ECOS solver failed:  The solver ECOS is not installed. 
Using SCS instead.
M-step Design Matrix Calculation time (sec): 0.0198
ECOS solver failed in IPCW_HAL_init, falling back to SCS: The solver ECOS is not installed.
M-step CVXPY optimize time (sec): 0.8082
ECOS solver failed:  The solver ECOS is not installed. 
Using SCS instead.
ECOS solver failed:  The solver ECOS is not installed. 
Using SCS instead.
ECOS solver failed:  The solver ECOS is not installed. 
Using SCS instead.
ECOS solver failed:  The solver ECOS is not installed. 
Using SCS instead.
ECOS solver failed:  The solver ECOS is not installed. 
Using SCS instead.
ECOS solver failed:  The solver ECOS is not installed. 
Using SCS instead.
ECOS solver failed:  The solver ECOS is not installed. 
Using SCS instead.
ECOS solver failed:  The solver ECOS is not installed. 
Using SCS instead.
ECOS solver failed:  The solver ECOS is not installed. 
Using SCS instead.
ECOS solver failed:  The solver ECOS is not installed. 
Using SCS instead.
ECOS solver failed:  The solver ECOS is not installed. 
Using SCS instead.
ECOS solver failed:  The solver ECOS is not installed. 
Using SCS instead.
ECOS solver failed:  The solver ECOS is not installed. 
Using SCS instead.
ECOS solver failed:  The solver ECOS is not installed. 
Using SCS instead.
ECOS solver failed:  The solver ECOS is not installed. 
Using SCS instead.
ECOS solver failed:  The solver ECOS is not installed. 
Using SCS instead.
ECOS solver failed:  The solver ECOS is not installed. 
Using SCS instead.
ECOS solver failed:  The solver ECOS is not installed. 
Using SCS instead.
ECOS solver failed:  The solver ECOS is not installed. 
Using SCS instead.
ECOS solver failed:  The solver ECOS is not installed. 
Using SCS instead.
ECOS solver failed:  The solver ECOS is not installed. 
Using SCS instead.
M-step Design Matrix Calculation time (sec): 0.0172
ECOS solver failed in IPCW_HAL_init, falling back to SCS: The solver ECOS is not installed.
WARNING - large complementary slackness residual: 0.022813
M-step CVXPY optimize time (sec): 1.8434
ECOS solver failed:  The solver ECOS is not installed. 
Using SCS instead.
ECOS solver failed:  The solver ECOS is not installed. 
Using SCS instead.
ECOS solver failed:  The solver ECOS is not installed. 
Using SCS instead.
ECOS solver failed:  The solver ECOS is not installed. 
Using SCS instead.
ECOS solver failed:  The solver ECOS is not installed. 
Using SCS instead.
ECOS solver failed:  The solver ECOS is not installed. 
Using SCS instead.
ECOS solver failed:  The solver ECOS is not installed. 
Using SCS instead.
ECOS solver failed:  The solver ECOS is not installed. 
Using SCS instead.
ECOS solver failed:  The solver ECOS is not installed. 
Using SCS instead.
ECOS solver failed:  The solver ECOS is not installed. 
Using SCS instead.
ECOS solver failed:  The solver ECOS is not installed. 
Using SCS instead.
ECOS solver failed:  The solver ECOS is not installed. 
Using SCS instead.
ECOS solver failed:  The solver ECOS is not installed. 
Using SCS instead.
ECOS solver failed:  The solver ECOS is not installed. 
Using SCS instead.
ECOS solver failed:  The solver ECOS is not installed. 
Using SCS instead.
ECOS solver failed:  The solver ECOS is not installed. 
Using SCS instead.
ECOS solver failed:  The solver ECOS is not installed. 
Using SCS instead.
ECOS solver failed:  The solver ECOS is not installed. 
Using SCS instead.
ECOS solver failed:  The solver ECOS is not installed. 
Using SCS instead.
ECOS solver failed:  The solver ECOS is not installed. 
Using SCS instead.
ECOS solver failed:  The solver ECOS is not installed. 
Using SCS instead.
M-step Design Matrix Calculation time (sec): 0.0637
ECOS solver failed in IPCW_HAL_init, falling back to SCS: The solver ECOS is not installed.
WARNING - large complementary slackness residual: 0.016226
M-step CVXPY optimize time (sec): 4.3573
ECOS solver failed:  The solver ECOS is not installed. 
Using SCS instead.
ECOS solver failed:  The solver ECOS is not installed. 
Using SCS instead.
ECOS solver failed:  The solver ECOS is not installed. 
Using SCS instead.
ECOS solver failed:  The solver ECOS is not installed. 
Using SCS instead.
ECOS solver failed:  The solver ECOS is not installed. 
Using SCS instead.
ECOS solver failed:  The solver ECOS is not installed. 
Using SCS instead.
ECOS solver failed:  The solver ECOS is not installed. 
Using SCS instead.
ECOS solver failed:  The solver ECOS is not installed. 
Using SCS instead.
ECOS solver failed:  The solver ECOS is not installed. 
Using SCS instead.
ECOS solver failed:  The solver ECOS is not installed. 
Using SCS instead.
ECOS solver failed:  The solver ECOS is not installed. 
Using SCS instead.
ECOS solver failed:  The solver ECOS is not installed. 
Using SCS instead.
ECOS solver failed:  The solver ECOS is not installed. 
Using SCS instead.
ECOS solver failed:  The solver ECOS is not installed. 
Using SCS instead.
ECOS solver failed:  The solver ECOS is not installed. 
Using SCS instead.
ECOS solver failed:  The solver ECOS is not installed. 
Using SCS instead.
ECOS solver failed:  The solver ECOS is not installed. 
Using SCS instead.
ECOS solver failed:  The solver ECOS is not installed. 
Using SCS instead.
ECOS solver failed:  The solver ECOS is not installed. 
Using SCS instead.
ECOS solver failed:  The solver ECOS is not installed. 
Using SCS instead.
ECOS solver failed:  The solver ECOS is not installed. 
Using SCS instead.
M-step Design Matrix Calculation time (sec): 0.0174
ECOS solver failed in IPCW_HAL_init, falling back to SCS: The solver ECOS is not installed.
WARNING - large complementary slackness residual: 0.013682
M-step CVXPY optimize time (sec): 3.2387
ECOS solver failed:  The solver ECOS is not installed. 
Using SCS instead.
ECOS solver failed:  The solver ECOS is not installed. 
Using SCS instead.
ECOS solver failed:  The solver ECOS is not installed. 
Using SCS instead.
ECOS solver failed:  The solver ECOS is not installed. 
Using SCS instead.
ECOS solver failed:  The solver ECOS is not installed. 
Using SCS instead.
ECOS solver failed:  The solver ECOS is not installed. 
Using SCS instead.
ECOS solver failed:  The solver ECOS is not installed. 
Using SCS instead.
ECOS solver failed:  The solver ECOS is not installed. 
Using SCS instead.
ECOS solver failed:  The solver ECOS is not installed. 
Using SCS instead.
ECOS solver failed:  The solver ECOS is not installed. 
Using SCS instead.
ECOS solver failed:  The solver ECOS is not installed. 
Using SCS instead.
ECOS solver failed:  The solver ECOS is not installed. 
Using SCS instead.
ECOS solver failed:  The solver ECOS is not installed. 
Using SCS instead.
ECOS solver failed:  The solver ECOS is not installed. 
Using SCS instead.
ECOS solver failed:  The solver ECOS is not installed. 
Using SCS instead.
ECOS solver failed:  The solver ECOS is not installed. 
Using SCS instead.
ECOS solver failed:  The solver ECOS is not installed. 
Using SCS instead.
ECOS solver failed:  The solver ECOS is not installed. 
Using SCS instead.
ECOS solver failed:  The solver ECOS is not installed. 
Using SCS instead.
ECOS solver failed:  The solver ECOS is not installed. 
Using SCS instead.
ECOS solver failed:  The solver ECOS is not installed. 
Using SCS instead.
M-step Design Matrix Calculation time (sec): 0.0185
ECOS solver failed in IPCW_HAL_init, falling back to SCS: The solver ECOS is not installed.
WARNING - large complementary slackness residual: 0.006007
M-step CVXPY optimize time (sec): 2.9791
ECOS solver failed:  The solver ECOS is not installed. 
Using SCS instead.
ECOS solver failed:  The solver ECOS is not installed. 
Using SCS instead.
ECOS solver failed:  The solver ECOS is not installed. 
Using SCS instead.
ECOS solver failed:  The solver ECOS is not installed. 
Using SCS instead.
ECOS solver failed:  The solver ECOS is not installed. 
Using SCS instead.
ECOS solver failed:  The solver ECOS is not installed. 
Using SCS instead.
ECOS solver failed:  The solver ECOS is not installed. 
Using SCS instead.
ECOS solver failed:  The solver ECOS is not installed. 
Using SCS instead.
ECOS solver failed:  The solver ECOS is not installed. 
Using SCS instead.
ECOS solver failed:  The solver ECOS is not installed. 
Using SCS instead.
ECOS solver failed:  The solver ECOS is not installed. 
Using SCS instead.
ECOS solver failed:  The solver ECOS is not installed. 
Using SCS instead.
ECOS solver failed:  The solver ECOS is not installed. 
Using SCS instead.
ECOS solver failed:  The solver ECOS is not installed. 
Using SCS instead.
ECOS solver failed:  The solver ECOS is not installed. 
Using SCS instead.
ECOS solver failed:  The solver ECOS is not installed. 
Using SCS instead.
ECOS solver failed:  The solver ECOS is not installed. 
Using SCS instead.
ECOS solver failed:  The solver ECOS is not installed. 
Using SCS instead.
ECOS solver failed:  The solver ECOS is not installed. 
Using SCS instead.
ECOS solver failed:  The solver ECOS is not installed. 
Using SCS instead.
ECOS solver failed:  The solver ECOS is not installed. 
Using SCS instead.
M-step Design Matrix Calculation time (sec): 0.0246
ECOS solver failed in IPCW_HAL_init, falling back to SCS: The solver ECOS is not installed.
WARNING - large complementary slackness residual: 0.017732
M-step CVXPY optimize time (sec): 1.5234
ECOS solver failed:  The solver ECOS is not installed. 
Using SCS instead.
ECOS solver failed:  The solver ECOS is not installed. 
Using SCS instead.
ECOS solver failed:  The solver ECOS is not installed. 
Using SCS instead.
ECOS solver failed:  The solver ECOS is not installed. 
Using SCS instead.
ECOS solver failed:  The solver ECOS is not installed. 
Using SCS instead.
ECOS solver failed:  The solver ECOS is not installed. 
Using SCS instead.
ECOS solver failed:  The solver ECOS is not installed. 
Using SCS instead.
ECOS solver failed:  The solver ECOS is not installed. 
Using SCS instead.
ECOS solver failed:  The solver ECOS is not installed. 
Using SCS instead.
ECOS solver failed:  The solver ECOS is not installed. 
Using SCS instead.
ECOS solver failed:  The solver ECOS is not installed. 
Using SCS instead.
ECOS solver failed:  The solver ECOS is not installed. 
Using SCS instead.
ECOS solver failed:  The solver ECOS is not installed. 
Using SCS instead.
ECOS solver failed:  The solver ECOS is not installed. 
Using SCS instead.
ECOS solver failed:  The solver ECOS is not installed. 
Using SCS instead.
ECOS solver failed:  The solver ECOS is not installed. 
Using SCS instead.
ECOS solver failed:  The solver ECOS is not installed. 
Using SCS instead.
ECOS solver failed:  The solver ECOS is not installed. 
Using SCS instead.
ECOS solver failed:  The solver ECOS is not installed. 
Using SCS instead.
ECOS solver failed:  The solver ECOS is not installed. 
Using SCS instead.
ECOS solver failed:  The solver ECOS is not installed. 
Using SCS instead.
M-step Design Matrix Calculation time (sec): 0.0159
ECOS solver failed in IPCW_HAL_init, falling back to SCS: The solver ECOS is not installed.
M-step CVXPY optimize time (sec): 1.8510
ECOS solver failed:  The solver ECOS is not installed. 
Using SCS instead.
ECOS solver failed:  The solver ECOS is not installed. 
Using SCS instead.
ECOS solver failed:  The solver ECOS is not installed. 
Using SCS instead.
ECOS solver failed:  The solver ECOS is not installed. 
Using SCS instead.
ECOS solver failed:  The solver ECOS is not installed. 
Using SCS instead.
ECOS solver failed:  The solver ECOS is not installed. 
Using SCS instead.
ECOS solver failed:  The solver ECOS is not installed. 
Using SCS instead.
ECOS solver failed:  The solver ECOS is not installed. 
Using SCS instead.
ECOS solver failed:  The solver ECOS is not installed. 
Using SCS instead.
ECOS solver failed:  The solver ECOS is not installed. 
Using SCS instead.
ECOS solver failed:  The solver ECOS is not installed. 
Using SCS instead.
ECOS solver failed:  The solver ECOS is not installed. 
Using SCS instead.
ECOS solver failed:  The solver ECOS is not installed. 
Using SCS instead.
ECOS solver failed:  The solver ECOS is not installed. 
Using SCS instead.
ECOS solver failed:  The solver ECOS is not installed. 
Using SCS instead.
ECOS solver failed:  The solver ECOS is not installed. 
Using SCS instead.
ECOS solver failed:  The solver ECOS is not installed. 
Using SCS instead.
ECOS solver failed:  The solver ECOS is not installed. 
Using SCS instead.
ECOS solver failed:  The solver ECOS is not installed. 
Using SCS instead.
ECOS solver failed:  The solver ECOS is not installed. 
Using SCS instead.
ECOS solver failed:  The solver ECOS is not installed. 
Using SCS instead.
M-step Design Matrix Calculation time (sec): 0.0183
ECOS solver failed in IPCW_HAL_init, falling back to SCS: The solver ECOS is not installed.
M-step CVXPY optimize time (sec): 1.3770
ECOS solver failed:  The solver ECOS is not installed. 
Using SCS instead.
ECOS solver failed:  The solver ECOS is not installed. 
Using SCS instead.
ECOS solver failed:  The solver ECOS is not installed. 
Using SCS instead.
ECOS solver failed:  The solver ECOS is not installed. 
Using SCS instead.
ECOS solver failed:  The solver ECOS is not installed. 
Using SCS instead.
ECOS solver failed:  The solver ECOS is not installed. 
Using SCS instead.
ECOS solver failed:  The solver ECOS is not installed. 
Using SCS instead.
ECOS solver failed:  The solver ECOS is not installed. 
Using SCS instead.
ECOS solver failed:  The solver ECOS is not installed. 
Using SCS instead.
ECOS solver failed:  The solver ECOS is not installed. 
Using SCS instead.
ECOS solver failed:  The solver ECOS is not installed. 
Using SCS instead.
ECOS solver failed:  The solver ECOS is not installed. 
Using SCS instead.
ECOS solver failed:  The solver ECOS is not installed. 
Using SCS instead.
ECOS solver failed:  The solver ECOS is not installed. 
Using SCS instead.
ECOS solver failed:  The solver ECOS is not installed. 
Using SCS instead.
ECOS solver failed:  The solver ECOS is not installed. 
Using SCS instead.
ECOS solver failed:  The solver ECOS is not installed. 
Using SCS instead.
ECOS solver failed:  The solver ECOS is not installed. 
Using SCS instead.
ECOS solver failed:  The solver ECOS is not installed. 
Using SCS instead.
ECOS solver failed:  The solver ECOS is not installed. 
Using SCS instead.
ECOS solver failed:  The solver ECOS is not installed. 
Using SCS instead.
M-step Design Matrix Calculation time (sec): 0.0157
ECOS solver failed in IPCW_HAL_init, falling back to SCS: The solver ECOS is not installed.
WARNING - large complementary slackness residual: 0.014798
M-step CVXPY optimize time (sec): 2.1545
ECOS solver failed:  The solver ECOS is not installed. 
Using SCS instead.
ECOS solver failed:  The solver ECOS is not installed. 
Using SCS instead.
ECOS solver failed:  The solver ECOS is not installed. 
Using SCS instead.
ECOS solver failed:  The solver ECOS is not installed. 
Using SCS instead.
ECOS solver failed:  The solver ECOS is not installed. 
Using SCS instead.
ECOS solver failed:  The solver ECOS is not installed. 
Using SCS instead.
ECOS solver failed:  The solver ECOS is not installed. 
Using SCS instead.
ECOS solver failed:  The solver ECOS is not installed. 
Using SCS instead.
ECOS solver failed:  The solver ECOS is not installed. 
Using SCS instead.
ECOS solver failed:  The solver ECOS is not installed. 
Using SCS instead.
ECOS solver failed:  The solver ECOS is not installed. 
Using SCS instead.
ECOS solver failed:  The solver ECOS is not installed. 
Using SCS instead.
ECOS solver failed:  The solver ECOS is not installed. 
Using SCS instead.
ECOS solver failed:  The solver ECOS is not installed. 
Using SCS instead.
ECOS solver failed:  The solver ECOS is not installed. 
Using SCS instead.
ECOS solver failed:  The solver ECOS is not installed. 
Using SCS instead.
ECOS solver failed:  The solver ECOS is not installed. 
Using SCS instead.
ECOS solver failed:  The solver ECOS is not installed. 
Using SCS instead.
ECOS solver failed:  The solver ECOS is not installed. 
Using SCS instead.
ECOS solver failed:  The solver ECOS is not installed. 
Using SCS instead.
ECOS solver failed:  The solver ECOS is not installed. 
Using SCS instead.
M-step Design Matrix Calculation time (sec): 0.0511
ECOS solver failed in IPCW_HAL_init, falling back to SCS: The solver ECOS is not installed.
WARNING - large complementary slackness residual: 0.033888
M-step CVXPY optimize time (sec): 2.1461
ECOS solver failed:  The solver ECOS is not installed. 
Using SCS instead.
ECOS solver failed:  The solver ECOS is not installed. 
Using SCS instead.
ECOS solver failed:  The solver ECOS is not installed. 
Using SCS instead.
ECOS solver failed:  The solver ECOS is not installed. 
Using SCS instead.
ECOS solver failed:  The solver ECOS is not installed. 
Using SCS instead.
ECOS solver failed:  The solver ECOS is not installed. 
Using SCS instead.
ECOS solver failed:  The solver ECOS is not installed. 
Using SCS instead.
ECOS solver failed:  The solver ECOS is not installed. 
Using SCS instead.
ECOS solver failed:  The solver ECOS is not installed. 
Using SCS instead.
ECOS solver failed:  The solver ECOS is not installed. 
Using SCS instead.
ECOS solver failed:  The solver ECOS is not installed. 
Using SCS instead.
ECOS solver failed:  The solver ECOS is not installed. 
Using SCS instead.
ECOS solver failed:  The solver ECOS is not installed. 
Using SCS instead.
ECOS solver failed:  The solver ECOS is not installed. 
Using SCS instead.
ECOS solver failed:  The solver ECOS is not installed. 
Using SCS instead.
ECOS solver failed:  The solver ECOS is not installed. 
Using SCS instead.
ECOS solver failed:  The solver ECOS is not installed. 
Using SCS instead.
ECOS solver failed:  The solver ECOS is not installed. 
Using SCS instead.
ECOS solver failed:  The solver ECOS is not installed. 
Using SCS instead.
ECOS solver failed:  The solver ECOS is not installed. 
Using SCS instead.
ECOS solver failed:  The solver ECOS is not installed. 
Using SCS instead.
M-step Design Matrix Calculation time (sec): 0.0195
ECOS solver failed in IPCW_HAL_init, falling back to SCS: The solver ECOS is not installed.
WARNING - large complementary slackness residual: 0.014510
M-step CVXPY optimize time (sec): 2.1382
ECOS solver failed:  The solver ECOS is not installed. 
Using SCS instead.
ECOS solver failed:  The solver ECOS is not installed. 
Using SCS instead.
ECOS solver failed:  The solver ECOS is not installed. 
Using SCS instead.
ECOS solver failed:  The solver ECOS is not installed. 
Using SCS instead.
ECOS solver failed:  The solver ECOS is not installed. 
Using SCS instead.
ECOS solver failed:  The solver ECOS is not installed. 
Using SCS instead.
ECOS solver failed:  The solver ECOS is not installed. 
Using SCS instead.
ECOS solver failed:  The solver ECOS is not installed. 
Using SCS instead.
ECOS solver failed:  The solver ECOS is not installed. 
Using SCS instead.
ECOS solver failed:  The solver ECOS is not installed. 
Using SCS instead.
ECOS solver failed:  The solver ECOS is not installed. 
Using SCS instead.
ECOS solver failed:  The solver ECOS is not installed. 
Using SCS instead.
ECOS solver failed:  The solver ECOS is not installed. 
Using SCS instead.
ECOS solver failed:  The solver ECOS is not installed. 
Using SCS instead.
ECOS solver failed:  The solver ECOS is not installed. 
Using SCS instead.
ECOS solver failed:  The solver ECOS is not installed. 
Using SCS instead.
ECOS solver failed:  The solver ECOS is not installed. 
Using SCS instead.
ECOS solver failed:  The solver ECOS is not installed. 
Using SCS instead.
ECOS solver failed:  The solver ECOS is not installed. 
Using SCS instead.
ECOS solver failed:  The solver ECOS is not installed. 
Using SCS instead.
ECOS solver failed:  The solver ECOS is not installed. 
Using SCS instead.
M-step Design Matrix Calculation time (sec): 0.0178
ECOS solver failed in IPCW_HAL_init, falling back to SCS: The solver ECOS is not installed.
M-step CVXPY optimize time (sec): 0.7786
ECOS solver failed:  The solver ECOS is not installed. 
Using SCS instead.
ECOS solver failed:  The solver ECOS is not installed. 
Using SCS instead.
ECOS solver failed:  The solver ECOS is not installed. 
Using SCS instead.
ECOS solver failed:  The solver ECOS is not installed. 
Using SCS instead.
ECOS solver failed:  The solver ECOS is not installed. 
Using SCS instead.
ECOS solver failed:  The solver ECOS is not installed. 
Using SCS instead.
ECOS solver failed:  The solver ECOS is not installed. 
Using SCS instead.
ECOS solver failed:  The solver ECOS is not installed. 
Using SCS instead.
ECOS solver failed:  The solver ECOS is not installed. 
Using SCS instead.
ECOS solver failed:  The solver ECOS is not installed. 
Using SCS instead.
ECOS solver failed:  The solver ECOS is not installed. 
Using SCS instead.
ECOS solver failed:  The solver ECOS is not installed. 
Using SCS instead.
ECOS solver failed:  The solver ECOS is not installed. 
Using SCS instead.
ECOS solver failed:  The solver ECOS is not installed. 
Using SCS instead.
ECOS solver failed:  The solver ECOS is not installed. 
Using SCS instead.
ECOS solver failed:  The solver ECOS is not installed. 
Using SCS instead.
ECOS solver failed:  The solver ECOS is not installed. 
Using SCS instead.
ECOS solver failed:  The solver ECOS is not installed. 
Using SCS instead.
ECOS solver failed:  The solver ECOS is not installed. 
Using SCS instead.
ECOS solver failed:  The solver ECOS is not installed. 
Using SCS instead.
ECOS solver failed:  The solver ECOS is not installed. 
Using SCS instead.
M-step Design Matrix Calculation time (sec): 0.0179
ECOS solver failed in IPCW_HAL_init, falling back to SCS: The solver ECOS is not installed.
M-step CVXPY optimize time (sec): 1.0498
ECOS solver failed:  The solver ECOS is not installed. 
Using SCS instead.
ECOS solver failed:  The solver ECOS is not installed. 
Using SCS instead.
ECOS solver failed:  The solver ECOS is not installed. 
Using SCS instead.
ECOS solver failed:  The solver ECOS is not installed. 
Using SCS instead.
ECOS solver failed:  The solver ECOS is not installed. 
Using SCS instead.
ECOS solver failed:  The solver ECOS is not installed. 
Using SCS instead.
ECOS solver failed:  The solver ECOS is not installed. 
Using SCS instead.
ECOS solver failed:  The solver ECOS is not installed. 
Using SCS instead.
ECOS solver failed:  The solver ECOS is not installed. 
Using SCS instead.
ECOS solver failed:  The solver ECOS is not installed. 
Using SCS instead.
ECOS solver failed:  The solver ECOS is not installed. 
Using SCS instead.
ECOS solver failed:  The solver ECOS is not installed. 
Using SCS instead.
ECOS solver failed:  The solver ECOS is not installed. 
Using SCS instead.
ECOS solver failed:  The solver ECOS is not installed. 
Using SCS instead.
ECOS solver failed:  The solver ECOS is not installed. 
Using SCS instead.
ECOS solver failed:  The solver ECOS is not installed. 
Using SCS instead.
ECOS solver failed:  The solver ECOS is not installed. 
Using SCS instead.
ECOS solver failed:  The solver ECOS is not installed. 
Using SCS instead.
ECOS solver failed:  The solver ECOS is not installed. 
Using SCS instead.
ECOS solver failed:  The solver ECOS is not installed. 
Using SCS instead.
ECOS solver failed:  The solver ECOS is not installed. 
Using SCS instead.
M-step Design Matrix Calculation time (sec): 0.0686
ECOS solver failed in IPCW_HAL_init, falling back to SCS: The solver ECOS is not installed.
WARNING - large complementary slackness residual: 0.016802
M-step CVXPY optimize time (sec): 2.3345
ECOS solver failed:  The solver ECOS is not installed. 
Using SCS instead.
ECOS solver failed:  The solver ECOS is not installed. 
Using SCS instead.
ECOS solver failed:  The solver ECOS is not installed. 
Using SCS instead.
ECOS solver failed:  The solver ECOS is not installed. 
Using SCS instead.
ECOS solver failed:  The solver ECOS is not installed. 
Using SCS instead.
ECOS solver failed:  The solver ECOS is not installed. 
Using SCS instead.
ECOS solver failed:  The solver ECOS is not installed. 
Using SCS instead.
ECOS solver failed:  The solver ECOS is not installed. 
Using SCS instead.
ECOS solver failed:  The solver ECOS is not installed. 
Using SCS instead.
ECOS solver failed:  The solver ECOS is not installed. 
Using SCS instead.
ECOS solver failed:  The solver ECOS is not installed. 
Using SCS instead.
ECOS solver failed:  The solver ECOS is not installed. 
Using SCS instead.
ECOS solver failed:  The solver ECOS is not installed. 
Using SCS instead.
ECOS solver failed:  The solver ECOS is not installed. 
Using SCS instead.
ECOS solver failed:  The solver ECOS is not installed. 
Using SCS instead.
ECOS solver failed:  The solver ECOS is not installed. 
Using SCS instead.
ECOS solver failed:  The solver ECOS is not installed. 
Using SCS instead.
ECOS solver failed:  The solver ECOS is not installed. 
Using SCS instead.
ECOS solver failed:  The solver ECOS is not installed. 
Using SCS instead.
ECOS solver failed:  The solver ECOS is not installed. 
Using SCS instead.
ECOS solver failed:  The solver ECOS is not installed. 
Using SCS instead.
M-step Design Matrix Calculation time (sec): 0.0189
ECOS solver failed in IPCW_HAL_init, falling back to SCS: The solver ECOS is not installed.
WARNING - large complementary slackness residual: 0.010962
M-step CVXPY optimize time (sec): 1.9616
ECOS solver failed:  The solver ECOS is not installed. 
Using SCS instead.
ECOS solver failed:  The solver ECOS is not installed. 
Using SCS instead.
ECOS solver failed:  The solver ECOS is not installed. 
Using SCS instead.
ECOS solver failed:  The solver ECOS is not installed. 
Using SCS instead.
ECOS solver failed:  The solver ECOS is not installed. 
Using SCS instead.
ECOS solver failed:  The solver ECOS is not installed. 
Using SCS instead.
ECOS solver failed:  The solver ECOS is not installed. 
Using SCS instead.
ECOS solver failed:  The solver ECOS is not installed. 
Using SCS instead.
ECOS solver failed:  The solver ECOS is not installed. 
Using SCS instead.
ECOS solver failed:  The solver ECOS is not installed. 
Using SCS instead.
ECOS solver failed:  The solver ECOS is not installed. 
Using SCS instead.
ECOS solver failed:  The solver ECOS is not installed. 
Using SCS instead.
ECOS solver failed:  The solver ECOS is not installed. 
Using SCS instead.
ECOS solver failed:  The solver ECOS is not installed. 
Using SCS instead.
ECOS solver failed:  The solver ECOS is not installed. 
Using SCS instead.
ECOS solver failed:  The solver ECOS is not installed. 
Using SCS instead.
ECOS solver failed:  The solver ECOS is not installed. 
Using SCS instead.
ECOS solver failed:  The solver ECOS is not installed. 
Using SCS instead.
ECOS solver failed:  The solver ECOS is not installed. 
Using SCS instead.
ECOS solver failed:  The solver ECOS is not installed. 
Using SCS instead.
ECOS solver failed:  The solver ECOS is not installed. 
Using SCS instead.
M-step Design Matrix Calculation time (sec): 0.0257
ECOS solver failed in IPCW_HAL_init, falling back to SCS: The solver ECOS is not installed.
WARNING - large complementary slackness residual: 0.033367
M-step CVXPY optimize time (sec): 1.8801
ECOS solver failed:  The solver ECOS is not installed. 
Using SCS instead.
ECOS solver failed:  The solver ECOS is not installed. 
Using SCS instead.
ECOS solver failed:  The solver ECOS is not installed. 
Using SCS instead.
ECOS solver failed:  The solver ECOS is not installed. 
Using SCS instead.
ECOS solver failed:  The solver ECOS is not installed. 
Using SCS instead.
ECOS solver failed:  The solver ECOS is not installed. 
Using SCS instead.
ECOS solver failed:  The solver ECOS is not installed. 
Using SCS instead.
ECOS solver failed:  The solver ECOS is not installed. 
Using SCS instead.
ECOS solver failed:  The solver ECOS is not installed. 
Using SCS instead.
ECOS solver failed:  The solver ECOS is not installed. 
Using SCS instead.
ECOS solver failed:  The solver ECOS is not installed. 
Using SCS instead.
ECOS solver failed:  The solver ECOS is not installed. 
Using SCS instead.
ECOS solver failed:  The solver ECOS is not installed. 
Using SCS instead.
ECOS solver failed:  The solver ECOS is not installed. 
Using SCS instead.
ECOS solver failed:  The solver ECOS is not installed. 
Using SCS instead.
ECOS solver failed:  The solver ECOS is not installed. 
Using SCS instead.
ECOS solver failed:  The solver ECOS is not installed. 
Using SCS instead.
ECOS solver failed:  The solver ECOS is not installed. 
Using SCS instead.
ECOS solver failed:  The solver ECOS is not installed. 
Using SCS instead.
ECOS solver failed:  The solver ECOS is not installed. 
Using SCS instead.
ECOS solver failed:  The solver ECOS is not installed. 
Using SCS instead.
M-step Design Matrix Calculation time (sec): 0.0177
ECOS solver failed in IPCW_HAL_init, falling back to SCS: The solver ECOS is not installed.
WARNING - large complementary slackness residual: 0.003970
M-step CVXPY optimize time (sec): 1.3540
ECOS solver failed:  The solver ECOS is not installed. 
Using SCS instead.
ECOS solver failed:  The solver ECOS is not installed. 
Using SCS instead.
ECOS solver failed:  The solver ECOS is not installed. 
Using SCS instead.
ECOS solver failed:  The solver ECOS is not installed. 
Using SCS instead.
ECOS solver failed:  The solver ECOS is not installed. 
Using SCS instead.
ECOS solver failed:  The solver ECOS is not installed. 
Using SCS instead.
ECOS solver failed:  The solver ECOS is not installed. 
Using SCS instead.
ECOS solver failed:  The solver ECOS is not installed. 
Using SCS instead.
ECOS solver failed:  The solver ECOS is not installed. 
Using SCS instead.
ECOS solver failed:  The solver ECOS is not installed. 
Using SCS instead.
ECOS solver failed:  The solver ECOS is not installed. 
Using SCS instead.
ECOS solver failed:  The solver ECOS is not installed. 
Using SCS instead.
ECOS solver failed:  The solver ECOS is not installed. 
Using SCS instead.
ECOS solver failed:  The solver ECOS is not installed. 
Using SCS instead.
ECOS solver failed:  The solver ECOS is not installed. 
Using SCS instead.
ECOS solver failed:  The solver ECOS is not installed. 
Using SCS instead.
ECOS solver failed:  The solver ECOS is not installed. 
Using SCS instead.
ECOS solver failed:  The solver ECOS is not installed. 
Using SCS instead.
ECOS solver failed:  The solver ECOS is not installed. 
Using SCS instead.
ECOS solver failed:  The solver ECOS is not installed. 
Using SCS instead.
ECOS solver failed:  The solver ECOS is not installed. 
Using SCS instead.
M-step Design Matrix Calculation time (sec): 0.0930
ECOS solver failed in IPCW_HAL_init, falling back to SCS: The solver ECOS is not installed.
M-step CVXPY optimize time (sec): 1.6318
ECOS solver failed:  The solver ECOS is not installed. 
Using SCS instead.
ECOS solver failed:  The solver ECOS is not installed. 
Using SCS instead.
ECOS solver failed:  The solver ECOS is not installed. 
Using SCS instead.
ECOS solver failed:  The solver ECOS is not installed. 
Using SCS instead.
ECOS solver failed:  The solver ECOS is not installed. 
Using SCS instead.
ECOS solver failed:  The solver ECOS is not installed. 
Using SCS instead.
ECOS solver failed:  The solver ECOS is not installed. 
Using SCS instead.
ECOS solver failed:  The solver ECOS is not installed. 
Using SCS instead.
ECOS solver failed:  The solver ECOS is not installed. 
Using SCS instead.
ECOS solver failed:  The solver ECOS is not installed. 
Using SCS instead.
ECOS solver failed:  The solver ECOS is not installed. 
Using SCS instead.
ECOS solver failed:  The solver ECOS is not installed. 
Using SCS instead.
ECOS solver failed:  The solver ECOS is not installed. 
Using SCS instead.
ECOS solver failed:  The solver ECOS is not installed. 
Using SCS instead.
ECOS solver failed:  The solver ECOS is not installed. 
Using SCS instead.
ECOS solver failed:  The solver ECOS is not installed. 
Using SCS instead.
ECOS solver failed:  The solver ECOS is not installed. 
Using SCS instead.
ECOS solver failed:  The solver ECOS is not installed. 
Using SCS instead.
ECOS solver failed:  The solver ECOS is not installed. 
Using SCS instead.
ECOS solver failed:  The solver ECOS is not installed. 
Using SCS instead.
ECOS solver failed:  The solver ECOS is not installed. 
Using SCS instead.
M-step Design Matrix Calculation time (sec): 0.0260
ECOS solver failed in IPCW_HAL_init, falling back to SCS: The solver ECOS is not installed.
M-step CVXPY optimize time (sec): 0.4844
ECOS solver failed:  The solver ECOS is not installed. 
Using SCS instead.
ECOS solver failed:  The solver ECOS is not installed. 
Using SCS instead.
ECOS solver failed:  The solver ECOS is not installed. 
Using SCS instead.
ECOS solver failed:  The solver ECOS is not installed. 
Using SCS instead.
ECOS solver failed:  The solver ECOS is not installed. 
Using SCS instead.
ECOS solver failed:  The solver ECOS is not installed. 
Using SCS instead.
ECOS solver failed:  The solver ECOS is not installed. 
Using SCS instead.
ECOS solver failed:  The solver ECOS is not installed. 
Using SCS instead.
ECOS solver failed:  The solver ECOS is not installed. 
Using SCS instead.
ECOS solver failed:  The solver ECOS is not installed. 
Using SCS instead.
ECOS solver failed:  The solver ECOS is not installed. 
Using SCS instead.
ECOS solver failed:  The solver ECOS is not installed. 
Using SCS instead.
ECOS solver failed:  The solver ECOS is not installed. 
Using SCS instead.
ECOS solver failed:  The solver ECOS is not installed. 
Using SCS instead.
ECOS solver failed:  The solver ECOS is not installed. 
Using SCS instead.
ECOS solver failed:  The solver ECOS is not installed. 
Using SCS instead.
ECOS solver failed:  The solver ECOS is not installed. 
Using SCS instead.
ECOS solver failed:  The solver ECOS is not installed. 
Using SCS instead.
ECOS solver failed:  The solver ECOS is not installed. 
Using SCS instead.
ECOS solver failed:  The solver ECOS is not installed. 
Using SCS instead.
ECOS solver failed:  The solver ECOS is not installed. 
Using SCS instead.
M-step Design Matrix Calculation time (sec): 0.0163
ECOS solver failed in IPCW_HAL_init, falling back to SCS: The solver ECOS is not installed.
WARNING - large complementary slackness residual: 0.033492
M-step CVXPY optimize time (sec): 0.8651
ECOS solver failed:  The solver ECOS is not installed. 
Using SCS instead.
ECOS solver failed:  The solver ECOS is not installed. 
Using SCS instead.
ECOS solver failed:  The solver ECOS is not installed. 
Using SCS instead.
ECOS solver failed:  The solver ECOS is not installed. 
Using SCS instead.
ECOS solver failed:  The solver ECOS is not installed. 
Using SCS instead.
ECOS solver failed:  The solver ECOS is not installed. 
Using SCS instead.
ECOS solver failed:  The solver ECOS is not installed. 
Using SCS instead.
ECOS solver failed:  The solver ECOS is not installed. 
Using SCS instead.
ECOS solver failed:  The solver ECOS is not installed. 
Using SCS instead.
ECOS solver failed:  The solver ECOS is not installed. 
Using SCS instead.
ECOS solver failed:  The solver ECOS is not installed. 
Using SCS instead.
ECOS solver failed:  The solver ECOS is not installed. 
Using SCS instead.
ECOS solver failed:  The solver ECOS is not installed. 
Using SCS instead.
ECOS solver failed:  The solver ECOS is not installed. 
Using SCS instead.
ECOS solver failed:  The solver ECOS is not installed. 
Using SCS instead.
ECOS solver failed:  The solver ECOS is not installed. 
Using SCS instead.
ECOS solver failed:  The solver ECOS is not installed. 
Using SCS instead.
ECOS solver failed:  The solver ECOS is not installed. 
Using SCS instead.
ECOS solver failed:  The solver ECOS is not installed. 
Using SCS instead.
ECOS solver failed:  The solver ECOS is not installed. 
Using SCS instead.
ECOS solver failed:  The solver ECOS is not installed. 
Using SCS instead.
M-step Design Matrix Calculation time (sec): 0.0182
ECOS solver failed in IPCW_HAL_init, falling back to SCS: The solver ECOS is not installed.
WARNING - large complementary slackness residual: 0.019928
M-step CVXPY optimize time (sec): 2.0776
ECOS solver failed:  The solver ECOS is not installed. 
Using SCS instead.
ECOS solver failed:  The solver ECOS is not installed. 
Using SCS instead.
ECOS solver failed:  The solver ECOS is not installed. 
Using SCS instead.
ECOS solver failed:  The solver ECOS is not installed. 
Using SCS instead.
ECOS solver failed:  The solver ECOS is not installed. 
Using SCS instead.
ECOS solver failed:  The solver ECOS is not installed. 
Using SCS instead.
ECOS solver failed:  The solver ECOS is not installed. 
Using SCS instead.
ECOS solver failed:  The solver ECOS is not installed. 
Using SCS instead.
ECOS solver failed:  The solver ECOS is not installed. 
Using SCS instead.
ECOS solver failed:  The solver ECOS is not installed. 
Using SCS instead.
ECOS solver failed:  The solver ECOS is not installed. 
Using SCS instead.
ECOS solver failed:  The solver ECOS is not installed. 
Using SCS instead.
ECOS solver failed:  The solver ECOS is not installed. 
Using SCS instead.
ECOS solver failed:  The solver ECOS is not installed. 
Using SCS instead.
ECOS solver failed:  The solver ECOS is not installed. 
Using SCS instead.
ECOS solver failed:  The solver ECOS is not installed. 
Using SCS instead.
ECOS solver failed:  The solver ECOS is not installed. 
Using SCS instead.
ECOS solver failed:  The solver ECOS is not installed. 
Using SCS instead.
ECOS solver failed:  The solver ECOS is not installed. 
Using SCS instead.
ECOS solver failed:  The solver ECOS is not installed. 
Using SCS instead.
ECOS solver failed:  The solver ECOS is not installed. 
Using SCS instead.
M-step Design Matrix Calculation time (sec): 0.0179
ECOS solver failed in IPCW_HAL_init, falling back to SCS: The solver ECOS is not installed.
M-step CVXPY optimize time (sec): 0.6837
ECOS solver failed:  The solver ECOS is not installed. 
Using SCS instead.
ECOS solver failed:  The solver ECOS is not installed. 
Using SCS instead.
ECOS solver failed:  The solver ECOS is not installed. 
Using SCS instead.
ECOS solver failed:  The solver ECOS is not installed. 
Using SCS instead.
ECOS solver failed:  The solver ECOS is not installed. 
Using SCS instead.
ECOS solver failed:  The solver ECOS is not installed. 
Using SCS instead.
ECOS solver failed:  The solver ECOS is not installed. 
Using SCS instead.
ECOS solver failed:  The solver ECOS is not installed. 
Using SCS instead.
ECOS solver failed:  The solver ECOS is not installed. 
Using SCS instead.
ECOS solver failed:  The solver ECOS is not installed. 
Using SCS instead.
ECOS solver failed:  The solver ECOS is not installed. 
Using SCS instead.
ECOS solver failed:  The solver ECOS is not installed. 
Using SCS instead.
ECOS solver failed:  The solver ECOS is not installed. 
Using SCS instead.
ECOS solver failed:  The solver ECOS is not installed. 
Using SCS instead.
ECOS solver failed:  The solver ECOS is not installed. 
Using SCS instead.
ECOS solver failed:  The solver ECOS is not installed. 
Using SCS instead.
ECOS solver failed:  The solver ECOS is not installed. 
Using SCS instead.
ECOS solver failed:  The solver ECOS is not installed. 
Using SCS instead.
ECOS solver failed:  The solver ECOS is not installed. 
Using SCS instead.
ECOS solver failed:  The solver ECOS is not installed. 
Using SCS instead.
ECOS solver failed:  The solver ECOS is not installed. 
Using SCS instead.
M-step Design Matrix Calculation time (sec): 0.0185
ECOS solver failed in IPCW_HAL_init, falling back to SCS: The solver ECOS is not installed.
WARNING - large complementary slackness residual: 0.005740
M-step CVXPY optimize time (sec): 1.4378
ECOS solver failed:  The solver ECOS is not installed. 
Using SCS instead.
ECOS solver failed:  The solver ECOS is not installed. 
Using SCS instead.
ECOS solver failed:  The solver ECOS is not installed. 
Using SCS instead.
ECOS solver failed:  The solver ECOS is not installed. 
Using SCS instead.
ECOS solver failed:  The solver ECOS is not installed. 
Using SCS instead.
ECOS solver failed:  The solver ECOS is not installed. 
Using SCS instead.
ECOS solver failed:  The solver ECOS is not installed. 
Using SCS instead.
ECOS solver failed:  The solver ECOS is not installed. 
Using SCS instead.
ECOS solver failed:  The solver ECOS is not installed. 
Using SCS instead.
ECOS solver failed:  The solver ECOS is not installed. 
Using SCS instead.
ECOS solver failed:  The solver ECOS is not installed. 
Using SCS instead.
ECOS solver failed:  The solver ECOS is not installed. 
Using SCS instead.
ECOS solver failed:  The solver ECOS is not installed. 
Using SCS instead.
ECOS solver failed:  The solver ECOS is not installed. 
Using SCS instead.
ECOS solver failed:  The solver ECOS is not installed. 
Using SCS instead.
ECOS solver failed:  The solver ECOS is not installed. 
Using SCS instead.
ECOS solver failed:  The solver ECOS is not installed. 
Using SCS instead.
ECOS solver failed:  The solver ECOS is not installed. 
Using SCS instead.
ECOS solver failed:  The solver ECOS is not installed. 
Using SCS instead.
ECOS solver failed:  The solver ECOS is not installed. 
Using SCS instead.
ECOS solver failed:  The solver ECOS is not installed. 
Using SCS instead.
M-step Design Matrix Calculation time (sec): 0.0194
ECOS solver failed in IPCW_HAL_init, falling back to SCS: The solver ECOS is not installed.
WARNING - large complementary slackness residual: 0.004812
M-step CVXPY optimize time (sec): 2.3775
ECOS solver failed:  The solver ECOS is not installed. 
Using SCS instead.
ECOS solver failed:  The solver ECOS is not installed. 
Using SCS instead.
ECOS solver failed:  The solver ECOS is not installed. 
Using SCS instead.
ECOS solver failed:  The solver ECOS is not installed. 
Using SCS instead.
ECOS solver failed:  The solver ECOS is not installed. 
Using SCS instead.
ECOS solver failed:  The solver ECOS is not installed. 
Using SCS instead.
ECOS solver failed:  The solver ECOS is not installed. 
Using SCS instead.
ECOS solver failed:  The solver ECOS is not installed. 
Using SCS instead.
ECOS solver failed:  The solver ECOS is not installed. 
Using SCS instead.
ECOS solver failed:  The solver ECOS is not installed. 
Using SCS instead.
ECOS solver failed:  The solver ECOS is not installed. 
Using SCS instead.
ECOS solver failed:  The solver ECOS is not installed. 
Using SCS instead.
ECOS solver failed:  The solver ECOS is not installed. 
Using SCS instead.
ECOS solver failed:  The solver ECOS is not installed. 
Using SCS instead.
ECOS solver failed:  The solver ECOS is not installed. 
Using SCS instead.
ECOS solver failed:  The solver ECOS is not installed. 
Using SCS instead.
ECOS solver failed:  The solver ECOS is not installed. 
Using SCS instead.
ECOS solver failed:  The solver ECOS is not installed. 
Using SCS instead.
ECOS solver failed:  The solver ECOS is not installed. 
Using SCS instead.
ECOS solver failed:  The solver ECOS is not installed. 
Using SCS instead.
ECOS solver failed:  The solver ECOS is not installed. 
Using SCS instead.
M-step Design Matrix Calculation time (sec): 0.0184
ECOS solver failed in IPCW_HAL_init, falling back to SCS: The solver ECOS is not installed.
WARNING - large complementary slackness residual: 0.025675
M-step CVXPY optimize time (sec): 3.1644
ECOS solver failed:  The solver ECOS is not installed. 
Using SCS instead.
ECOS solver failed:  The solver ECOS is not installed. 
Using SCS instead.
ECOS solver failed:  The solver ECOS is not installed. 
Using SCS instead.
ECOS solver failed:  The solver ECOS is not installed. 
Using SCS instead.
ECOS solver failed:  The solver ECOS is not installed. 
Using SCS instead.
ECOS solver failed:  The solver ECOS is not installed. 
Using SCS instead.
ECOS solver failed:  The solver ECOS is not installed. 
Using SCS instead.
ECOS solver failed:  The solver ECOS is not installed. 
Using SCS instead.
ECOS solver failed:  The solver ECOS is not installed. 
Using SCS instead.
ECOS solver failed:  The solver ECOS is not installed. 
Using SCS instead.
ECOS solver failed:  The solver ECOS is not installed. 
Using SCS instead.
ECOS solver failed:  The solver ECOS is not installed. 
Using SCS instead.
ECOS solver failed:  The solver ECOS is not installed. 
Using SCS instead.
ECOS solver failed:  The solver ECOS is not installed. 
Using SCS instead.
ECOS solver failed:  The solver ECOS is not installed. 
Using SCS instead.
ECOS solver failed:  The solver ECOS is not installed. 
Using SCS instead.
ECOS solver failed:  The solver ECOS is not installed. 
Using SCS instead.
ECOS solver failed:  The solver ECOS is not installed. 
Using SCS instead.
ECOS solver failed:  The solver ECOS is not installed. 
Using SCS instead.
ECOS solver failed:  The solver ECOS is not installed. 
Using SCS instead.
ECOS solver failed:  The solver ECOS is not installed. 
Using SCS instead.
M-step Design Matrix Calculation time (sec): 0.0185
ECOS solver failed in IPCW_HAL_init, falling back to SCS: The solver ECOS is not installed.
WARNING - large complementary slackness residual: 0.004754
M-step CVXPY optimize time (sec): 0.8091
ECOS solver failed:  The solver ECOS is not installed. 
Using SCS instead.
ECOS solver failed:  The solver ECOS is not installed. 
Using SCS instead.
ECOS solver failed:  The solver ECOS is not installed. 
Using SCS instead.
ECOS solver failed:  The solver ECOS is not installed. 
Using SCS instead.
ECOS solver failed:  The solver ECOS is not installed. 
Using SCS instead.
ECOS solver failed:  The solver ECOS is not installed. 
Using SCS instead.
ECOS solver failed:  The solver ECOS is not installed. 
Using SCS instead.
ECOS solver failed:  The solver ECOS is not installed. 
Using SCS instead.
ECOS solver failed:  The solver ECOS is not installed. 
Using SCS instead.
ECOS solver failed:  The solver ECOS is not installed. 
Using SCS instead.
ECOS solver failed:  The solver ECOS is not installed. 
Using SCS instead.
ECOS solver failed:  The solver ECOS is not installed. 
Using SCS instead.
ECOS solver failed:  The solver ECOS is not installed. 
Using SCS instead.
ECOS solver failed:  The solver ECOS is not installed. 
Using SCS instead.
ECOS solver failed:  The solver ECOS is not installed. 
Using SCS instead.
ECOS solver failed:  The solver ECOS is not installed. 
Using SCS instead.
ECOS solver failed:  The solver ECOS is not installed. 
Using SCS instead.
ECOS solver failed:  The solver ECOS is not installed. 
Using SCS instead.
ECOS solver failed:  The solver ECOS is not installed. 
Using SCS instead.
ECOS solver failed:  The solver ECOS is not installed. 
Using SCS instead.
ECOS solver failed:  The solver ECOS is not installed. 
Using SCS instead.
M-step Design Matrix Calculation time (sec): 0.1465
ECOS solver failed in IPCW_HAL_init, falling back to SCS: The solver ECOS is not installed.
WARNING - large complementary slackness residual: 0.026194
M-step CVXPY optimize time (sec): 1.3793
ECOS solver failed:  The solver ECOS is not installed. 
Using SCS instead.
ECOS solver failed:  The solver ECOS is not installed. 
Using SCS instead.
ECOS solver failed:  The solver ECOS is not installed. 
Using SCS instead.
ECOS solver failed:  The solver ECOS is not installed. 
Using SCS instead.
ECOS solver failed:  The solver ECOS is not installed. 
Using SCS instead.
ECOS solver failed:  The solver ECOS is not installed. 
Using SCS instead.
ECOS solver failed:  The solver ECOS is not installed. 
Using SCS instead.
ECOS solver failed:  The solver ECOS is not installed. 
Using SCS instead.
ECOS solver failed:  The solver ECOS is not installed. 
Using SCS instead.
ECOS solver failed:  The solver ECOS is not installed. 
Using SCS instead.
ECOS solver failed:  The solver ECOS is not installed. 
Using SCS instead.
ECOS solver failed:  The solver ECOS is not installed. 
Using SCS instead.
ECOS solver failed:  The solver ECOS is not installed. 
Using SCS instead.
ECOS solver failed:  The solver ECOS is not installed. 
Using SCS instead.
ECOS solver failed:  The solver ECOS is not installed. 
Using SCS instead.
ECOS solver failed:  The solver ECOS is not installed. 
Using SCS instead.
ECOS solver failed:  The solver ECOS is not installed. 
Using SCS instead.
ECOS solver failed:  The solver ECOS is not installed. 
Using SCS instead.
ECOS solver failed:  The solver ECOS is not installed. 
Using SCS instead.
ECOS solver failed:  The solver ECOS is not installed. 
Using SCS instead.
ECOS solver failed:  The solver ECOS is not installed. 
Using SCS instead.
M-step Design Matrix Calculation time (sec): 0.0189
ECOS solver failed in IPCW_HAL_init, falling back to SCS: The solver ECOS is not installed.
WARNING - large complementary slackness residual: 0.024233
M-step CVXPY optimize time (sec): 0.6860
ECOS solver failed:  The solver ECOS is not installed. 
Using SCS instead.
ECOS solver failed:  The solver ECOS is not installed. 
Using SCS instead.
ECOS solver failed:  The solver ECOS is not installed. 
Using SCS instead.
ECOS solver failed:  The solver ECOS is not installed. 
Using SCS instead.
ECOS solver failed:  The solver ECOS is not installed. 
Using SCS instead.
ECOS solver failed:  The solver ECOS is not installed. 
Using SCS instead.
ECOS solver failed:  The solver ECOS is not installed. 
Using SCS instead.
ECOS solver failed:  The solver ECOS is not installed. 
Using SCS instead.
ECOS solver failed:  The solver ECOS is not installed. 
Using SCS instead.
ECOS solver failed:  The solver ECOS is not installed. 
Using SCS instead.
ECOS solver failed:  The solver ECOS is not installed. 
Using SCS instead.
ECOS solver failed:  The solver ECOS is not installed. 
Using SCS instead.
ECOS solver failed:  The solver ECOS is not installed. 
Using SCS instead.
ECOS solver failed:  The solver ECOS is not installed. 
Using SCS instead.
ECOS solver failed:  The solver ECOS is not installed. 
Using SCS instead.
ECOS solver failed:  The solver ECOS is not installed. 
Using SCS instead.
ECOS solver failed:  The solver ECOS is not installed. 
Using SCS instead.
ECOS solver failed:  The solver ECOS is not installed. 
Using SCS instead.
ECOS solver failed:  The solver ECOS is not installed. 
Using SCS instead.
ECOS solver failed:  The solver ECOS is not installed. 
Using SCS instead.
ECOS solver failed:  The solver ECOS is not installed. 
Using SCS instead.
M-step Design Matrix Calculation time (sec): 0.0341
ECOS solver failed in IPCW_HAL_init, falling back to SCS: The solver ECOS is not installed.
WARNING - large complementary slackness residual: 0.006767
M-step CVXPY optimize time (sec): 2.0793
ECOS solver failed:  The solver ECOS is not installed. 
Using SCS instead.
ECOS solver failed:  The solver ECOS is not installed. 
Using SCS instead.
ECOS solver failed:  The solver ECOS is not installed. 
Using SCS instead.
ECOS solver failed:  The solver ECOS is not installed. 
Using SCS instead.
ECOS solver failed:  The solver ECOS is not installed. 
Using SCS instead.
ECOS solver failed:  The solver ECOS is not installed. 
Using SCS instead.
ECOS solver failed:  The solver ECOS is not installed. 
Using SCS instead.
ECOS solver failed:  The solver ECOS is not installed. 
Using SCS instead.
ECOS solver failed:  The solver ECOS is not installed. 
Using SCS instead.
ECOS solver failed:  The solver ECOS is not installed. 
Using SCS instead.
ECOS solver failed:  The solver ECOS is not installed. 
Using SCS instead.
ECOS solver failed:  The solver ECOS is not installed. 
Using SCS instead.
ECOS solver failed:  The solver ECOS is not installed. 
Using SCS instead.
ECOS solver failed:  The solver ECOS is not installed. 
Using SCS instead.
ECOS solver failed:  The solver ECOS is not installed. 
Using SCS instead.
ECOS solver failed:  The solver ECOS is not installed. 
Using SCS instead.
ECOS solver failed:  The solver ECOS is not installed. 
Using SCS instead.
ECOS solver failed:  The solver ECOS is not installed. 
Using SCS instead.
ECOS solver failed:  The solver ECOS is not installed. 
Using SCS instead.
ECOS solver failed:  The solver ECOS is not installed. 
Using SCS instead.
ECOS solver failed:  The solver ECOS is not installed. 
Using SCS instead.
M-step Design Matrix Calculation time (sec): 0.0186
ECOS solver failed in IPCW_HAL_init, falling back to SCS: The solver ECOS is not installed.
M-step CVXPY optimize time (sec): 1.8471
ECOS solver failed:  The solver ECOS is not installed. 
Using SCS instead.
ECOS solver failed:  The solver ECOS is not installed. 
Using SCS instead.
ECOS solver failed:  The solver ECOS is not installed. 
Using SCS instead.
ECOS solver failed:  The solver ECOS is not installed. 
Using SCS instead.
ECOS solver failed:  The solver ECOS is not installed. 
Using SCS instead.
ECOS solver failed:  The solver ECOS is not installed. 
Using SCS instead.
ECOS solver failed:  The solver ECOS is not installed. 
Using SCS instead.
ECOS solver failed:  The solver ECOS is not installed. 
Using SCS instead.
ECOS solver failed:  The solver ECOS is not installed. 
Using SCS instead.
ECOS solver failed:  The solver ECOS is not installed. 
Using SCS instead.
ECOS solver failed:  The solver ECOS is not installed. 
Using SCS instead.
ECOS solver failed:  The solver ECOS is not installed. 
Using SCS instead.
ECOS solver failed:  The solver ECOS is not installed. 
Using SCS instead.
ECOS solver failed:  The solver ECOS is not installed. 
Using SCS instead.
ECOS solver failed:  The solver ECOS is not installed. 
Using SCS instead.
ECOS solver failed:  The solver ECOS is not installed. 
Using SCS instead.
ECOS solver failed:  The solver ECOS is not installed. 
Using SCS instead.
ECOS solver failed:  The solver ECOS is not installed. 
Using SCS instead.
ECOS solver failed:  The solver ECOS is not installed. 
Using SCS instead.
ECOS solver failed:  The solver ECOS is not installed. 
Using SCS instead.
ECOS solver failed:  The solver ECOS is not installed. 
Using SCS instead.
M-step Design Matrix Calculation time (sec): 0.0206
ECOS solver failed in IPCW_HAL_init, falling back to SCS: The solver ECOS is not installed.
WARNING - large complementary slackness residual: 0.012799
M-step CVXPY optimize time (sec): 1.3415
ECOS solver failed:  The solver ECOS is not installed. 
Using SCS instead.
ECOS solver failed:  The solver ECOS is not installed. 
Using SCS instead.
ECOS solver failed:  The solver ECOS is not installed. 
Using SCS instead.
ECOS solver failed:  The solver ECOS is not installed. 
Using SCS instead.
ECOS solver failed:  The solver ECOS is not installed. 
Using SCS instead.
ECOS solver failed:  The solver ECOS is not installed. 
Using SCS instead.
ECOS solver failed:  The solver ECOS is not installed. 
Using SCS instead.
ECOS solver failed:  The solver ECOS is not installed. 
Using SCS instead.
ECOS solver failed:  The solver ECOS is not installed. 
Using SCS instead.
ECOS solver failed:  The solver ECOS is not installed. 
Using SCS instead.
ECOS solver failed:  The solver ECOS is not installed. 
Using SCS instead.
ECOS solver failed:  The solver ECOS is not installed. 
Using SCS instead.
ECOS solver failed:  The solver ECOS is not installed. 
Using SCS instead.
ECOS solver failed:  The solver ECOS is not installed. 
Using SCS instead.
ECOS solver failed:  The solver ECOS is not installed. 
Using SCS instead.
ECOS solver failed:  The solver ECOS is not installed. 
Using SCS instead.
ECOS solver failed:  The solver ECOS is not installed. 
Using SCS instead.
ECOS solver failed:  The solver ECOS is not installed. 
Using SCS instead.
ECOS solver failed:  The solver ECOS is not installed. 
Using SCS instead.
ECOS solver failed:  The solver ECOS is not installed. 
Using SCS instead.
ECOS solver failed:  The solver ECOS is not installed. 
Using SCS instead.
M-step Design Matrix Calculation time (sec): 0.3612
ECOS solver failed in IPCW_HAL_init, falling back to SCS: The solver ECOS is not installed.
M-step CVXPY optimize time (sec): 1.5042
ECOS solver failed:  The solver ECOS is not installed. 
Using SCS instead.
ECOS solver failed:  The solver ECOS is not installed. 
Using SCS instead.
ECOS solver failed:  The solver ECOS is not installed. 
Using SCS instead.
ECOS solver failed:  The solver ECOS is not installed. 
Using SCS instead.
ECOS solver failed:  The solver ECOS is not installed. 
Using SCS instead.
ECOS solver failed:  The solver ECOS is not installed. 
Using SCS instead.
ECOS solver failed:  The solver ECOS is not installed. 
Using SCS instead.
ECOS solver failed:  The solver ECOS is not installed. 
Using SCS instead.
ECOS solver failed:  The solver ECOS is not installed. 
Using SCS instead.
ECOS solver failed:  The solver ECOS is not installed. 
Using SCS instead.
ECOS solver failed:  The solver ECOS is not installed. 
Using SCS instead.
ECOS solver failed:  The solver ECOS is not installed. 
Using SCS instead.
ECOS solver failed:  The solver ECOS is not installed. 
Using SCS instead.
ECOS solver failed:  The solver ECOS is not installed. 
Using SCS instead.
ECOS solver failed:  The solver ECOS is not installed. 
Using SCS instead.
ECOS solver failed:  The solver ECOS is not installed. 
Using SCS instead.
ECOS solver failed:  The solver ECOS is not installed. 
Using SCS instead.
ECOS solver failed:  The solver ECOS is not installed. 
Using SCS instead.
ECOS solver failed:  The solver ECOS is not installed. 
Using SCS instead.
ECOS solver failed:  The solver ECOS is not installed. 
Using SCS instead.
ECOS solver failed:  The solver ECOS is not installed. 
Using SCS instead.
M-step Design Matrix Calculation time (sec): 0.0470
ECOS solver failed in IPCW_HAL_init, falling back to SCS: The solver ECOS is not installed.
M-step CVXPY optimize time (sec): 3.2759
ECOS solver failed:  The solver ECOS is not installed. 
Using SCS instead.
ECOS solver failed:  The solver ECOS is not installed. 
Using SCS instead.
ECOS solver failed:  The solver ECOS is not installed. 
Using SCS instead.
ECOS solver failed:  The solver ECOS is not installed. 
Using SCS instead.
ECOS solver failed:  The solver ECOS is not installed. 
Using SCS instead.
ECOS solver failed:  The solver ECOS is not installed. 
Using SCS instead.
ECOS solver failed:  The solver ECOS is not installed. 
Using SCS instead.
ECOS solver failed:  The solver ECOS is not installed. 
Using SCS instead.
ECOS solver failed:  The solver ECOS is not installed. 
Using SCS instead.
ECOS solver failed:  The solver ECOS is not installed. 
Using SCS instead.
ECOS solver failed:  The solver ECOS is not installed. 
Using SCS instead.
ECOS solver failed:  The solver ECOS is not installed. 
Using SCS instead.
ECOS solver failed:  The solver ECOS is not installed. 
Using SCS instead.
ECOS solver failed:  The solver ECOS is not installed. 
Using SCS instead.
ECOS solver failed:  The solver ECOS is not installed. 
Using SCS instead.
ECOS solver failed:  The solver ECOS is not installed. 
Using SCS instead.
ECOS solver failed:  The solver ECOS is not installed. 
Using SCS instead.
ECOS solver failed:  The solver ECOS is not installed. 
Using SCS instead.
ECOS solver failed:  The solver ECOS is not installed. 
Using SCS instead.
ECOS solver failed:  The solver ECOS is not installed. 
Using SCS instead.
ECOS solver failed:  The solver ECOS is not installed. 
Using SCS instead.
M-step Design Matrix Calculation time (sec): 0.0302
ECOS solver failed in IPCW_HAL_init, falling back to SCS: The solver ECOS is not installed.
WARNING - large complementary slackness residual: 0.003804
M-step CVXPY optimize time (sec): 0.7265
ECOS solver failed:  The solver ECOS is not installed. 
Using SCS instead.
ECOS solver failed:  The solver ECOS is not installed. 
Using SCS instead.
ECOS solver failed:  The solver ECOS is not installed. 
Using SCS instead.
ECOS solver failed:  The solver ECOS is not installed. 
Using SCS instead.
ECOS solver failed:  The solver ECOS is not installed. 
Using SCS instead.
ECOS solver failed:  The solver ECOS is not installed. 
Using SCS instead.
ECOS solver failed:  The solver ECOS is not installed. 
Using SCS instead.
ECOS solver failed:  The solver ECOS is not installed. 
Using SCS instead.
ECOS solver failed:  The solver ECOS is not installed. 
Using SCS instead.
ECOS solver failed:  The solver ECOS is not installed. 
Using SCS instead.
ECOS solver failed:  The solver ECOS is not installed. 
Using SCS instead.
ECOS solver failed:  The solver ECOS is not installed. 
Using SCS instead.
ECOS solver failed:  The solver ECOS is not installed. 
Using SCS instead.
ECOS solver failed:  The solver ECOS is not installed. 
Using SCS instead.
ECOS solver failed:  The solver ECOS is not installed. 
Using SCS instead.
ECOS solver failed:  The solver ECOS is not installed. 
Using SCS instead.
ECOS solver failed:  The solver ECOS is not installed. 
Using SCS instead.
ECOS solver failed:  The solver ECOS is not installed. 
Using SCS instead.
ECOS solver failed:  The solver ECOS is not installed. 
Using SCS instead.
ECOS solver failed:  The solver ECOS is not installed. 
Using SCS instead.
ECOS solver failed:  The solver ECOS is not installed. 
Using SCS instead.
M-step Design Matrix Calculation time (sec): 0.0175
ECOS solver failed in IPCW_HAL_init, falling back to SCS: The solver ECOS is not installed.
WARNING - large complementary slackness residual: 0.032619
M-step CVXPY optimize time (sec): 0.9521
ECOS solver failed:  The solver ECOS is not installed. 
Using SCS instead.
ECOS solver failed:  The solver ECOS is not installed. 
Using SCS instead.
ECOS solver failed:  The solver ECOS is not installed. 
Using SCS instead.
ECOS solver failed:  The solver ECOS is not installed. 
Using SCS instead.
ECOS solver failed:  The solver ECOS is not installed. 
Using SCS instead.
ECOS solver failed:  The solver ECOS is not installed. 
Using SCS instead.
ECOS solver failed:  The solver ECOS is not installed. 
Using SCS instead.
ECOS solver failed:  The solver ECOS is not installed. 
Using SCS instead.
ECOS solver failed:  The solver ECOS is not installed. 
Using SCS instead.
ECOS solver failed:  The solver ECOS is not installed. 
Using SCS instead.
ECOS solver failed:  The solver ECOS is not installed. 
Using SCS instead.
ECOS solver failed:  The solver ECOS is not installed. 
Using SCS instead.
ECOS solver failed:  The solver ECOS is not installed. 
Using SCS instead.
ECOS solver failed:  The solver ECOS is not installed. 
Using SCS instead.
ECOS solver failed:  The solver ECOS is not installed. 
Using SCS instead.
ECOS solver failed:  The solver ECOS is not installed. 
Using SCS instead.
ECOS solver failed:  The solver ECOS is not installed. 
Using SCS instead.
ECOS solver failed:  The solver ECOS is not installed. 
Using SCS instead.
ECOS solver failed:  The solver ECOS is not installed. 
Using SCS instead.
ECOS solver failed:  The solver ECOS is not installed. 
Using SCS instead.
ECOS solver failed:  The solver ECOS is not installed. 
Using SCS instead.
M-step Design Matrix Calculation time (sec): 0.0444
ECOS solver failed in IPCW_HAL_init, falling back to SCS: The solver ECOS is not installed.
WARNING - large complementary slackness residual: 0.026245
M-step CVXPY optimize time (sec): 1.2032
ECOS solver failed:  The solver ECOS is not installed. 
Using SCS instead.
ECOS solver failed:  The solver ECOS is not installed. 
Using SCS instead.
ECOS solver failed:  The solver ECOS is not installed. 
Using SCS instead.
ECOS solver failed:  The solver ECOS is not installed. 
Using SCS instead.
ECOS solver failed:  The solver ECOS is not installed. 
Using SCS instead.
ECOS solver failed:  The solver ECOS is not installed. 
Using SCS instead.
ECOS solver failed:  The solver ECOS is not installed. 
Using SCS instead.
ECOS solver failed:  The solver ECOS is not installed. 
Using SCS instead.
ECOS solver failed:  The solver ECOS is not installed. 
Using SCS instead.
ECOS solver failed:  The solver ECOS is not installed. 
Using SCS instead.
ECOS solver failed:  The solver ECOS is not installed. 
Using SCS instead.
ECOS solver failed:  The solver ECOS is not installed. 
Using SCS instead.
ECOS solver failed:  The solver ECOS is not installed. 
Using SCS instead.
ECOS solver failed:  The solver ECOS is not installed. 
Using SCS instead.
ECOS solver failed:  The solver ECOS is not installed. 
Using SCS instead.
ECOS solver failed:  The solver ECOS is not installed. 
Using SCS instead.
ECOS solver failed:  The solver ECOS is not installed. 
Using SCS instead.
ECOS solver failed:  The solver ECOS is not installed. 
Using SCS instead.
ECOS solver failed:  The solver ECOS is not installed. 
Using SCS instead.
ECOS solver failed:  The solver ECOS is not installed. 
Using SCS instead.
ECOS solver failed:  The solver ECOS is not installed. 
Using SCS instead.
M-step Design Matrix Calculation time (sec): 0.0202
ECOS solver failed in IPCW_HAL_init, falling back to SCS: The solver ECOS is not installed.
M-step CVXPY optimize time (sec): 1.1855
ECOS solver failed:  The solver ECOS is not installed. 
Using SCS instead.
ECOS solver failed:  The solver ECOS is not installed. 
Using SCS instead.
ECOS solver failed:  The solver ECOS is not installed. 
Using SCS instead.
ECOS solver failed:  The solver ECOS is not installed. 
Using SCS instead.
ECOS solver failed:  The solver ECOS is not installed. 
Using SCS instead.
ECOS solver failed:  The solver ECOS is not installed. 
Using SCS instead.
ECOS solver failed:  The solver ECOS is not installed. 
Using SCS instead.
ECOS solver failed:  The solver ECOS is not installed. 
Using SCS instead.
ECOS solver failed:  The solver ECOS is not installed. 
Using SCS instead.
ECOS solver failed:  The solver ECOS is not installed. 
Using SCS instead.
ECOS solver failed:  The solver ECOS is not installed. 
Using SCS instead.
ECOS solver failed:  The solver ECOS is not installed. 
Using SCS instead.
ECOS solver failed:  The solver ECOS is not installed. 
Using SCS instead.
ECOS solver failed:  The solver ECOS is not installed. 
Using SCS instead.
ECOS solver failed:  The solver ECOS is not installed. 
Using SCS instead.
ECOS solver failed:  The solver ECOS is not installed. 
Using SCS instead.
ECOS solver failed:  The solver ECOS is not installed. 
Using SCS instead.
ECOS solver failed:  The solver ECOS is not installed. 
Using SCS instead.
ECOS solver failed:  The solver ECOS is not installed. 
Using SCS instead.
ECOS solver failed:  The solver ECOS is not installed. 
Using SCS instead.
ECOS solver failed:  The solver ECOS is not installed. 
Using SCS instead.
M-step Design Matrix Calculation time (sec): 0.0840
ECOS solver failed in IPCW_HAL_init, falling back to SCS: The solver ECOS is not installed.
WARNING - large complementary slackness residual: 0.026290
M-step CVXPY optimize time (sec): 3.0260
ECOS solver failed:  The solver ECOS is not installed. 
Using SCS instead.
ECOS solver failed:  The solver ECOS is not installed. 
Using SCS instead.
ECOS solver failed:  The solver ECOS is not installed. 
Using SCS instead.
ECOS solver failed:  The solver ECOS is not installed. 
Using SCS instead.
ECOS solver failed:  The solver ECOS is not installed. 
Using SCS instead.
ECOS solver failed:  The solver ECOS is not installed. 
Using SCS instead.
ECOS solver failed:  The solver ECOS is not installed. 
Using SCS instead.
ECOS solver failed:  The solver ECOS is not installed. 
Using SCS instead.
ECOS solver failed:  The solver ECOS is not installed. 
Using SCS instead.
ECOS solver failed:  The solver ECOS is not installed. 
Using SCS instead.
ECOS solver failed:  The solver ECOS is not installed. 
Using SCS instead.
ECOS solver failed:  The solver ECOS is not installed. 
Using SCS instead.
ECOS solver failed:  The solver ECOS is not installed. 
Using SCS instead.
ECOS solver failed:  The solver ECOS is not installed. 
Using SCS instead.
ECOS solver failed:  The solver ECOS is not installed. 
Using SCS instead.
ECOS solver failed:  The solver ECOS is not installed. 
Using SCS instead.
ECOS solver failed:  The solver ECOS is not installed. 
Using SCS instead.
ECOS solver failed:  The solver ECOS is not installed. 
Using SCS instead.
ECOS solver failed:  The solver ECOS is not installed. 
Using SCS instead.
ECOS solver failed:  The solver ECOS is not installed. 
Using SCS instead.
ECOS solver failed:  The solver ECOS is not installed. 
Using SCS instead.
M-step Design Matrix Calculation time (sec): 0.0187
ECOS solver failed in IPCW_HAL_init, falling back to SCS: The solver ECOS is not installed.
WARNING - large complementary slackness residual: 0.006345
M-step CVXPY optimize time (sec): 1.3678
ECOS solver failed:  The solver ECOS is not installed. 
Using SCS instead.
ECOS solver failed:  The solver ECOS is not installed. 
Using SCS instead.
ECOS solver failed:  The solver ECOS is not installed. 
Using SCS instead.
ECOS solver failed:  The solver ECOS is not installed. 
Using SCS instead.
ECOS solver failed:  The solver ECOS is not installed. 
Using SCS instead.
ECOS solver failed:  The solver ECOS is not installed. 
Using SCS instead.
ECOS solver failed:  The solver ECOS is not installed. 
Using SCS instead.
ECOS solver failed:  The solver ECOS is not installed. 
Using SCS instead.
ECOS solver failed:  The solver ECOS is not installed. 
Using SCS instead.
ECOS solver failed:  The solver ECOS is not installed. 
Using SCS instead.
ECOS solver failed:  The solver ECOS is not installed. 
Using SCS instead.
ECOS solver failed:  The solver ECOS is not installed. 
Using SCS instead.
ECOS solver failed:  The solver ECOS is not installed. 
Using SCS instead.
ECOS solver failed:  The solver ECOS is not installed. 
Using SCS instead.
ECOS solver failed:  The solver ECOS is not installed. 
Using SCS instead.
ECOS solver failed:  The solver ECOS is not installed. 
Using SCS instead.
ECOS solver failed:  The solver ECOS is not installed. 
Using SCS instead.
ECOS solver failed:  The solver ECOS is not installed. 
Using SCS instead.
ECOS solver failed:  The solver ECOS is not installed. 
Using SCS instead.
ECOS solver failed:  The solver ECOS is not installed. 
Using SCS instead.
ECOS solver failed:  The solver ECOS is not installed. 
Using SCS instead.
M-step Design Matrix Calculation time (sec): 0.0537
ECOS solver failed in IPCW_HAL_init, falling back to SCS: The solver ECOS is not installed.
M-step CVXPY optimize time (sec): 0.9059
ECOS solver failed:  The solver ECOS is not installed. 
Using SCS instead.
ECOS solver failed:  The solver ECOS is not installed. 
Using SCS instead.
ECOS solver failed:  The solver ECOS is not installed. 
Using SCS instead.
ECOS solver failed:  The solver ECOS is not installed. 
Using SCS instead.
ECOS solver failed:  The solver ECOS is not installed. 
Using SCS instead.
ECOS solver failed:  The solver ECOS is not installed. 
Using SCS instead.
ECOS solver failed:  The solver ECOS is not installed. 
Using SCS instead.
ECOS solver failed:  The solver ECOS is not installed. 
Using SCS instead.
ECOS solver failed:  The solver ECOS is not installed. 
Using SCS instead.
ECOS solver failed:  The solver ECOS is not installed. 
Using SCS instead.
ECOS solver failed:  The solver ECOS is not installed. 
Using SCS instead.
ECOS solver failed:  The solver ECOS is not installed. 
Using SCS instead.
ECOS solver failed:  The solver ECOS is not installed. 
Using SCS instead.
ECOS solver failed:  The solver ECOS is not installed. 
Using SCS instead.
ECOS solver failed:  The solver ECOS is not installed. 
Using SCS instead.
ECOS solver failed:  The solver ECOS is not installed. 
Using SCS instead.
ECOS solver failed:  The solver ECOS is not installed. 
Using SCS instead.
ECOS solver failed:  The solver ECOS is not installed. 
Using SCS instead.
ECOS solver failed:  The solver ECOS is not installed. 
Using SCS instead.
ECOS solver failed:  The solver ECOS is not installed. 
Using SCS instead.
ECOS solver failed:  The solver ECOS is not installed. 
Using SCS instead.
M-step Design Matrix Calculation time (sec): 0.0195
ECOS solver failed in IPCW_HAL_init, falling back to SCS: The solver ECOS is not installed.
WARNING - large complementary slackness residual: 0.016361
M-step CVXPY optimize time (sec): 2.7011
ECOS solver failed:  The solver ECOS is not installed. 
Using SCS instead.
ECOS solver failed:  The solver ECOS is not installed. 
Using SCS instead.
ECOS solver failed:  The solver ECOS is not installed. 
Using SCS instead.
ECOS solver failed:  The solver ECOS is not installed. 
Using SCS instead.
ECOS solver failed:  The solver ECOS is not installed. 
Using SCS instead.
ECOS solver failed:  The solver ECOS is not installed. 
Using SCS instead.
ECOS solver failed:  The solver ECOS is not installed. 
Using SCS instead.
ECOS solver failed:  The solver ECOS is not installed. 
Using SCS instead.
ECOS solver failed:  The solver ECOS is not installed. 
Using SCS instead.
ECOS solver failed:  The solver ECOS is not installed. 
Using SCS instead.
ECOS solver failed:  The solver ECOS is not installed. 
Using SCS instead.
ECOS solver failed:  The solver ECOS is not installed. 
Using SCS instead.
ECOS solver failed:  The solver ECOS is not installed. 
Using SCS instead.
ECOS solver failed:  The solver ECOS is not installed. 
Using SCS instead.
ECOS solver failed:  The solver ECOS is not installed. 
Using SCS instead.
ECOS solver failed:  The solver ECOS is not installed. 
Using SCS instead.
ECOS solver failed:  The solver ECOS is not installed. 
Using SCS instead.
ECOS solver failed:  The solver ECOS is not installed. 
Using SCS instead.
ECOS solver failed:  The solver ECOS is not installed. 
Using SCS instead.
ECOS solver failed:  The solver ECOS is not installed. 
Using SCS instead.
ECOS solver failed:  The solver ECOS is not installed. 
Using SCS instead.
M-step Design Matrix Calculation time (sec): 0.0165
ECOS solver failed in IPCW_HAL_init, falling back to SCS: The solver ECOS is not installed.
WARNING - large complementary slackness residual: 0.011585
M-step CVXPY optimize time (sec): 0.7928
ECOS solver failed:  The solver ECOS is not installed. 
Using SCS instead.
ECOS solver failed:  The solver ECOS is not installed. 
Using SCS instead.
ECOS solver failed:  The solver ECOS is not installed. 
Using SCS instead.
ECOS solver failed:  The solver ECOS is not installed. 
Using SCS instead.
ECOS solver failed:  The solver ECOS is not installed. 
Using SCS instead.
ECOS solver failed:  The solver ECOS is not installed. 
Using SCS instead.
ECOS solver failed:  The solver ECOS is not installed. 
Using SCS instead.
ECOS solver failed:  The solver ECOS is not installed. 
Using SCS instead.
ECOS solver failed:  The solver ECOS is not installed. 
Using SCS instead.
ECOS solver failed:  The solver ECOS is not installed. 
Using SCS instead.
ECOS solver failed:  The solver ECOS is not installed. 
Using SCS instead.
ECOS solver failed:  The solver ECOS is not installed. 
Using SCS instead.
ECOS solver failed:  The solver ECOS is not installed. 
Using SCS instead.
ECOS solver failed:  The solver ECOS is not installed. 
Using SCS instead.
ECOS solver failed:  The solver ECOS is not installed. 
Using SCS instead.
ECOS solver failed:  The solver ECOS is not installed. 
Using SCS instead.
ECOS solver failed:  The solver ECOS is not installed. 
Using SCS instead.
ECOS solver failed:  The solver ECOS is not installed. 
Using SCS instead.
ECOS solver failed:  The solver ECOS is not installed. 
Using SCS instead.
ECOS solver failed:  The solver ECOS is not installed. 
Using SCS instead.
ECOS solver failed:  The solver ECOS is not installed. 
Using SCS instead.
M-step Design Matrix Calculation time (sec): 0.0180
ECOS solver failed in IPCW_HAL_init, falling back to SCS: The solver ECOS is not installed.
WARNING - large complementary slackness residual: 0.026280
M-step CVXPY optimize time (sec): 2.3926
ECOS solver failed:  The solver ECOS is not installed. 
Using SCS instead.
ECOS solver failed:  The solver ECOS is not installed. 
Using SCS instead.
ECOS solver failed:  The solver ECOS is not installed. 
Using SCS instead.
ECOS solver failed:  The solver ECOS is not installed. 
Using SCS instead.
ECOS solver failed:  The solver ECOS is not installed. 
Using SCS instead.
ECOS solver failed:  The solver ECOS is not installed. 
Using SCS instead.
ECOS solver failed:  The solver ECOS is not installed. 
Using SCS instead.
ECOS solver failed:  The solver ECOS is not installed. 
Using SCS instead.
ECOS solver failed:  The solver ECOS is not installed. 
Using SCS instead.
ECOS solver failed:  The solver ECOS is not installed. 
Using SCS instead.
ECOS solver failed:  The solver ECOS is not installed. 
Using SCS instead.
ECOS solver failed:  The solver ECOS is not installed. 
Using SCS instead.
ECOS solver failed:  The solver ECOS is not installed. 
Using SCS instead.
ECOS solver failed:  The solver ECOS is not installed. 
Using SCS instead.
ECOS solver failed:  The solver ECOS is not installed. 
Using SCS instead.
ECOS solver failed:  The solver ECOS is not installed. 
Using SCS instead.
ECOS solver failed:  The solver ECOS is not installed. 
Using SCS instead.
ECOS solver failed:  The solver ECOS is not installed. 
Using SCS instead.
ECOS solver failed:  The solver ECOS is not installed. 
Using SCS instead.
ECOS solver failed:  The solver ECOS is not installed. 
Using SCS instead.
ECOS solver failed:  The solver ECOS is not installed. 
Using SCS instead.
M-step Design Matrix Calculation time (sec): 0.0737
ECOS solver failed in IPCW_HAL_init, falling back to SCS: The solver ECOS is not installed.
WARNING - large complementary slackness residual: 0.032784
M-step CVXPY optimize time (sec): 0.8218
ECOS solver failed:  The solver ECOS is not installed. 
Using SCS instead.
ECOS solver failed:  The solver ECOS is not installed. 
Using SCS instead.
ECOS solver failed:  The solver ECOS is not installed. 
Using SCS instead.
ECOS solver failed:  The solver ECOS is not installed. 
Using SCS instead.
ECOS solver failed:  The solver ECOS is not installed. 
Using SCS instead.
ECOS solver failed:  The solver ECOS is not installed. 
Using SCS instead.
ECOS solver failed:  The solver ECOS is not installed. 
Using SCS instead.
ECOS solver failed:  The solver ECOS is not installed. 
Using SCS instead.
ECOS solver failed:  The solver ECOS is not installed. 
Using SCS instead.
ECOS solver failed:  The solver ECOS is not installed. 
Using SCS instead.
ECOS solver failed:  The solver ECOS is not installed. 
Using SCS instead.
ECOS solver failed:  The solver ECOS is not installed. 
Using SCS instead.
ECOS solver failed:  The solver ECOS is not installed. 
Using SCS instead.
ECOS solver failed:  The solver ECOS is not installed. 
Using SCS instead.
ECOS solver failed:  The solver ECOS is not installed. 
Using SCS instead.
ECOS solver failed:  The solver ECOS is not installed. 
Using SCS instead.
ECOS solver failed:  The solver ECOS is not installed. 
Using SCS instead.
ECOS solver failed:  The solver ECOS is not installed. 
Using SCS instead.
ECOS solver failed:  The solver ECOS is not installed. 
Using SCS instead.
ECOS solver failed:  The solver ECOS is not installed. 
Using SCS instead.
ECOS solver failed:  The solver ECOS is not installed. 
Using SCS instead.
M-step Design Matrix Calculation time (sec): 0.0622
ECOS solver failed in IPCW_HAL_init, falling back to SCS: The solver ECOS is not installed.
M-step CVXPY optimize time (sec): 0.7510
ECOS solver failed:  The solver ECOS is not installed. 
Using SCS instead.
ECOS solver failed:  The solver ECOS is not installed. 
Using SCS instead.
ECOS solver failed:  The solver ECOS is not installed. 
Using SCS instead.
ECOS solver failed:  The solver ECOS is not installed. 
Using SCS instead.
ECOS solver failed:  The solver ECOS is not installed. 
Using SCS instead.
ECOS solver failed:  The solver ECOS is not installed. 
Using SCS instead.
ECOS solver failed:  The solver ECOS is not installed. 
Using SCS instead.
ECOS solver failed:  The solver ECOS is not installed. 
Using SCS instead.
ECOS solver failed:  The solver ECOS is not installed. 
Using SCS instead.
ECOS solver failed:  The solver ECOS is not installed. 
Using SCS instead.
ECOS solver failed:  The solver ECOS is not installed. 
Using SCS instead.
ECOS solver failed:  The solver ECOS is not installed. 
Using SCS instead.
ECOS solver failed:  The solver ECOS is not installed. 
Using SCS instead.
ECOS solver failed:  The solver ECOS is not installed. 
Using SCS instead.
ECOS solver failed:  The solver ECOS is not installed. 
Using SCS instead.
ECOS solver failed:  The solver ECOS is not installed. 
Using SCS instead.
ECOS solver failed:  The solver ECOS is not installed. 
Using SCS instead.
ECOS solver failed:  The solver ECOS is not installed. 
Using SCS instead.
ECOS solver failed:  The solver ECOS is not installed. 
Using SCS instead.
ECOS solver failed:  The solver ECOS is not installed. 
Using SCS instead.
ECOS solver failed:  The solver ECOS is not installed. 
Using SCS instead.
M-step Design Matrix Calculation time (sec): 0.0751
ECOS solver failed in IPCW_HAL_init, falling back to SCS: The solver ECOS is not installed.
M-step CVXPY optimize time (sec): 0.8816
ECOS solver failed:  The solver ECOS is not installed. 
Using SCS instead.
ECOS solver failed:  The solver ECOS is not installed. 
Using SCS instead.
ECOS solver failed:  The solver ECOS is not installed. 
Using SCS instead.
ECOS solver failed:  The solver ECOS is not installed. 
Using SCS instead.
ECOS solver failed:  The solver ECOS is not installed. 
Using SCS instead.
ECOS solver failed:  The solver ECOS is not installed. 
Using SCS instead.
ECOS solver failed:  The solver ECOS is not installed. 
Using SCS instead.
ECOS solver failed:  The solver ECOS is not installed. 
Using SCS instead.
ECOS solver failed:  The solver ECOS is not installed. 
Using SCS instead.
ECOS solver failed:  The solver ECOS is not installed. 
Using SCS instead.
ECOS solver failed:  The solver ECOS is not installed. 
Using SCS instead.
ECOS solver failed:  The solver ECOS is not installed. 
Using SCS instead.
ECOS solver failed:  The solver ECOS is not installed. 
Using SCS instead.
ECOS solver failed:  The solver ECOS is not installed. 
Using SCS instead.
ECOS solver failed:  The solver ECOS is not installed. 
Using SCS instead.
ECOS solver failed:  The solver ECOS is not installed. 
Using SCS instead.
ECOS solver failed:  The solver ECOS is not installed. 
Using SCS instead.
ECOS solver failed:  The solver ECOS is not installed. 
Using SCS instead.
ECOS solver failed:  The solver ECOS is not installed. 
Using SCS instead.
ECOS solver failed:  The solver ECOS is not installed. 
Using SCS instead.
ECOS solver failed:  The solver ECOS is not installed. 
Using SCS instead.
M-step Design Matrix Calculation time (sec): 0.0738
ECOS solver failed in IPCW_HAL_init, falling back to SCS: The solver ECOS is not installed.
M-step CVXPY optimize time (sec): 0.9093
ECOS solver failed:  The solver ECOS is not installed. 
Using SCS instead.
ECOS solver failed:  The solver ECOS is not installed. 
Using SCS instead.
ECOS solver failed:  The solver ECOS is not installed. 
Using SCS instead.
ECOS solver failed:  The solver ECOS is not installed. 
Using SCS instead.
ECOS solver failed:  The solver ECOS is not installed. 
Using SCS instead.
ECOS solver failed:  The solver ECOS is not installed. 
Using SCS instead.
ECOS solver failed:  The solver ECOS is not installed. 
Using SCS instead.
ECOS solver failed:  The solver ECOS is not installed. 
Using SCS instead.
ECOS solver failed:  The solver ECOS is not installed. 
Using SCS instead.
ECOS solver failed:  The solver ECOS is not installed. 
Using SCS instead.
ECOS solver failed:  The solver ECOS is not installed. 
Using SCS instead.
ECOS solver failed:  The solver ECOS is not installed. 
Using SCS instead.
ECOS solver failed:  The solver ECOS is not installed. 
Using SCS instead.
ECOS solver failed:  The solver ECOS is not installed. 
Using SCS instead.
ECOS solver failed:  The solver ECOS is not installed. 
Using SCS instead.
ECOS solver failed:  The solver ECOS is not installed. 
Using SCS instead.
ECOS solver failed:  The solver ECOS is not installed. 
Using SCS instead.
ECOS solver failed:  The solver ECOS is not installed. 
Using SCS instead.
ECOS solver failed:  The solver ECOS is not installed. 
Using SCS instead.
ECOS solver failed:  The solver ECOS is not installed. 
Using SCS instead.
ECOS solver failed:  The solver ECOS is not installed. 
Using SCS instead.
M-step Design Matrix Calculation time (sec): 0.0309
ECOS solver failed in IPCW_HAL_init, falling back to SCS: The solver ECOS is not installed.
M-step CVXPY optimize time (sec): 0.8536
ECOS solver failed:  The solver ECOS is not installed. 
Using SCS instead.
ECOS solver failed:  The solver ECOS is not installed. 
Using SCS instead.
ECOS solver failed:  The solver ECOS is not installed. 
Using SCS instead.
ECOS solver failed:  The solver ECOS is not installed. 
Using SCS instead.
ECOS solver failed:  The solver ECOS is not installed. 
Using SCS instead.
ECOS solver failed:  The solver ECOS is not installed. 
Using SCS instead.
ECOS solver failed:  The solver ECOS is not installed. 
Using SCS instead.
ECOS solver failed:  The solver ECOS is not installed. 
Using SCS instead.
ECOS solver failed:  The solver ECOS is not installed. 
Using SCS instead.
ECOS solver failed:  The solver ECOS is not installed. 
Using SCS instead.
ECOS solver failed:  The solver ECOS is not installed. 
Using SCS instead.
ECOS solver failed:  The solver ECOS is not installed. 
Using SCS instead.
ECOS solver failed:  The solver ECOS is not installed. 
Using SCS instead.
ECOS solver failed:  The solver ECOS is not installed. 
Using SCS instead.
ECOS solver failed:  The solver ECOS is not installed. 
Using SCS instead.
ECOS solver failed:  The solver ECOS is not installed. 
Using SCS instead.
ECOS solver failed:  The solver ECOS is not installed. 
Using SCS instead.
ECOS solver failed:  The solver ECOS is not installed. 
Using SCS instead.
ECOS solver failed:  The solver ECOS is not installed. 
Using SCS instead.
ECOS solver failed:  The solver ECOS is not installed. 
Using SCS instead.
ECOS solver failed:  The solver ECOS is not installed. 
Using SCS instead.
M-step Design Matrix Calculation time (sec): 0.0325
ECOS solver failed in IPCW_HAL_init, falling back to SCS: The solver ECOS is not installed.
M-step CVXPY optimize time (sec): 0.5543
ECOS solver failed:  The solver ECOS is not installed. 
Using SCS instead.
ECOS solver failed:  The solver ECOS is not installed. 
Using SCS instead.
ECOS solver failed:  The solver ECOS is not installed. 
Using SCS instead.
ECOS solver failed:  The solver ECOS is not installed. 
Using SCS instead.
ECOS solver failed:  The solver ECOS is not installed. 
Using SCS instead.
ECOS solver failed:  The solver ECOS is not installed. 
Using SCS instead.
ECOS solver failed:  The solver ECOS is not installed. 
Using SCS instead.
ECOS solver failed:  The solver ECOS is not installed. 
Using SCS instead.
ECOS solver failed:  The solver ECOS is not installed. 
Using SCS instead.
ECOS solver failed:  The solver ECOS is not installed. 
Using SCS instead.
ECOS solver failed:  The solver ECOS is not installed. 
Using SCS instead.
ECOS solver failed:  The solver ECOS is not installed. 
Using SCS instead.
ECOS solver failed:  The solver ECOS is not installed. 
Using SCS instead.
ECOS solver failed:  The solver ECOS is not installed. 
Using SCS instead.
ECOS solver failed:  The solver ECOS is not installed. 
Using SCS instead.
ECOS solver failed:  The solver ECOS is not installed. 
Using SCS instead.
ECOS solver failed:  The solver ECOS is not installed. 
Using SCS instead.
ECOS solver failed:  The solver ECOS is not installed. 
Using SCS instead.
ECOS solver failed:  The solver ECOS is not installed. 
Using SCS instead.
ECOS solver failed:  The solver ECOS is not installed. 
Using SCS instead.
ECOS solver failed:  The solver ECOS is not installed. 
Using SCS instead.
M-step Design Matrix Calculation time (sec): 0.0492
ECOS solver failed in IPCW_HAL_init, falling back to SCS: The solver ECOS is not installed.
M-step CVXPY optimize time (sec): 1.2765
ECOS solver failed:  The solver ECOS is not installed. 
Using SCS instead.
ECOS solver failed:  The solver ECOS is not installed. 
Using SCS instead.
ECOS solver failed:  The solver ECOS is not installed. 
Using SCS instead.
ECOS solver failed:  The solver ECOS is not installed. 
Using SCS instead.
ECOS solver failed:  The solver ECOS is not installed. 
Using SCS instead.
ECOS solver failed:  The solver ECOS is not installed. 
Using SCS instead.
ECOS solver failed:  The solver ECOS is not installed. 
Using SCS instead.
ECOS solver failed:  The solver ECOS is not installed. 
Using SCS instead.
ECOS solver failed:  The solver ECOS is not installed. 
Using SCS instead.
ECOS solver failed:  The solver ECOS is not installed. 
Using SCS instead.
ECOS solver failed:  The solver ECOS is not installed. 
Using SCS instead.
ECOS solver failed:  The solver ECOS is not installed. 
Using SCS instead.
ECOS solver failed:  The solver ECOS is not installed. 
Using SCS instead.
ECOS solver failed:  The solver ECOS is not installed. 
Using SCS instead.
ECOS solver failed:  The solver ECOS is not installed. 
Using SCS instead.
ECOS solver failed:  The solver ECOS is not installed. 
Using SCS instead.
ECOS solver failed:  The solver ECOS is not installed. 
Using SCS instead.
ECOS solver failed:  The solver ECOS is not installed. 
Using SCS instead.
ECOS solver failed:  The solver ECOS is not installed. 
Using SCS instead.
ECOS solver failed:  The solver ECOS is not installed. 
Using SCS instead.
ECOS solver failed:  The solver ECOS is not installed. 
Using SCS instead.
M-step Design Matrix Calculation time (sec): 0.0209
ECOS solver failed in IPCW_HAL_init, falling back to SCS: The solver ECOS is not installed.
M-step CVXPY optimize time (sec): 1.4585
ECOS solver failed:  The solver ECOS is not installed. 
Using SCS instead.
ECOS solver failed:  The solver ECOS is not installed. 
Using SCS instead.
ECOS solver failed:  The solver ECOS is not installed. 
Using SCS instead.
ECOS solver failed:  The solver ECOS is not installed. 
Using SCS instead.
ECOS solver failed:  The solver ECOS is not installed. 
Using SCS instead.
ECOS solver failed:  The solver ECOS is not installed. 
Using SCS instead.
ECOS solver failed:  The solver ECOS is not installed. 
Using SCS instead.
ECOS solver failed:  The solver ECOS is not installed. 
Using SCS instead.
ECOS solver failed:  The solver ECOS is not installed. 
Using SCS instead.
ECOS solver failed:  The solver ECOS is not installed. 
Using SCS instead.
ECOS solver failed:  The solver ECOS is not installed. 
Using SCS instead.
ECOS solver failed:  The solver ECOS is not installed. 
Using SCS instead.
ECOS solver failed:  The solver ECOS is not installed. 
Using SCS instead.
ECOS solver failed:  The solver ECOS is not installed. 
Using SCS instead.
ECOS solver failed:  The solver ECOS is not installed. 
Using SCS instead.
ECOS solver failed:  The solver ECOS is not installed. 
Using SCS instead.
ECOS solver failed:  The solver ECOS is not installed. 
Using SCS instead.
ECOS solver failed:  The solver ECOS is not installed. 
Using SCS instead.
ECOS solver failed:  The solver ECOS is not installed. 
Using SCS instead.
ECOS solver failed:  The solver ECOS is not installed. 
Using SCS instead.
ECOS solver failed:  The solver ECOS is not installed. 
Using SCS instead.
M-step Design Matrix Calculation time (sec): 0.0479
ECOS solver failed in IPCW_HAL_init, falling back to SCS: The solver ECOS is not installed.
WARNING - large complementary slackness residual: 0.005267
M-step CVXPY optimize time (sec): 2.0066
ECOS solver failed:  The solver ECOS is not installed. 
Using SCS instead.
ECOS solver failed:  The solver ECOS is not installed. 
Using SCS instead.
ECOS solver failed:  The solver ECOS is not installed. 
Using SCS instead.
ECOS solver failed:  The solver ECOS is not installed. 
Using SCS instead.
ECOS solver failed:  The solver ECOS is not installed. 
Using SCS instead.
ECOS solver failed:  The solver ECOS is not installed. 
Using SCS instead.
ECOS solver failed:  The solver ECOS is not installed. 
Using SCS instead.
ECOS solver failed:  The solver ECOS is not installed. 
Using SCS instead.
ECOS solver failed:  The solver ECOS is not installed. 
Using SCS instead.
ECOS solver failed:  The solver ECOS is not installed. 
Using SCS instead.
ECOS solver failed:  The solver ECOS is not installed. 
Using SCS instead.
ECOS solver failed:  The solver ECOS is not installed. 
Using SCS instead.
ECOS solver failed:  The solver ECOS is not installed. 
Using SCS instead.
ECOS solver failed:  The solver ECOS is not installed. 
Using SCS instead.
ECOS solver failed:  The solver ECOS is not installed. 
Using SCS instead.
ECOS solver failed:  The solver ECOS is not installed. 
Using SCS instead.
ECOS solver failed:  The solver ECOS is not installed. 
Using SCS instead.
ECOS solver failed:  The solver ECOS is not installed. 
Using SCS instead.
ECOS solver failed:  The solver ECOS is not installed. 
Using SCS instead.
ECOS solver failed:  The solver ECOS is not installed. 
Using SCS instead.
ECOS solver failed:  The solver ECOS is not installed. 
Using SCS instead.
M-step Design Matrix Calculation time (sec): 0.2116
ECOS solver failed in IPCW_HAL_init, falling back to SCS: The solver ECOS is not installed.
M-step CVXPY optimize time (sec): 1.1373
ECOS solver failed:  The solver ECOS is not installed. 
Using SCS instead.
ECOS solver failed:  The solver ECOS is not installed. 
Using SCS instead.
ECOS solver failed:  The solver ECOS is not installed. 
Using SCS instead.
ECOS solver failed:  The solver ECOS is not installed. 
Using SCS instead.
ECOS solver failed:  The solver ECOS is not installed. 
Using SCS instead.
ECOS solver failed:  The solver ECOS is not installed. 
Using SCS instead.
ECOS solver failed:  The solver ECOS is not installed. 
Using SCS instead.
ECOS solver failed:  The solver ECOS is not installed. 
Using SCS instead.
ECOS solver failed:  The solver ECOS is not installed. 
Using SCS instead.
ECOS solver failed:  The solver ECOS is not installed. 
Using SCS instead.
ECOS solver failed:  The solver ECOS is not installed. 
Using SCS instead.
ECOS solver failed:  The solver ECOS is not installed. 
Using SCS instead.
ECOS solver failed:  The solver ECOS is not installed. 
Using SCS instead.
ECOS solver failed:  The solver ECOS is not installed. 
Using SCS instead.
ECOS solver failed:  The solver ECOS is not installed. 
Using SCS instead.
ECOS solver failed:  The solver ECOS is not installed. 
Using SCS instead.
ECOS solver failed:  The solver ECOS is not installed. 
Using SCS instead.
ECOS solver failed:  The solver ECOS is not installed. 
Using SCS instead.
ECOS solver failed:  The solver ECOS is not installed. 
Using SCS instead.
ECOS solver failed:  The solver ECOS is not installed. 
Using SCS instead.
ECOS solver failed:  The solver ECOS is not installed. 
Using SCS instead.
M-step Design Matrix Calculation time (sec): 0.0201
ECOS solver failed in IPCW_HAL_init, falling back to SCS: The solver ECOS is not installed.
WARNING - large complementary slackness residual: 0.015682
M-step CVXPY optimize time (sec): 2.1133
ECOS solver failed:  The solver ECOS is not installed. 
Using SCS instead.
ECOS solver failed:  The solver ECOS is not installed. 
Using SCS instead.
ECOS solver failed:  The solver ECOS is not installed. 
Using SCS instead.
ECOS solver failed:  The solver ECOS is not installed. 
Using SCS instead.
ECOS solver failed:  The solver ECOS is not installed. 
Using SCS instead.
ECOS solver failed:  The solver ECOS is not installed. 
Using SCS instead.
ECOS solver failed:  The solver ECOS is not installed. 
Using SCS instead.
ECOS solver failed:  The solver ECOS is not installed. 
Using SCS instead.
ECOS solver failed:  The solver ECOS is not installed. 
Using SCS instead.
ECOS solver failed:  The solver ECOS is not installed. 
Using SCS instead.
ECOS solver failed:  The solver ECOS is not installed. 
Using SCS instead.
ECOS solver failed:  The solver ECOS is not installed. 
Using SCS instead.
ECOS solver failed:  The solver ECOS is not installed. 
Using SCS instead.
ECOS solver failed:  The solver ECOS is not installed. 
Using SCS instead.
ECOS solver failed:  The solver ECOS is not installed. 
Using SCS instead.
ECOS solver failed:  The solver ECOS is not installed. 
Using SCS instead.
ECOS solver failed:  The solver ECOS is not installed. 
Using SCS instead.
ECOS solver failed:  The solver ECOS is not installed. 
Using SCS instead.
ECOS solver failed:  The solver ECOS is not installed. 
Using SCS instead.
ECOS solver failed:  The solver ECOS is not installed. 
Using SCS instead.
ECOS solver failed:  The solver ECOS is not installed. 
Using SCS instead.
M-step Design Matrix Calculation time (sec): 0.0201
ECOS solver failed in IPCW_HAL_init, falling back to SCS: The solver ECOS is not installed.
M-step CVXPY optimize time (sec): 0.6726
ECOS solver failed:  The solver ECOS is not installed. 
Using SCS instead.
ECOS solver failed:  The solver ECOS is not installed. 
Using SCS instead.
ECOS solver failed:  The solver ECOS is not installed. 
Using SCS instead.
ECOS solver failed:  The solver ECOS is not installed. 
Using SCS instead.
ECOS solver failed:  The solver ECOS is not installed. 
Using SCS instead.
ECOS solver failed:  The solver ECOS is not installed. 
Using SCS instead.
ECOS solver failed:  The solver ECOS is not installed. 
Using SCS instead.
ECOS solver failed:  The solver ECOS is not installed. 
Using SCS instead.
ECOS solver failed:  The solver ECOS is not installed. 
Using SCS instead.
ECOS solver failed:  The solver ECOS is not installed. 
Using SCS instead.
ECOS solver failed:  The solver ECOS is not installed. 
Using SCS instead.
ECOS solver failed:  The solver ECOS is not installed. 
Using SCS instead.
ECOS solver failed:  The solver ECOS is not installed. 
Using SCS instead.
ECOS solver failed:  The solver ECOS is not installed. 
Using SCS instead.
ECOS solver failed:  The solver ECOS is not installed. 
Using SCS instead.
ECOS solver failed:  The solver ECOS is not installed. 
Using SCS instead.
ECOS solver failed:  The solver ECOS is not installed. 
Using SCS instead.
ECOS solver failed:  The solver ECOS is not installed. 
Using SCS instead.
ECOS solver failed:  The solver ECOS is not installed. 
Using SCS instead.
ECOS solver failed:  The solver ECOS is not installed. 
Using SCS instead.
ECOS solver failed:  The solver ECOS is not installed. 
Using SCS instead.
M-step Design Matrix Calculation time (sec): 0.0940
ECOS solver failed in IPCW_HAL_init, falling back to SCS: The solver ECOS is not installed.
WARNING - large complementary slackness residual: 0.033106
M-step CVXPY optimize time (sec): 3.3510
ECOS solver failed:  The solver ECOS is not installed. 
Using SCS instead.
ECOS solver failed:  The solver ECOS is not installed. 
Using SCS instead.
ECOS solver failed:  The solver ECOS is not installed. 
Using SCS instead.
ECOS solver failed:  The solver ECOS is not installed. 
Using SCS instead.
ECOS solver failed:  The solver ECOS is not installed. 
Using SCS instead.
ECOS solver failed:  The solver ECOS is not installed. 
Using SCS instead.
ECOS solver failed:  The solver ECOS is not installed. 
Using SCS instead.
ECOS solver failed:  The solver ECOS is not installed. 
Using SCS instead.
ECOS solver failed:  The solver ECOS is not installed. 
Using SCS instead.
ECOS solver failed:  The solver ECOS is not installed. 
Using SCS instead.
ECOS solver failed:  The solver ECOS is not installed. 
Using SCS instead.
ECOS solver failed:  The solver ECOS is not installed. 
Using SCS instead.
ECOS solver failed:  The solver ECOS is not installed. 
Using SCS instead.
ECOS solver failed:  The solver ECOS is not installed. 
Using SCS instead.
ECOS solver failed:  The solver ECOS is not installed. 
Using SCS instead.
ECOS solver failed:  The solver ECOS is not installed. 
Using SCS instead.
ECOS solver failed:  The solver ECOS is not installed. 
Using SCS instead.
ECOS solver failed:  The solver ECOS is not installed. 
Using SCS instead.
ECOS solver failed:  The solver ECOS is not installed. 
Using SCS instead.
ECOS solver failed:  The solver ECOS is not installed. 
Using SCS instead.
ECOS solver failed:  The solver ECOS is not installed. 
Using SCS instead.
M-step Design Matrix Calculation time (sec): 0.0802
ECOS solver failed in IPCW_HAL_init, falling back to SCS: The solver ECOS is not installed.
WARNING - large complementary slackness residual: 0.012124
M-step CVXPY optimize time (sec): 2.0108
ECOS solver failed:  The solver ECOS is not installed. 
Using SCS instead.
ECOS solver failed:  The solver ECOS is not installed. 
Using SCS instead.
ECOS solver failed:  The solver ECOS is not installed. 
Using SCS instead.
ECOS solver failed:  The solver ECOS is not installed. 
Using SCS instead.
ECOS solver failed:  The solver ECOS is not installed. 
Using SCS instead.
ECOS solver failed:  The solver ECOS is not installed. 
Using SCS instead.
ECOS solver failed:  The solver ECOS is not installed. 
Using SCS instead.
ECOS solver failed:  The solver ECOS is not installed. 
Using SCS instead.
ECOS solver failed:  The solver ECOS is not installed. 
Using SCS instead.
ECOS solver failed:  The solver ECOS is not installed. 
Using SCS instead.
ECOS solver failed:  The solver ECOS is not installed. 
Using SCS instead.
ECOS solver failed:  The solver ECOS is not installed. 
Using SCS instead.
ECOS solver failed:  The solver ECOS is not installed. 
Using SCS instead.
ECOS solver failed:  The solver ECOS is not installed. 
Using SCS instead.
ECOS solver failed:  The solver ECOS is not installed. 
Using SCS instead.
ECOS solver failed:  The solver ECOS is not installed. 
Using SCS instead.
ECOS solver failed:  The solver ECOS is not installed. 
Using SCS instead.
ECOS solver failed:  The solver ECOS is not installed. 
Using SCS instead.
ECOS solver failed:  The solver ECOS is not installed. 
Using SCS instead.
ECOS solver failed:  The solver ECOS is not installed. 
Using SCS instead.
ECOS solver failed:  The solver ECOS is not installed. 
Using SCS instead.
M-step Design Matrix Calculation time (sec): 0.0169
ECOS solver failed in IPCW_HAL_init, falling back to SCS: The solver ECOS is not installed.
M-step CVXPY optimize time (sec): 0.7128
ECOS solver failed:  The solver ECOS is not installed. 
Using SCS instead.
ECOS solver failed:  The solver ECOS is not installed. 
Using SCS instead.
ECOS solver failed:  The solver ECOS is not installed. 
Using SCS instead.
ECOS solver failed:  The solver ECOS is not installed. 
Using SCS instead.
ECOS solver failed:  The solver ECOS is not installed. 
Using SCS instead.
ECOS solver failed:  The solver ECOS is not installed. 
Using SCS instead.
ECOS solver failed:  The solver ECOS is not installed. 
Using SCS instead.
ECOS solver failed:  The solver ECOS is not installed. 
Using SCS instead.
ECOS solver failed:  The solver ECOS is not installed. 
Using SCS instead.
ECOS solver failed:  The solver ECOS is not installed. 
Using SCS instead.
ECOS solver failed:  The solver ECOS is not installed. 
Using SCS instead.
ECOS solver failed:  The solver ECOS is not installed. 
Using SCS instead.
ECOS solver failed:  The solver ECOS is not installed. 
Using SCS instead.
ECOS solver failed:  The solver ECOS is not installed. 
Using SCS instead.
ECOS solver failed:  The solver ECOS is not installed. 
Using SCS instead.
ECOS solver failed:  The solver ECOS is not installed. 
Using SCS instead.
ECOS solver failed:  The solver ECOS is not installed. 
Using SCS instead.
ECOS solver failed:  The solver ECOS is not installed. 
Using SCS instead.
ECOS solver failed:  The solver ECOS is not installed. 
Using SCS instead.
ECOS solver failed:  The solver ECOS is not installed. 
Using SCS instead.
ECOS solver failed:  The solver ECOS is not installed. 
Using SCS instead.
M-step Design Matrix Calculation time (sec): 0.0190
ECOS solver failed in IPCW_HAL_init, falling back to SCS: The solver ECOS is not installed.
WARNING - large complementary slackness residual: 0.015880
M-step CVXPY optimize time (sec): 2.4915
ECOS solver failed:  The solver ECOS is not installed. 
Using SCS instead.
ECOS solver failed:  The solver ECOS is not installed. 
Using SCS instead.
ECOS solver failed:  The solver ECOS is not installed. 
Using SCS instead.
ECOS solver failed:  The solver ECOS is not installed. 
Using SCS instead.
ECOS solver failed:  The solver ECOS is not installed. 
Using SCS instead.
ECOS solver failed:  The solver ECOS is not installed. 
Using SCS instead.
ECOS solver failed:  The solver ECOS is not installed. 
Using SCS instead.
ECOS solver failed:  The solver ECOS is not installed. 
Using SCS instead.
ECOS solver failed:  The solver ECOS is not installed. 
Using SCS instead.
ECOS solver failed:  The solver ECOS is not installed. 
Using SCS instead.
ECOS solver failed:  The solver ECOS is not installed. 
Using SCS instead.
ECOS solver failed:  The solver ECOS is not installed. 
Using SCS instead.
ECOS solver failed:  The solver ECOS is not installed. 
Using SCS instead.
ECOS solver failed:  The solver ECOS is not installed. 
Using SCS instead.
ECOS solver failed:  The solver ECOS is not installed. 
Using SCS instead.
ECOS solver failed:  The solver ECOS is not installed. 
Using SCS instead.
ECOS solver failed:  The solver ECOS is not installed. 
Using SCS instead.
ECOS solver failed:  The solver ECOS is not installed. 
Using SCS instead.
ECOS solver failed:  The solver ECOS is not installed. 
Using SCS instead.
ECOS solver failed:  The solver ECOS is not installed. 
Using SCS instead.
ECOS solver failed:  The solver ECOS is not installed. 
Using SCS instead.
M-step Design Matrix Calculation time (sec): 0.1434
ECOS solver failed in IPCW_HAL_init, falling back to SCS: The solver ECOS is not installed.
M-step CVXPY optimize time (sec): 0.9284
ECOS solver failed:  The solver ECOS is not installed. 
Using SCS instead.
ECOS solver failed:  The solver ECOS is not installed. 
Using SCS instead.
ECOS solver failed:  The solver ECOS is not installed. 
Using SCS instead.
ECOS solver failed:  The solver ECOS is not installed. 
Using SCS instead.
ECOS solver failed:  The solver ECOS is not installed. 
Using SCS instead.
ECOS solver failed:  The solver ECOS is not installed. 
Using SCS instead.
ECOS solver failed:  The solver ECOS is not installed. 
Using SCS instead.
ECOS solver failed:  The solver ECOS is not installed. 
Using SCS instead.
ECOS solver failed:  The solver ECOS is not installed. 
Using SCS instead.
ECOS solver failed:  The solver ECOS is not installed. 
Using SCS instead.
ECOS solver failed:  The solver ECOS is not installed. 
Using SCS instead.
ECOS solver failed:  The solver ECOS is not installed. 
Using SCS instead.
ECOS solver failed:  The solver ECOS is not installed. 
Using SCS instead.
ECOS solver failed:  The solver ECOS is not installed. 
Using SCS instead.
ECOS solver failed:  The solver ECOS is not installed. 
Using SCS instead.
ECOS solver failed:  The solver ECOS is not installed. 
Using SCS instead.
ECOS solver failed:  The solver ECOS is not installed. 
Using SCS instead.
ECOS solver failed:  The solver ECOS is not installed. 
Using SCS instead.
ECOS solver failed:  The solver ECOS is not installed. 
Using SCS instead.
ECOS solver failed:  The solver ECOS is not installed. 
Using SCS instead.
ECOS solver failed:  The solver ECOS is not installed. 
Using SCS instead.
M-step Design Matrix Calculation time (sec): 0.0197
ECOS solver failed in IPCW_HAL_init, falling back to SCS: The solver ECOS is not installed.
M-step CVXPY optimize time (sec): 0.9486
ECOS solver failed:  The solver ECOS is not installed. 
Using SCS instead.
ECOS solver failed:  The solver ECOS is not installed. 
Using SCS instead.
ECOS solver failed:  The solver ECOS is not installed. 
Using SCS instead.
ECOS solver failed:  The solver ECOS is not installed. 
Using SCS instead.
ECOS solver failed:  The solver ECOS is not installed. 
Using SCS instead.
ECOS solver failed:  The solver ECOS is not installed. 
Using SCS instead.
ECOS solver failed:  The solver ECOS is not installed. 
Using SCS instead.
ECOS solver failed:  The solver ECOS is not installed. 
Using SCS instead.
ECOS solver failed:  The solver ECOS is not installed. 
Using SCS instead.
ECOS solver failed:  The solver ECOS is not installed. 
Using SCS instead.
ECOS solver failed:  The solver ECOS is not installed. 
Using SCS instead.
ECOS solver failed:  The solver ECOS is not installed. 
Using SCS instead.
ECOS solver failed:  The solver ECOS is not installed. 
Using SCS instead.
ECOS solver failed:  The solver ECOS is not installed. 
Using SCS instead.
ECOS solver failed:  The solver ECOS is not installed. 
Using SCS instead.
ECOS solver failed:  The solver ECOS is not installed. 
Using SCS instead.
ECOS solver failed:  The solver ECOS is not installed. 
Using SCS instead.
ECOS solver failed:  The solver ECOS is not installed. 
Using SCS instead.
ECOS solver failed:  The solver ECOS is not installed. 
Using SCS instead.
ECOS solver failed:  The solver ECOS is not installed. 
Using SCS instead.
ECOS solver failed:  The solver ECOS is not installed. 
Using SCS instead.
M-step Design Matrix Calculation time (sec): 0.0656
ECOS solver failed in IPCW_HAL_init, falling back to SCS: The solver ECOS is not installed.
M-step CVXPY optimize time (sec): 1.4079
ECOS solver failed:  The solver ECOS is not installed. 
Using SCS instead.
ECOS solver failed:  The solver ECOS is not installed. 
Using SCS instead.
ECOS solver failed:  The solver ECOS is not installed. 
Using SCS instead.
ECOS solver failed:  The solver ECOS is not installed. 
Using SCS instead.
ECOS solver failed:  The solver ECOS is not installed. 
Using SCS instead.
ECOS solver failed:  The solver ECOS is not installed. 
Using SCS instead.
ECOS solver failed:  The solver ECOS is not installed. 
Using SCS instead.
ECOS solver failed:  The solver ECOS is not installed. 
Using SCS instead.
ECOS solver failed:  The solver ECOS is not installed. 
Using SCS instead.
ECOS solver failed:  The solver ECOS is not installed. 
Using SCS instead.
ECOS solver failed:  The solver ECOS is not installed. 
Using SCS instead.
ECOS solver failed:  The solver ECOS is not installed. 
Using SCS instead.
ECOS solver failed:  The solver ECOS is not installed. 
Using SCS instead.
ECOS solver failed:  The solver ECOS is not installed. 
Using SCS instead.
ECOS solver failed:  The solver ECOS is not installed. 
Using SCS instead.
ECOS solver failed:  The solver ECOS is not installed. 
Using SCS instead.
ECOS solver failed:  The solver ECOS is not installed. 
Using SCS instead.
ECOS solver failed:  The solver ECOS is not installed. 
Using SCS instead.
ECOS solver failed:  The solver ECOS is not installed. 
Using SCS instead.
ECOS solver failed:  The solver ECOS is not installed. 
Using SCS instead.
ECOS solver failed:  The solver ECOS is not installed. 
Using SCS instead.
M-step Design Matrix Calculation time (sec): 0.0194
ECOS solver failed in IPCW_HAL_init, falling back to SCS: The solver ECOS is not installed.
WARNING - large complementary slackness residual: 0.004848
M-step CVXPY optimize time (sec): 1.5221
ECOS solver failed:  The solver ECOS is not installed. 
Using SCS instead.
ECOS solver failed:  The solver ECOS is not installed. 
Using SCS instead.
ECOS solver failed:  The solver ECOS is not installed. 
Using SCS instead.
ECOS solver failed:  The solver ECOS is not installed. 
Using SCS instead.
ECOS solver failed:  The solver ECOS is not installed. 
Using SCS instead.
ECOS solver failed:  The solver ECOS is not installed. 
Using SCS instead.
ECOS solver failed:  The solver ECOS is not installed. 
Using SCS instead.
ECOS solver failed:  The solver ECOS is not installed. 
Using SCS instead.
ECOS solver failed:  The solver ECOS is not installed. 
Using SCS instead.
ECOS solver failed:  The solver ECOS is not installed. 
Using SCS instead.
ECOS solver failed:  The solver ECOS is not installed. 
Using SCS instead.
ECOS solver failed:  The solver ECOS is not installed. 
Using SCS instead.
ECOS solver failed:  The solver ECOS is not installed. 
Using SCS instead.
ECOS solver failed:  The solver ECOS is not installed. 
Using SCS instead.
ECOS solver failed:  The solver ECOS is not installed. 
Using SCS instead.
ECOS solver failed:  The solver ECOS is not installed. 
Using SCS instead.
ECOS solver failed:  The solver ECOS is not installed. 
Using SCS instead.
ECOS solver failed:  The solver ECOS is not installed. 
Using SCS instead.
ECOS solver failed:  The solver ECOS is not installed. 
Using SCS instead.
ECOS solver failed:  The solver ECOS is not installed. 
Using SCS instead.
ECOS solver failed:  The solver ECOS is not installed. 
Using SCS instead.
M-step Design Matrix Calculation time (sec): 0.0155
ECOS solver failed in IPCW_HAL_init, falling back to SCS: The solver ECOS is not installed.
WARNING - large complementary slackness residual: 0.005995
M-step CVXPY optimize time (sec): 1.9371
ECOS solver failed:  The solver ECOS is not installed. 
Using SCS instead.
ECOS solver failed:  The solver ECOS is not installed. 
Using SCS instead.
ECOS solver failed:  The solver ECOS is not installed. 
Using SCS instead.
ECOS solver failed:  The solver ECOS is not installed. 
Using SCS instead.
ECOS solver failed:  The solver ECOS is not installed. 
Using SCS instead.
ECOS solver failed:  The solver ECOS is not installed. 
Using SCS instead.
ECOS solver failed:  The solver ECOS is not installed. 
Using SCS instead.
ECOS solver failed:  The solver ECOS is not installed. 
Using SCS instead.
ECOS solver failed:  The solver ECOS is not installed. 
Using SCS instead.
ECOS solver failed:  The solver ECOS is not installed. 
Using SCS instead.
ECOS solver failed:  The solver ECOS is not installed. 
Using SCS instead.
ECOS solver failed:  The solver ECOS is not installed. 
Using SCS instead.
ECOS solver failed:  The solver ECOS is not installed. 
Using SCS instead.
ECOS solver failed:  The solver ECOS is not installed. 
Using SCS instead.
ECOS solver failed:  The solver ECOS is not installed. 
Using SCS instead.
ECOS solver failed:  The solver ECOS is not installed. 
Using SCS instead.
ECOS solver failed:  The solver ECOS is not installed. 
Using SCS instead.
ECOS solver failed:  The solver ECOS is not installed. 
Using SCS instead.
ECOS solver failed:  The solver ECOS is not installed. 
Using SCS instead.
ECOS solver failed:  The solver ECOS is not installed. 
Using SCS instead.
ECOS solver failed:  The solver ECOS is not installed. 
Using SCS instead.
M-step Design Matrix Calculation time (sec): 0.0377
ECOS solver failed in IPCW_HAL_init, falling back to SCS: The solver ECOS is not installed.
WARNING - large complementary slackness residual: 0.023591
M-step CVXPY optimize time (sec): 1.6120
ECOS solver failed:  The solver ECOS is not installed. 
Using SCS instead.
ECOS solver failed:  The solver ECOS is not installed. 
Using SCS instead.
ECOS solver failed:  The solver ECOS is not installed. 
Using SCS instead.
ECOS solver failed:  The solver ECOS is not installed. 
Using SCS instead.
ECOS solver failed:  The solver ECOS is not installed. 
Using SCS instead.
ECOS solver failed:  The solver ECOS is not installed. 
Using SCS instead.
ECOS solver failed:  The solver ECOS is not installed. 
Using SCS instead.
ECOS solver failed:  The solver ECOS is not installed. 
Using SCS instead.
ECOS solver failed:  The solver ECOS is not installed. 
Using SCS instead.
ECOS solver failed:  The solver ECOS is not installed. 
Using SCS instead.
ECOS solver failed:  The solver ECOS is not installed. 
Using SCS instead.
ECOS solver failed:  The solver ECOS is not installed. 
Using SCS instead.
ECOS solver failed:  The solver ECOS is not installed. 
Using SCS instead.
ECOS solver failed:  The solver ECOS is not installed. 
Using SCS instead.
ECOS solver failed:  The solver ECOS is not installed. 
Using SCS instead.
ECOS solver failed:  The solver ECOS is not installed. 
Using SCS instead.
ECOS solver failed:  The solver ECOS is not installed. 
Using SCS instead.
ECOS solver failed:  The solver ECOS is not installed. 
Using SCS instead.
ECOS solver failed:  The solver ECOS is not installed. 
Using SCS instead.
ECOS solver failed:  The solver ECOS is not installed. 
Using SCS instead.
ECOS solver failed:  The solver ECOS is not installed. 
Using SCS instead.
M-step Design Matrix Calculation time (sec): 0.0224
ECOS solver failed in IPCW_HAL_init, falling back to SCS: The solver ECOS is not installed.
WARNING - large complementary slackness residual: 0.004181
M-step CVXPY optimize time (sec): 1.7856
ECOS solver failed:  The solver ECOS is not installed. 
Using SCS instead.
ECOS solver failed:  The solver ECOS is not installed. 
Using SCS instead.
ECOS solver failed:  The solver ECOS is not installed. 
Using SCS instead.
ECOS solver failed:  The solver ECOS is not installed. 
Using SCS instead.
ECOS solver failed:  The solver ECOS is not installed. 
Using SCS instead.
ECOS solver failed:  The solver ECOS is not installed. 
Using SCS instead.
ECOS solver failed:  The solver ECOS is not installed. 
Using SCS instead.
ECOS solver failed:  The solver ECOS is not installed. 
Using SCS instead.
ECOS solver failed:  The solver ECOS is not installed. 
Using SCS instead.
ECOS solver failed:  The solver ECOS is not installed. 
Using SCS instead.
ECOS solver failed:  The solver ECOS is not installed. 
Using SCS instead.
ECOS solver failed:  The solver ECOS is not installed. 
Using SCS instead.
ECOS solver failed:  The solver ECOS is not installed. 
Using SCS instead.
ECOS solver failed:  The solver ECOS is not installed. 
Using SCS instead.
ECOS solver failed:  The solver ECOS is not installed. 
Using SCS instead.
ECOS solver failed:  The solver ECOS is not installed. 
Using SCS instead.
ECOS solver failed:  The solver ECOS is not installed. 
Using SCS instead.
ECOS solver failed:  The solver ECOS is not installed. 
Using SCS instead.
ECOS solver failed:  The solver ECOS is not installed. 
Using SCS instead.
ECOS solver failed:  The solver ECOS is not installed. 
Using SCS instead.
ECOS solver failed:  The solver ECOS is not installed. 
Using SCS instead.
M-step Design Matrix Calculation time (sec): 0.0545
ECOS solver failed in IPCW_HAL_init, falling back to SCS: The solver ECOS is not installed.
M-step CVXPY optimize time (sec): 0.3916
ECOS solver failed:  The solver ECOS is not installed. 
Using SCS instead.
ECOS solver failed:  The solver ECOS is not installed. 
Using SCS instead.
ECOS solver failed:  The solver ECOS is not installed. 
Using SCS instead.
ECOS solver failed:  The solver ECOS is not installed. 
Using SCS instead.
ECOS solver failed:  The solver ECOS is not installed. 
Using SCS instead.
ECOS solver failed:  The solver ECOS is not installed. 
Using SCS instead.
ECOS solver failed:  The solver ECOS is not installed. 
Using SCS instead.
ECOS solver failed:  The solver ECOS is not installed. 
Using SCS instead.
ECOS solver failed:  The solver ECOS is not installed. 
Using SCS instead.
ECOS solver failed:  The solver ECOS is not installed. 
Using SCS instead.
ECOS solver failed:  The solver ECOS is not installed. 
Using SCS instead.
ECOS solver failed:  The solver ECOS is not installed. 
Using SCS instead.
ECOS solver failed:  The solver ECOS is not installed. 
Using SCS instead.
ECOS solver failed:  The solver ECOS is not installed. 
Using SCS instead.
ECOS solver failed:  The solver ECOS is not installed. 
Using SCS instead.
ECOS solver failed:  The solver ECOS is not installed. 
Using SCS instead.
ECOS solver failed:  The solver ECOS is not installed. 
Using SCS instead.
ECOS solver failed:  The solver ECOS is not installed. 
Using SCS instead.
ECOS solver failed:  The solver ECOS is not installed. 
Using SCS instead.
ECOS solver failed:  The solver ECOS is not installed. 
Using SCS instead.
ECOS solver failed:  The solver ECOS is not installed. 
Using SCS instead.
M-step Design Matrix Calculation time (sec): 0.0181
ECOS solver failed in IPCW_HAL_init, falling back to SCS: The solver ECOS is not installed.
WARNING - large complementary slackness residual: 0.024100
M-step CVXPY optimize time (sec): 0.9868
ECOS solver failed:  The solver ECOS is not installed. 
Using SCS instead.
ECOS solver failed:  The solver ECOS is not installed. 
Using SCS instead.
ECOS solver failed:  The solver ECOS is not installed. 
Using SCS instead.
ECOS solver failed:  The solver ECOS is not installed. 
Using SCS instead.
ECOS solver failed:  The solver ECOS is not installed. 
Using SCS instead.
ECOS solver failed:  The solver ECOS is not installed. 
Using SCS instead.
ECOS solver failed:  The solver ECOS is not installed. 
Using SCS instead.
ECOS solver failed:  The solver ECOS is not installed. 
Using SCS instead.
ECOS solver failed:  The solver ECOS is not installed. 
Using SCS instead.
ECOS solver failed:  The solver ECOS is not installed. 
Using SCS instead.
ECOS solver failed:  The solver ECOS is not installed. 
Using SCS instead.
ECOS solver failed:  The solver ECOS is not installed. 
Using SCS instead.
ECOS solver failed:  The solver ECOS is not installed. 
Using SCS instead.
ECOS solver failed:  The solver ECOS is not installed. 
Using SCS instead.
ECOS solver failed:  The solver ECOS is not installed. 
Using SCS instead.
ECOS solver failed:  The solver ECOS is not installed. 
Using SCS instead.
ECOS solver failed:  The solver ECOS is not installed. 
Using SCS instead.
ECOS solver failed:  The solver ECOS is not installed. 
Using SCS instead.
ECOS solver failed:  The solver ECOS is not installed. 
Using SCS instead.
ECOS solver failed:  The solver ECOS is not installed. 
Using SCS instead.
ECOS solver failed:  The solver ECOS is not installed. 
Using SCS instead.
M-step Design Matrix Calculation time (sec): 0.0199
ECOS solver failed in IPCW_HAL_init, falling back to SCS: The solver ECOS is not installed.
WARNING - large complementary slackness residual: 0.007492
M-step CVXPY optimize time (sec): 1.9522
ECOS solver failed:  The solver ECOS is not installed. 
Using SCS instead.
ECOS solver failed:  The solver ECOS is not installed. 
Using SCS instead.
ECOS solver failed:  The solver ECOS is not installed. 
Using SCS instead.
ECOS solver failed:  The solver ECOS is not installed. 
Using SCS instead.
ECOS solver failed:  The solver ECOS is not installed. 
Using SCS instead.
ECOS solver failed:  The solver ECOS is not installed. 
Using SCS instead.
ECOS solver failed:  The solver ECOS is not installed. 
Using SCS instead.
ECOS solver failed:  The solver ECOS is not installed. 
Using SCS instead.
ECOS solver failed:  The solver ECOS is not installed. 
Using SCS instead.
ECOS solver failed:  The solver ECOS is not installed. 
Using SCS instead.
ECOS solver failed:  The solver ECOS is not installed. 
Using SCS instead.
ECOS solver failed:  The solver ECOS is not installed. 
Using SCS instead.
ECOS solver failed:  The solver ECOS is not installed. 
Using SCS instead.
ECOS solver failed:  The solver ECOS is not installed. 
Using SCS instead.
ECOS solver failed:  The solver ECOS is not installed. 
Using SCS instead.
ECOS solver failed:  The solver ECOS is not installed. 
Using SCS instead.
ECOS solver failed:  The solver ECOS is not installed. 
Using SCS instead.
ECOS solver failed:  The solver ECOS is not installed. 
Using SCS instead.
ECOS solver failed:  The solver ECOS is not installed. 
Using SCS instead.
ECOS solver failed:  The solver ECOS is not installed. 
Using SCS instead.
ECOS solver failed:  The solver ECOS is not installed. 
Using SCS instead.
M-step Design Matrix Calculation time (sec): 0.0209
ECOS solver failed in IPCW_HAL_init, falling back to SCS: The solver ECOS is not installed.
WARNING - large complementary slackness residual: 0.017091
M-step CVXPY optimize time (sec): 3.0316
ECOS solver failed:  The solver ECOS is not installed. 
Using SCS instead.
ECOS solver failed:  The solver ECOS is not installed. 
Using SCS instead.
ECOS solver failed:  The solver ECOS is not installed. 
Using SCS instead.
ECOS solver failed:  The solver ECOS is not installed. 
Using SCS instead.
ECOS solver failed:  The solver ECOS is not installed. 
Using SCS instead.
ECOS solver failed:  The solver ECOS is not installed. 
Using SCS instead.
ECOS solver failed:  The solver ECOS is not installed. 
Using SCS instead.
ECOS solver failed:  The solver ECOS is not installed. 
Using SCS instead.
ECOS solver failed:  The solver ECOS is not installed. 
Using SCS instead.
ECOS solver failed:  The solver ECOS is not installed. 
Using SCS instead.
ECOS solver failed:  The solver ECOS is not installed. 
Using SCS instead.
ECOS solver failed:  The solver ECOS is not installed. 
Using SCS instead.
ECOS solver failed:  The solver ECOS is not installed. 
Using SCS instead.
ECOS solver failed:  The solver ECOS is not installed. 
Using SCS instead.
ECOS solver failed:  The solver ECOS is not installed. 
Using SCS instead.
ECOS solver failed:  The solver ECOS is not installed. 
Using SCS instead.
ECOS solver failed:  The solver ECOS is not installed. 
Using SCS instead.
ECOS solver failed:  The solver ECOS is not installed. 
Using SCS instead.
ECOS solver failed:  The solver ECOS is not installed. 
Using SCS instead.
ECOS solver failed:  The solver ECOS is not installed. 
Using SCS instead.
ECOS solver failed:  The solver ECOS is not installed. 
Using SCS instead.
M-step Design Matrix Calculation time (sec): 0.0311
ECOS solver failed in IPCW_HAL_init, falling back to SCS: The solver ECOS is not installed.
WARNING - large complementary slackness residual: 0.005769
M-step CVXPY optimize time (sec): 2.2292
ECOS solver failed:  The solver ECOS is not installed. 
Using SCS instead.
ECOS solver failed:  The solver ECOS is not installed. 
Using SCS instead.
ECOS solver failed:  The solver ECOS is not installed. 
Using SCS instead.
ECOS solver failed:  The solver ECOS is not installed. 
Using SCS instead.
ECOS solver failed:  The solver ECOS is not installed. 
Using SCS instead.
ECOS solver failed:  The solver ECOS is not installed. 
Using SCS instead.
ECOS solver failed:  The solver ECOS is not installed. 
Using SCS instead.
ECOS solver failed:  The solver ECOS is not installed. 
Using SCS instead.
ECOS solver failed:  The solver ECOS is not installed. 
Using SCS instead.
ECOS solver failed:  The solver ECOS is not installed. 
Using SCS instead.
ECOS solver failed:  The solver ECOS is not installed. 
Using SCS instead.
ECOS solver failed:  The solver ECOS is not installed. 
Using SCS instead.
ECOS solver failed:  The solver ECOS is not installed. 
Using SCS instead.
ECOS solver failed:  The solver ECOS is not installed. 
Using SCS instead.
ECOS solver failed:  The solver ECOS is not installed. 
Using SCS instead.
ECOS solver failed:  The solver ECOS is not installed. 
Using SCS instead.
ECOS solver failed:  The solver ECOS is not installed. 
Using SCS instead.
ECOS solver failed:  The solver ECOS is not installed. 
Using SCS instead.
ECOS solver failed:  The solver ECOS is not installed. 
Using SCS instead.
ECOS solver failed:  The solver ECOS is not installed. 
Using SCS instead.
ECOS solver failed:  The solver ECOS is not installed. 
Using SCS instead.
M-step Design Matrix Calculation time (sec): 0.0165
ECOS solver failed in IPCW_HAL_init, falling back to SCS: The solver ECOS is not installed.
WARNING - large complementary slackness residual: 0.013810
M-step CVXPY optimize time (sec): 3.9588
ECOS solver failed:  The solver ECOS is not installed. 
Using SCS instead.
ECOS solver failed:  The solver ECOS is not installed. 
Using SCS instead.
ECOS solver failed:  The solver ECOS is not installed. 
Using SCS instead.
ECOS solver failed:  The solver ECOS is not installed. 
Using SCS instead.
ECOS solver failed:  The solver ECOS is not installed. 
Using SCS instead.
ECOS solver failed:  The solver ECOS is not installed. 
Using SCS instead.
ECOS solver failed:  The solver ECOS is not installed. 
Using SCS instead.
ECOS solver failed:  The solver ECOS is not installed. 
Using SCS instead.
ECOS solver failed:  The solver ECOS is not installed. 
Using SCS instead.
ECOS solver failed:  The solver ECOS is not installed. 
Using SCS instead.
ECOS solver failed:  The solver ECOS is not installed. 
Using SCS instead.
ECOS solver failed:  The solver ECOS is not installed. 
Using SCS instead.
ECOS solver failed:  The solver ECOS is not installed. 
Using SCS instead.
ECOS solver failed:  The solver ECOS is not installed. 
Using SCS instead.
ECOS solver failed:  The solver ECOS is not installed. 
Using SCS instead.
ECOS solver failed:  The solver ECOS is not installed. 
Using SCS instead.
ECOS solver failed:  The solver ECOS is not installed. 
Using SCS instead.
ECOS solver failed:  The solver ECOS is not installed. 
Using SCS instead.
ECOS solver failed:  The solver ECOS is not installed. 
Using SCS instead.
ECOS solver failed:  The solver ECOS is not installed. 
Using SCS instead.
ECOS solver failed:  The solver ECOS is not installed. 
Using SCS instead.
M-step Design Matrix Calculation time (sec): 0.0195
ECOS solver failed in IPCW_HAL_init, falling back to SCS: The solver ECOS is not installed.
WARNING - large complementary slackness residual: 0.032568
M-step CVXPY optimize time (sec): 1.1247
ECOS solver failed:  The solver ECOS is not installed. 
Using SCS instead.
ECOS solver failed:  The solver ECOS is not installed. 
Using SCS instead.
ECOS solver failed:  The solver ECOS is not installed. 
Using SCS instead.
ECOS solver failed:  The solver ECOS is not installed. 
Using SCS instead.
ECOS solver failed:  The solver ECOS is not installed. 
Using SCS instead.
ECOS solver failed:  The solver ECOS is not installed. 
Using SCS instead.
ECOS solver failed:  The solver ECOS is not installed. 
Using SCS instead.
ECOS solver failed:  The solver ECOS is not installed. 
Using SCS instead.
ECOS solver failed:  The solver ECOS is not installed. 
Using SCS instead.
ECOS solver failed:  The solver ECOS is not installed. 
Using SCS instead.
ECOS solver failed:  The solver ECOS is not installed. 
Using SCS instead.
ECOS solver failed:  The solver ECOS is not installed. 
Using SCS instead.
ECOS solver failed:  The solver ECOS is not installed. 
Using SCS instead.
ECOS solver failed:  The solver ECOS is not installed. 
Using SCS instead.
ECOS solver failed:  The solver ECOS is not installed. 
Using SCS instead.
ECOS solver failed:  The solver ECOS is not installed. 
Using SCS instead.
ECOS solver failed:  The solver ECOS is not installed. 
Using SCS instead.
ECOS solver failed:  The solver ECOS is not installed. 
Using SCS instead.
ECOS solver failed:  The solver ECOS is not installed. 
Using SCS instead.
ECOS solver failed:  The solver ECOS is not installed. 
Using SCS instead.
ECOS solver failed:  The solver ECOS is not installed. 
Using SCS instead.
M-step Design Matrix Calculation time (sec): 0.0166
ECOS solver failed in IPCW_HAL_init, falling back to SCS: The solver ECOS is not installed.
WARNING - large complementary slackness residual: 0.039309
M-step CVXPY optimize time (sec): 1.3264
ECOS solver failed:  The solver ECOS is not installed. 
Using SCS instead.
ECOS solver failed:  The solver ECOS is not installed. 
Using SCS instead.
ECOS solver failed:  The solver ECOS is not installed. 
Using SCS instead.
ECOS solver failed:  The solver ECOS is not installed. 
Using SCS instead.
ECOS solver failed:  The solver ECOS is not installed. 
Using SCS instead.
ECOS solver failed:  The solver ECOS is not installed. 
Using SCS instead.
ECOS solver failed:  The solver ECOS is not installed. 
Using SCS instead.
ECOS solver failed:  The solver ECOS is not installed. 
Using SCS instead.
ECOS solver failed:  The solver ECOS is not installed. 
Using SCS instead.
ECOS solver failed:  The solver ECOS is not installed. 
Using SCS instead.
ECOS solver failed:  The solver ECOS is not installed. 
Using SCS instead.
ECOS solver failed:  The solver ECOS is not installed. 
Using SCS instead.
ECOS solver failed:  The solver ECOS is not installed. 
Using SCS instead.
ECOS solver failed:  The solver ECOS is not installed. 
Using SCS instead.
ECOS solver failed:  The solver ECOS is not installed. 
Using SCS instead.
ECOS solver failed:  The solver ECOS is not installed. 
Using SCS instead.
ECOS solver failed:  The solver ECOS is not installed. 
Using SCS instead.
ECOS solver failed:  The solver ECOS is not installed. 
Using SCS instead.
ECOS solver failed:  The solver ECOS is not installed. 
Using SCS instead.
ECOS solver failed:  The solver ECOS is not installed. 
Using SCS instead.
ECOS solver failed:  The solver ECOS is not installed. 
Using SCS instead.
M-step Design Matrix Calculation time (sec): 0.0490
ECOS solver failed in IPCW_HAL_init, falling back to SCS: The solver ECOS is not installed.
WARNING - large complementary slackness residual: 0.020059
M-step CVXPY optimize time (sec): 2.8302
ECOS solver failed:  The solver ECOS is not installed. 
Using SCS instead.
ECOS solver failed:  The solver ECOS is not installed. 
Using SCS instead.
ECOS solver failed:  The solver ECOS is not installed. 
Using SCS instead.
ECOS solver failed:  The solver ECOS is not installed. 
Using SCS instead.
ECOS solver failed:  The solver ECOS is not installed. 
Using SCS instead.
ECOS solver failed:  The solver ECOS is not installed. 
Using SCS instead.
ECOS solver failed:  The solver ECOS is not installed. 
Using SCS instead.
ECOS solver failed:  The solver ECOS is not installed. 
Using SCS instead.
ECOS solver failed:  The solver ECOS is not installed. 
Using SCS instead.
ECOS solver failed:  The solver ECOS is not installed. 
Using SCS instead.
ECOS solver failed:  The solver ECOS is not installed. 
Using SCS instead.
ECOS solver failed:  The solver ECOS is not installed. 
Using SCS instead.
ECOS solver failed:  The solver ECOS is not installed. 
Using SCS instead.
ECOS solver failed:  The solver ECOS is not installed. 
Using SCS instead.
ECOS solver failed:  The solver ECOS is not installed. 
Using SCS instead.
ECOS solver failed:  The solver ECOS is not installed. 
Using SCS instead.
ECOS solver failed:  The solver ECOS is not installed. 
Using SCS instead.
ECOS solver failed:  The solver ECOS is not installed. 
Using SCS instead.
ECOS solver failed:  The solver ECOS is not installed. 
Using SCS instead.
ECOS solver failed:  The solver ECOS is not installed. 
Using SCS instead.
ECOS solver failed:  The solver ECOS is not installed. 
Using SCS instead.
M-step Design Matrix Calculation time (sec): 0.0199
ECOS solver failed in IPCW_HAL_init, falling back to SCS: The solver ECOS is not installed.
WARNING - large complementary slackness residual: 0.012798
M-step CVXPY optimize time (sec): 1.5609
ECOS solver failed:  The solver ECOS is not installed. 
Using SCS instead.
ECOS solver failed:  The solver ECOS is not installed. 
Using SCS instead.
ECOS solver failed:  The solver ECOS is not installed. 
Using SCS instead.
ECOS solver failed:  The solver ECOS is not installed. 
Using SCS instead.
ECOS solver failed:  The solver ECOS is not installed. 
Using SCS instead.
ECOS solver failed:  The solver ECOS is not installed. 
Using SCS instead.
ECOS solver failed:  The solver ECOS is not installed. 
Using SCS instead.
ECOS solver failed:  The solver ECOS is not installed. 
Using SCS instead.
ECOS solver failed:  The solver ECOS is not installed. 
Using SCS instead.
ECOS solver failed:  The solver ECOS is not installed. 
Using SCS instead.
ECOS solver failed:  The solver ECOS is not installed. 
Using SCS instead.
ECOS solver failed:  The solver ECOS is not installed. 
Using SCS instead.
ECOS solver failed:  The solver ECOS is not installed. 
Using SCS instead.
ECOS solver failed:  The solver ECOS is not installed. 
Using SCS instead.
ECOS solver failed:  The solver ECOS is not installed. 
Using SCS instead.
ECOS solver failed:  The solver ECOS is not installed. 
Using SCS instead.
ECOS solver failed:  The solver ECOS is not installed. 
Using SCS instead.
ECOS solver failed:  The solver ECOS is not installed. 
Using SCS instead.
ECOS solver failed:  The solver ECOS is not installed. 
Using SCS instead.
ECOS solver failed:  The solver ECOS is not installed. 
Using SCS instead.
ECOS solver failed:  The solver ECOS is not installed. 
Using SCS instead.
M-step Design Matrix Calculation time (sec): 0.0198
ECOS solver failed in IPCW_HAL_init, falling back to SCS: The solver ECOS is not installed.
WARNING - large complementary slackness residual: 0.004060
M-step CVXPY optimize time (sec): 3.1269
ECOS solver failed:  The solver ECOS is not installed. 
Using SCS instead.
ECOS solver failed:  The solver ECOS is not installed. 
Using SCS instead.
ECOS solver failed:  The solver ECOS is not installed. 
Using SCS instead.
ECOS solver failed:  The solver ECOS is not installed. 
Using SCS instead.
ECOS solver failed:  The solver ECOS is not installed. 
Using SCS instead.
ECOS solver failed:  The solver ECOS is not installed. 
Using SCS instead.
ECOS solver failed:  The solver ECOS is not installed. 
Using SCS instead.
ECOS solver failed:  The solver ECOS is not installed. 
Using SCS instead.
ECOS solver failed:  The solver ECOS is not installed. 
Using SCS instead.
ECOS solver failed:  The solver ECOS is not installed. 
Using SCS instead.
ECOS solver failed:  The solver ECOS is not installed. 
Using SCS instead.
ECOS solver failed:  The solver ECOS is not installed. 
Using SCS instead.
ECOS solver failed:  The solver ECOS is not installed. 
Using SCS instead.
ECOS solver failed:  The solver ECOS is not installed. 
Using SCS instead.
ECOS solver failed:  The solver ECOS is not installed. 
Using SCS instead.
ECOS solver failed:  The solver ECOS is not installed. 
Using SCS instead.
ECOS solver failed:  The solver ECOS is not installed. 
Using SCS instead.
ECOS solver failed:  The solver ECOS is not installed. 
Using SCS instead.
ECOS solver failed:  The solver ECOS is not installed. 
Using SCS instead.
ECOS solver failed:  The solver ECOS is not installed. 
Using SCS instead.
ECOS solver failed:  The solver ECOS is not installed. 
Using SCS instead.
M-step Design Matrix Calculation time (sec): 0.0469
ECOS solver failed in IPCW_HAL_init, falling back to SCS: The solver ECOS is not installed.
M-step CVXPY optimize time (sec): 1.7653
ECOS solver failed:  The solver ECOS is not installed. 
Using SCS instead.
ECOS solver failed:  The solver ECOS is not installed. 
Using SCS instead.
ECOS solver failed:  The solver ECOS is not installed. 
Using SCS instead.
ECOS solver failed:  The solver ECOS is not installed. 
Using SCS instead.
ECOS solver failed:  The solver ECOS is not installed. 
Using SCS instead.
ECOS solver failed:  The solver ECOS is not installed. 
Using SCS instead.
ECOS solver failed:  The solver ECOS is not installed. 
Using SCS instead.
ECOS solver failed:  The solver ECOS is not installed. 
Using SCS instead.
ECOS solver failed:  The solver ECOS is not installed. 
Using SCS instead.
ECOS solver failed:  The solver ECOS is not installed. 
Using SCS instead.
ECOS solver failed:  The solver ECOS is not installed. 
Using SCS instead.
ECOS solver failed:  The solver ECOS is not installed. 
Using SCS instead.
ECOS solver failed:  The solver ECOS is not installed. 
Using SCS instead.
ECOS solver failed:  The solver ECOS is not installed. 
Using SCS instead.
ECOS solver failed:  The solver ECOS is not installed. 
Using SCS instead.
ECOS solver failed:  The solver ECOS is not installed. 
Using SCS instead.
ECOS solver failed:  The solver ECOS is not installed. 
Using SCS instead.
ECOS solver failed:  The solver ECOS is not installed. 
Using SCS instead.
ECOS solver failed:  The solver ECOS is not installed. 
Using SCS instead.
ECOS solver failed:  The solver ECOS is not installed. 
Using SCS instead.
ECOS solver failed:  The solver ECOS is not installed. 
Using SCS instead.
M-step Design Matrix Calculation time (sec): 0.0135
ECOS solver failed in IPCW_HAL_init, falling back to SCS: The solver ECOS is not installed.
WARNING - large complementary slackness residual: 0.016700
M-step CVXPY optimize time (sec): 0.8847
ECOS solver failed:  The solver ECOS is not installed. 
Using SCS instead.
ECOS solver failed:  The solver ECOS is not installed. 
Using SCS instead.
ECOS solver failed:  The solver ECOS is not installed. 
Using SCS instead.
ECOS solver failed:  The solver ECOS is not installed. 
Using SCS instead.
ECOS solver failed:  The solver ECOS is not installed. 
Using SCS instead.
ECOS solver failed:  The solver ECOS is not installed. 
Using SCS instead.
ECOS solver failed:  The solver ECOS is not installed. 
Using SCS instead.
ECOS solver failed:  The solver ECOS is not installed. 
Using SCS instead.
ECOS solver failed:  The solver ECOS is not installed. 
Using SCS instead.
ECOS solver failed:  The solver ECOS is not installed. 
Using SCS instead.
ECOS solver failed:  The solver ECOS is not installed. 
Using SCS instead.
ECOS solver failed:  The solver ECOS is not installed. 
Using SCS instead.
ECOS solver failed:  The solver ECOS is not installed. 
Using SCS instead.
ECOS solver failed:  The solver ECOS is not installed. 
Using SCS instead.
ECOS solver failed:  The solver ECOS is not installed. 
Using SCS instead.
ECOS solver failed:  The solver ECOS is not installed. 
Using SCS instead.
ECOS solver failed:  The solver ECOS is not installed. 
Using SCS instead.
ECOS solver failed:  The solver ECOS is not installed. 
Using SCS instead.
ECOS solver failed:  The solver ECOS is not installed. 
Using SCS instead.
ECOS solver failed:  The solver ECOS is not installed. 
Using SCS instead.
ECOS solver failed:  The solver ECOS is not installed. 
Using SCS instead.
M-step Design Matrix Calculation time (sec): 0.0195
ECOS solver failed in IPCW_HAL_init, falling back to SCS: The solver ECOS is not installed.
M-step CVXPY optimize time (sec): 0.7141
ECOS solver failed:  The solver ECOS is not installed. 
Using SCS instead.
ECOS solver failed:  The solver ECOS is not installed. 
Using SCS instead.
ECOS solver failed:  The solver ECOS is not installed. 
Using SCS instead.
ECOS solver failed:  The solver ECOS is not installed. 
Using SCS instead.
ECOS solver failed:  The solver ECOS is not installed. 
Using SCS instead.
ECOS solver failed:  The solver ECOS is not installed. 
Using SCS instead.
ECOS solver failed:  The solver ECOS is not installed. 
Using SCS instead.
ECOS solver failed:  The solver ECOS is not installed. 
Using SCS instead.
ECOS solver failed:  The solver ECOS is not installed. 
Using SCS instead.
ECOS solver failed:  The solver ECOS is not installed. 
Using SCS instead.
ECOS solver failed:  The solver ECOS is not installed. 
Using SCS instead.
ECOS solver failed:  The solver ECOS is not installed. 
Using SCS instead.
ECOS solver failed:  The solver ECOS is not installed. 
Using SCS instead.
ECOS solver failed:  The solver ECOS is not installed. 
Using SCS instead.
ECOS solver failed:  The solver ECOS is not installed. 
Using SCS instead.
ECOS solver failed:  The solver ECOS is not installed. 
Using SCS instead.
ECOS solver failed:  The solver ECOS is not installed. 
Using SCS instead.
ECOS solver failed:  The solver ECOS is not installed. 
Using SCS instead.
ECOS solver failed:  The solver ECOS is not installed. 
Using SCS instead.
ECOS solver failed:  The solver ECOS is not installed. 
Using SCS instead.
ECOS solver failed:  The solver ECOS is not installed. 
Using SCS instead.
M-step Design Matrix Calculation time (sec): 0.1241
ECOS solver failed in IPCW_HAL_init, falling back to SCS: The solver ECOS is not installed.
WARNING - large complementary slackness residual: 0.012725
M-step CVXPY optimize time (sec): 4.0923
ECOS solver failed:  The solver ECOS is not installed. 
Using SCS instead.
ECOS solver failed:  The solver ECOS is not installed. 
Using SCS instead.
ECOS solver failed:  The solver ECOS is not installed. 
Using SCS instead.
ECOS solver failed:  The solver ECOS is not installed. 
Using SCS instead.
ECOS solver failed:  The solver ECOS is not installed. 
Using SCS instead.
ECOS solver failed:  The solver ECOS is not installed. 
Using SCS instead.
ECOS solver failed:  The solver ECOS is not installed. 
Using SCS instead.
ECOS solver failed:  The solver ECOS is not installed. 
Using SCS instead.
ECOS solver failed:  The solver ECOS is not installed. 
Using SCS instead.
ECOS solver failed:  The solver ECOS is not installed. 
Using SCS instead.
ECOS solver failed:  The solver ECOS is not installed. 
Using SCS instead.
ECOS solver failed:  The solver ECOS is not installed. 
Using SCS instead.
ECOS solver failed:  The solver ECOS is not installed. 
Using SCS instead.
ECOS solver failed:  The solver ECOS is not installed. 
Using SCS instead.
ECOS solver failed:  The solver ECOS is not installed. 
Using SCS instead.
ECOS solver failed:  The solver ECOS is not installed. 
Using SCS instead.
ECOS solver failed:  The solver ECOS is not installed. 
Using SCS instead.
ECOS solver failed:  The solver ECOS is not installed. 
Using SCS instead.
ECOS solver failed:  The solver ECOS is not installed. 
Using SCS instead.
ECOS solver failed:  The solver ECOS is not installed. 
Using SCS instead.
ECOS solver failed:  The solver ECOS is not installed. 
Using SCS instead.
M-step Design Matrix Calculation time (sec): 0.0174
ECOS solver failed in IPCW_HAL_init, falling back to SCS: The solver ECOS is not installed.
WARNING - large complementary slackness residual: 0.006891
M-step CVXPY optimize time (sec): 1.9098
ECOS solver failed:  The solver ECOS is not installed. 
Using SCS instead.
ECOS solver failed:  The solver ECOS is not installed. 
Using SCS instead.
ECOS solver failed:  The solver ECOS is not installed. 
Using SCS instead.
ECOS solver failed:  The solver ECOS is not installed. 
Using SCS instead.
ECOS solver failed:  The solver ECOS is not installed. 
Using SCS instead.
ECOS solver failed:  The solver ECOS is not installed. 
Using SCS instead.
ECOS solver failed:  The solver ECOS is not installed. 
Using SCS instead.
ECOS solver failed:  The solver ECOS is not installed. 
Using SCS instead.
ECOS solver failed:  The solver ECOS is not installed. 
Using SCS instead.
ECOS solver failed:  The solver ECOS is not installed. 
Using SCS instead.
ECOS solver failed:  The solver ECOS is not installed. 
Using SCS instead.
ECOS solver failed:  The solver ECOS is not installed. 
Using SCS instead.
ECOS solver failed:  The solver ECOS is not installed. 
Using SCS instead.
ECOS solver failed:  The solver ECOS is not installed. 
Using SCS instead.
ECOS solver failed:  The solver ECOS is not installed. 
Using SCS instead.
ECOS solver failed:  The solver ECOS is not installed. 
Using SCS instead.
ECOS solver failed:  The solver ECOS is not installed. 
Using SCS instead.
ECOS solver failed:  The solver ECOS is not installed. 
Using SCS instead.
ECOS solver failed:  The solver ECOS is not installed. 
Using SCS instead.
ECOS solver failed:  The solver ECOS is not installed. 
Using SCS instead.
ECOS solver failed:  The solver ECOS is not installed. 
Using SCS instead.
M-step Design Matrix Calculation time (sec): 0.0179
ECOS solver failed in IPCW_HAL_init, falling back to SCS: The solver ECOS is not installed.
WARNING - large complementary slackness residual: 0.005971
M-step CVXPY optimize time (sec): 2.3378
ECOS solver failed:  The solver ECOS is not installed. 
Using SCS instead.
ECOS solver failed:  The solver ECOS is not installed. 
Using SCS instead.
ECOS solver failed:  The solver ECOS is not installed. 
Using SCS instead.
ECOS solver failed:  The solver ECOS is not installed. 
Using SCS instead.
ECOS solver failed:  The solver ECOS is not installed. 
Using SCS instead.
ECOS solver failed:  The solver ECOS is not installed. 
Using SCS instead.
ECOS solver failed:  The solver ECOS is not installed. 
Using SCS instead.
ECOS solver failed:  The solver ECOS is not installed. 
Using SCS instead.
ECOS solver failed:  The solver ECOS is not installed. 
Using SCS instead.
ECOS solver failed:  The solver ECOS is not installed. 
Using SCS instead.
ECOS solver failed:  The solver ECOS is not installed. 
Using SCS instead.
ECOS solver failed:  The solver ECOS is not installed. 
Using SCS instead.
ECOS solver failed:  The solver ECOS is not installed. 
Using SCS instead.
ECOS solver failed:  The solver ECOS is not installed. 
Using SCS instead.
ECOS solver failed:  The solver ECOS is not installed. 
Using SCS instead.
ECOS solver failed:  The solver ECOS is not installed. 
Using SCS instead.
ECOS solver failed:  The solver ECOS is not installed. 
Using SCS instead.
ECOS solver failed:  The solver ECOS is not installed. 
Using SCS instead.
ECOS solver failed:  The solver ECOS is not installed. 
Using SCS instead.
ECOS solver failed:  The solver ECOS is not installed. 
Using SCS instead.
ECOS solver failed:  The solver ECOS is not installed. 
Using SCS instead.
M-step Design Matrix Calculation time (sec): 0.0175
ECOS solver failed in IPCW_HAL_init, falling back to SCS: The solver ECOS is not installed.
WARNING - large complementary slackness residual: 0.009460
M-step CVXPY optimize time (sec): 1.7914
ECOS solver failed:  The solver ECOS is not installed. 
Using SCS instead.
ECOS solver failed:  The solver ECOS is not installed. 
Using SCS instead.
ECOS solver failed:  The solver ECOS is not installed. 
Using SCS instead.
ECOS solver failed:  The solver ECOS is not installed. 
Using SCS instead.
ECOS solver failed:  The solver ECOS is not installed. 
Using SCS instead.
ECOS solver failed:  The solver ECOS is not installed. 
Using SCS instead.
ECOS solver failed:  The solver ECOS is not installed. 
Using SCS instead.
ECOS solver failed:  The solver ECOS is not installed. 
Using SCS instead.
ECOS solver failed:  The solver ECOS is not installed. 
Using SCS instead.
ECOS solver failed:  The solver ECOS is not installed. 
Using SCS instead.
ECOS solver failed:  The solver ECOS is not installed. 
Using SCS instead.
ECOS solver failed:  The solver ECOS is not installed. 
Using SCS instead.
ECOS solver failed:  The solver ECOS is not installed. 
Using SCS instead.
ECOS solver failed:  The solver ECOS is not installed. 
Using SCS instead.
ECOS solver failed:  The solver ECOS is not installed. 
Using SCS instead.
ECOS solver failed:  The solver ECOS is not installed. 
Using SCS instead.
ECOS solver failed:  The solver ECOS is not installed. 
Using SCS instead.
ECOS solver failed:  The solver ECOS is not installed. 
Using SCS instead.
ECOS solver failed:  The solver ECOS is not installed. 
Using SCS instead.
ECOS solver failed:  The solver ECOS is not installed. 
Using SCS instead.
ECOS solver failed:  The solver ECOS is not installed. 
Using SCS instead.
M-step Design Matrix Calculation time (sec): 0.0475
ECOS solver failed in IPCW_HAL_init, falling back to SCS: The solver ECOS is not installed.
WARNING - large complementary slackness residual: 0.016186
M-step CVXPY optimize time (sec): 3.9674
ECOS solver failed:  The solver ECOS is not installed. 
Using SCS instead.
ECOS solver failed:  The solver ECOS is not installed. 
Using SCS instead.
ECOS solver failed:  The solver ECOS is not installed. 
Using SCS instead.
ECOS solver failed:  The solver ECOS is not installed. 
Using SCS instead.
ECOS solver failed:  The solver ECOS is not installed. 
Using SCS instead.
ECOS solver failed:  The solver ECOS is not installed. 
Using SCS instead.
ECOS solver failed:  The solver ECOS is not installed. 
Using SCS instead.
ECOS solver failed:  The solver ECOS is not installed. 
Using SCS instead.
ECOS solver failed:  The solver ECOS is not installed. 
Using SCS instead.
ECOS solver failed:  The solver ECOS is not installed. 
Using SCS instead.
ECOS solver failed:  The solver ECOS is not installed. 
Using SCS instead.
ECOS solver failed:  The solver ECOS is not installed. 
Using SCS instead.
ECOS solver failed:  The solver ECOS is not installed. 
Using SCS instead.
ECOS solver failed:  The solver ECOS is not installed. 
Using SCS instead.
ECOS solver failed:  The solver ECOS is not installed. 
Using SCS instead.
ECOS solver failed:  The solver ECOS is not installed. 
Using SCS instead.
ECOS solver failed:  The solver ECOS is not installed. 
Using SCS instead.
ECOS solver failed:  The solver ECOS is not installed. 
Using SCS instead.
ECOS solver failed:  The solver ECOS is not installed. 
Using SCS instead.
ECOS solver failed:  The solver ECOS is not installed. 
Using SCS instead.
ECOS solver failed:  The solver ECOS is not installed. 
Using SCS instead.
M-step Design Matrix Calculation time (sec): 0.0178
ECOS solver failed in IPCW_HAL_init, falling back to SCS: The solver ECOS is not installed.
M-step CVXPY optimize time (sec): 3.6244
ECOS solver failed:  The solver ECOS is not installed. 
Using SCS instead.
ECOS solver failed:  The solver ECOS is not installed. 
Using SCS instead.
ECOS solver failed:  The solver ECOS is not installed. 
Using SCS instead.
ECOS solver failed:  The solver ECOS is not installed. 
Using SCS instead.
ECOS solver failed:  The solver ECOS is not installed. 
Using SCS instead.
ECOS solver failed:  The solver ECOS is not installed. 
Using SCS instead.
ECOS solver failed:  The solver ECOS is not installed. 
Using SCS instead.
ECOS solver failed:  The solver ECOS is not installed. 
Using SCS instead.
ECOS solver failed:  The solver ECOS is not installed. 
Using SCS instead.
ECOS solver failed:  The solver ECOS is not installed. 
Using SCS instead.
ECOS solver failed:  The solver ECOS is not installed. 
Using SCS instead.
ECOS solver failed:  The solver ECOS is not installed. 
Using SCS instead.
ECOS solver failed:  The solver ECOS is not installed. 
Using SCS instead.
ECOS solver failed:  The solver ECOS is not installed. 
Using SCS instead.
ECOS solver failed:  The solver ECOS is not installed. 
Using SCS instead.
ECOS solver failed:  The solver ECOS is not installed. 
Using SCS instead.
ECOS solver failed:  The solver ECOS is not installed. 
Using SCS instead.
ECOS solver failed:  The solver ECOS is not installed. 
Using SCS instead.
ECOS solver failed:  The solver ECOS is not installed. 
Using SCS instead.
ECOS solver failed:  The solver ECOS is not installed. 
Using SCS instead.
ECOS solver failed:  The solver ECOS is not installed. 
Using SCS instead.
M-step Design Matrix Calculation time (sec): 0.0190
ECOS solver failed in IPCW_HAL_init, falling back to SCS: The solver ECOS is not installed.
M-step CVXPY optimize time (sec): 1.0602
ECOS solver failed:  The solver ECOS is not installed. 
Using SCS instead.
ECOS solver failed:  The solver ECOS is not installed. 
Using SCS instead.
ECOS solver failed:  The solver ECOS is not installed. 
Using SCS instead.
ECOS solver failed:  The solver ECOS is not installed. 
Using SCS instead.
ECOS solver failed:  The solver ECOS is not installed. 
Using SCS instead.
ECOS solver failed:  The solver ECOS is not installed. 
Using SCS instead.
ECOS solver failed:  The solver ECOS is not installed. 
Using SCS instead.
ECOS solver failed:  The solver ECOS is not installed. 
Using SCS instead.
ECOS solver failed:  The solver ECOS is not installed. 
Using SCS instead.
ECOS solver failed:  The solver ECOS is not installed. 
Using SCS instead.
ECOS solver failed:  The solver ECOS is not installed. 
Using SCS instead.
ECOS solver failed:  The solver ECOS is not installed. 
Using SCS instead.
ECOS solver failed:  The solver ECOS is not installed. 
Using SCS instead.
ECOS solver failed:  The solver ECOS is not installed. 
Using SCS instead.
ECOS solver failed:  The solver ECOS is not installed. 
Using SCS instead.
ECOS solver failed:  The solver ECOS is not installed. 
Using SCS instead.
ECOS solver failed:  The solver ECOS is not installed. 
Using SCS instead.
ECOS solver failed:  The solver ECOS is not installed. 
Using SCS instead.
ECOS solver failed:  The solver ECOS is not installed. 
Using SCS instead.
ECOS solver failed:  The solver ECOS is not installed. 
Using SCS instead.
ECOS solver failed:  The solver ECOS is not installed. 
Using SCS instead.
M-step Design Matrix Calculation time (sec): 0.1530
ECOS solver failed in IPCW_HAL_init, falling back to SCS: The solver ECOS is not installed.
WARNING - large complementary slackness residual: 0.033155
M-step CVXPY optimize time (sec): 1.0727
ECOS solver failed:  The solver ECOS is not installed. 
Using SCS instead.
ECOS solver failed:  The solver ECOS is not installed. 
Using SCS instead.
ECOS solver failed:  The solver ECOS is not installed. 
Using SCS instead.
ECOS solver failed:  The solver ECOS is not installed. 
Using SCS instead.
ECOS solver failed:  The solver ECOS is not installed. 
Using SCS instead.
ECOS solver failed:  The solver ECOS is not installed. 
Using SCS instead.
ECOS solver failed:  The solver ECOS is not installed. 
Using SCS instead.
ECOS solver failed:  The solver ECOS is not installed. 
Using SCS instead.
ECOS solver failed:  The solver ECOS is not installed. 
Using SCS instead.
ECOS solver failed:  The solver ECOS is not installed. 
Using SCS instead.
ECOS solver failed:  The solver ECOS is not installed. 
Using SCS instead.
ECOS solver failed:  The solver ECOS is not installed. 
Using SCS instead.
ECOS solver failed:  The solver ECOS is not installed. 
Using SCS instead.
ECOS solver failed:  The solver ECOS is not installed. 
Using SCS instead.
ECOS solver failed:  The solver ECOS is not installed. 
Using SCS instead.
ECOS solver failed:  The solver ECOS is not installed. 
Using SCS instead.
ECOS solver failed:  The solver ECOS is not installed. 
Using SCS instead.
ECOS solver failed:  The solver ECOS is not installed. 
Using SCS instead.
ECOS solver failed:  The solver ECOS is not installed. 
Using SCS instead.
ECOS solver failed:  The solver ECOS is not installed. 
Using SCS instead.
ECOS solver failed:  The solver ECOS is not installed. 
Using SCS instead.
M-step Design Matrix Calculation time (sec): 0.0194
ECOS solver failed in IPCW_HAL_init, falling back to SCS: The solver ECOS is not installed.
M-step CVXPY optimize time (sec): 1.0549
ECOS solver failed:  The solver ECOS is not installed. 
Using SCS instead.
ECOS solver failed:  The solver ECOS is not installed. 
Using SCS instead.
ECOS solver failed:  The solver ECOS is not installed. 
Using SCS instead.
ECOS solver failed:  The solver ECOS is not installed. 
Using SCS instead.
ECOS solver failed:  The solver ECOS is not installed. 
Using SCS instead.
ECOS solver failed:  The solver ECOS is not installed. 
Using SCS instead.
ECOS solver failed:  The solver ECOS is not installed. 
Using SCS instead.
ECOS solver failed:  The solver ECOS is not installed. 
Using SCS instead.
ECOS solver failed:  The solver ECOS is not installed. 
Using SCS instead.
ECOS solver failed:  The solver ECOS is not installed. 
Using SCS instead.
ECOS solver failed:  The solver ECOS is not installed. 
Using SCS instead.
ECOS solver failed:  The solver ECOS is not installed. 
Using SCS instead.
ECOS solver failed:  The solver ECOS is not installed. 
Using SCS instead.
ECOS solver failed:  The solver ECOS is not installed. 
Using SCS instead.
ECOS solver failed:  The solver ECOS is not installed. 
Using SCS instead.
ECOS solver failed:  The solver ECOS is not installed. 
Using SCS instead.
ECOS solver failed:  The solver ECOS is not installed. 
Using SCS instead.
ECOS solver failed:  The solver ECOS is not installed. 
Using SCS instead.
ECOS solver failed:  The solver ECOS is not installed. 
Using SCS instead.
ECOS solver failed:  The solver ECOS is not installed. 
Using SCS instead.
ECOS solver failed:  The solver ECOS is not installed. 
Using SCS instead.
M-step Design Matrix Calculation time (sec): 0.0186
ECOS solver failed in IPCW_HAL_init, falling back to SCS: The solver ECOS is not installed.
WARNING - large complementary slackness residual: 0.012338
M-step CVXPY optimize time (sec): 3.2163
ECOS solver failed:  The solver ECOS is not installed. 
Using SCS instead.
ECOS solver failed:  The solver ECOS is not installed. 
Using SCS instead.
ECOS solver failed:  The solver ECOS is not installed. 
Using SCS instead.
ECOS solver failed:  The solver ECOS is not installed. 
Using SCS instead.
ECOS solver failed:  The solver ECOS is not installed. 
Using SCS instead.
ECOS solver failed:  The solver ECOS is not installed. 
Using SCS instead.
ECOS solver failed:  The solver ECOS is not installed. 
Using SCS instead.
ECOS solver failed:  The solver ECOS is not installed. 
Using SCS instead.
ECOS solver failed:  The solver ECOS is not installed. 
Using SCS instead.
ECOS solver failed:  The solver ECOS is not installed. 
Using SCS instead.
ECOS solver failed:  The solver ECOS is not installed. 
Using SCS instead.
ECOS solver failed:  The solver ECOS is not installed. 
Using SCS instead.
ECOS solver failed:  The solver ECOS is not installed. 
Using SCS instead.
ECOS solver failed:  The solver ECOS is not installed. 
Using SCS instead.
ECOS solver failed:  The solver ECOS is not installed. 
Using SCS instead.
ECOS solver failed:  The solver ECOS is not installed. 
Using SCS instead.
ECOS solver failed:  The solver ECOS is not installed. 
Using SCS instead.
ECOS solver failed:  The solver ECOS is not installed. 
Using SCS instead.
ECOS solver failed:  The solver ECOS is not installed. 
Using SCS instead.
ECOS solver failed:  The solver ECOS is not installed. 
Using SCS instead.
ECOS solver failed:  The solver ECOS is not installed. 
Using SCS instead.
M-step Design Matrix Calculation time (sec): 0.0214
ECOS solver failed in IPCW_HAL_init, falling back to SCS: The solver ECOS is not installed.
WARNING - large complementary slackness residual: 0.023019
M-step CVXPY optimize time (sec): 0.6799
ECOS solver failed:  The solver ECOS is not installed. 
Using SCS instead.
ECOS solver failed:  The solver ECOS is not installed. 
Using SCS instead.
ECOS solver failed:  The solver ECOS is not installed. 
Using SCS instead.
ECOS solver failed:  The solver ECOS is not installed. 
Using SCS instead.
ECOS solver failed:  The solver ECOS is not installed. 
Using SCS instead.
ECOS solver failed:  The solver ECOS is not installed. 
Using SCS instead.
ECOS solver failed:  The solver ECOS is not installed. 
Using SCS instead.
ECOS solver failed:  The solver ECOS is not installed. 
Using SCS instead.
ECOS solver failed:  The solver ECOS is not installed. 
Using SCS instead.
ECOS solver failed:  The solver ECOS is not installed. 
Using SCS instead.
ECOS solver failed:  The solver ECOS is not installed. 
Using SCS instead.
ECOS solver failed:  The solver ECOS is not installed. 
Using SCS instead.
ECOS solver failed:  The solver ECOS is not installed. 
Using SCS instead.
ECOS solver failed:  The solver ECOS is not installed. 
Using SCS instead.
ECOS solver failed:  The solver ECOS is not installed. 
Using SCS instead.
ECOS solver failed:  The solver ECOS is not installed. 
Using SCS instead.
ECOS solver failed:  The solver ECOS is not installed. 
Using SCS instead.
ECOS solver failed:  The solver ECOS is not installed. 
Using SCS instead.
ECOS solver failed:  The solver ECOS is not installed. 
Using SCS instead.
ECOS solver failed:  The solver ECOS is not installed. 
Using SCS instead.
ECOS solver failed:  The solver ECOS is not installed. 
Using SCS instead.
M-step Design Matrix Calculation time (sec): 0.0278
ECOS solver failed in IPCW_HAL_init, falling back to SCS: The solver ECOS is not installed.
WARNING - large complementary slackness residual: 0.004879
M-step CVXPY optimize time (sec): 3.8717
ECOS solver failed:  The solver ECOS is not installed. 
Using SCS instead.
ECOS solver failed:  The solver ECOS is not installed. 
Using SCS instead.
ECOS solver failed:  The solver ECOS is not installed. 
Using SCS instead.
ECOS solver failed:  The solver ECOS is not installed. 
Using SCS instead.
ECOS solver failed:  The solver ECOS is not installed. 
Using SCS instead.
ECOS solver failed:  The solver ECOS is not installed. 
Using SCS instead.
ECOS solver failed:  The solver ECOS is not installed. 
Using SCS instead.
ECOS solver failed:  The solver ECOS is not installed. 
Using SCS instead.
ECOS solver failed:  The solver ECOS is not installed. 
Using SCS instead.
ECOS solver failed:  The solver ECOS is not installed. 
Using SCS instead.
ECOS solver failed:  The solver ECOS is not installed. 
Using SCS instead.
ECOS solver failed:  The solver ECOS is not installed. 
Using SCS instead.
ECOS solver failed:  The solver ECOS is not installed. 
Using SCS instead.
ECOS solver failed:  The solver ECOS is not installed. 
Using SCS instead.
ECOS solver failed:  The solver ECOS is not installed. 
Using SCS instead.
ECOS solver failed:  The solver ECOS is not installed. 
Using SCS instead.
ECOS solver failed:  The solver ECOS is not installed. 
Using SCS instead.
ECOS solver failed:  The solver ECOS is not installed. 
Using SCS instead.
ECOS solver failed:  The solver ECOS is not installed. 
Using SCS instead.
ECOS solver failed:  The solver ECOS is not installed. 
Using SCS instead.
ECOS solver failed:  The solver ECOS is not installed. 
Using SCS instead.
M-step Design Matrix Calculation time (sec): 0.0557
ECOS solver failed in IPCW_HAL_init, falling back to SCS: The solver ECOS is not installed.
WARNING - large complementary slackness residual: 0.020809
M-step CVXPY optimize time (sec): 2.1191
ECOS solver failed:  The solver ECOS is not installed. 
Using SCS instead.
ECOS solver failed:  The solver ECOS is not installed. 
Using SCS instead.
ECOS solver failed:  The solver ECOS is not installed. 
Using SCS instead.
ECOS solver failed:  The solver ECOS is not installed. 
Using SCS instead.
ECOS solver failed:  The solver ECOS is not installed. 
Using SCS instead.
ECOS solver failed:  The solver ECOS is not installed. 
Using SCS instead.
ECOS solver failed:  The solver ECOS is not installed. 
Using SCS instead.
ECOS solver failed:  The solver ECOS is not installed. 
Using SCS instead.
ECOS solver failed:  The solver ECOS is not installed. 
Using SCS instead.
ECOS solver failed:  The solver ECOS is not installed. 
Using SCS instead.
ECOS solver failed:  The solver ECOS is not installed. 
Using SCS instead.
ECOS solver failed:  The solver ECOS is not installed. 
Using SCS instead.
ECOS solver failed:  The solver ECOS is not installed. 
Using SCS instead.
ECOS solver failed:  The solver ECOS is not installed. 
Using SCS instead.
ECOS solver failed:  The solver ECOS is not installed. 
Using SCS instead.
ECOS solver failed:  The solver ECOS is not installed. 
Using SCS instead.
ECOS solver failed:  The solver ECOS is not installed. 
Using SCS instead.
ECOS solver failed:  The solver ECOS is not installed. 
Using SCS instead.
ECOS solver failed:  The solver ECOS is not installed. 
Using SCS instead.
ECOS solver failed:  The solver ECOS is not installed. 
Using SCS instead.
ECOS solver failed:  The solver ECOS is not installed. 
Using SCS instead.
M-step Design Matrix Calculation time (sec): 0.0215
ECOS solver failed in IPCW_HAL_init, falling back to SCS: The solver ECOS is not installed.
M-step CVXPY optimize time (sec): 0.9977
ECOS solver failed:  The solver ECOS is not installed. 
Using SCS instead.
ECOS solver failed:  The solver ECOS is not installed. 
Using SCS instead.
ECOS solver failed:  The solver ECOS is not installed. 
Using SCS instead.
ECOS solver failed:  The solver ECOS is not installed. 
Using SCS instead.
ECOS solver failed:  The solver ECOS is not installed. 
Using SCS instead.
ECOS solver failed:  The solver ECOS is not installed. 
Using SCS instead.
ECOS solver failed:  The solver ECOS is not installed. 
Using SCS instead.
ECOS solver failed:  The solver ECOS is not installed. 
Using SCS instead.
ECOS solver failed:  The solver ECOS is not installed. 
Using SCS instead.
ECOS solver failed:  The solver ECOS is not installed. 
Using SCS instead.
ECOS solver failed:  The solver ECOS is not installed. 
Using SCS instead.
ECOS solver failed:  The solver ECOS is not installed. 
Using SCS instead.
ECOS solver failed:  The solver ECOS is not installed. 
Using SCS instead.
ECOS solver failed:  The solver ECOS is not installed. 
Using SCS instead.
ECOS solver failed:  The solver ECOS is not installed. 
Using SCS instead.
ECOS solver failed:  The solver ECOS is not installed. 
Using SCS instead.
ECOS solver failed:  The solver ECOS is not installed. 
Using SCS instead.
ECOS solver failed:  The solver ECOS is not installed. 
Using SCS instead.
ECOS solver failed:  The solver ECOS is not installed. 
Using SCS instead.
ECOS solver failed:  The solver ECOS is not installed. 
Using SCS instead.
ECOS solver failed:  The solver ECOS is not installed. 
Using SCS instead.
M-step Design Matrix Calculation time (sec): 0.0172
ECOS solver failed in IPCW_HAL_init, falling back to SCS: The solver ECOS is not installed.
M-step CVXPY optimize time (sec): 1.8029
ECOS solver failed:  The solver ECOS is not installed. 
Using SCS instead.
ECOS solver failed:  The solver ECOS is not installed. 
Using SCS instead.
ECOS solver failed:  The solver ECOS is not installed. 
Using SCS instead.
ECOS solver failed:  The solver ECOS is not installed. 
Using SCS instead.
ECOS solver failed:  The solver ECOS is not installed. 
Using SCS instead.
ECOS solver failed:  The solver ECOS is not installed. 
Using SCS instead.
ECOS solver failed:  The solver ECOS is not installed. 
Using SCS instead.
ECOS solver failed:  The solver ECOS is not installed. 
Using SCS instead.
ECOS solver failed:  The solver ECOS is not installed. 
Using SCS instead.
ECOS solver failed:  The solver ECOS is not installed. 
Using SCS instead.
ECOS solver failed:  The solver ECOS is not installed. 
Using SCS instead.
ECOS solver failed:  The solver ECOS is not installed. 
Using SCS instead.
ECOS solver failed:  The solver ECOS is not installed. 
Using SCS instead.
ECOS solver failed:  The solver ECOS is not installed. 
Using SCS instead.
ECOS solver failed:  The solver ECOS is not installed. 
Using SCS instead.
ECOS solver failed:  The solver ECOS is not installed. 
Using SCS instead.
ECOS solver failed:  The solver ECOS is not installed. 
Using SCS instead.
ECOS solver failed:  The solver ECOS is not installed. 
Using SCS instead.
ECOS solver failed:  The solver ECOS is not installed. 
Using SCS instead.
ECOS solver failed:  The solver ECOS is not installed. 
Using SCS instead.
ECOS solver failed:  The solver ECOS is not installed. 
Using SCS instead.
M-step Design Matrix Calculation time (sec): 0.0219
ECOS solver failed in IPCW_HAL_init, falling back to SCS: The solver ECOS is not installed.
WARNING - large complementary slackness residual: 0.016140
M-step CVXPY optimize time (sec): 2.2635
ECOS solver failed:  The solver ECOS is not installed. 
Using SCS instead.
ECOS solver failed:  The solver ECOS is not installed. 
Using SCS instead.
ECOS solver failed:  The solver ECOS is not installed. 
Using SCS instead.
ECOS solver failed:  The solver ECOS is not installed. 
Using SCS instead.
ECOS solver failed:  The solver ECOS is not installed. 
Using SCS instead.
ECOS solver failed:  The solver ECOS is not installed. 
Using SCS instead.
ECOS solver failed:  The solver ECOS is not installed. 
Using SCS instead.
ECOS solver failed:  The solver ECOS is not installed. 
Using SCS instead.
ECOS solver failed:  The solver ECOS is not installed. 
Using SCS instead.
ECOS solver failed:  The solver ECOS is not installed. 
Using SCS instead.
ECOS solver failed:  The solver ECOS is not installed. 
Using SCS instead.
ECOS solver failed:  The solver ECOS is not installed. 
Using SCS instead.
ECOS solver failed:  The solver ECOS is not installed. 
Using SCS instead.
ECOS solver failed:  The solver ECOS is not installed. 
Using SCS instead.
ECOS solver failed:  The solver ECOS is not installed. 
Using SCS instead.
ECOS solver failed:  The solver ECOS is not installed. 
Using SCS instead.
ECOS solver failed:  The solver ECOS is not installed. 
Using SCS instead.
ECOS solver failed:  The solver ECOS is not installed. 
Using SCS instead.
ECOS solver failed:  The solver ECOS is not installed. 
Using SCS instead.
ECOS solver failed:  The solver ECOS is not installed. 
Using SCS instead.
ECOS solver failed:  The solver ECOS is not installed. 
Using SCS instead.
M-step Design Matrix Calculation time (sec): 0.0640
ECOS solver failed in IPCW_HAL_init, falling back to SCS: The solver ECOS is not installed.
M-step CVXPY optimize time (sec): 0.9850
ECOS solver failed:  The solver ECOS is not installed. 
Using SCS instead.
ECOS solver failed:  The solver ECOS is not installed. 
Using SCS instead.
ECOS solver failed:  The solver ECOS is not installed. 
Using SCS instead.
ECOS solver failed:  The solver ECOS is not installed. 
Using SCS instead.
ECOS solver failed:  The solver ECOS is not installed. 
Using SCS instead.
ECOS solver failed:  The solver ECOS is not installed. 
Using SCS instead.
ECOS solver failed:  The solver ECOS is not installed. 
Using SCS instead.
ECOS solver failed:  The solver ECOS is not installed. 
Using SCS instead.
ECOS solver failed:  The solver ECOS is not installed. 
Using SCS instead.
ECOS solver failed:  The solver ECOS is not installed. 
Using SCS instead.
ECOS solver failed:  The solver ECOS is not installed. 
Using SCS instead.
ECOS solver failed:  The solver ECOS is not installed. 
Using SCS instead.
ECOS solver failed:  The solver ECOS is not installed. 
Using SCS instead.
ECOS solver failed:  The solver ECOS is not installed. 
Using SCS instead.
ECOS solver failed:  The solver ECOS is not installed. 
Using SCS instead.
ECOS solver failed:  The solver ECOS is not installed. 
Using SCS instead.
ECOS solver failed:  The solver ECOS is not installed. 
Using SCS instead.
ECOS solver failed:  The solver ECOS is not installed. 
Using SCS instead.
ECOS solver failed:  The solver ECOS is not installed. 
Using SCS instead.
ECOS solver failed:  The solver ECOS is not installed. 
Using SCS instead.
ECOS solver failed:  The solver ECOS is not installed. 
Using SCS instead.
M-step Design Matrix Calculation time (sec): 0.0617
ECOS solver failed in IPCW_HAL_init, falling back to SCS: The solver ECOS is not installed.
WARNING - large complementary slackness residual: 0.025964
M-step CVXPY optimize time (sec): 1.9405
ECOS solver failed:  The solver ECOS is not installed. 
Using SCS instead.
ECOS solver failed:  The solver ECOS is not installed. 
Using SCS instead.
ECOS solver failed:  The solver ECOS is not installed. 
Using SCS instead.
ECOS solver failed:  The solver ECOS is not installed. 
Using SCS instead.
ECOS solver failed:  The solver ECOS is not installed. 
Using SCS instead.
ECOS solver failed:  The solver ECOS is not installed. 
Using SCS instead.
ECOS solver failed:  The solver ECOS is not installed. 
Using SCS instead.
ECOS solver failed:  The solver ECOS is not installed. 
Using SCS instead.
ECOS solver failed:  The solver ECOS is not installed. 
Using SCS instead.
ECOS solver failed:  The solver ECOS is not installed. 
Using SCS instead.
ECOS solver failed:  The solver ECOS is not installed. 
Using SCS instead.
ECOS solver failed:  The solver ECOS is not installed. 
Using SCS instead.
ECOS solver failed:  The solver ECOS is not installed. 
Using SCS instead.
ECOS solver failed:  The solver ECOS is not installed. 
Using SCS instead.
ECOS solver failed:  The solver ECOS is not installed. 
Using SCS instead.
ECOS solver failed:  The solver ECOS is not installed. 
Using SCS instead.
ECOS solver failed:  The solver ECOS is not installed. 
Using SCS instead.
ECOS solver failed:  The solver ECOS is not installed. 
Using SCS instead.
ECOS solver failed:  The solver ECOS is not installed. 
Using SCS instead.
ECOS solver failed:  The solver ECOS is not installed. 
Using SCS instead.
ECOS solver failed:  The solver ECOS is not installed. 
Using SCS instead.
M-step Design Matrix Calculation time (sec): 0.0206
ECOS solver failed in IPCW_HAL_init, falling back to SCS: The solver ECOS is not installed.
M-step CVXPY optimize time (sec): 0.9653
ECOS solver failed:  The solver ECOS is not installed. 
Using SCS instead.
ECOS solver failed:  The solver ECOS is not installed. 
Using SCS instead.
ECOS solver failed:  The solver ECOS is not installed. 
Using SCS instead.
ECOS solver failed:  The solver ECOS is not installed. 
Using SCS instead.
ECOS solver failed:  The solver ECOS is not installed. 
Using SCS instead.
ECOS solver failed:  The solver ECOS is not installed. 
Using SCS instead.
ECOS solver failed:  The solver ECOS is not installed. 
Using SCS instead.
ECOS solver failed:  The solver ECOS is not installed. 
Using SCS instead.
ECOS solver failed:  The solver ECOS is not installed. 
Using SCS instead.
ECOS solver failed:  The solver ECOS is not installed. 
Using SCS instead.
ECOS solver failed:  The solver ECOS is not installed. 
Using SCS instead.
ECOS solver failed:  The solver ECOS is not installed. 
Using SCS instead.
ECOS solver failed:  The solver ECOS is not installed. 
Using SCS instead.
ECOS solver failed:  The solver ECOS is not installed. 
Using SCS instead.
ECOS solver failed:  The solver ECOS is not installed. 
Using SCS instead.
ECOS solver failed:  The solver ECOS is not installed. 
Using SCS instead.
ECOS solver failed:  The solver ECOS is not installed. 
Using SCS instead.
ECOS solver failed:  The solver ECOS is not installed. 
Using SCS instead.
ECOS solver failed:  The solver ECOS is not installed. 
Using SCS instead.
ECOS solver failed:  The solver ECOS is not installed. 
Using SCS instead.
ECOS solver failed:  The solver ECOS is not installed. 
Using SCS instead.
M-step Design Matrix Calculation time (sec): 0.0199
ECOS solver failed in IPCW_HAL_init, falling back to SCS: The solver ECOS is not installed.
WARNING - large complementary slackness residual: 0.004437
M-step CVXPY optimize time (sec): 2.1789
ECOS solver failed:  The solver ECOS is not installed. 
Using SCS instead.
ECOS solver failed:  The solver ECOS is not installed. 
Using SCS instead.
ECOS solver failed:  The solver ECOS is not installed. 
Using SCS instead.
ECOS solver failed:  The solver ECOS is not installed. 
Using SCS instead.
ECOS solver failed:  The solver ECOS is not installed. 
Using SCS instead.
ECOS solver failed:  The solver ECOS is not installed. 
Using SCS instead.
ECOS solver failed:  The solver ECOS is not installed. 
Using SCS instead.
ECOS solver failed:  The solver ECOS is not installed. 
Using SCS instead.
ECOS solver failed:  The solver ECOS is not installed. 
Using SCS instead.
ECOS solver failed:  The solver ECOS is not installed. 
Using SCS instead.
ECOS solver failed:  The solver ECOS is not installed. 
Using SCS instead.
ECOS solver failed:  The solver ECOS is not installed. 
Using SCS instead.
ECOS solver failed:  The solver ECOS is not installed. 
Using SCS instead.
ECOS solver failed:  The solver ECOS is not installed. 
Using SCS instead.
ECOS solver failed:  The solver ECOS is not installed. 
Using SCS instead.
ECOS solver failed:  The solver ECOS is not installed. 
Using SCS instead.
ECOS solver failed:  The solver ECOS is not installed. 
Using SCS instead.
ECOS solver failed:  The solver ECOS is not installed. 
Using SCS instead.
ECOS solver failed:  The solver ECOS is not installed. 
Using SCS instead.
ECOS solver failed:  The solver ECOS is not installed. 
Using SCS instead.
ECOS solver failed:  The solver ECOS is not installed. 
Using SCS instead.
M-step Design Matrix Calculation time (sec): 0.0604
ECOS solver failed in IPCW_HAL_init, falling back to SCS: The solver ECOS is not installed.
M-step CVXPY optimize time (sec): 1.2075
ECOS solver failed:  The solver ECOS is not installed. 
Using SCS instead.
ECOS solver failed:  The solver ECOS is not installed. 
Using SCS instead.
ECOS solver failed:  The solver ECOS is not installed. 
Using SCS instead.
ECOS solver failed:  The solver ECOS is not installed. 
Using SCS instead.
ECOS solver failed:  The solver ECOS is not installed. 
Using SCS instead.
ECOS solver failed:  The solver ECOS is not installed. 
Using SCS instead.
ECOS solver failed:  The solver ECOS is not installed. 
Using SCS instead.
ECOS solver failed:  The solver ECOS is not installed. 
Using SCS instead.
ECOS solver failed:  The solver ECOS is not installed. 
Using SCS instead.
ECOS solver failed:  The solver ECOS is not installed. 
Using SCS instead.
ECOS solver failed:  The solver ECOS is not installed. 
Using SCS instead.
ECOS solver failed:  The solver ECOS is not installed. 
Using SCS instead.
ECOS solver failed:  The solver ECOS is not installed. 
Using SCS instead.
ECOS solver failed:  The solver ECOS is not installed. 
Using SCS instead.
ECOS solver failed:  The solver ECOS is not installed. 
Using SCS instead.
ECOS solver failed:  The solver ECOS is not installed. 
Using SCS instead.
ECOS solver failed:  The solver ECOS is not installed. 
Using SCS instead.
ECOS solver failed:  The solver ECOS is not installed. 
Using SCS instead.
ECOS solver failed:  The solver ECOS is not installed. 
Using SCS instead.
ECOS solver failed:  The solver ECOS is not installed. 
Using SCS instead.
ECOS solver failed:  The solver ECOS is not installed. 
Using SCS instead.
M-step Design Matrix Calculation time (sec): 0.1200
ECOS solver failed in IPCW_HAL_init, falling back to SCS: The solver ECOS is not installed.
WARNING - large complementary slackness residual: 0.033143
M-step CVXPY optimize time (sec): 1.6304
ECOS solver failed:  The solver ECOS is not installed. 
Using SCS instead.
ECOS solver failed:  The solver ECOS is not installed. 
Using SCS instead.
ECOS solver failed:  The solver ECOS is not installed. 
Using SCS instead.
ECOS solver failed:  The solver ECOS is not installed. 
Using SCS instead.
ECOS solver failed:  The solver ECOS is not installed. 
Using SCS instead.
ECOS solver failed:  The solver ECOS is not installed. 
Using SCS instead.
ECOS solver failed:  The solver ECOS is not installed. 
Using SCS instead.
ECOS solver failed:  The solver ECOS is not installed. 
Using SCS instead.
ECOS solver failed:  The solver ECOS is not installed. 
Using SCS instead.
ECOS solver failed:  The solver ECOS is not installed. 
Using SCS instead.
ECOS solver failed:  The solver ECOS is not installed. 
Using SCS instead.
ECOS solver failed:  The solver ECOS is not installed. 
Using SCS instead.
ECOS solver failed:  The solver ECOS is not installed. 
Using SCS instead.
ECOS solver failed:  The solver ECOS is not installed. 
Using SCS instead.
ECOS solver failed:  The solver ECOS is not installed. 
Using SCS instead.
ECOS solver failed:  The solver ECOS is not installed. 
Using SCS instead.
ECOS solver failed:  The solver ECOS is not installed. 
Using SCS instead.
ECOS solver failed:  The solver ECOS is not installed. 
Using SCS instead.
ECOS solver failed:  The solver ECOS is not installed. 
Using SCS instead.
ECOS solver failed:  The solver ECOS is not installed. 
Using SCS instead.
ECOS solver failed:  The solver ECOS is not installed. 
Using SCS instead.
M-step Design Matrix Calculation time (sec): 0.0375
ECOS solver failed in IPCW_HAL_init, falling back to SCS: The solver ECOS is not installed.
WARNING - large complementary slackness residual: 0.016227
M-step CVXPY optimize time (sec): 0.8138
ECOS solver failed:  The solver ECOS is not installed. 
Using SCS instead.
ECOS solver failed:  The solver ECOS is not installed. 
Using SCS instead.
ECOS solver failed:  The solver ECOS is not installed. 
Using SCS instead.
ECOS solver failed:  The solver ECOS is not installed. 
Using SCS instead.
ECOS solver failed:  The solver ECOS is not installed. 
Using SCS instead.
ECOS solver failed:  The solver ECOS is not installed. 
Using SCS instead.
ECOS solver failed:  The solver ECOS is not installed. 
Using SCS instead.
ECOS solver failed:  The solver ECOS is not installed. 
Using SCS instead.
ECOS solver failed:  The solver ECOS is not installed. 
Using SCS instead.
ECOS solver failed:  The solver ECOS is not installed. 
Using SCS instead.
ECOS solver failed:  The solver ECOS is not installed. 
Using SCS instead.
ECOS solver failed:  The solver ECOS is not installed. 
Using SCS instead.
ECOS solver failed:  The solver ECOS is not installed. 
Using SCS instead.
ECOS solver failed:  The solver ECOS is not installed. 
Using SCS instead.
ECOS solver failed:  The solver ECOS is not installed. 
Using SCS instead.
ECOS solver failed:  The solver ECOS is not installed. 
Using SCS instead.
ECOS solver failed:  The solver ECOS is not installed. 
Using SCS instead.
ECOS solver failed:  The solver ECOS is not installed. 
Using SCS instead.
ECOS solver failed:  The solver ECOS is not installed. 
Using SCS instead.
ECOS solver failed:  The solver ECOS is not installed. 
Using SCS instead.
ECOS solver failed:  The solver ECOS is not installed. 
Using SCS instead.
M-step Design Matrix Calculation time (sec): 0.0187
ECOS solver failed in IPCW_HAL_init, falling back to SCS: The solver ECOS is not installed.
WARNING - large complementary slackness residual: 0.021230
M-step CVXPY optimize time (sec): 1.9591
ECOS solver failed:  The solver ECOS is not installed. 
Using SCS instead.
ECOS solver failed:  The solver ECOS is not installed. 
Using SCS instead.
ECOS solver failed:  The solver ECOS is not installed. 
Using SCS instead.
ECOS solver failed:  The solver ECOS is not installed. 
Using SCS instead.
ECOS solver failed:  The solver ECOS is not installed. 
Using SCS instead.
ECOS solver failed:  The solver ECOS is not installed. 
Using SCS instead.
ECOS solver failed:  The solver ECOS is not installed. 
Using SCS instead.
ECOS solver failed:  The solver ECOS is not installed. 
Using SCS instead.
ECOS solver failed:  The solver ECOS is not installed. 
Using SCS instead.
ECOS solver failed:  The solver ECOS is not installed. 
Using SCS instead.
ECOS solver failed:  The solver ECOS is not installed. 
Using SCS instead.
ECOS solver failed:  The solver ECOS is not installed. 
Using SCS instead.
ECOS solver failed:  The solver ECOS is not installed. 
Using SCS instead.
ECOS solver failed:  The solver ECOS is not installed. 
Using SCS instead.
ECOS solver failed:  The solver ECOS is not installed. 
Using SCS instead.
ECOS solver failed:  The solver ECOS is not installed. 
Using SCS instead.
ECOS solver failed:  The solver ECOS is not installed. 
Using SCS instead.
ECOS solver failed:  The solver ECOS is not installed. 
Using SCS instead.
ECOS solver failed:  The solver ECOS is not installed. 
Using SCS instead.
ECOS solver failed:  The solver ECOS is not installed. 
Using SCS instead.
ECOS solver failed:  The solver ECOS is not installed. 
Using SCS instead.
M-step Design Matrix Calculation time (sec): 0.2813
ECOS solver failed in IPCW_HAL_init, falling back to SCS: The solver ECOS is not installed.
WARNING - large complementary slackness residual: 0.011179
M-step CVXPY optimize time (sec): 1.7170
ECOS solver failed:  The solver ECOS is not installed. 
Using SCS instead.
ECOS solver failed:  The solver ECOS is not installed. 
Using SCS instead.
ECOS solver failed:  The solver ECOS is not installed. 
Using SCS instead.
ECOS solver failed:  The solver ECOS is not installed. 
Using SCS instead.
ECOS solver failed:  The solver ECOS is not installed. 
Using SCS instead.
ECOS solver failed:  The solver ECOS is not installed. 
Using SCS instead.
ECOS solver failed:  The solver ECOS is not installed. 
Using SCS instead.
ECOS solver failed:  The solver ECOS is not installed. 
Using SCS instead.
ECOS solver failed:  The solver ECOS is not installed. 
Using SCS instead.
ECOS solver failed:  The solver ECOS is not installed. 
Using SCS instead.
ECOS solver failed:  The solver ECOS is not installed. 
Using SCS instead.
ECOS solver failed:  The solver ECOS is not installed. 
Using SCS instead.
ECOS solver failed:  The solver ECOS is not installed. 
Using SCS instead.
ECOS solver failed:  The solver ECOS is not installed. 
Using SCS instead.
ECOS solver failed:  The solver ECOS is not installed. 
Using SCS instead.
ECOS solver failed:  The solver ECOS is not installed. 
Using SCS instead.
ECOS solver failed:  The solver ECOS is not installed. 
Using SCS instead.
ECOS solver failed:  The solver ECOS is not installed. 
Using SCS instead.
ECOS solver failed:  The solver ECOS is not installed. 
Using SCS instead.
ECOS solver failed:  The solver ECOS is not installed. 
Using SCS instead.
ECOS solver failed:  The solver ECOS is not installed. 
Using SCS instead.
M-step Design Matrix Calculation time (sec): 0.1302
ECOS solver failed in IPCW_HAL_init, falling back to SCS: The solver ECOS is not installed.
WARNING - large complementary slackness residual: 0.006734
M-step CVXPY optimize time (sec): 3.9727
ECOS solver failed:  The solver ECOS is not installed. 
Using SCS instead.
ECOS solver failed:  The solver ECOS is not installed. 
Using SCS instead.
ECOS solver failed:  The solver ECOS is not installed. 
Using SCS instead.
ECOS solver failed:  The solver ECOS is not installed. 
Using SCS instead.
ECOS solver failed:  The solver ECOS is not installed. 
Using SCS instead.
ECOS solver failed:  The solver ECOS is not installed. 
Using SCS instead.
ECOS solver failed:  The solver ECOS is not installed. 
Using SCS instead.
ECOS solver failed:  The solver ECOS is not installed. 
Using SCS instead.
ECOS solver failed:  The solver ECOS is not installed. 
Using SCS instead.
ECOS solver failed:  The solver ECOS is not installed. 
Using SCS instead.
ECOS solver failed:  The solver ECOS is not installed. 
Using SCS instead.
ECOS solver failed:  The solver ECOS is not installed. 
Using SCS instead.
ECOS solver failed:  The solver ECOS is not installed. 
Using SCS instead.
ECOS solver failed:  The solver ECOS is not installed. 
Using SCS instead.
ECOS solver failed:  The solver ECOS is not installed. 
Using SCS instead.
ECOS solver failed:  The solver ECOS is not installed. 
Using SCS instead.
ECOS solver failed:  The solver ECOS is not installed. 
Using SCS instead.
ECOS solver failed:  The solver ECOS is not installed. 
Using SCS instead.
ECOS solver failed:  The solver ECOS is not installed. 
Using SCS instead.
ECOS solver failed:  The solver ECOS is not installed. 
Using SCS instead.
ECOS solver failed:  The solver ECOS is not installed. 
Using SCS instead.
M-step Design Matrix Calculation time (sec): 0.0189
ECOS solver failed in IPCW_HAL_init, falling back to SCS: The solver ECOS is not installed.
WARNING - large complementary slackness residual: 0.008905
M-step CVXPY optimize time (sec): 2.8889
ECOS solver failed:  The solver ECOS is not installed. 
Using SCS instead.
ECOS solver failed:  The solver ECOS is not installed. 
Using SCS instead.
ECOS solver failed:  The solver ECOS is not installed. 
Using SCS instead.
ECOS solver failed:  The solver ECOS is not installed. 
Using SCS instead.
ECOS solver failed:  The solver ECOS is not installed. 
Using SCS instead.
ECOS solver failed:  The solver ECOS is not installed. 
Using SCS instead.
ECOS solver failed:  The solver ECOS is not installed. 
Using SCS instead.
ECOS solver failed:  The solver ECOS is not installed. 
Using SCS instead.
ECOS solver failed:  The solver ECOS is not installed. 
Using SCS instead.
ECOS solver failed:  The solver ECOS is not installed. 
Using SCS instead.
ECOS solver failed:  The solver ECOS is not installed. 
Using SCS instead.
ECOS solver failed:  The solver ECOS is not installed. 
Using SCS instead.
ECOS solver failed:  The solver ECOS is not installed. 
Using SCS instead.
ECOS solver failed:  The solver ECOS is not installed. 
Using SCS instead.
ECOS solver failed:  The solver ECOS is not installed. 
Using SCS instead.
ECOS solver failed:  The solver ECOS is not installed. 
Using SCS instead.
ECOS solver failed:  The solver ECOS is not installed. 
Using SCS instead.
ECOS solver failed:  The solver ECOS is not installed. 
Using SCS instead.
ECOS solver failed:  The solver ECOS is not installed. 
Using SCS instead.
ECOS solver failed:  The solver ECOS is not installed. 
Using SCS instead.
ECOS solver failed:  The solver ECOS is not installed. 
Using SCS instead.
M-step Design Matrix Calculation time (sec): 0.0634
ECOS solver failed in IPCW_HAL_init, falling back to SCS: The solver ECOS is not installed.
M-step CVXPY optimize time (sec): 2.0126
ECOS solver failed:  The solver ECOS is not installed. 
Using SCS instead.
ECOS solver failed:  The solver ECOS is not installed. 
Using SCS instead.
ECOS solver failed:  The solver ECOS is not installed. 
Using SCS instead.
ECOS solver failed:  The solver ECOS is not installed. 
Using SCS instead.
ECOS solver failed:  The solver ECOS is not installed. 
Using SCS instead.
ECOS solver failed:  The solver ECOS is not installed. 
Using SCS instead.
ECOS solver failed:  The solver ECOS is not installed. 
Using SCS instead.
ECOS solver failed:  The solver ECOS is not installed. 
Using SCS instead.
ECOS solver failed:  The solver ECOS is not installed. 
Using SCS instead.
ECOS solver failed:  The solver ECOS is not installed. 
Using SCS instead.
ECOS solver failed:  The solver ECOS is not installed. 
Using SCS instead.
ECOS solver failed:  The solver ECOS is not installed. 
Using SCS instead.
ECOS solver failed:  The solver ECOS is not installed. 
Using SCS instead.
ECOS solver failed:  The solver ECOS is not installed. 
Using SCS instead.
ECOS solver failed:  The solver ECOS is not installed. 
Using SCS instead.
ECOS solver failed:  The solver ECOS is not installed. 
Using SCS instead.
ECOS solver failed:  The solver ECOS is not installed. 
Using SCS instead.
ECOS solver failed:  The solver ECOS is not installed. 
Using SCS instead.
ECOS solver failed:  The solver ECOS is not installed. 
Using SCS instead.
ECOS solver failed:  The solver ECOS is not installed. 
Using SCS instead.
ECOS solver failed:  The solver ECOS is not installed. 
Using SCS instead.
M-step Design Matrix Calculation time (sec): 0.0177
ECOS solver failed in IPCW_HAL_init, falling back to SCS: The solver ECOS is not installed.
M-step CVXPY optimize time (sec): 1.7455
ECOS solver failed:  The solver ECOS is not installed. 
Using SCS instead.
ECOS solver failed:  The solver ECOS is not installed. 
Using SCS instead.
ECOS solver failed:  The solver ECOS is not installed. 
Using SCS instead.
ECOS solver failed:  The solver ECOS is not installed. 
Using SCS instead.
ECOS solver failed:  The solver ECOS is not installed. 
Using SCS instead.
ECOS solver failed:  The solver ECOS is not installed. 
Using SCS instead.
ECOS solver failed:  The solver ECOS is not installed. 
Using SCS instead.
ECOS solver failed:  The solver ECOS is not installed. 
Using SCS instead.
ECOS solver failed:  The solver ECOS is not installed. 
Using SCS instead.
ECOS solver failed:  The solver ECOS is not installed. 
Using SCS instead.
ECOS solver failed:  The solver ECOS is not installed. 
Using SCS instead.
ECOS solver failed:  The solver ECOS is not installed. 
Using SCS instead.
ECOS solver failed:  The solver ECOS is not installed. 
Using SCS instead.
ECOS solver failed:  The solver ECOS is not installed. 
Using SCS instead.
ECOS solver failed:  The solver ECOS is not installed. 
Using SCS instead.
ECOS solver failed:  The solver ECOS is not installed. 
Using SCS instead.
ECOS solver failed:  The solver ECOS is not installed. 
Using SCS instead.
ECOS solver failed:  The solver ECOS is not installed. 
Using SCS instead.
ECOS solver failed:  The solver ECOS is not installed. 
Using SCS instead.
ECOS solver failed:  The solver ECOS is not installed. 
Using SCS instead.
ECOS solver failed:  The solver ECOS is not installed. 
Using SCS instead.
M-step Design Matrix Calculation time (sec): 0.0180
ECOS solver failed in IPCW_HAL_init, falling back to SCS: The solver ECOS is not installed.
WARNING - large complementary slackness residual: 0.006384
M-step CVXPY optimize time (sec): 3.0940
ECOS solver failed:  The solver ECOS is not installed. 
Using SCS instead.
ECOS solver failed:  The solver ECOS is not installed. 
Using SCS instead.
ECOS solver failed:  The solver ECOS is not installed. 
Using SCS instead.
ECOS solver failed:  The solver ECOS is not installed. 
Using SCS instead.
ECOS solver failed:  The solver ECOS is not installed. 
Using SCS instead.
ECOS solver failed:  The solver ECOS is not installed. 
Using SCS instead.
ECOS solver failed:  The solver ECOS is not installed. 
Using SCS instead.
ECOS solver failed:  The solver ECOS is not installed. 
Using SCS instead.
ECOS solver failed:  The solver ECOS is not installed. 
Using SCS instead.
ECOS solver failed:  The solver ECOS is not installed. 
Using SCS instead.
ECOS solver failed:  The solver ECOS is not installed. 
Using SCS instead.
ECOS solver failed:  The solver ECOS is not installed. 
Using SCS instead.
ECOS solver failed:  The solver ECOS is not installed. 
Using SCS instead.
ECOS solver failed:  The solver ECOS is not installed. 
Using SCS instead.
ECOS solver failed:  The solver ECOS is not installed. 
Using SCS instead.
ECOS solver failed:  The solver ECOS is not installed. 
Using SCS instead.
ECOS solver failed:  The solver ECOS is not installed. 
Using SCS instead.
ECOS solver failed:  The solver ECOS is not installed. 
Using SCS instead.
ECOS solver failed:  The solver ECOS is not installed. 
Using SCS instead.
ECOS solver failed:  The solver ECOS is not installed. 
Using SCS instead.
ECOS solver failed:  The solver ECOS is not installed. 
Using SCS instead.
M-step Design Matrix Calculation time (sec): 0.0430
ECOS solver failed in IPCW_HAL_init, falling back to SCS: The solver ECOS is not installed.
M-step CVXPY optimize time (sec): 2.2891
ECOS solver failed:  The solver ECOS is not installed. 
Using SCS instead.
ECOS solver failed:  The solver ECOS is not installed. 
Using SCS instead.
ECOS solver failed:  The solver ECOS is not installed. 
Using SCS instead.
ECOS solver failed:  The solver ECOS is not installed. 
Using SCS instead.
ECOS solver failed:  The solver ECOS is not installed. 
Using SCS instead.
ECOS solver failed:  The solver ECOS is not installed. 
Using SCS instead.
ECOS solver failed:  The solver ECOS is not installed. 
Using SCS instead.
ECOS solver failed:  The solver ECOS is not installed. 
Using SCS instead.
ECOS solver failed:  The solver ECOS is not installed. 
Using SCS instead.
ECOS solver failed:  The solver ECOS is not installed. 
Using SCS instead.
ECOS solver failed:  The solver ECOS is not installed. 
Using SCS instead.
ECOS solver failed:  The solver ECOS is not installed. 
Using SCS instead.
ECOS solver failed:  The solver ECOS is not installed. 
Using SCS instead.
ECOS solver failed:  The solver ECOS is not installed. 
Using SCS instead.
ECOS solver failed:  The solver ECOS is not installed. 
Using SCS instead.
ECOS solver failed:  The solver ECOS is not installed. 
Using SCS instead.
ECOS solver failed:  The solver ECOS is not installed. 
Using SCS instead.
ECOS solver failed:  The solver ECOS is not installed. 
Using SCS instead.
ECOS solver failed:  The solver ECOS is not installed. 
Using SCS instead.
ECOS solver failed:  The solver ECOS is not installed. 
Using SCS instead.
ECOS solver failed:  The solver ECOS is not installed. 
Using SCS instead.
M-step Design Matrix Calculation time (sec): 0.0460
ECOS solver failed in IPCW_HAL_init, falling back to SCS: The solver ECOS is not installed.
WARNING - large complementary slackness residual: 0.007261
M-step CVXPY optimize time (sec): 3.0599
ECOS solver failed:  The solver ECOS is not installed. 
Using SCS instead.
ECOS solver failed:  The solver ECOS is not installed. 
Using SCS instead.
ECOS solver failed:  The solver ECOS is not installed. 
Using SCS instead.
ECOS solver failed:  The solver ECOS is not installed. 
Using SCS instead.
ECOS solver failed:  The solver ECOS is not installed. 
Using SCS instead.
ECOS solver failed:  The solver ECOS is not installed. 
Using SCS instead.
ECOS solver failed:  The solver ECOS is not installed. 
Using SCS instead.
ECOS solver failed:  The solver ECOS is not installed. 
Using SCS instead.
ECOS solver failed:  The solver ECOS is not installed. 
Using SCS instead.
ECOS solver failed:  The solver ECOS is not installed. 
Using SCS instead.
ECOS solver failed:  The solver ECOS is not installed. 
Using SCS instead.
ECOS solver failed:  The solver ECOS is not installed. 
Using SCS instead.
ECOS solver failed:  The solver ECOS is not installed. 
Using SCS instead.
ECOS solver failed:  The solver ECOS is not installed. 
Using SCS instead.
ECOS solver failed:  The solver ECOS is not installed. 
Using SCS instead.
ECOS solver failed:  The solver ECOS is not installed. 
Using SCS instead.
ECOS solver failed:  The solver ECOS is not installed. 
Using SCS instead.
ECOS solver failed:  The solver ECOS is not installed. 
Using SCS instead.
ECOS solver failed:  The solver ECOS is not installed. 
Using SCS instead.
ECOS solver failed:  The solver ECOS is not installed. 
Using SCS instead.
ECOS solver failed:  The solver ECOS is not installed. 
Using SCS instead.
M-step Design Matrix Calculation time (sec): 0.0184
ECOS solver failed in IPCW_HAL_init, falling back to SCS: The solver ECOS is not installed.
WARNING - large complementary slackness residual: 0.017315
M-step CVXPY optimize time (sec): 1.9717
ECOS solver failed:  The solver ECOS is not installed. 
Using SCS instead.
ECOS solver failed:  The solver ECOS is not installed. 
Using SCS instead.
ECOS solver failed:  The solver ECOS is not installed. 
Using SCS instead.
ECOS solver failed:  The solver ECOS is not installed. 
Using SCS instead.
ECOS solver failed:  The solver ECOS is not installed. 
Using SCS instead.
ECOS solver failed:  The solver ECOS is not installed. 
Using SCS instead.
ECOS solver failed:  The solver ECOS is not installed. 
Using SCS instead.
ECOS solver failed:  The solver ECOS is not installed. 
Using SCS instead.
ECOS solver failed:  The solver ECOS is not installed. 
Using SCS instead.
ECOS solver failed:  The solver ECOS is not installed. 
Using SCS instead.
ECOS solver failed:  The solver ECOS is not installed. 
Using SCS instead.
ECOS solver failed:  The solver ECOS is not installed. 
Using SCS instead.
ECOS solver failed:  The solver ECOS is not installed. 
Using SCS instead.
ECOS solver failed:  The solver ECOS is not installed. 
Using SCS instead.
ECOS solver failed:  The solver ECOS is not installed. 
Using SCS instead.
ECOS solver failed:  The solver ECOS is not installed. 
Using SCS instead.
ECOS solver failed:  The solver ECOS is not installed. 
Using SCS instead.
ECOS solver failed:  The solver ECOS is not installed. 
Using SCS instead.
ECOS solver failed:  The solver ECOS is not installed. 
Using SCS instead.
ECOS solver failed:  The solver ECOS is not installed. 
Using SCS instead.
ECOS solver failed:  The solver ECOS is not installed. 
Using SCS instead.
M-step Design Matrix Calculation time (sec): 0.0194
ECOS solver failed in IPCW_HAL_init, falling back to SCS: The solver ECOS is not installed.
WARNING - large complementary slackness residual: 0.005467
M-step CVXPY optimize time (sec): 2.3846
ECOS solver failed:  The solver ECOS is not installed. 
Using SCS instead.
ECOS solver failed:  The solver ECOS is not installed. 
Using SCS instead.
ECOS solver failed:  The solver ECOS is not installed. 
Using SCS instead.
ECOS solver failed:  The solver ECOS is not installed. 
Using SCS instead.
ECOS solver failed:  The solver ECOS is not installed. 
Using SCS instead.
ECOS solver failed:  The solver ECOS is not installed. 
Using SCS instead.
ECOS solver failed:  The solver ECOS is not installed. 
Using SCS instead.
ECOS solver failed:  The solver ECOS is not installed. 
Using SCS instead.
ECOS solver failed:  The solver ECOS is not installed. 
Using SCS instead.
ECOS solver failed:  The solver ECOS is not installed. 
Using SCS instead.
ECOS solver failed:  The solver ECOS is not installed. 
Using SCS instead.
ECOS solver failed:  The solver ECOS is not installed. 
Using SCS instead.
ECOS solver failed:  The solver ECOS is not installed. 
Using SCS instead.
ECOS solver failed:  The solver ECOS is not installed. 
Using SCS instead.
ECOS solver failed:  The solver ECOS is not installed. 
Using SCS instead.
ECOS solver failed:  The solver ECOS is not installed. 
Using SCS instead.
ECOS solver failed:  The solver ECOS is not installed. 
Using SCS instead.
ECOS solver failed:  The solver ECOS is not installed. 
Using SCS instead.
ECOS solver failed:  The solver ECOS is not installed. 
Using SCS instead.
ECOS solver failed:  The solver ECOS is not installed. 
Using SCS instead.
ECOS solver failed:  The solver ECOS is not installed. 
Using SCS instead.
M-step Design Matrix Calculation time (sec): 0.0173
ECOS solver failed in IPCW_HAL_init, falling back to SCS: The solver ECOS is not installed.
WARNING - large complementary slackness residual: 0.005021
M-step CVXPY optimize time (sec): 0.6088
ECOS solver failed:  The solver ECOS is not installed. 
Using SCS instead.
ECOS solver failed:  The solver ECOS is not installed. 
Using SCS instead.
ECOS solver failed:  The solver ECOS is not installed. 
Using SCS instead.
ECOS solver failed:  The solver ECOS is not installed. 
Using SCS instead.
ECOS solver failed:  The solver ECOS is not installed. 
Using SCS instead.
ECOS solver failed:  The solver ECOS is not installed. 
Using SCS instead.
ECOS solver failed:  The solver ECOS is not installed. 
Using SCS instead.
ECOS solver failed:  The solver ECOS is not installed. 
Using SCS instead.
ECOS solver failed:  The solver ECOS is not installed. 
Using SCS instead.
ECOS solver failed:  The solver ECOS is not installed. 
Using SCS instead.
ECOS solver failed:  The solver ECOS is not installed. 
Using SCS instead.
ECOS solver failed:  The solver ECOS is not installed. 
Using SCS instead.
ECOS solver failed:  The solver ECOS is not installed. 
Using SCS instead.
ECOS solver failed:  The solver ECOS is not installed. 
Using SCS instead.
ECOS solver failed:  The solver ECOS is not installed. 
Using SCS instead.
ECOS solver failed:  The solver ECOS is not installed. 
Using SCS instead.
ECOS solver failed:  The solver ECOS is not installed. 
Using SCS instead.
ECOS solver failed:  The solver ECOS is not installed. 
Using SCS instead.
ECOS solver failed:  The solver ECOS is not installed. 
Using SCS instead.
ECOS solver failed:  The solver ECOS is not installed. 
Using SCS instead.
ECOS solver failed:  The solver ECOS is not installed. 
Using SCS instead.
M-step Design Matrix Calculation time (sec): 0.2075
ECOS solver failed in IPCW_HAL_init, falling back to SCS: The solver ECOS is not installed.
M-step CVXPY optimize time (sec): 0.9178
ECOS solver failed:  The solver ECOS is not installed. 
Using SCS instead.
ECOS solver failed:  The solver ECOS is not installed. 
Using SCS instead.
ECOS solver failed:  The solver ECOS is not installed. 
Using SCS instead.
ECOS solver failed:  The solver ECOS is not installed. 
Using SCS instead.
ECOS solver failed:  The solver ECOS is not installed. 
Using SCS instead.
ECOS solver failed:  The solver ECOS is not installed. 
Using SCS instead.
ECOS solver failed:  The solver ECOS is not installed. 
Using SCS instead.
ECOS solver failed:  The solver ECOS is not installed. 
Using SCS instead.
ECOS solver failed:  The solver ECOS is not installed. 
Using SCS instead.
ECOS solver failed:  The solver ECOS is not installed. 
Using SCS instead.
ECOS solver failed:  The solver ECOS is not installed. 
Using SCS instead.
ECOS solver failed:  The solver ECOS is not installed. 
Using SCS instead.
ECOS solver failed:  The solver ECOS is not installed. 
Using SCS instead.
ECOS solver failed:  The solver ECOS is not installed. 
Using SCS instead.
ECOS solver failed:  The solver ECOS is not installed. 
Using SCS instead.
ECOS solver failed:  The solver ECOS is not installed. 
Using SCS instead.
ECOS solver failed:  The solver ECOS is not installed. 
Using SCS instead.
ECOS solver failed:  The solver ECOS is not installed. 
Using SCS instead.
ECOS solver failed:  The solver ECOS is not installed. 
Using SCS instead.
ECOS solver failed:  The solver ECOS is not installed. 
Using SCS instead.
ECOS solver failed:  The solver ECOS is not installed. 
Using SCS instead.
M-step Design Matrix Calculation time (sec): 0.1268
ECOS solver failed in IPCW_HAL_init, falling back to SCS: The solver ECOS is not installed.
M-step CVXPY optimize time (sec): 1.2416
ECOS solver failed:  The solver ECOS is not installed. 
Using SCS instead.
ECOS solver failed:  The solver ECOS is not installed. 
Using SCS instead.
ECOS solver failed:  The solver ECOS is not installed. 
Using SCS instead.
ECOS solver failed:  The solver ECOS is not installed. 
Using SCS instead.
ECOS solver failed:  The solver ECOS is not installed. 
Using SCS instead.
ECOS solver failed:  The solver ECOS is not installed. 
Using SCS instead.
ECOS solver failed:  The solver ECOS is not installed. 
Using SCS instead.
ECOS solver failed:  The solver ECOS is not installed. 
Using SCS instead.
ECOS solver failed:  The solver ECOS is not installed. 
Using SCS instead.
ECOS solver failed:  The solver ECOS is not installed. 
Using SCS instead.
ECOS solver failed:  The solver ECOS is not installed. 
Using SCS instead.
ECOS solver failed:  The solver ECOS is not installed. 
Using SCS instead.
ECOS solver failed:  The solver ECOS is not installed. 
Using SCS instead.
ECOS solver failed:  The solver ECOS is not installed. 
Using SCS instead.
ECOS solver failed:  The solver ECOS is not installed. 
Using SCS instead.
ECOS solver failed:  The solver ECOS is not installed. 
Using SCS instead.
ECOS solver failed:  The solver ECOS is not installed. 
Using SCS instead.
ECOS solver failed:  The solver ECOS is not installed. 
Using SCS instead.
ECOS solver failed:  The solver ECOS is not installed. 
Using SCS instead.
ECOS solver failed:  The solver ECOS is not installed. 
Using SCS instead.
ECOS solver failed:  The solver ECOS is not installed. 
Using SCS instead.
M-step Design Matrix Calculation time (sec): 0.0516
ECOS solver failed in IPCW_HAL_init, falling back to SCS: The solver ECOS is not installed.
M-step CVXPY optimize time (sec): 1.0790
ECOS solver failed:  The solver ECOS is not installed. 
Using SCS instead.
ECOS solver failed:  The solver ECOS is not installed. 
Using SCS instead.
ECOS solver failed:  The solver ECOS is not installed. 
Using SCS instead.
ECOS solver failed:  The solver ECOS is not installed. 
Using SCS instead.
ECOS solver failed:  The solver ECOS is not installed. 
Using SCS instead.
ECOS solver failed:  The solver ECOS is not installed. 
Using SCS instead.
ECOS solver failed:  The solver ECOS is not installed. 
Using SCS instead.
ECOS solver failed:  The solver ECOS is not installed. 
Using SCS instead.
ECOS solver failed:  The solver ECOS is not installed. 
Using SCS instead.
ECOS solver failed:  The solver ECOS is not installed. 
Using SCS instead.
ECOS solver failed:  The solver ECOS is not installed. 
Using SCS instead.
ECOS solver failed:  The solver ECOS is not installed. 
Using SCS instead.
ECOS solver failed:  The solver ECOS is not installed. 
Using SCS instead.
ECOS solver failed:  The solver ECOS is not installed. 
Using SCS instead.
ECOS solver failed:  The solver ECOS is not installed. 
Using SCS instead.
ECOS solver failed:  The solver ECOS is not installed. 
Using SCS instead.
ECOS solver failed:  The solver ECOS is not installed. 
Using SCS instead.
ECOS solver failed:  The solver ECOS is not installed. 
Using SCS instead.
ECOS solver failed:  The solver ECOS is not installed. 
Using SCS instead.
ECOS solver failed:  The solver ECOS is not installed. 
Using SCS instead.
ECOS solver failed:  The solver ECOS is not installed. 
Using SCS instead.
M-step Design Matrix Calculation time (sec): 0.0340
ECOS solver failed in IPCW_HAL_init, falling back to SCS: The solver ECOS is not installed.
WARNING - large complementary slackness residual: 0.004819
M-step CVXPY optimize time (sec): 1.9024
ECOS solver failed:  The solver ECOS is not installed. 
Using SCS instead.
ECOS solver failed:  The solver ECOS is not installed. 
Using SCS instead.
ECOS solver failed:  The solver ECOS is not installed. 
Using SCS instead.
ECOS solver failed:  The solver ECOS is not installed. 
Using SCS instead.
ECOS solver failed:  The solver ECOS is not installed. 
Using SCS instead.
ECOS solver failed:  The solver ECOS is not installed. 
Using SCS instead.
ECOS solver failed:  The solver ECOS is not installed. 
Using SCS instead.
ECOS solver failed:  The solver ECOS is not installed. 
Using SCS instead.
ECOS solver failed:  The solver ECOS is not installed. 
Using SCS instead.
ECOS solver failed:  The solver ECOS is not installed. 
Using SCS instead.
ECOS solver failed:  The solver ECOS is not installed. 
Using SCS instead.
ECOS solver failed:  The solver ECOS is not installed. 
Using SCS instead.
ECOS solver failed:  The solver ECOS is not installed. 
Using SCS instead.
ECOS solver failed:  The solver ECOS is not installed. 
Using SCS instead.
ECOS solver failed:  The solver ECOS is not installed. 
Using SCS instead.
ECOS solver failed:  The solver ECOS is not installed. 
Using SCS instead.
ECOS solver failed:  The solver ECOS is not installed. 
Using SCS instead.
ECOS solver failed:  The solver ECOS is not installed. 
Using SCS instead.
ECOS solver failed:  The solver ECOS is not installed. 
Using SCS instead.
ECOS solver failed:  The solver ECOS is not installed. 
Using SCS instead.
ECOS solver failed:  The solver ECOS is not installed. 
Using SCS instead.
M-step Design Matrix Calculation time (sec): 0.0168
ECOS solver failed in IPCW_HAL_init, falling back to SCS: The solver ECOS is not installed.
M-step CVXPY optimize time (sec): 1.2478
ECOS solver failed:  The solver ECOS is not installed. 
Using SCS instead.
ECOS solver failed:  The solver ECOS is not installed. 
Using SCS instead.
ECOS solver failed:  The solver ECOS is not installed. 
Using SCS instead.
ECOS solver failed:  The solver ECOS is not installed. 
Using SCS instead.
ECOS solver failed:  The solver ECOS is not installed. 
Using SCS instead.
ECOS solver failed:  The solver ECOS is not installed. 
Using SCS instead.
ECOS solver failed:  The solver ECOS is not installed. 
Using SCS instead.
ECOS solver failed:  The solver ECOS is not installed. 
Using SCS instead.
ECOS solver failed:  The solver ECOS is not installed. 
Using SCS instead.
ECOS solver failed:  The solver ECOS is not installed. 
Using SCS instead.
ECOS solver failed:  The solver ECOS is not installed. 
Using SCS instead.
ECOS solver failed:  The solver ECOS is not installed. 
Using SCS instead.
ECOS solver failed:  The solver ECOS is not installed. 
Using SCS instead.
ECOS solver failed:  The solver ECOS is not installed. 
Using SCS instead.
ECOS solver failed:  The solver ECOS is not installed. 
Using SCS instead.
ECOS solver failed:  The solver ECOS is not installed. 
Using SCS instead.
ECOS solver failed:  The solver ECOS is not installed. 
Using SCS instead.
ECOS solver failed:  The solver ECOS is not installed. 
Using SCS instead.
ECOS solver failed:  The solver ECOS is not installed. 
Using SCS instead.
ECOS solver failed:  The solver ECOS is not installed. 
Using SCS instead.
ECOS solver failed:  The solver ECOS is not installed. 
Using SCS instead.
M-step Design Matrix Calculation time (sec): 0.0177
ECOS solver failed in IPCW_HAL_init, falling back to SCS: The solver ECOS is not installed.
WARNING - large complementary slackness residual: 0.029470
M-step CVXPY optimize time (sec): 2.4506
ECOS solver failed:  The solver ECOS is not installed. 
Using SCS instead.
ECOS solver failed:  The solver ECOS is not installed. 
Using SCS instead.
ECOS solver failed:  The solver ECOS is not installed. 
Using SCS instead.
ECOS solver failed:  The solver ECOS is not installed. 
Using SCS instead.
ECOS solver failed:  The solver ECOS is not installed. 
Using SCS instead.
ECOS solver failed:  The solver ECOS is not installed. 
Using SCS instead.
ECOS solver failed:  The solver ECOS is not installed. 
Using SCS instead.
ECOS solver failed:  The solver ECOS is not installed. 
Using SCS instead.
ECOS solver failed:  The solver ECOS is not installed. 
Using SCS instead.
ECOS solver failed:  The solver ECOS is not installed. 
Using SCS instead.
ECOS solver failed:  The solver ECOS is not installed. 
Using SCS instead.
ECOS solver failed:  The solver ECOS is not installed. 
Using SCS instead.
ECOS solver failed:  The solver ECOS is not installed. 
Using SCS instead.
ECOS solver failed:  The solver ECOS is not installed. 
Using SCS instead.
ECOS solver failed:  The solver ECOS is not installed. 
Using SCS instead.
ECOS solver failed:  The solver ECOS is not installed. 
Using SCS instead.
ECOS solver failed:  The solver ECOS is not installed. 
Using SCS instead.
ECOS solver failed:  The solver ECOS is not installed. 
Using SCS instead.
ECOS solver failed:  The solver ECOS is not installed. 
Using SCS instead.
ECOS solver failed:  The solver ECOS is not installed. 
Using SCS instead.
ECOS solver failed:  The solver ECOS is not installed. 
Using SCS instead.
M-step Design Matrix Calculation time (sec): 0.0725
ECOS solver failed in IPCW_HAL_init, falling back to SCS: The solver ECOS is not installed.
WARNING - large complementary slackness residual: 0.009858
M-step CVXPY optimize time (sec): 2.7181
ECOS solver failed:  The solver ECOS is not installed. 
Using SCS instead.
ECOS solver failed:  The solver ECOS is not installed. 
Using SCS instead.
ECOS solver failed:  The solver ECOS is not installed. 
Using SCS instead.
ECOS solver failed:  The solver ECOS is not installed. 
Using SCS instead.
ECOS solver failed:  The solver ECOS is not installed. 
Using SCS instead.
ECOS solver failed:  The solver ECOS is not installed. 
Using SCS instead.
ECOS solver failed:  The solver ECOS is not installed. 
Using SCS instead.
ECOS solver failed:  The solver ECOS is not installed. 
Using SCS instead.
ECOS solver failed:  The solver ECOS is not installed. 
Using SCS instead.
ECOS solver failed:  The solver ECOS is not installed. 
Using SCS instead.
ECOS solver failed:  The solver ECOS is not installed. 
Using SCS instead.
ECOS solver failed:  The solver ECOS is not installed. 
Using SCS instead.
ECOS solver failed:  The solver ECOS is not installed. 
Using SCS instead.
ECOS solver failed:  The solver ECOS is not installed. 
Using SCS instead.
ECOS solver failed:  The solver ECOS is not installed. 
Using SCS instead.
ECOS solver failed:  The solver ECOS is not installed. 
Using SCS instead.
ECOS solver failed:  The solver ECOS is not installed. 
Using SCS instead.
ECOS solver failed:  The solver ECOS is not installed. 
Using SCS instead.
ECOS solver failed:  The solver ECOS is not installed. 
Using SCS instead.
ECOS solver failed:  The solver ECOS is not installed. 
Using SCS instead.
ECOS solver failed:  The solver ECOS is not installed. 
Using SCS instead.
M-step Design Matrix Calculation time (sec): 0.0989
ECOS solver failed in IPCW_HAL_init, falling back to SCS: The solver ECOS is not installed.
WARNING - large complementary slackness residual: 0.029601
M-step CVXPY optimize time (sec): 2.6617
ECOS solver failed:  The solver ECOS is not installed. 
Using SCS instead.
ECOS solver failed:  The solver ECOS is not installed. 
Using SCS instead.
ECOS solver failed:  The solver ECOS is not installed. 
Using SCS instead.
ECOS solver failed:  The solver ECOS is not installed. 
Using SCS instead.
ECOS solver failed:  The solver ECOS is not installed. 
Using SCS instead.
ECOS solver failed:  The solver ECOS is not installed. 
Using SCS instead.
ECOS solver failed:  The solver ECOS is not installed. 
Using SCS instead.
ECOS solver failed:  The solver ECOS is not installed. 
Using SCS instead.
ECOS solver failed:  The solver ECOS is not installed. 
Using SCS instead.
ECOS solver failed:  The solver ECOS is not installed. 
Using SCS instead.
ECOS solver failed:  The solver ECOS is not installed. 
Using SCS instead.
ECOS solver failed:  The solver ECOS is not installed. 
Using SCS instead.
ECOS solver failed:  The solver ECOS is not installed. 
Using SCS instead.
ECOS solver failed:  The solver ECOS is not installed. 
Using SCS instead.
ECOS solver failed:  The solver ECOS is not installed. 
Using SCS instead.
ECOS solver failed:  The solver ECOS is not installed. 
Using SCS instead.
ECOS solver failed:  The solver ECOS is not installed. 
Using SCS instead.
ECOS solver failed:  The solver ECOS is not installed. 
Using SCS instead.
ECOS solver failed:  The solver ECOS is not installed. 
Using SCS instead.
ECOS solver failed:  The solver ECOS is not installed. 
Using SCS instead.
ECOS solver failed:  The solver ECOS is not installed. 
Using SCS instead.
M-step Design Matrix Calculation time (sec): 0.0215
ECOS solver failed in IPCW_HAL_init, falling back to SCS: The solver ECOS is not installed.
M-step CVXPY optimize time (sec): 0.9608
ECOS solver failed:  The solver ECOS is not installed. 
Using SCS instead.
ECOS solver failed:  The solver ECOS is not installed. 
Using SCS instead.
ECOS solver failed:  The solver ECOS is not installed. 
Using SCS instead.
ECOS solver failed:  The solver ECOS is not installed. 
Using SCS instead.
ECOS solver failed:  The solver ECOS is not installed. 
Using SCS instead.
ECOS solver failed:  The solver ECOS is not installed. 
Using SCS instead.
ECOS solver failed:  The solver ECOS is not installed. 
Using SCS instead.
ECOS solver failed:  The solver ECOS is not installed. 
Using SCS instead.
ECOS solver failed:  The solver ECOS is not installed. 
Using SCS instead.
ECOS solver failed:  The solver ECOS is not installed. 
Using SCS instead.
ECOS solver failed:  The solver ECOS is not installed. 
Using SCS instead.
ECOS solver failed:  The solver ECOS is not installed. 
Using SCS instead.
ECOS solver failed:  The solver ECOS is not installed. 
Using SCS instead.
ECOS solver failed:  The solver ECOS is not installed. 
Using SCS instead.
ECOS solver failed:  The solver ECOS is not installed. 
Using SCS instead.
ECOS solver failed:  The solver ECOS is not installed. 
Using SCS instead.
ECOS solver failed:  The solver ECOS is not installed. 
Using SCS instead.
ECOS solver failed:  The solver ECOS is not installed. 
Using SCS instead.
ECOS solver failed:  The solver ECOS is not installed. 
Using SCS instead.
ECOS solver failed:  The solver ECOS is not installed. 
Using SCS instead.
ECOS solver failed:  The solver ECOS is not installed. 
Using SCS instead.
M-step Design Matrix Calculation time (sec): 0.0337
ECOS solver failed in IPCW_HAL_init, falling back to SCS: The solver ECOS is not installed.
WARNING - large complementary slackness residual: 0.029565
M-step CVXPY optimize time (sec): 1.7962
ECOS solver failed:  The solver ECOS is not installed. 
Using SCS instead.
ECOS solver failed:  The solver ECOS is not installed. 
Using SCS instead.
ECOS solver failed:  The solver ECOS is not installed. 
Using SCS instead.
ECOS solver failed:  The solver ECOS is not installed. 
Using SCS instead.
ECOS solver failed:  The solver ECOS is not installed. 
Using SCS instead.
ECOS solver failed:  The solver ECOS is not installed. 
Using SCS instead.
ECOS solver failed:  The solver ECOS is not installed. 
Using SCS instead.
ECOS solver failed:  The solver ECOS is not installed. 
Using SCS instead.
ECOS solver failed:  The solver ECOS is not installed. 
Using SCS instead.
ECOS solver failed:  The solver ECOS is not installed. 
Using SCS instead.
ECOS solver failed:  The solver ECOS is not installed. 
Using SCS instead.
ECOS solver failed:  The solver ECOS is not installed. 
Using SCS instead.
ECOS solver failed:  The solver ECOS is not installed. 
Using SCS instead.
ECOS solver failed:  The solver ECOS is not installed. 
Using SCS instead.
ECOS solver failed:  The solver ECOS is not installed. 
Using SCS instead.
ECOS solver failed:  The solver ECOS is not installed. 
Using SCS instead.
ECOS solver failed:  The solver ECOS is not installed. 
Using SCS instead.
ECOS solver failed:  The solver ECOS is not installed. 
Using SCS instead.
ECOS solver failed:  The solver ECOS is not installed. 
Using SCS instead.
ECOS solver failed:  The solver ECOS is not installed. 
Using SCS instead.
ECOS solver failed:  The solver ECOS is not installed. 
Using SCS instead.
M-step Design Matrix Calculation time (sec): 0.0201
ECOS solver failed in IPCW_HAL_init, falling back to SCS: The solver ECOS is not installed.
WARNING - large complementary slackness residual: 0.011039
M-step CVXPY optimize time (sec): 1.9332
ECOS solver failed:  The solver ECOS is not installed. 
Using SCS instead.
ECOS solver failed:  The solver ECOS is not installed. 
Using SCS instead.
ECOS solver failed:  The solver ECOS is not installed. 
Using SCS instead.
ECOS solver failed:  The solver ECOS is not installed. 
Using SCS instead.
ECOS solver failed:  The solver ECOS is not installed. 
Using SCS instead.
ECOS solver failed:  The solver ECOS is not installed. 
Using SCS instead.
ECOS solver failed:  The solver ECOS is not installed. 
Using SCS instead.
ECOS solver failed:  The solver ECOS is not installed. 
Using SCS instead.
ECOS solver failed:  The solver ECOS is not installed. 
Using SCS instead.
ECOS solver failed:  The solver ECOS is not installed. 
Using SCS instead.
ECOS solver failed:  The solver ECOS is not installed. 
Using SCS instead.
ECOS solver failed:  The solver ECOS is not installed. 
Using SCS instead.
ECOS solver failed:  The solver ECOS is not installed. 
Using SCS instead.
ECOS solver failed:  The solver ECOS is not installed. 
Using SCS instead.
ECOS solver failed:  The solver ECOS is not installed. 
Using SCS instead.
ECOS solver failed:  The solver ECOS is not installed. 
Using SCS instead.
ECOS solver failed:  The solver ECOS is not installed. 
Using SCS instead.
ECOS solver failed:  The solver ECOS is not installed. 
Using SCS instead.
ECOS solver failed:  The solver ECOS is not installed. 
Using SCS instead.
ECOS solver failed:  The solver ECOS is not installed. 
Using SCS instead.
ECOS solver failed:  The solver ECOS is not installed. 
Using SCS instead.
M-step Design Matrix Calculation time (sec): 0.0206
ECOS solver failed in IPCW_HAL_init, falling back to SCS: The solver ECOS is not installed.
WARNING - large complementary slackness residual: 0.006983
M-step CVXPY optimize time (sec): 1.0781
ECOS solver failed:  The solver ECOS is not installed. 
Using SCS instead.
ECOS solver failed:  The solver ECOS is not installed. 
Using SCS instead.
ECOS solver failed:  The solver ECOS is not installed. 
Using SCS instead.
ECOS solver failed:  The solver ECOS is not installed. 
Using SCS instead.
ECOS solver failed:  The solver ECOS is not installed. 
Using SCS instead.
ECOS solver failed:  The solver ECOS is not installed. 
Using SCS instead.
ECOS solver failed:  The solver ECOS is not installed. 
Using SCS instead.
ECOS solver failed:  The solver ECOS is not installed. 
Using SCS instead.
ECOS solver failed:  The solver ECOS is not installed. 
Using SCS instead.
ECOS solver failed:  The solver ECOS is not installed. 
Using SCS instead.
ECOS solver failed:  The solver ECOS is not installed. 
Using SCS instead.
ECOS solver failed:  The solver ECOS is not installed. 
Using SCS instead.
ECOS solver failed:  The solver ECOS is not installed. 
Using SCS instead.
ECOS solver failed:  The solver ECOS is not installed. 
Using SCS instead.
ECOS solver failed:  The solver ECOS is not installed. 
Using SCS instead.
ECOS solver failed:  The solver ECOS is not installed. 
Using SCS instead.
ECOS solver failed:  The solver ECOS is not installed. 
Using SCS instead.
ECOS solver failed:  The solver ECOS is not installed. 
Using SCS instead.
ECOS solver failed:  The solver ECOS is not installed. 
Using SCS instead.
ECOS solver failed:  The solver ECOS is not installed. 
Using SCS instead.
ECOS solver failed:  The solver ECOS is not installed. 
Using SCS instead.
M-step Design Matrix Calculation time (sec): 0.0334
ECOS solver failed in IPCW_HAL_init, falling back to SCS: The solver ECOS is not installed.
WARNING - large complementary slackness residual: 0.006895
M-step CVXPY optimize time (sec): 2.0017
ECOS solver failed:  The solver ECOS is not installed. 
Using SCS instead.
ECOS solver failed:  The solver ECOS is not installed. 
Using SCS instead.
ECOS solver failed:  The solver ECOS is not installed. 
Using SCS instead.
ECOS solver failed:  The solver ECOS is not installed. 
Using SCS instead.
ECOS solver failed:  The solver ECOS is not installed. 
Using SCS instead.
ECOS solver failed:  The solver ECOS is not installed. 
Using SCS instead.
ECOS solver failed:  The solver ECOS is not installed. 
Using SCS instead.
ECOS solver failed:  The solver ECOS is not installed. 
Using SCS instead.
ECOS solver failed:  The solver ECOS is not installed. 
Using SCS instead.
ECOS solver failed:  The solver ECOS is not installed. 
Using SCS instead.
ECOS solver failed:  The solver ECOS is not installed. 
Using SCS instead.
ECOS solver failed:  The solver ECOS is not installed. 
Using SCS instead.
ECOS solver failed:  The solver ECOS is not installed. 
Using SCS instead.
ECOS solver failed:  The solver ECOS is not installed. 
Using SCS instead.
ECOS solver failed:  The solver ECOS is not installed. 
Using SCS instead.
ECOS solver failed:  The solver ECOS is not installed. 
Using SCS instead.
ECOS solver failed:  The solver ECOS is not installed. 
Using SCS instead.
ECOS solver failed:  The solver ECOS is not installed. 
Using SCS instead.
ECOS solver failed:  The solver ECOS is not installed. 
Using SCS instead.
ECOS solver failed:  The solver ECOS is not installed. 
Using SCS instead.
ECOS solver failed:  The solver ECOS is not installed. 
Using SCS instead.
M-step Design Matrix Calculation time (sec): 0.0187
ECOS solver failed in IPCW_HAL_init, falling back to SCS: The solver ECOS is not installed.
WARNING - large complementary slackness residual: 0.005031
M-step CVXPY optimize time (sec): 3.5552
ECOS solver failed:  The solver ECOS is not installed. 
Using SCS instead.
ECOS solver failed:  The solver ECOS is not installed. 
Using SCS instead.
ECOS solver failed:  The solver ECOS is not installed. 
Using SCS instead.
ECOS solver failed:  The solver ECOS is not installed. 
Using SCS instead.
ECOS solver failed:  The solver ECOS is not installed. 
Using SCS instead.
ECOS solver failed:  The solver ECOS is not installed. 
Using SCS instead.
ECOS solver failed:  The solver ECOS is not installed. 
Using SCS instead.
ECOS solver failed:  The solver ECOS is not installed. 
Using SCS instead.
ECOS solver failed:  The solver ECOS is not installed. 
Using SCS instead.
ECOS solver failed:  The solver ECOS is not installed. 
Using SCS instead.
ECOS solver failed:  The solver ECOS is not installed. 
Using SCS instead.
ECOS solver failed:  The solver ECOS is not installed. 
Using SCS instead.
ECOS solver failed:  The solver ECOS is not installed. 
Using SCS instead.
ECOS solver failed:  The solver ECOS is not installed. 
Using SCS instead.
ECOS solver failed:  The solver ECOS is not installed. 
Using SCS instead.
ECOS solver failed:  The solver ECOS is not installed. 
Using SCS instead.
ECOS solver failed:  The solver ECOS is not installed. 
Using SCS instead.
ECOS solver failed:  The solver ECOS is not installed. 
Using SCS instead.
ECOS solver failed:  The solver ECOS is not installed. 
Using SCS instead.
ECOS solver failed:  The solver ECOS is not installed. 
Using SCS instead.
ECOS solver failed:  The solver ECOS is not installed. 
Using SCS instead.
M-step Design Matrix Calculation time (sec): 0.0168
ECOS solver failed in IPCW_HAL_init, falling back to SCS: The solver ECOS is not installed.
M-step CVXPY optimize time (sec): 0.8428
ECOS solver failed:  The solver ECOS is not installed. 
Using SCS instead.
ECOS solver failed:  The solver ECOS is not installed. 
Using SCS instead.
ECOS solver failed:  The solver ECOS is not installed. 
Using SCS instead.
ECOS solver failed:  The solver ECOS is not installed. 
Using SCS instead.
ECOS solver failed:  The solver ECOS is not installed. 
Using SCS instead.
ECOS solver failed:  The solver ECOS is not installed. 
Using SCS instead.
ECOS solver failed:  The solver ECOS is not installed. 
Using SCS instead.
ECOS solver failed:  The solver ECOS is not installed. 
Using SCS instead.
ECOS solver failed:  The solver ECOS is not installed. 
Using SCS instead.
ECOS solver failed:  The solver ECOS is not installed. 
Using SCS instead.
ECOS solver failed:  The solver ECOS is not installed. 
Using SCS instead.
ECOS solver failed:  The solver ECOS is not installed. 
Using SCS instead.
ECOS solver failed:  The solver ECOS is not installed. 
Using SCS instead.
ECOS solver failed:  The solver ECOS is not installed. 
Using SCS instead.
ECOS solver failed:  The solver ECOS is not installed. 
Using SCS instead.
ECOS solver failed:  The solver ECOS is not installed. 
Using SCS instead.
ECOS solver failed:  The solver ECOS is not installed. 
Using SCS instead.
ECOS solver failed:  The solver ECOS is not installed. 
Using SCS instead.
ECOS solver failed:  The solver ECOS is not installed. 
Using SCS instead.
ECOS solver failed:  The solver ECOS is not installed. 
Using SCS instead.
ECOS solver failed:  The solver ECOS is not installed. 
Using SCS instead.
M-step Design Matrix Calculation time (sec): 0.0268
ECOS solver failed in IPCW_HAL_init, falling back to SCS: The solver ECOS is not installed.
WARNING - large complementary slackness residual: 0.023892
M-step CVXPY optimize time (sec): 1.4165
ECOS solver failed:  The solver ECOS is not installed. 
Using SCS instead.
ECOS solver failed:  The solver ECOS is not installed. 
Using SCS instead.
ECOS solver failed:  The solver ECOS is not installed. 
Using SCS instead.
ECOS solver failed:  The solver ECOS is not installed. 
Using SCS instead.
ECOS solver failed:  The solver ECOS is not installed. 
Using SCS instead.
ECOS solver failed:  The solver ECOS is not installed. 
Using SCS instead.
ECOS solver failed:  The solver ECOS is not installed. 
Using SCS instead.
ECOS solver failed:  The solver ECOS is not installed. 
Using SCS instead.
ECOS solver failed:  The solver ECOS is not installed. 
Using SCS instead.
ECOS solver failed:  The solver ECOS is not installed. 
Using SCS instead.
ECOS solver failed:  The solver ECOS is not installed. 
Using SCS instead.
ECOS solver failed:  The solver ECOS is not installed. 
Using SCS instead.
ECOS solver failed:  The solver ECOS is not installed. 
Using SCS instead.
ECOS solver failed:  The solver ECOS is not installed. 
Using SCS instead.
ECOS solver failed:  The solver ECOS is not installed. 
Using SCS instead.
ECOS solver failed:  The solver ECOS is not installed. 
Using SCS instead.
ECOS solver failed:  The solver ECOS is not installed. 
Using SCS instead.
ECOS solver failed:  The solver ECOS is not installed. 
Using SCS instead.
ECOS solver failed:  The solver ECOS is not installed. 
Using SCS instead.
ECOS solver failed:  The solver ECOS is not installed. 
Using SCS instead.
ECOS solver failed:  The solver ECOS is not installed. 
Using SCS instead.
M-step Design Matrix Calculation time (sec): 0.0184
ECOS solver failed in IPCW_HAL_init, falling back to SCS: The solver ECOS is not installed.
M-step CVXPY optimize time (sec): 1.2583
ECOS solver failed:  The solver ECOS is not installed. 
Using SCS instead.
ECOS solver failed:  The solver ECOS is not installed. 
Using SCS instead.
ECOS solver failed:  The solver ECOS is not installed. 
Using SCS instead.
ECOS solver failed:  The solver ECOS is not installed. 
Using SCS instead.
ECOS solver failed:  The solver ECOS is not installed. 
Using SCS instead.
ECOS solver failed:  The solver ECOS is not installed. 
Using SCS instead.
ECOS solver failed:  The solver ECOS is not installed. 
Using SCS instead.
ECOS solver failed:  The solver ECOS is not installed. 
Using SCS instead.
ECOS solver failed:  The solver ECOS is not installed. 
Using SCS instead.
ECOS solver failed:  The solver ECOS is not installed. 
Using SCS instead.
ECOS solver failed:  The solver ECOS is not installed. 
Using SCS instead.
ECOS solver failed:  The solver ECOS is not installed. 
Using SCS instead.
ECOS solver failed:  The solver ECOS is not installed. 
Using SCS instead.
ECOS solver failed:  The solver ECOS is not installed. 
Using SCS instead.
ECOS solver failed:  The solver ECOS is not installed. 
Using SCS instead.
ECOS solver failed:  The solver ECOS is not installed. 
Using SCS instead.
ECOS solver failed:  The solver ECOS is not installed. 
Using SCS instead.
ECOS solver failed:  The solver ECOS is not installed. 
Using SCS instead.
ECOS solver failed:  The solver ECOS is not installed. 
Using SCS instead.
ECOS solver failed:  The solver ECOS is not installed. 
Using SCS instead.
ECOS solver failed:  The solver ECOS is not installed. 
Using SCS instead.
M-step Design Matrix Calculation time (sec): 0.1112
ECOS solver failed in IPCW_HAL_init, falling back to SCS: The solver ECOS is not installed.
WARNING - large complementary slackness residual: 0.014341
M-step CVXPY optimize time (sec): 1.2749
ECOS solver failed:  The solver ECOS is not installed. 
Using SCS instead.
ECOS solver failed:  The solver ECOS is not installed. 
Using SCS instead.
ECOS solver failed:  The solver ECOS is not installed. 
Using SCS instead.
ECOS solver failed:  The solver ECOS is not installed. 
Using SCS instead.
ECOS solver failed:  The solver ECOS is not installed. 
Using SCS instead.
ECOS solver failed:  The solver ECOS is not installed. 
Using SCS instead.
ECOS solver failed:  The solver ECOS is not installed. 
Using SCS instead.
ECOS solver failed:  The solver ECOS is not installed. 
Using SCS instead.
ECOS solver failed:  The solver ECOS is not installed. 
Using SCS instead.
ECOS solver failed:  The solver ECOS is not installed. 
Using SCS instead.
ECOS solver failed:  The solver ECOS is not installed. 
Using SCS instead.
ECOS solver failed:  The solver ECOS is not installed. 
Using SCS instead.
ECOS solver failed:  The solver ECOS is not installed. 
Using SCS instead.
ECOS solver failed:  The solver ECOS is not installed. 
Using SCS instead.
ECOS solver failed:  The solver ECOS is not installed. 
Using SCS instead.
ECOS solver failed:  The solver ECOS is not installed. 
Using SCS instead.
ECOS solver failed:  The solver ECOS is not installed. 
Using SCS instead.
ECOS solver failed:  The solver ECOS is not installed. 
Using SCS instead.
ECOS solver failed:  The solver ECOS is not installed. 
Using SCS instead.
ECOS solver failed:  The solver ECOS is not installed. 
Using SCS instead.
ECOS solver failed:  The solver ECOS is not installed. 
Using SCS instead.
M-step Design Matrix Calculation time (sec): 0.0439
ECOS solver failed in IPCW_HAL_init, falling back to SCS: The solver ECOS is not installed.
M-step CVXPY optimize time (sec): 1.2132
ECOS solver failed:  The solver ECOS is not installed. 
Using SCS instead.
ECOS solver failed:  The solver ECOS is not installed. 
Using SCS instead.
ECOS solver failed:  The solver ECOS is not installed. 
Using SCS instead.
ECOS solver failed:  The solver ECOS is not installed. 
Using SCS instead.
ECOS solver failed:  The solver ECOS is not installed. 
Using SCS instead.
ECOS solver failed:  The solver ECOS is not installed. 
Using SCS instead.
ECOS solver failed:  The solver ECOS is not installed. 
Using SCS instead.
ECOS solver failed:  The solver ECOS is not installed. 
Using SCS instead.
ECOS solver failed:  The solver ECOS is not installed. 
Using SCS instead.
ECOS solver failed:  The solver ECOS is not installed. 
Using SCS instead.
ECOS solver failed:  The solver ECOS is not installed. 
Using SCS instead.
ECOS solver failed:  The solver ECOS is not installed. 
Using SCS instead.
ECOS solver failed:  The solver ECOS is not installed. 
Using SCS instead.
ECOS solver failed:  The solver ECOS is not installed. 
Using SCS instead.
ECOS solver failed:  The solver ECOS is not installed. 
Using SCS instead.
ECOS solver failed:  The solver ECOS is not installed. 
Using SCS instead.
ECOS solver failed:  The solver ECOS is not installed. 
Using SCS instead.
ECOS solver failed:  The solver ECOS is not installed. 
Using SCS instead.
ECOS solver failed:  The solver ECOS is not installed. 
Using SCS instead.
ECOS solver failed:  The solver ECOS is not installed. 
Using SCS instead.
ECOS solver failed:  The solver ECOS is not installed. 
Using SCS instead.
M-step Design Matrix Calculation time (sec): 0.0197
ECOS solver failed in IPCW_HAL_init, falling back to SCS: The solver ECOS is not installed.
WARNING - large complementary slackness residual: 0.006906
M-step CVXPY optimize time (sec): 2.2540
ECOS solver failed:  The solver ECOS is not installed. 
Using SCS instead.
ECOS solver failed:  The solver ECOS is not installed. 
Using SCS instead.
ECOS solver failed:  The solver ECOS is not installed. 
Using SCS instead.
ECOS solver failed:  The solver ECOS is not installed. 
Using SCS instead.
ECOS solver failed:  The solver ECOS is not installed. 
Using SCS instead.
ECOS solver failed:  The solver ECOS is not installed. 
Using SCS instead.
ECOS solver failed:  The solver ECOS is not installed. 
Using SCS instead.
ECOS solver failed:  The solver ECOS is not installed. 
Using SCS instead.
ECOS solver failed:  The solver ECOS is not installed. 
Using SCS instead.
ECOS solver failed:  The solver ECOS is not installed. 
Using SCS instead.
ECOS solver failed:  The solver ECOS is not installed. 
Using SCS instead.
ECOS solver failed:  The solver ECOS is not installed. 
Using SCS instead.
ECOS solver failed:  The solver ECOS is not installed. 
Using SCS instead.
ECOS solver failed:  The solver ECOS is not installed. 
Using SCS instead.
ECOS solver failed:  The solver ECOS is not installed. 
Using SCS instead.
ECOS solver failed:  The solver ECOS is not installed. 
Using SCS instead.
ECOS solver failed:  The solver ECOS is not installed. 
Using SCS instead.
ECOS solver failed:  The solver ECOS is not installed. 
Using SCS instead.
ECOS solver failed:  The solver ECOS is not installed. 
Using SCS instead.
ECOS solver failed:  The solver ECOS is not installed. 
Using SCS instead.
ECOS solver failed:  The solver ECOS is not installed. 
Using SCS instead.
M-step Design Matrix Calculation time (sec): 0.0169
ECOS solver failed in IPCW_HAL_init, falling back to SCS: The solver ECOS is not installed.
WARNING - large complementary slackness residual: 0.026032
M-step CVXPY optimize time (sec): 2.4818
ECOS solver failed:  The solver ECOS is not installed. 
Using SCS instead.
ECOS solver failed:  The solver ECOS is not installed. 
Using SCS instead.
ECOS solver failed:  The solver ECOS is not installed. 
Using SCS instead.
ECOS solver failed:  The solver ECOS is not installed. 
Using SCS instead.
ECOS solver failed:  The solver ECOS is not installed. 
Using SCS instead.
ECOS solver failed:  The solver ECOS is not installed. 
Using SCS instead.
ECOS solver failed:  The solver ECOS is not installed. 
Using SCS instead.
ECOS solver failed:  The solver ECOS is not installed. 
Using SCS instead.
ECOS solver failed:  The solver ECOS is not installed. 
Using SCS instead.
ECOS solver failed:  The solver ECOS is not installed. 
Using SCS instead.
ECOS solver failed:  The solver ECOS is not installed. 
Using SCS instead.
ECOS solver failed:  The solver ECOS is not installed. 
Using SCS instead.
ECOS solver failed:  The solver ECOS is not installed. 
Using SCS instead.
ECOS solver failed:  The solver ECOS is not installed. 
Using SCS instead.
ECOS solver failed:  The solver ECOS is not installed. 
Using SCS instead.
ECOS solver failed:  The solver ECOS is not installed. 
Using SCS instead.
ECOS solver failed:  The solver ECOS is not installed. 
Using SCS instead.
ECOS solver failed:  The solver ECOS is not installed. 
Using SCS instead.
ECOS solver failed:  The solver ECOS is not installed. 
Using SCS instead.
ECOS solver failed:  The solver ECOS is not installed. 
Using SCS instead.
ECOS solver failed:  The solver ECOS is not installed. 
Using SCS instead.
M-step Design Matrix Calculation time (sec): 0.0436
ECOS solver failed in IPCW_HAL_init, falling back to SCS: The solver ECOS is not installed.
WARNING - large complementary slackness residual: 0.013970
M-step CVXPY optimize time (sec): 2.3407
ECOS solver failed:  The solver ECOS is not installed. 
Using SCS instead.
ECOS solver failed:  The solver ECOS is not installed. 
Using SCS instead.
ECOS solver failed:  The solver ECOS is not installed. 
Using SCS instead.
ECOS solver failed:  The solver ECOS is not installed. 
Using SCS instead.
ECOS solver failed:  The solver ECOS is not installed. 
Using SCS instead.
ECOS solver failed:  The solver ECOS is not installed. 
Using SCS instead.
ECOS solver failed:  The solver ECOS is not installed. 
Using SCS instead.
ECOS solver failed:  The solver ECOS is not installed. 
Using SCS instead.
ECOS solver failed:  The solver ECOS is not installed. 
Using SCS instead.
ECOS solver failed:  The solver ECOS is not installed. 
Using SCS instead.
ECOS solver failed:  The solver ECOS is not installed. 
Using SCS instead.
ECOS solver failed:  The solver ECOS is not installed. 
Using SCS instead.
ECOS solver failed:  The solver ECOS is not installed. 
Using SCS instead.
ECOS solver failed:  The solver ECOS is not installed. 
Using SCS instead.
ECOS solver failed:  The solver ECOS is not installed. 
Using SCS instead.
ECOS solver failed:  The solver ECOS is not installed. 
Using SCS instead.
ECOS solver failed:  The solver ECOS is not installed. 
Using SCS instead.
ECOS solver failed:  The solver ECOS is not installed. 
Using SCS instead.
ECOS solver failed:  The solver ECOS is not installed. 
Using SCS instead.
ECOS solver failed:  The solver ECOS is not installed. 
Using SCS instead.
ECOS solver failed:  The solver ECOS is not installed. 
Using SCS instead.
M-step Design Matrix Calculation time (sec): 0.0182
ECOS solver failed in IPCW_HAL_init, falling back to SCS: The solver ECOS is not installed.
WARNING - large complementary slackness residual: 0.033371
M-step CVXPY optimize time (sec): 0.9660
ECOS solver failed:  The solver ECOS is not installed. 
Using SCS instead.
ECOS solver failed:  The solver ECOS is not installed. 
Using SCS instead.
ECOS solver failed:  The solver ECOS is not installed. 
Using SCS instead.
ECOS solver failed:  The solver ECOS is not installed. 
Using SCS instead.
ECOS solver failed:  The solver ECOS is not installed. 
Using SCS instead.
ECOS solver failed:  The solver ECOS is not installed. 
Using SCS instead.
ECOS solver failed:  The solver ECOS is not installed. 
Using SCS instead.
ECOS solver failed:  The solver ECOS is not installed. 
Using SCS instead.
ECOS solver failed:  The solver ECOS is not installed. 
Using SCS instead.
ECOS solver failed:  The solver ECOS is not installed. 
Using SCS instead.
ECOS solver failed:  The solver ECOS is not installed. 
Using SCS instead.
ECOS solver failed:  The solver ECOS is not installed. 
Using SCS instead.
ECOS solver failed:  The solver ECOS is not installed. 
Using SCS instead.
ECOS solver failed:  The solver ECOS is not installed. 
Using SCS instead.
ECOS solver failed:  The solver ECOS is not installed. 
Using SCS instead.
ECOS solver failed:  The solver ECOS is not installed. 
Using SCS instead.
ECOS solver failed:  The solver ECOS is not installed. 
Using SCS instead.
ECOS solver failed:  The solver ECOS is not installed. 
Using SCS instead.
ECOS solver failed:  The solver ECOS is not installed. 
Using SCS instead.
ECOS solver failed:  The solver ECOS is not installed. 
Using SCS instead.
ECOS solver failed:  The solver ECOS is not installed. 
Using SCS instead.
M-step Design Matrix Calculation time (sec): 0.0350
ECOS solver failed in IPCW_HAL_init, falling back to SCS: The solver ECOS is not installed.
WARNING - large complementary slackness residual: 0.006550
M-step CVXPY optimize time (sec): 0.6406
ECOS solver failed:  The solver ECOS is not installed. 
Using SCS instead.
ECOS solver failed:  The solver ECOS is not installed. 
Using SCS instead.
ECOS solver failed:  The solver ECOS is not installed. 
Using SCS instead.
ECOS solver failed:  The solver ECOS is not installed. 
Using SCS instead.
ECOS solver failed:  The solver ECOS is not installed. 
Using SCS instead.
ECOS solver failed:  The solver ECOS is not installed. 
Using SCS instead.
ECOS solver failed:  The solver ECOS is not installed. 
Using SCS instead.
ECOS solver failed:  The solver ECOS is not installed. 
Using SCS instead.
ECOS solver failed:  The solver ECOS is not installed. 
Using SCS instead.
ECOS solver failed:  The solver ECOS is not installed. 
Using SCS instead.
ECOS solver failed:  The solver ECOS is not installed. 
Using SCS instead.
ECOS solver failed:  The solver ECOS is not installed. 
Using SCS instead.
ECOS solver failed:  The solver ECOS is not installed. 
Using SCS instead.
ECOS solver failed:  The solver ECOS is not installed. 
Using SCS instead.
ECOS solver failed:  The solver ECOS is not installed. 
Using SCS instead.
ECOS solver failed:  The solver ECOS is not installed. 
Using SCS instead.
ECOS solver failed:  The solver ECOS is not installed. 
Using SCS instead.
ECOS solver failed:  The solver ECOS is not installed. 
Using SCS instead.
ECOS solver failed:  The solver ECOS is not installed. 
Using SCS instead.
ECOS solver failed:  The solver ECOS is not installed. 
Using SCS instead.
ECOS solver failed:  The solver ECOS is not installed. 
Using SCS instead.
M-step Design Matrix Calculation time (sec): 0.1086
ECOS solver failed in IPCW_HAL_init, falling back to SCS: The solver ECOS is not installed.
M-step CVXPY optimize time (sec): 1.6628
ECOS solver failed:  The solver ECOS is not installed. 
Using SCS instead.
ECOS solver failed:  The solver ECOS is not installed. 
Using SCS instead.
ECOS solver failed:  The solver ECOS is not installed. 
Using SCS instead.
ECOS solver failed:  The solver ECOS is not installed. 
Using SCS instead.
ECOS solver failed:  The solver ECOS is not installed. 
Using SCS instead.
ECOS solver failed:  The solver ECOS is not installed. 
Using SCS instead.
ECOS solver failed:  The solver ECOS is not installed. 
Using SCS instead.
ECOS solver failed:  The solver ECOS is not installed. 
Using SCS instead.
ECOS solver failed:  The solver ECOS is not installed. 
Using SCS instead.
ECOS solver failed:  The solver ECOS is not installed. 
Using SCS instead.
ECOS solver failed:  The solver ECOS is not installed. 
Using SCS instead.
ECOS solver failed:  The solver ECOS is not installed. 
Using SCS instead.
ECOS solver failed:  The solver ECOS is not installed. 
Using SCS instead.
ECOS solver failed:  The solver ECOS is not installed. 
Using SCS instead.
ECOS solver failed:  The solver ECOS is not installed. 
Using SCS instead.
ECOS solver failed:  The solver ECOS is not installed. 
Using SCS instead.
ECOS solver failed:  The solver ECOS is not installed. 
Using SCS instead.
ECOS solver failed:  The solver ECOS is not installed. 
Using SCS instead.
ECOS solver failed:  The solver ECOS is not installed. 
Using SCS instead.
ECOS solver failed:  The solver ECOS is not installed. 
Using SCS instead.
ECOS solver failed:  The solver ECOS is not installed. 
Using SCS instead.
M-step Design Matrix Calculation time (sec): 0.0235
ECOS solver failed in IPCW_HAL_init, falling back to SCS: The solver ECOS is not installed.
WARNING - large complementary slackness residual: 0.008231
M-step CVXPY optimize time (sec): 3.3067
ECOS solver failed:  The solver ECOS is not installed. 
Using SCS instead.
ECOS solver failed:  The solver ECOS is not installed. 
Using SCS instead.
ECOS solver failed:  The solver ECOS is not installed. 
Using SCS instead.
ECOS solver failed:  The solver ECOS is not installed. 
Using SCS instead.
ECOS solver failed:  The solver ECOS is not installed. 
Using SCS instead.
ECOS solver failed:  The solver ECOS is not installed. 
Using SCS instead.
ECOS solver failed:  The solver ECOS is not installed. 
Using SCS instead.
ECOS solver failed:  The solver ECOS is not installed. 
Using SCS instead.
ECOS solver failed:  The solver ECOS is not installed. 
Using SCS instead.
ECOS solver failed:  The solver ECOS is not installed. 
Using SCS instead.
ECOS solver failed:  The solver ECOS is not installed. 
Using SCS instead.
ECOS solver failed:  The solver ECOS is not installed. 
Using SCS instead.
ECOS solver failed:  The solver ECOS is not installed. 
Using SCS instead.
ECOS solver failed:  The solver ECOS is not installed. 
Using SCS instead.
ECOS solver failed:  The solver ECOS is not installed. 
Using SCS instead.
ECOS solver failed:  The solver ECOS is not installed. 
Using SCS instead.
ECOS solver failed:  The solver ECOS is not installed. 
Using SCS instead.
ECOS solver failed:  The solver ECOS is not installed. 
Using SCS instead.
ECOS solver failed:  The solver ECOS is not installed. 
Using SCS instead.
ECOS solver failed:  The solver ECOS is not installed. 
Using SCS instead.
ECOS solver failed:  The solver ECOS is not installed. 
Using SCS instead.
M-step Design Matrix Calculation time (sec): 0.0177
ECOS solver failed in IPCW_HAL_init, falling back to SCS: The solver ECOS is not installed.
WARNING - large complementary slackness residual: 0.017214
M-step CVXPY optimize time (sec): 2.2873
ECOS solver failed:  The solver ECOS is not installed. 
Using SCS instead.
ECOS solver failed:  The solver ECOS is not installed. 
Using SCS instead.
ECOS solver failed:  The solver ECOS is not installed. 
Using SCS instead.
ECOS solver failed:  The solver ECOS is not installed. 
Using SCS instead.
ECOS solver failed:  The solver ECOS is not installed. 
Using SCS instead.
ECOS solver failed:  The solver ECOS is not installed. 
Using SCS instead.
ECOS solver failed:  The solver ECOS is not installed. 
Using SCS instead.
ECOS solver failed:  The solver ECOS is not installed. 
Using SCS instead.
ECOS solver failed:  The solver ECOS is not installed. 
Using SCS instead.
ECOS solver failed:  The solver ECOS is not installed. 
Using SCS instead.
ECOS solver failed:  The solver ECOS is not installed. 
Using SCS instead.
ECOS solver failed:  The solver ECOS is not installed. 
Using SCS instead.
ECOS solver failed:  The solver ECOS is not installed. 
Using SCS instead.
ECOS solver failed:  The solver ECOS is not installed. 
Using SCS instead.
ECOS solver failed:  The solver ECOS is not installed. 
Using SCS instead.
ECOS solver failed:  The solver ECOS is not installed. 
Using SCS instead.
ECOS solver failed:  The solver ECOS is not installed. 
Using SCS instead.
ECOS solver failed:  The solver ECOS is not installed. 
Using SCS instead.
ECOS solver failed:  The solver ECOS is not installed. 
Using SCS instead.
ECOS solver failed:  The solver ECOS is not installed. 
Using SCS instead.
ECOS solver failed:  The solver ECOS is not installed. 
Using SCS instead.
M-step Design Matrix Calculation time (sec): 0.4774
ECOS solver failed in IPCW_HAL_init, falling back to SCS: The solver ECOS is not installed.
WARNING - large complementary slackness residual: 0.023886
M-step CVXPY optimize time (sec): 1.6893
ECOS solver failed:  The solver ECOS is not installed. 
Using SCS instead.
ECOS solver failed:  The solver ECOS is not installed. 
Using SCS instead.
ECOS solver failed:  The solver ECOS is not installed. 
Using SCS instead.
ECOS solver failed:  The solver ECOS is not installed. 
Using SCS instead.
ECOS solver failed:  The solver ECOS is not installed. 
Using SCS instead.
ECOS solver failed:  The solver ECOS is not installed. 
Using SCS instead.
ECOS solver failed:  The solver ECOS is not installed. 
Using SCS instead.
ECOS solver failed:  The solver ECOS is not installed. 
Using SCS instead.
ECOS solver failed:  The solver ECOS is not installed. 
Using SCS instead.
ECOS solver failed:  The solver ECOS is not installed. 
Using SCS instead.
ECOS solver failed:  The solver ECOS is not installed. 
Using SCS instead.
ECOS solver failed:  The solver ECOS is not installed. 
Using SCS instead.
ECOS solver failed:  The solver ECOS is not installed. 
Using SCS instead.
ECOS solver failed:  The solver ECOS is not installed. 
Using SCS instead.
ECOS solver failed:  The solver ECOS is not installed. 
Using SCS instead.
ECOS solver failed:  The solver ECOS is not installed. 
Using SCS instead.
ECOS solver failed:  The solver ECOS is not installed. 
Using SCS instead.
ECOS solver failed:  The solver ECOS is not installed. 
Using SCS instead.
ECOS solver failed:  The solver ECOS is not installed. 
Using SCS instead.
ECOS solver failed:  The solver ECOS is not installed. 
Using SCS instead.
ECOS solver failed:  The solver ECOS is not installed. 
Using SCS instead.
M-step Design Matrix Calculation time (sec): 0.0184
ECOS solver failed in IPCW_HAL_init, falling back to SCS: The solver ECOS is not installed.
WARNING - large complementary slackness residual: 0.032767
M-step CVXPY optimize time (sec): 2.2449
ECOS solver failed:  The solver ECOS is not installed. 
Using SCS instead.
ECOS solver failed:  The solver ECOS is not installed. 
Using SCS instead.
ECOS solver failed:  The solver ECOS is not installed. 
Using SCS instead.
ECOS solver failed:  The solver ECOS is not installed. 
Using SCS instead.
ECOS solver failed:  The solver ECOS is not installed. 
Using SCS instead.
ECOS solver failed:  The solver ECOS is not installed. 
Using SCS instead.
ECOS solver failed:  The solver ECOS is not installed. 
Using SCS instead.
ECOS solver failed:  The solver ECOS is not installed. 
Using SCS instead.
ECOS solver failed:  The solver ECOS is not installed. 
Using SCS instead.
ECOS solver failed:  The solver ECOS is not installed. 
Using SCS instead.
ECOS solver failed:  The solver ECOS is not installed. 
Using SCS instead.
ECOS solver failed:  The solver ECOS is not installed. 
Using SCS instead.
ECOS solver failed:  The solver ECOS is not installed. 
Using SCS instead.
ECOS solver failed:  The solver ECOS is not installed. 
Using SCS instead.
ECOS solver failed:  The solver ECOS is not installed. 
Using SCS instead.
ECOS solver failed:  The solver ECOS is not installed. 
Using SCS instead.
ECOS solver failed:  The solver ECOS is not installed. 
Using SCS instead.
ECOS solver failed:  The solver ECOS is not installed. 
Using SCS instead.
ECOS solver failed:  The solver ECOS is not installed. 
Using SCS instead.
ECOS solver failed:  The solver ECOS is not installed. 
Using SCS instead.
ECOS solver failed:  The solver ECOS is not installed. 
Using SCS instead.
M-step Design Matrix Calculation time (sec): 0.0177
ECOS solver failed in IPCW_HAL_init, falling back to SCS: The solver ECOS is not installed.
WARNING - large complementary slackness residual: 0.004752
M-step CVXPY optimize time (sec): 2.3369
ECOS solver failed:  The solver ECOS is not installed. 
Using SCS instead.
ECOS solver failed:  The solver ECOS is not installed. 
Using SCS instead.
ECOS solver failed:  The solver ECOS is not installed. 
Using SCS instead.
ECOS solver failed:  The solver ECOS is not installed. 
Using SCS instead.
ECOS solver failed:  The solver ECOS is not installed. 
Using SCS instead.
ECOS solver failed:  The solver ECOS is not installed. 
Using SCS instead.
ECOS solver failed:  The solver ECOS is not installed. 
Using SCS instead.
ECOS solver failed:  The solver ECOS is not installed. 
Using SCS instead.
ECOS solver failed:  The solver ECOS is not installed. 
Using SCS instead.
ECOS solver failed:  The solver ECOS is not installed. 
Using SCS instead.
ECOS solver failed:  The solver ECOS is not installed. 
Using SCS instead.
ECOS solver failed:  The solver ECOS is not installed. 
Using SCS instead.
ECOS solver failed:  The solver ECOS is not installed. 
Using SCS instead.
ECOS solver failed:  The solver ECOS is not installed. 
Using SCS instead.
ECOS solver failed:  The solver ECOS is not installed. 
Using SCS instead.
ECOS solver failed:  The solver ECOS is not installed. 
Using SCS instead.
ECOS solver failed:  The solver ECOS is not installed. 
Using SCS instead.
ECOS solver failed:  The solver ECOS is not installed. 
Using SCS instead.
ECOS solver failed:  The solver ECOS is not installed. 
Using SCS instead.
ECOS solver failed:  The solver ECOS is not installed. 
Using SCS instead.
ECOS solver failed:  The solver ECOS is not installed. 
Using SCS instead.
M-step Design Matrix Calculation time (sec): 0.0190
ECOS solver failed in IPCW_HAL_init, falling back to SCS: The solver ECOS is not installed.
WARNING - large complementary slackness residual: 0.004321
M-step CVXPY optimize time (sec): 1.2989
ECOS solver failed:  The solver ECOS is not installed. 
Using SCS instead.
ECOS solver failed:  The solver ECOS is not installed. 
Using SCS instead.
ECOS solver failed:  The solver ECOS is not installed. 
Using SCS instead.
ECOS solver failed:  The solver ECOS is not installed. 
Using SCS instead.
ECOS solver failed:  The solver ECOS is not installed. 
Using SCS instead.
ECOS solver failed:  The solver ECOS is not installed. 
Using SCS instead.
ECOS solver failed:  The solver ECOS is not installed. 
Using SCS instead.
ECOS solver failed:  The solver ECOS is not installed. 
Using SCS instead.
ECOS solver failed:  The solver ECOS is not installed. 
Using SCS instead.
ECOS solver failed:  The solver ECOS is not installed. 
Using SCS instead.
ECOS solver failed:  The solver ECOS is not installed. 
Using SCS instead.
ECOS solver failed:  The solver ECOS is not installed. 
Using SCS instead.
ECOS solver failed:  The solver ECOS is not installed. 
Using SCS instead.
ECOS solver failed:  The solver ECOS is not installed. 
Using SCS instead.
ECOS solver failed:  The solver ECOS is not installed. 
Using SCS instead.
ECOS solver failed:  The solver ECOS is not installed. 
Using SCS instead.
ECOS solver failed:  The solver ECOS is not installed. 
Using SCS instead.
ECOS solver failed:  The solver ECOS is not installed. 
Using SCS instead.
ECOS solver failed:  The solver ECOS is not installed. 
Using SCS instead.
ECOS solver failed:  The solver ECOS is not installed. 
Using SCS instead.
ECOS solver failed:  The solver ECOS is not installed. 
Using SCS instead.
M-step Design Matrix Calculation time (sec): 0.1012
ECOS solver failed in IPCW_HAL_init, falling back to SCS: The solver ECOS is not installed.
WARNING - large complementary slackness residual: 0.018022
M-step CVXPY optimize time (sec): 3.0354
ECOS solver failed:  The solver ECOS is not installed. 
Using SCS instead.
ECOS solver failed:  The solver ECOS is not installed. 
Using SCS instead.
ECOS solver failed:  The solver ECOS is not installed. 
Using SCS instead.
ECOS solver failed:  The solver ECOS is not installed. 
Using SCS instead.
ECOS solver failed:  The solver ECOS is not installed. 
Using SCS instead.
ECOS solver failed:  The solver ECOS is not installed. 
Using SCS instead.
ECOS solver failed:  The solver ECOS is not installed. 
Using SCS instead.
ECOS solver failed:  The solver ECOS is not installed. 
Using SCS instead.
ECOS solver failed:  The solver ECOS is not installed. 
Using SCS instead.
ECOS solver failed:  The solver ECOS is not installed. 
Using SCS instead.
ECOS solver failed:  The solver ECOS is not installed. 
Using SCS instead.
ECOS solver failed:  The solver ECOS is not installed. 
Using SCS instead.
ECOS solver failed:  The solver ECOS is not installed. 
Using SCS instead.
ECOS solver failed:  The solver ECOS is not installed. 
Using SCS instead.
ECOS solver failed:  The solver ECOS is not installed. 
Using SCS instead.
ECOS solver failed:  The solver ECOS is not installed. 
Using SCS instead.
ECOS solver failed:  The solver ECOS is not installed. 
Using SCS instead.
ECOS solver failed:  The solver ECOS is not installed. 
Using SCS instead.
ECOS solver failed:  The solver ECOS is not installed. 
Using SCS instead.
ECOS solver failed:  The solver ECOS is not installed. 
Using SCS instead.
ECOS solver failed:  The solver ECOS is not installed. 
Using SCS instead.
M-step Design Matrix Calculation time (sec): 0.0348
ECOS solver failed in IPCW_HAL_init, falling back to SCS: The solver ECOS is not installed.
M-step CVXPY optimize time (sec): 1.0064
ECOS solver failed:  The solver ECOS is not installed. 
Using SCS instead.
ECOS solver failed:  The solver ECOS is not installed. 
Using SCS instead.
ECOS solver failed:  The solver ECOS is not installed. 
Using SCS instead.
ECOS solver failed:  The solver ECOS is not installed. 
Using SCS instead.
ECOS solver failed:  The solver ECOS is not installed. 
Using SCS instead.
ECOS solver failed:  The solver ECOS is not installed. 
Using SCS instead.
ECOS solver failed:  The solver ECOS is not installed. 
Using SCS instead.
ECOS solver failed:  The solver ECOS is not installed. 
Using SCS instead.
ECOS solver failed:  The solver ECOS is not installed. 
Using SCS instead.
ECOS solver failed:  The solver ECOS is not installed. 
Using SCS instead.
ECOS solver failed:  The solver ECOS is not installed. 
Using SCS instead.
ECOS solver failed:  The solver ECOS is not installed. 
Using SCS instead.
ECOS solver failed:  The solver ECOS is not installed. 
Using SCS instead.
ECOS solver failed:  The solver ECOS is not installed. 
Using SCS instead.
ECOS solver failed:  The solver ECOS is not installed. 
Using SCS instead.
ECOS solver failed:  The solver ECOS is not installed. 
Using SCS instead.
ECOS solver failed:  The solver ECOS is not installed. 
Using SCS instead.
ECOS solver failed:  The solver ECOS is not installed. 
Using SCS instead.
ECOS solver failed:  The solver ECOS is not installed. 
Using SCS instead.
ECOS solver failed:  The solver ECOS is not installed. 
Using SCS instead.
ECOS solver failed:  The solver ECOS is not installed. 
Using SCS instead.
M-step Design Matrix Calculation time (sec): 0.0185
ECOS solver failed in IPCW_HAL_init, falling back to SCS: The solver ECOS is not installed.
WARNING - large complementary slackness residual: 0.016387
M-step CVXPY optimize time (sec): 1.7980
ECOS solver failed:  The solver ECOS is not installed. 
Using SCS instead.
ECOS solver failed:  The solver ECOS is not installed. 
Using SCS instead.
ECOS solver failed:  The solver ECOS is not installed. 
Using SCS instead.
ECOS solver failed:  The solver ECOS is not installed. 
Using SCS instead.
ECOS solver failed:  The solver ECOS is not installed. 
Using SCS instead.
ECOS solver failed:  The solver ECOS is not installed. 
Using SCS instead.
ECOS solver failed:  The solver ECOS is not installed. 
Using SCS instead.
ECOS solver failed:  The solver ECOS is not installed. 
Using SCS instead.
ECOS solver failed:  The solver ECOS is not installed. 
Using SCS instead.
ECOS solver failed:  The solver ECOS is not installed. 
Using SCS instead.
ECOS solver failed:  The solver ECOS is not installed. 
Using SCS instead.
ECOS solver failed:  The solver ECOS is not installed. 
Using SCS instead.
ECOS solver failed:  The solver ECOS is not installed. 
Using SCS instead.
ECOS solver failed:  The solver ECOS is not installed. 
Using SCS instead.
ECOS solver failed:  The solver ECOS is not installed. 
Using SCS instead.
ECOS solver failed:  The solver ECOS is not installed. 
Using SCS instead.
ECOS solver failed:  The solver ECOS is not installed. 
Using SCS instead.
ECOS solver failed:  The solver ECOS is not installed. 
Using SCS instead.
ECOS solver failed:  The solver ECOS is not installed. 
Using SCS instead.
ECOS solver failed:  The solver ECOS is not installed. 
Using SCS instead.
ECOS solver failed:  The solver ECOS is not installed. 
Using SCS instead.
M-step Design Matrix Calculation time (sec): 0.0488
ECOS solver failed in IPCW_HAL_init, falling back to SCS: The solver ECOS is not installed.
WARNING - large complementary slackness residual: 0.005514
M-step CVXPY optimize time (sec): 1.8979
ECOS solver failed:  The solver ECOS is not installed. 
Using SCS instead.
ECOS solver failed:  The solver ECOS is not installed. 
Using SCS instead.
ECOS solver failed:  The solver ECOS is not installed. 
Using SCS instead.
ECOS solver failed:  The solver ECOS is not installed. 
Using SCS instead.
ECOS solver failed:  The solver ECOS is not installed. 
Using SCS instead.
ECOS solver failed:  The solver ECOS is not installed. 
Using SCS instead.
ECOS solver failed:  The solver ECOS is not installed. 
Using SCS instead.
ECOS solver failed:  The solver ECOS is not installed. 
Using SCS instead.
ECOS solver failed:  The solver ECOS is not installed. 
Using SCS instead.
ECOS solver failed:  The solver ECOS is not installed. 
Using SCS instead.
ECOS solver failed:  The solver ECOS is not installed. 
Using SCS instead.
ECOS solver failed:  The solver ECOS is not installed. 
Using SCS instead.
ECOS solver failed:  The solver ECOS is not installed. 
Using SCS instead.
ECOS solver failed:  The solver ECOS is not installed. 
Using SCS instead.
ECOS solver failed:  The solver ECOS is not installed. 
Using SCS instead.
ECOS solver failed:  The solver ECOS is not installed. 
Using SCS instead.
ECOS solver failed:  The solver ECOS is not installed. 
Using SCS instead.
ECOS solver failed:  The solver ECOS is not installed. 
Using SCS instead.
ECOS solver failed:  The solver ECOS is not installed. 
Using SCS instead.
ECOS solver failed:  The solver ECOS is not installed. 
Using SCS instead.
ECOS solver failed:  The solver ECOS is not installed. 
Using SCS instead.
M-step Design Matrix Calculation time (sec): 0.0124
ECOS solver failed in IPCW_HAL_init, falling back to SCS: The solver ECOS is not installed.
WARNING - large complementary slackness residual: 0.017750
M-step CVXPY optimize time (sec): 0.4673
ECOS solver failed:  The solver ECOS is not installed. 
Using SCS instead.
ECOS solver failed:  The solver ECOS is not installed. 
Using SCS instead.
ECOS solver failed:  The solver ECOS is not installed. 
Using SCS instead.
ECOS solver failed:  The solver ECOS is not installed. 
Using SCS instead.
ECOS solver failed:  The solver ECOS is not installed. 
Using SCS instead.
ECOS solver failed:  The solver ECOS is not installed. 
Using SCS instead.
ECOS solver failed:  The solver ECOS is not installed. 
Using SCS instead.
ECOS solver failed:  The solver ECOS is not installed. 
Using SCS instead.
ECOS solver failed:  The solver ECOS is not installed. 
Using SCS instead.
ECOS solver failed:  The solver ECOS is not installed. 
Using SCS instead.
ECOS solver failed:  The solver ECOS is not installed. 
Using SCS instead.
ECOS solver failed:  The solver ECOS is not installed. 
Using SCS instead.
ECOS solver failed:  The solver ECOS is not installed. 
Using SCS instead.
ECOS solver failed:  The solver ECOS is not installed. 
Using SCS instead.
ECOS solver failed:  The solver ECOS is not installed. 
Using SCS instead.
ECOS solver failed:  The solver ECOS is not installed. 
Using SCS instead.
ECOS solver failed:  The solver ECOS is not installed. 
Using SCS instead.
ECOS solver failed:  The solver ECOS is not installed. 
Using SCS instead.
ECOS solver failed:  The solver ECOS is not installed. 
Using SCS instead.
ECOS solver failed:  The solver ECOS is not installed. 
Using SCS instead.
ECOS solver failed:  The solver ECOS is not installed. 
Using SCS instead.
M-step Design Matrix Calculation time (sec): 0.0180
ECOS solver failed in IPCW_HAL_init, falling back to SCS: The solver ECOS is not installed.
WARNING - large complementary slackness residual: 0.024238
M-step CVXPY optimize time (sec): 0.7896
ECOS solver failed:  The solver ECOS is not installed. 
Using SCS instead.
ECOS solver failed:  The solver ECOS is not installed. 
Using SCS instead.
ECOS solver failed:  The solver ECOS is not installed. 
Using SCS instead.
ECOS solver failed:  The solver ECOS is not installed. 
Using SCS instead.
ECOS solver failed:  The solver ECOS is not installed. 
Using SCS instead.
ECOS solver failed:  The solver ECOS is not installed. 
Using SCS instead.
ECOS solver failed:  The solver ECOS is not installed. 
Using SCS instead.
ECOS solver failed:  The solver ECOS is not installed. 
Using SCS instead.
ECOS solver failed:  The solver ECOS is not installed. 
Using SCS instead.
ECOS solver failed:  The solver ECOS is not installed. 
Using SCS instead.
ECOS solver failed:  The solver ECOS is not installed. 
Using SCS instead.
ECOS solver failed:  The solver ECOS is not installed. 
Using SCS instead.
ECOS solver failed:  The solver ECOS is not installed. 
Using SCS instead.
ECOS solver failed:  The solver ECOS is not installed. 
Using SCS instead.
ECOS solver failed:  The solver ECOS is not installed. 
Using SCS instead.
ECOS solver failed:  The solver ECOS is not installed. 
Using SCS instead.
ECOS solver failed:  The solver ECOS is not installed. 
Using SCS instead.
ECOS solver failed:  The solver ECOS is not installed. 
Using SCS instead.
ECOS solver failed:  The solver ECOS is not installed. 
Using SCS instead.
ECOS solver failed:  The solver ECOS is not installed. 
Using SCS instead.
ECOS solver failed:  The solver ECOS is not installed. 
Using SCS instead.
M-step Design Matrix Calculation time (sec): 0.0358
ECOS solver failed in IPCW_HAL_init, falling back to SCS: The solver ECOS is not installed.
WARNING - large complementary slackness residual: 0.023499
M-step CVXPY optimize time (sec): 1.8670
ECOS solver failed:  The solver ECOS is not installed. 
Using SCS instead.
ECOS solver failed:  The solver ECOS is not installed. 
Using SCS instead.
ECOS solver failed:  The solver ECOS is not installed. 
Using SCS instead.
ECOS solver failed:  The solver ECOS is not installed. 
Using SCS instead.
ECOS solver failed:  The solver ECOS is not installed. 
Using SCS instead.
ECOS solver failed:  The solver ECOS is not installed. 
Using SCS instead.
ECOS solver failed:  The solver ECOS is not installed. 
Using SCS instead.
ECOS solver failed:  The solver ECOS is not installed. 
Using SCS instead.
ECOS solver failed:  The solver ECOS is not installed. 
Using SCS instead.
ECOS solver failed:  The solver ECOS is not installed. 
Using SCS instead.
ECOS solver failed:  The solver ECOS is not installed. 
Using SCS instead.
ECOS solver failed:  The solver ECOS is not installed. 
Using SCS instead.
ECOS solver failed:  The solver ECOS is not installed. 
Using SCS instead.
ECOS solver failed:  The solver ECOS is not installed. 
Using SCS instead.
ECOS solver failed:  The solver ECOS is not installed. 
Using SCS instead.
ECOS solver failed:  The solver ECOS is not installed. 
Using SCS instead.
ECOS solver failed:  The solver ECOS is not installed. 
Using SCS instead.
ECOS solver failed:  The solver ECOS is not installed. 
Using SCS instead.
ECOS solver failed:  The solver ECOS is not installed. 
Using SCS instead.
ECOS solver failed:  The solver ECOS is not installed. 
Using SCS instead.
ECOS solver failed:  The solver ECOS is not installed. 
Using SCS instead.
M-step Design Matrix Calculation time (sec): 0.0441
ECOS solver failed in IPCW_HAL_init, falling back to SCS: The solver ECOS is not installed.
WARNING - large complementary slackness residual: 0.008146
M-step CVXPY optimize time (sec): 2.5100
ECOS solver failed:  The solver ECOS is not installed. 
Using SCS instead.
ECOS solver failed:  The solver ECOS is not installed. 
Using SCS instead.
ECOS solver failed:  The solver ECOS is not installed. 
Using SCS instead.
ECOS solver failed:  The solver ECOS is not installed. 
Using SCS instead.
ECOS solver failed:  The solver ECOS is not installed. 
Using SCS instead.
ECOS solver failed:  The solver ECOS is not installed. 
Using SCS instead.
ECOS solver failed:  The solver ECOS is not installed. 
Using SCS instead.
ECOS solver failed:  The solver ECOS is not installed. 
Using SCS instead.
ECOS solver failed:  The solver ECOS is not installed. 
Using SCS instead.
ECOS solver failed:  The solver ECOS is not installed. 
Using SCS instead.
ECOS solver failed:  The solver ECOS is not installed. 
Using SCS instead.
ECOS solver failed:  The solver ECOS is not installed. 
Using SCS instead.
ECOS solver failed:  The solver ECOS is not installed. 
Using SCS instead.
ECOS solver failed:  The solver ECOS is not installed. 
Using SCS instead.
ECOS solver failed:  The solver ECOS is not installed. 
Using SCS instead.
ECOS solver failed:  The solver ECOS is not installed. 
Using SCS instead.
ECOS solver failed:  The solver ECOS is not installed. 
Using SCS instead.
ECOS solver failed:  The solver ECOS is not installed. 
Using SCS instead.
ECOS solver failed:  The solver ECOS is not installed. 
Using SCS instead.
ECOS solver failed:  The solver ECOS is not installed. 
Using SCS instead.
ECOS solver failed:  The solver ECOS is not installed. 
Using SCS instead.
M-step Design Matrix Calculation time (sec): 0.0207
ECOS solver failed in IPCW_HAL_init, falling back to SCS: The solver ECOS is not installed.
WARNING - large complementary slackness residual: 0.013583
M-step CVXPY optimize time (sec): 3.4769
ECOS solver failed:  The solver ECOS is not installed. 
Using SCS instead.
ECOS solver failed:  The solver ECOS is not installed. 
Using SCS instead.
ECOS solver failed:  The solver ECOS is not installed. 
Using SCS instead.
ECOS solver failed:  The solver ECOS is not installed. 
Using SCS instead.
ECOS solver failed:  The solver ECOS is not installed. 
Using SCS instead.
ECOS solver failed:  The solver ECOS is not installed. 
Using SCS instead.
ECOS solver failed:  The solver ECOS is not installed. 
Using SCS instead.
ECOS solver failed:  The solver ECOS is not installed. 
Using SCS instead.
ECOS solver failed:  The solver ECOS is not installed. 
Using SCS instead.
ECOS solver failed:  The solver ECOS is not installed. 
Using SCS instead.
ECOS solver failed:  The solver ECOS is not installed. 
Using SCS instead.
ECOS solver failed:  The solver ECOS is not installed. 
Using SCS instead.
ECOS solver failed:  The solver ECOS is not installed. 
Using SCS instead.
ECOS solver failed:  The solver ECOS is not installed. 
Using SCS instead.
ECOS solver failed:  The solver ECOS is not installed. 
Using SCS instead.
ECOS solver failed:  The solver ECOS is not installed. 
Using SCS instead.
ECOS solver failed:  The solver ECOS is not installed. 
Using SCS instead.
ECOS solver failed:  The solver ECOS is not installed. 
Using SCS instead.
ECOS solver failed:  The solver ECOS is not installed. 
Using SCS instead.
ECOS solver failed:  The solver ECOS is not installed. 
Using SCS instead.
ECOS solver failed:  The solver ECOS is not installed. 
Using SCS instead.
M-step Design Matrix Calculation time (sec): 0.0239
ECOS solver failed in IPCW_HAL_init, falling back to SCS: The solver ECOS is not installed.
M-step CVXPY optimize time (sec): 1.2064
ECOS solver failed:  The solver ECOS is not installed. 
Using SCS instead.
ECOS solver failed:  The solver ECOS is not installed. 
Using SCS instead.
ECOS solver failed:  The solver ECOS is not installed. 
Using SCS instead.
ECOS solver failed:  The solver ECOS is not installed. 
Using SCS instead.
ECOS solver failed:  The solver ECOS is not installed. 
Using SCS instead.
ECOS solver failed:  The solver ECOS is not installed. 
Using SCS instead.
ECOS solver failed:  The solver ECOS is not installed. 
Using SCS instead.
ECOS solver failed:  The solver ECOS is not installed. 
Using SCS instead.
ECOS solver failed:  The solver ECOS is not installed. 
Using SCS instead.
ECOS solver failed:  The solver ECOS is not installed. 
Using SCS instead.
ECOS solver failed:  The solver ECOS is not installed. 
Using SCS instead.
ECOS solver failed:  The solver ECOS is not installed. 
Using SCS instead.
ECOS solver failed:  The solver ECOS is not installed. 
Using SCS instead.
ECOS solver failed:  The solver ECOS is not installed. 
Using SCS instead.
ECOS solver failed:  The solver ECOS is not installed. 
Using SCS instead.
ECOS solver failed:  The solver ECOS is not installed. 
Using SCS instead.
ECOS solver failed:  The solver ECOS is not installed. 
Using SCS instead.
ECOS solver failed:  The solver ECOS is not installed. 
Using SCS instead.
ECOS solver failed:  The solver ECOS is not installed. 
Using SCS instead.
ECOS solver failed:  The solver ECOS is not installed. 
Using SCS instead.
ECOS solver failed:  The solver ECOS is not installed. 
Using SCS instead.
M-step Design Matrix Calculation time (sec): 0.0184
ECOS solver failed in IPCW_HAL_init, falling back to SCS: The solver ECOS is not installed.
WARNING - large complementary slackness residual: 0.012771
M-step CVXPY optimize time (sec): 2.4936
ECOS solver failed:  The solver ECOS is not installed. 
Using SCS instead.
ECOS solver failed:  The solver ECOS is not installed. 
Using SCS instead.
ECOS solver failed:  The solver ECOS is not installed. 
Using SCS instead.
ECOS solver failed:  The solver ECOS is not installed. 
Using SCS instead.
ECOS solver failed:  The solver ECOS is not installed. 
Using SCS instead.
ECOS solver failed:  The solver ECOS is not installed. 
Using SCS instead.
ECOS solver failed:  The solver ECOS is not installed. 
Using SCS instead.
ECOS solver failed:  The solver ECOS is not installed. 
Using SCS instead.
ECOS solver failed:  The solver ECOS is not installed. 
Using SCS instead.
ECOS solver failed:  The solver ECOS is not installed. 
Using SCS instead.
ECOS solver failed:  The solver ECOS is not installed. 
Using SCS instead.
ECOS solver failed:  The solver ECOS is not installed. 
Using SCS instead.
ECOS solver failed:  The solver ECOS is not installed. 
Using SCS instead.
ECOS solver failed:  The solver ECOS is not installed. 
Using SCS instead.
ECOS solver failed:  The solver ECOS is not installed. 
Using SCS instead.
ECOS solver failed:  The solver ECOS is not installed. 
Using SCS instead.
ECOS solver failed:  The solver ECOS is not installed. 
Using SCS instead.
ECOS solver failed:  The solver ECOS is not installed. 
Using SCS instead.
ECOS solver failed:  The solver ECOS is not installed. 
Using SCS instead.
ECOS solver failed:  The solver ECOS is not installed. 
Using SCS instead.
ECOS solver failed:  The solver ECOS is not installed. 
Using SCS instead.
M-step Design Matrix Calculation time (sec): 0.0264
ECOS solver failed in IPCW_HAL_init, falling back to SCS: The solver ECOS is not installed.
WARNING - large complementary slackness residual: 0.008088
M-step CVXPY optimize time (sec): 2.3899
ECOS solver failed:  The solver ECOS is not installed. 
Using SCS instead.
ECOS solver failed:  The solver ECOS is not installed. 
Using SCS instead.
ECOS solver failed:  The solver ECOS is not installed. 
Using SCS instead.
ECOS solver failed:  The solver ECOS is not installed. 
Using SCS instead.
ECOS solver failed:  The solver ECOS is not installed. 
Using SCS instead.
ECOS solver failed:  The solver ECOS is not installed. 
Using SCS instead.
ECOS solver failed:  The solver ECOS is not installed. 
Using SCS instead.
ECOS solver failed:  The solver ECOS is not installed. 
Using SCS instead.
ECOS solver failed:  The solver ECOS is not installed. 
Using SCS instead.
ECOS solver failed:  The solver ECOS is not installed. 
Using SCS instead.
ECOS solver failed:  The solver ECOS is not installed. 
Using SCS instead.
ECOS solver failed:  The solver ECOS is not installed. 
Using SCS instead.
ECOS solver failed:  The solver ECOS is not installed. 
Using SCS instead.
ECOS solver failed:  The solver ECOS is not installed. 
Using SCS instead.
ECOS solver failed:  The solver ECOS is not installed. 
Using SCS instead.
ECOS solver failed:  The solver ECOS is not installed. 
Using SCS instead.
ECOS solver failed:  The solver ECOS is not installed. 
Using SCS instead.
ECOS solver failed:  The solver ECOS is not installed. 
Using SCS instead.
ECOS solver failed:  The solver ECOS is not installed. 
Using SCS instead.
ECOS solver failed:  The solver ECOS is not installed. 
Using SCS instead.
ECOS solver failed:  The solver ECOS is not installed. 
Using SCS instead.
M-step Design Matrix Calculation time (sec): 0.0526
ECOS solver failed in IPCW_HAL_init, falling back to SCS: The solver ECOS is not installed.
WARNING - large complementary slackness residual: 0.005286
M-step CVXPY optimize time (sec): 3.1889
ECOS solver failed:  The solver ECOS is not installed. 
Using SCS instead.
ECOS solver failed:  The solver ECOS is not installed. 
Using SCS instead.
ECOS solver failed:  The solver ECOS is not installed. 
Using SCS instead.
ECOS solver failed:  The solver ECOS is not installed. 
Using SCS instead.
ECOS solver failed:  The solver ECOS is not installed. 
Using SCS instead.
ECOS solver failed:  The solver ECOS is not installed. 
Using SCS instead.
ECOS solver failed:  The solver ECOS is not installed. 
Using SCS instead.
ECOS solver failed:  The solver ECOS is not installed. 
Using SCS instead.
ECOS solver failed:  The solver ECOS is not installed. 
Using SCS instead.
ECOS solver failed:  The solver ECOS is not installed. 
Using SCS instead.
ECOS solver failed:  The solver ECOS is not installed. 
Using SCS instead.
ECOS solver failed:  The solver ECOS is not installed. 
Using SCS instead.
ECOS solver failed:  The solver ECOS is not installed. 
Using SCS instead.
ECOS solver failed:  The solver ECOS is not installed. 
Using SCS instead.
ECOS solver failed:  The solver ECOS is not installed. 
Using SCS instead.
ECOS solver failed:  The solver ECOS is not installed. 
Using SCS instead.
ECOS solver failed:  The solver ECOS is not installed. 
Using SCS instead.
ECOS solver failed:  The solver ECOS is not installed. 
Using SCS instead.
ECOS solver failed:  The solver ECOS is not installed. 
Using SCS instead.
ECOS solver failed:  The solver ECOS is not installed. 
Using SCS instead.
ECOS solver failed:  The solver ECOS is not installed. 
Using SCS instead.
M-step Design Matrix Calculation time (sec): 0.0231
ECOS solver failed in IPCW_HAL_init, falling back to SCS: The solver ECOS is not installed.
WARNING - large complementary slackness residual: 0.007256
M-step CVXPY optimize time (sec): 1.7325
ECOS solver failed:  The solver ECOS is not installed. 
Using SCS instead.
ECOS solver failed:  The solver ECOS is not installed. 
Using SCS instead.
ECOS solver failed:  The solver ECOS is not installed. 
Using SCS instead.
ECOS solver failed:  The solver ECOS is not installed. 
Using SCS instead.
ECOS solver failed:  The solver ECOS is not installed. 
Using SCS instead.
ECOS solver failed:  The solver ECOS is not installed. 
Using SCS instead.
ECOS solver failed:  The solver ECOS is not installed. 
Using SCS instead.
ECOS solver failed:  The solver ECOS is not installed. 
Using SCS instead.
ECOS solver failed:  The solver ECOS is not installed. 
Using SCS instead.
ECOS solver failed:  The solver ECOS is not installed. 
Using SCS instead.
ECOS solver failed:  The solver ECOS is not installed. 
Using SCS instead.
ECOS solver failed:  The solver ECOS is not installed. 
Using SCS instead.
ECOS solver failed:  The solver ECOS is not installed. 
Using SCS instead.
ECOS solver failed:  The solver ECOS is not installed. 
Using SCS instead.
ECOS solver failed:  The solver ECOS is not installed. 
Using SCS instead.
ECOS solver failed:  The solver ECOS is not installed. 
Using SCS instead.
ECOS solver failed:  The solver ECOS is not installed. 
Using SCS instead.
ECOS solver failed:  The solver ECOS is not installed. 
Using SCS instead.
ECOS solver failed:  The solver ECOS is not installed. 
Using SCS instead.
ECOS solver failed:  The solver ECOS is not installed. 
Using SCS instead.
ECOS solver failed:  The solver ECOS is not installed. 
Using SCS instead.
M-step Design Matrix Calculation time (sec): 0.0746
ECOS solver failed in IPCW_HAL_init, falling back to SCS: The solver ECOS is not installed.
M-step CVXPY optimize time (sec): 0.4869
ECOS solver failed:  The solver ECOS is not installed. 
Using SCS instead.
ECOS solver failed:  The solver ECOS is not installed. 
Using SCS instead.
ECOS solver failed:  The solver ECOS is not installed. 
Using SCS instead.
ECOS solver failed:  The solver ECOS is not installed. 
Using SCS instead.
ECOS solver failed:  The solver ECOS is not installed. 
Using SCS instead.
ECOS solver failed:  The solver ECOS is not installed. 
Using SCS instead.
ECOS solver failed:  The solver ECOS is not installed. 
Using SCS instead.
ECOS solver failed:  The solver ECOS is not installed. 
Using SCS instead.
ECOS solver failed:  The solver ECOS is not installed. 
Using SCS instead.
ECOS solver failed:  The solver ECOS is not installed. 
Using SCS instead.
ECOS solver failed:  The solver ECOS is not installed. 
Using SCS instead.
ECOS solver failed:  The solver ECOS is not installed. 
Using SCS instead.
ECOS solver failed:  The solver ECOS is not installed. 
Using SCS instead.
ECOS solver failed:  The solver ECOS is not installed. 
Using SCS instead.
ECOS solver failed:  The solver ECOS is not installed. 
Using SCS instead.
ECOS solver failed:  The solver ECOS is not installed. 
Using SCS instead.
ECOS solver failed:  The solver ECOS is not installed. 
Using SCS instead.
ECOS solver failed:  The solver ECOS is not installed. 
Using SCS instead.
ECOS solver failed:  The solver ECOS is not installed. 
Using SCS instead.
ECOS solver failed:  The solver ECOS is not installed. 
Using SCS instead.
ECOS solver failed:  The solver ECOS is not installed. 
Using SCS instead.
M-step Design Matrix Calculation time (sec): 0.0186
ECOS solver failed in IPCW_HAL_init, falling back to SCS: The solver ECOS is not installed.
WARNING - large complementary slackness residual: 0.023369
M-step CVXPY optimize time (sec): 1.9825
ECOS solver failed:  The solver ECOS is not installed. 
Using SCS instead.
ECOS solver failed:  The solver ECOS is not installed. 
Using SCS instead.
ECOS solver failed:  The solver ECOS is not installed. 
Using SCS instead.
ECOS solver failed:  The solver ECOS is not installed. 
Using SCS instead.
ECOS solver failed:  The solver ECOS is not installed. 
Using SCS instead.
ECOS solver failed:  The solver ECOS is not installed. 
Using SCS instead.
ECOS solver failed:  The solver ECOS is not installed. 
Using SCS instead.
ECOS solver failed:  The solver ECOS is not installed. 
Using SCS instead.
ECOS solver failed:  The solver ECOS is not installed. 
Using SCS instead.
ECOS solver failed:  The solver ECOS is not installed. 
Using SCS instead.
ECOS solver failed:  The solver ECOS is not installed. 
Using SCS instead.
ECOS solver failed:  The solver ECOS is not installed. 
Using SCS instead.
ECOS solver failed:  The solver ECOS is not installed. 
Using SCS instead.
ECOS solver failed:  The solver ECOS is not installed. 
Using SCS instead.
ECOS solver failed:  The solver ECOS is not installed. 
Using SCS instead.
ECOS solver failed:  The solver ECOS is not installed. 
Using SCS instead.
ECOS solver failed:  The solver ECOS is not installed. 
Using SCS instead.
ECOS solver failed:  The solver ECOS is not installed. 
Using SCS instead.
ECOS solver failed:  The solver ECOS is not installed. 
Using SCS instead.
ECOS solver failed:  The solver ECOS is not installed. 
Using SCS instead.
ECOS solver failed:  The solver ECOS is not installed. 
Using SCS instead.
M-step Design Matrix Calculation time (sec): 0.0143
ECOS solver failed in IPCW_HAL_init, falling back to SCS: The solver ECOS is not installed.
M-step CVXPY optimize time (sec): 0.3733
ECOS solver failed:  The solver ECOS is not installed. 
Using SCS instead.
ECOS solver failed:  The solver ECOS is not installed. 
Using SCS instead.
ECOS solver failed:  The solver ECOS is not installed. 
Using SCS instead.
ECOS solver failed:  The solver ECOS is not installed. 
Using SCS instead.
ECOS solver failed:  The solver ECOS is not installed. 
Using SCS instead.
ECOS solver failed:  The solver ECOS is not installed. 
Using SCS instead.
ECOS solver failed:  The solver ECOS is not installed. 
Using SCS instead.
ECOS solver failed:  The solver ECOS is not installed. 
Using SCS instead.
ECOS solver failed:  The solver ECOS is not installed. 
Using SCS instead.
ECOS solver failed:  The solver ECOS is not installed. 
Using SCS instead.
ECOS solver failed:  The solver ECOS is not installed. 
Using SCS instead.
ECOS solver failed:  The solver ECOS is not installed. 
Using SCS instead.
ECOS solver failed:  The solver ECOS is not installed. 
Using SCS instead.
ECOS solver failed:  The solver ECOS is not installed. 
Using SCS instead.
ECOS solver failed:  The solver ECOS is not installed. 
Using SCS instead.
ECOS solver failed:  The solver ECOS is not installed. 
Using SCS instead.
ECOS solver failed:  The solver ECOS is not installed. 
Using SCS instead.
ECOS solver failed:  The solver ECOS is not installed. 
Using SCS instead.
ECOS solver failed:  The solver ECOS is not installed. 
Using SCS instead.
ECOS solver failed:  The solver ECOS is not installed. 
Using SCS instead.
ECOS solver failed:  The solver ECOS is not installed. 
Using SCS instead.
M-step Design Matrix Calculation time (sec): 0.1287
ECOS solver failed in IPCW_HAL_init, falling back to SCS: The solver ECOS is not installed.
WARNING - large complementary slackness residual: 0.008928
M-step CVXPY optimize time (sec): 3.2217
ECOS solver failed:  The solver ECOS is not installed. 
Using SCS instead.
ECOS solver failed:  The solver ECOS is not installed. 
Using SCS instead.
ECOS solver failed:  The solver ECOS is not installed. 
Using SCS instead.
ECOS solver failed:  The solver ECOS is not installed. 
Using SCS instead.
ECOS solver failed:  The solver ECOS is not installed. 
Using SCS instead.
ECOS solver failed:  The solver ECOS is not installed. 
Using SCS instead.
ECOS solver failed:  The solver ECOS is not installed. 
Using SCS instead.
ECOS solver failed:  The solver ECOS is not installed. 
Using SCS instead.
ECOS solver failed:  The solver ECOS is not installed. 
Using SCS instead.
ECOS solver failed:  The solver ECOS is not installed. 
Using SCS instead.
ECOS solver failed:  The solver ECOS is not installed. 
Using SCS instead.
ECOS solver failed:  The solver ECOS is not installed. 
Using SCS instead.
ECOS solver failed:  The solver ECOS is not installed. 
Using SCS instead.
ECOS solver failed:  The solver ECOS is not installed. 
Using SCS instead.
ECOS solver failed:  The solver ECOS is not installed. 
Using SCS instead.
ECOS solver failed:  The solver ECOS is not installed. 
Using SCS instead.
ECOS solver failed:  The solver ECOS is not installed. 
Using SCS instead.
ECOS solver failed:  The solver ECOS is not installed. 
Using SCS instead.
ECOS solver failed:  The solver ECOS is not installed. 
Using SCS instead.
ECOS solver failed:  The solver ECOS is not installed. 
Using SCS instead.
ECOS solver failed:  The solver ECOS is not installed. 
Using SCS instead.
M-step Design Matrix Calculation time (sec): 0.0246
ECOS solver failed in IPCW_HAL_init, falling back to SCS: The solver ECOS is not installed.
WARNING - large complementary slackness residual: 0.005664
M-step CVXPY optimize time (sec): 1.8020
ECOS solver failed:  The solver ECOS is not installed. 
Using SCS instead.
ECOS solver failed:  The solver ECOS is not installed. 
Using SCS instead.
ECOS solver failed:  The solver ECOS is not installed. 
Using SCS instead.
ECOS solver failed:  The solver ECOS is not installed. 
Using SCS instead.
ECOS solver failed:  The solver ECOS is not installed. 
Using SCS instead.
ECOS solver failed:  The solver ECOS is not installed. 
Using SCS instead.
ECOS solver failed:  The solver ECOS is not installed. 
Using SCS instead.
ECOS solver failed:  The solver ECOS is not installed. 
Using SCS instead.
ECOS solver failed:  The solver ECOS is not installed. 
Using SCS instead.
ECOS solver failed:  The solver ECOS is not installed. 
Using SCS instead.
ECOS solver failed:  The solver ECOS is not installed. 
Using SCS instead.
ECOS solver failed:  The solver ECOS is not installed. 
Using SCS instead.
ECOS solver failed:  The solver ECOS is not installed. 
Using SCS instead.
ECOS solver failed:  The solver ECOS is not installed. 
Using SCS instead.
ECOS solver failed:  The solver ECOS is not installed. 
Using SCS instead.
ECOS solver failed:  The solver ECOS is not installed. 
Using SCS instead.
ECOS solver failed:  The solver ECOS is not installed. 
Using SCS instead.
ECOS solver failed:  The solver ECOS is not installed. 
Using SCS instead.
ECOS solver failed:  The solver ECOS is not installed. 
Using SCS instead.
ECOS solver failed:  The solver ECOS is not installed. 
Using SCS instead.
ECOS solver failed:  The solver ECOS is not installed. 
Using SCS instead.
M-step Design Matrix Calculation time (sec): 0.0805
ECOS solver failed in IPCW_HAL_init, falling back to SCS: The solver ECOS is not installed.
M-step CVXPY optimize time (sec): 1.0749
ECOS solver failed:  The solver ECOS is not installed. 
Using SCS instead.
ECOS solver failed:  The solver ECOS is not installed. 
Using SCS instead.
ECOS solver failed:  The solver ECOS is not installed. 
Using SCS instead.
ECOS solver failed:  The solver ECOS is not installed. 
Using SCS instead.
ECOS solver failed:  The solver ECOS is not installed. 
Using SCS instead.
ECOS solver failed:  The solver ECOS is not installed. 
Using SCS instead.
ECOS solver failed:  The solver ECOS is not installed. 
Using SCS instead.
ECOS solver failed:  The solver ECOS is not installed. 
Using SCS instead.
ECOS solver failed:  The solver ECOS is not installed. 
Using SCS instead.
ECOS solver failed:  The solver ECOS is not installed. 
Using SCS instead.
ECOS solver failed:  The solver ECOS is not installed. 
Using SCS instead.
ECOS solver failed:  The solver ECOS is not installed. 
Using SCS instead.
ECOS solver failed:  The solver ECOS is not installed. 
Using SCS instead.
ECOS solver failed:  The solver ECOS is not installed. 
Using SCS instead.
ECOS solver failed:  The solver ECOS is not installed. 
Using SCS instead.
ECOS solver failed:  The solver ECOS is not installed. 
Using SCS instead.
ECOS solver failed:  The solver ECOS is not installed. 
Using SCS instead.
ECOS solver failed:  The solver ECOS is not installed. 
Using SCS instead.
ECOS solver failed:  The solver ECOS is not installed. 
Using SCS instead.
ECOS solver failed:  The solver ECOS is not installed. 
Using SCS instead.
ECOS solver failed:  The solver ECOS is not installed. 
Using SCS instead.
M-step Design Matrix Calculation time (sec): 0.0519
ECOS solver failed in IPCW_HAL_init, falling back to SCS: The solver ECOS is not installed.
WARNING - large complementary slackness residual: 0.011663
M-step CVXPY optimize time (sec): 4.7354
ECOS solver failed:  The solver ECOS is not installed. 
Using SCS instead.
ECOS solver failed:  The solver ECOS is not installed. 
Using SCS instead.
ECOS solver failed:  The solver ECOS is not installed. 
Using SCS instead.
ECOS solver failed:  The solver ECOS is not installed. 
Using SCS instead.
ECOS solver failed:  The solver ECOS is not installed. 
Using SCS instead.
ECOS solver failed:  The solver ECOS is not installed. 
Using SCS instead.
ECOS solver failed:  The solver ECOS is not installed. 
Using SCS instead.
ECOS solver failed:  The solver ECOS is not installed. 
Using SCS instead.
ECOS solver failed:  The solver ECOS is not installed. 
Using SCS instead.
ECOS solver failed:  The solver ECOS is not installed. 
Using SCS instead.
ECOS solver failed:  The solver ECOS is not installed. 
Using SCS instead.
ECOS solver failed:  The solver ECOS is not installed. 
Using SCS instead.
ECOS solver failed:  The solver ECOS is not installed. 
Using SCS instead.
ECOS solver failed:  The solver ECOS is not installed. 
Using SCS instead.
ECOS solver failed:  The solver ECOS is not installed. 
Using SCS instead.
ECOS solver failed:  The solver ECOS is not installed. 
Using SCS instead.
ECOS solver failed:  The solver ECOS is not installed. 
Using SCS instead.
ECOS solver failed:  The solver ECOS is not installed. 
Using SCS instead.
ECOS solver failed:  The solver ECOS is not installed. 
Using SCS instead.
ECOS solver failed:  The solver ECOS is not installed. 
Using SCS instead.
ECOS solver failed:  The solver ECOS is not installed. 
Using SCS instead.
M-step Design Matrix Calculation time (sec): 0.0203
ECOS solver failed in IPCW_HAL_init, falling back to SCS: The solver ECOS is not installed.
WARNING - large complementary slackness residual: 0.003989
M-step CVXPY optimize time (sec): 2.0301
ECOS solver failed:  The solver ECOS is not installed. 
Using SCS instead.
ECOS solver failed:  The solver ECOS is not installed. 
Using SCS instead.
ECOS solver failed:  The solver ECOS is not installed. 
Using SCS instead.
ECOS solver failed:  The solver ECOS is not installed. 
Using SCS instead.
ECOS solver failed:  The solver ECOS is not installed. 
Using SCS instead.
ECOS solver failed:  The solver ECOS is not installed. 
Using SCS instead.
ECOS solver failed:  The solver ECOS is not installed. 
Using SCS instead.
ECOS solver failed:  The solver ECOS is not installed. 
Using SCS instead.
ECOS solver failed:  The solver ECOS is not installed. 
Using SCS instead.
ECOS solver failed:  The solver ECOS is not installed. 
Using SCS instead.
ECOS solver failed:  The solver ECOS is not installed. 
Using SCS instead.
ECOS solver failed:  The solver ECOS is not installed. 
Using SCS instead.
ECOS solver failed:  The solver ECOS is not installed. 
Using SCS instead.
ECOS solver failed:  The solver ECOS is not installed. 
Using SCS instead.
ECOS solver failed:  The solver ECOS is not installed. 
Using SCS instead.
ECOS solver failed:  The solver ECOS is not installed. 
Using SCS instead.
ECOS solver failed:  The solver ECOS is not installed. 
Using SCS instead.
ECOS solver failed:  The solver ECOS is not installed. 
Using SCS instead.
ECOS solver failed:  The solver ECOS is not installed. 
Using SCS instead.
ECOS solver failed:  The solver ECOS is not installed. 
Using SCS instead.
ECOS solver failed:  The solver ECOS is not installed. 
Using SCS instead.
M-step Design Matrix Calculation time (sec): 0.0635
ECOS solver failed in IPCW_HAL_init, falling back to SCS: The solver ECOS is not installed.
WARNING - large complementary slackness residual: 0.016559
M-step CVXPY optimize time (sec): 2.2386
ECOS solver failed:  The solver ECOS is not installed. 
Using SCS instead.
ECOS solver failed:  The solver ECOS is not installed. 
Using SCS instead.
ECOS solver failed:  The solver ECOS is not installed. 
Using SCS instead.
ECOS solver failed:  The solver ECOS is not installed. 
Using SCS instead.
ECOS solver failed:  The solver ECOS is not installed. 
Using SCS instead.
ECOS solver failed:  The solver ECOS is not installed. 
Using SCS instead.
ECOS solver failed:  The solver ECOS is not installed. 
Using SCS instead.
ECOS solver failed:  The solver ECOS is not installed. 
Using SCS instead.
ECOS solver failed:  The solver ECOS is not installed. 
Using SCS instead.
ECOS solver failed:  The solver ECOS is not installed. 
Using SCS instead.
ECOS solver failed:  The solver ECOS is not installed. 
Using SCS instead.
ECOS solver failed:  The solver ECOS is not installed. 
Using SCS instead.
ECOS solver failed:  The solver ECOS is not installed. 
Using SCS instead.
ECOS solver failed:  The solver ECOS is not installed. 
Using SCS instead.
ECOS solver failed:  The solver ECOS is not installed. 
Using SCS instead.
ECOS solver failed:  The solver ECOS is not installed. 
Using SCS instead.
ECOS solver failed:  The solver ECOS is not installed. 
Using SCS instead.
ECOS solver failed:  The solver ECOS is not installed. 
Using SCS instead.
ECOS solver failed:  The solver ECOS is not installed. 
Using SCS instead.
ECOS solver failed:  The solver ECOS is not installed. 
Using SCS instead.
ECOS solver failed:  The solver ECOS is not installed. 
Using SCS instead.
M-step Design Matrix Calculation time (sec): 0.0207
ECOS solver failed in IPCW_HAL_init, falling back to SCS: The solver ECOS is not installed.
M-step CVXPY optimize time (sec): 1.4477
ECOS solver failed:  The solver ECOS is not installed. 
Using SCS instead.
ECOS solver failed:  The solver ECOS is not installed. 
Using SCS instead.
ECOS solver failed:  The solver ECOS is not installed. 
Using SCS instead.
ECOS solver failed:  The solver ECOS is not installed. 
Using SCS instead.
ECOS solver failed:  The solver ECOS is not installed. 
Using SCS instead.
ECOS solver failed:  The solver ECOS is not installed. 
Using SCS instead.
ECOS solver failed:  The solver ECOS is not installed. 
Using SCS instead.
ECOS solver failed:  The solver ECOS is not installed. 
Using SCS instead.
ECOS solver failed:  The solver ECOS is not installed. 
Using SCS instead.
ECOS solver failed:  The solver ECOS is not installed. 
Using SCS instead.
ECOS solver failed:  The solver ECOS is not installed. 
Using SCS instead.
ECOS solver failed:  The solver ECOS is not installed. 
Using SCS instead.
ECOS solver failed:  The solver ECOS is not installed. 
Using SCS instead.
ECOS solver failed:  The solver ECOS is not installed. 
Using SCS instead.
ECOS solver failed:  The solver ECOS is not installed. 
Using SCS instead.
ECOS solver failed:  The solver ECOS is not installed. 
Using SCS instead.
ECOS solver failed:  The solver ECOS is not installed. 
Using SCS instead.
ECOS solver failed:  The solver ECOS is not installed. 
Using SCS instead.
ECOS solver failed:  The solver ECOS is not installed. 
Using SCS instead.
ECOS solver failed:  The solver ECOS is not installed. 
Using SCS instead.
ECOS solver failed:  The solver ECOS is not installed. 
Using SCS instead.
M-step Design Matrix Calculation time (sec): 0.0554
ECOS solver failed in IPCW_HAL_init, falling back to SCS: The solver ECOS is not installed.
WARNING - large complementary slackness residual: 0.013589
M-step CVXPY optimize time (sec): 3.2455
ECOS solver failed:  The solver ECOS is not installed. 
Using SCS instead.
ECOS solver failed:  The solver ECOS is not installed. 
Using SCS instead.
ECOS solver failed:  The solver ECOS is not installed. 
Using SCS instead.
ECOS solver failed:  The solver ECOS is not installed. 
Using SCS instead.
ECOS solver failed:  The solver ECOS is not installed. 
Using SCS instead.
ECOS solver failed:  The solver ECOS is not installed. 
Using SCS instead.
ECOS solver failed:  The solver ECOS is not installed. 
Using SCS instead.
ECOS solver failed:  The solver ECOS is not installed. 
Using SCS instead.
ECOS solver failed:  The solver ECOS is not installed. 
Using SCS instead.
ECOS solver failed:  The solver ECOS is not installed. 
Using SCS instead.
ECOS solver failed:  The solver ECOS is not installed. 
Using SCS instead.
ECOS solver failed:  The solver ECOS is not installed. 
Using SCS instead.
ECOS solver failed:  The solver ECOS is not installed. 
Using SCS instead.
ECOS solver failed:  The solver ECOS is not installed. 
Using SCS instead.
ECOS solver failed:  The solver ECOS is not installed. 
Using SCS instead.
ECOS solver failed:  The solver ECOS is not installed. 
Using SCS instead.
ECOS solver failed:  The solver ECOS is not installed. 
Using SCS instead.
ECOS solver failed:  The solver ECOS is not installed. 
Using SCS instead.
ECOS solver failed:  The solver ECOS is not installed. 
Using SCS instead.
ECOS solver failed:  The solver ECOS is not installed. 
Using SCS instead.
ECOS solver failed:  The solver ECOS is not installed. 
Using SCS instead.
M-step Design Matrix Calculation time (sec): 0.0435
ECOS solver failed in IPCW_HAL_init, falling back to SCS: The solver ECOS is not installed.
M-step CVXPY optimize time (sec): 1.7594
ECOS solver failed:  The solver ECOS is not installed. 
Using SCS instead.
ECOS solver failed:  The solver ECOS is not installed. 
Using SCS instead.
ECOS solver failed:  The solver ECOS is not installed. 
Using SCS instead.
ECOS solver failed:  The solver ECOS is not installed. 
Using SCS instead.
ECOS solver failed:  The solver ECOS is not installed. 
Using SCS instead.
ECOS solver failed:  The solver ECOS is not installed. 
Using SCS instead.
ECOS solver failed:  The solver ECOS is not installed. 
Using SCS instead.
ECOS solver failed:  The solver ECOS is not installed. 
Using SCS instead.
ECOS solver failed:  The solver ECOS is not installed. 
Using SCS instead.
ECOS solver failed:  The solver ECOS is not installed. 
Using SCS instead.
ECOS solver failed:  The solver ECOS is not installed. 
Using SCS instead.
ECOS solver failed:  The solver ECOS is not installed. 
Using SCS instead.
ECOS solver failed:  The solver ECOS is not installed. 
Using SCS instead.
ECOS solver failed:  The solver ECOS is not installed. 
Using SCS instead.
ECOS solver failed:  The solver ECOS is not installed. 
Using SCS instead.
ECOS solver failed:  The solver ECOS is not installed. 
Using SCS instead.
ECOS solver failed:  The solver ECOS is not installed. 
Using SCS instead.
ECOS solver failed:  The solver ECOS is not installed. 
Using SCS instead.
ECOS solver failed:  The solver ECOS is not installed. 
Using SCS instead.
ECOS solver failed:  The solver ECOS is not installed. 
Using SCS instead.
ECOS solver failed:  The solver ECOS is not installed. 
Using SCS instead.
M-step Design Matrix Calculation time (sec): 0.0707
ECOS solver failed in IPCW_HAL_init, falling back to SCS: The solver ECOS is not installed.
WARNING - large complementary slackness residual: 0.004145
M-step CVXPY optimize time (sec): 3.6624
ECOS solver failed:  The solver ECOS is not installed. 
Using SCS instead.
ECOS solver failed:  The solver ECOS is not installed. 
Using SCS instead.
ECOS solver failed:  The solver ECOS is not installed. 
Using SCS instead.
ECOS solver failed:  The solver ECOS is not installed. 
Using SCS instead.
ECOS solver failed:  The solver ECOS is not installed. 
Using SCS instead.
ECOS solver failed:  The solver ECOS is not installed. 
Using SCS instead.
ECOS solver failed:  The solver ECOS is not installed. 
Using SCS instead.
ECOS solver failed:  The solver ECOS is not installed. 
Using SCS instead.
ECOS solver failed:  The solver ECOS is not installed. 
Using SCS instead.
ECOS solver failed:  The solver ECOS is not installed. 
Using SCS instead.
ECOS solver failed:  The solver ECOS is not installed. 
Using SCS instead.
ECOS solver failed:  The solver ECOS is not installed. 
Using SCS instead.
ECOS solver failed:  The solver ECOS is not installed. 
Using SCS instead.
ECOS solver failed:  The solver ECOS is not installed. 
Using SCS instead.
ECOS solver failed:  The solver ECOS is not installed. 
Using SCS instead.
ECOS solver failed:  The solver ECOS is not installed. 
Using SCS instead.
ECOS solver failed:  The solver ECOS is not installed. 
Using SCS instead.
ECOS solver failed:  The solver ECOS is not installed. 
Using SCS instead.
ECOS solver failed:  The solver ECOS is not installed. 
Using SCS instead.
ECOS solver failed:  The solver ECOS is not installed. 
Using SCS instead.
ECOS solver failed:  The solver ECOS is not installed. 
Using SCS instead.
M-step Design Matrix Calculation time (sec): 0.0187
ECOS solver failed in IPCW_HAL_init, falling back to SCS: The solver ECOS is not installed.
WARNING - large complementary slackness residual: 0.008312
M-step CVXPY optimize time (sec): 2.4544
ECOS solver failed:  The solver ECOS is not installed. 
Using SCS instead.
ECOS solver failed:  The solver ECOS is not installed. 
Using SCS instead.
ECOS solver failed:  The solver ECOS is not installed. 
Using SCS instead.
ECOS solver failed:  The solver ECOS is not installed. 
Using SCS instead.
ECOS solver failed:  The solver ECOS is not installed. 
Using SCS instead.
ECOS solver failed:  The solver ECOS is not installed. 
Using SCS instead.
ECOS solver failed:  The solver ECOS is not installed. 
Using SCS instead.
ECOS solver failed:  The solver ECOS is not installed. 
Using SCS instead.
ECOS solver failed:  The solver ECOS is not installed. 
Using SCS instead.
ECOS solver failed:  The solver ECOS is not installed. 
Using SCS instead.
ECOS solver failed:  The solver ECOS is not installed. 
Using SCS instead.
ECOS solver failed:  The solver ECOS is not installed. 
Using SCS instead.
ECOS solver failed:  The solver ECOS is not installed. 
Using SCS instead.
ECOS solver failed:  The solver ECOS is not installed. 
Using SCS instead.
ECOS solver failed:  The solver ECOS is not installed. 
Using SCS instead.
ECOS solver failed:  The solver ECOS is not installed. 
Using SCS instead.
ECOS solver failed:  The solver ECOS is not installed. 
Using SCS instead.
ECOS solver failed:  The solver ECOS is not installed. 
Using SCS instead.
ECOS solver failed:  The solver ECOS is not installed. 
Using SCS instead.
ECOS solver failed:  The solver ECOS is not installed. 
Using SCS instead.
ECOS solver failed:  The solver ECOS is not installed. 
Using SCS instead.
M-step Design Matrix Calculation time (sec): 0.0143
ECOS solver failed in IPCW_HAL_init, falling back to SCS: The solver ECOS is not installed.
M-step CVXPY optimize time (sec): 0.4375
ECOS solver failed:  The solver ECOS is not installed. 
Using SCS instead.
ECOS solver failed:  The solver ECOS is not installed. 
Using SCS instead.
ECOS solver failed:  The solver ECOS is not installed. 
Using SCS instead.
ECOS solver failed:  The solver ECOS is not installed. 
Using SCS instead.
ECOS solver failed:  The solver ECOS is not installed. 
Using SCS instead.
ECOS solver failed:  The solver ECOS is not installed. 
Using SCS instead.
ECOS solver failed:  The solver ECOS is not installed. 
Using SCS instead.
ECOS solver failed:  The solver ECOS is not installed. 
Using SCS instead.
ECOS solver failed:  The solver ECOS is not installed. 
Using SCS instead.
ECOS solver failed:  The solver ECOS is not installed. 
Using SCS instead.
ECOS solver failed:  The solver ECOS is not installed. 
Using SCS instead.
ECOS solver failed:  The solver ECOS is not installed. 
Using SCS instead.
ECOS solver failed:  The solver ECOS is not installed. 
Using SCS instead.
ECOS solver failed:  The solver ECOS is not installed. 
Using SCS instead.
ECOS solver failed:  The solver ECOS is not installed. 
Using SCS instead.
ECOS solver failed:  The solver ECOS is not installed. 
Using SCS instead.
ECOS solver failed:  The solver ECOS is not installed. 
Using SCS instead.
ECOS solver failed:  The solver ECOS is not installed. 
Using SCS instead.
ECOS solver failed:  The solver ECOS is not installed. 
Using SCS instead.
ECOS solver failed:  The solver ECOS is not installed. 
Using SCS instead.
ECOS solver failed:  The solver ECOS is not installed. 
Using SCS instead.
M-step Design Matrix Calculation time (sec): 0.0181
ECOS solver failed in IPCW_HAL_init, falling back to SCS: The solver ECOS is not installed.
M-step CVXPY optimize time (sec): 2.0154
ECOS solver failed:  The solver ECOS is not installed. 
Using SCS instead.
ECOS solver failed:  The solver ECOS is not installed. 
Using SCS instead.
ECOS solver failed:  The solver ECOS is not installed. 
Using SCS instead.
ECOS solver failed:  The solver ECOS is not installed. 
Using SCS instead.
ECOS solver failed:  The solver ECOS is not installed. 
Using SCS instead.
ECOS solver failed:  The solver ECOS is not installed. 
Using SCS instead.
ECOS solver failed:  The solver ECOS is not installed. 
Using SCS instead.
ECOS solver failed:  The solver ECOS is not installed. 
Using SCS instead.
ECOS solver failed:  The solver ECOS is not installed. 
Using SCS instead.
ECOS solver failed:  The solver ECOS is not installed. 
Using SCS instead.
ECOS solver failed:  The solver ECOS is not installed. 
Using SCS instead.
ECOS solver failed:  The solver ECOS is not installed. 
Using SCS instead.
ECOS solver failed:  The solver ECOS is not installed. 
Using SCS instead.
ECOS solver failed:  The solver ECOS is not installed. 
Using SCS instead.
ECOS solver failed:  The solver ECOS is not installed. 
Using SCS instead.
ECOS solver failed:  The solver ECOS is not installed. 
Using SCS instead.
ECOS solver failed:  The solver ECOS is not installed. 
Using SCS instead.
ECOS solver failed:  The solver ECOS is not installed. 
Using SCS instead.
ECOS solver failed:  The solver ECOS is not installed. 
Using SCS instead.
ECOS solver failed:  The solver ECOS is not installed. 
Using SCS instead.
ECOS solver failed:  The solver ECOS is not installed. 
Using SCS instead.
M-step Design Matrix Calculation time (sec): 0.0184
ECOS solver failed in IPCW_HAL_init, falling back to SCS: The solver ECOS is not installed.
WARNING - large complementary slackness residual: 0.005149
M-step CVXPY optimize time (sec): 2.5786
ECOS solver failed:  The solver ECOS is not installed. 
Using SCS instead.
ECOS solver failed:  The solver ECOS is not installed. 
Using SCS instead.
ECOS solver failed:  The solver ECOS is not installed. 
Using SCS instead.
ECOS solver failed:  The solver ECOS is not installed. 
Using SCS instead.
ECOS solver failed:  The solver ECOS is not installed. 
Using SCS instead.
ECOS solver failed:  The solver ECOS is not installed. 
Using SCS instead.
ECOS solver failed:  The solver ECOS is not installed. 
Using SCS instead.
ECOS solver failed:  The solver ECOS is not installed. 
Using SCS instead.
ECOS solver failed:  The solver ECOS is not installed. 
Using SCS instead.
ECOS solver failed:  The solver ECOS is not installed. 
Using SCS instead.
ECOS solver failed:  The solver ECOS is not installed. 
Using SCS instead.
ECOS solver failed:  The solver ECOS is not installed. 
Using SCS instead.
ECOS solver failed:  The solver ECOS is not installed. 
Using SCS instead.
ECOS solver failed:  The solver ECOS is not installed. 
Using SCS instead.
ECOS solver failed:  The solver ECOS is not installed. 
Using SCS instead.
ECOS solver failed:  The solver ECOS is not installed. 
Using SCS instead.
ECOS solver failed:  The solver ECOS is not installed. 
Using SCS instead.
ECOS solver failed:  The solver ECOS is not installed. 
Using SCS instead.
ECOS solver failed:  The solver ECOS is not installed. 
Using SCS instead.
ECOS solver failed:  The solver ECOS is not installed. 
Using SCS instead.
ECOS solver failed:  The solver ECOS is not installed. 
Using SCS instead.
M-step Design Matrix Calculation time (sec): 0.0247
ECOS solver failed in IPCW_HAL_init, falling back to SCS: The solver ECOS is not installed.
WARNING - large complementary slackness residual: 0.016595
M-step CVXPY optimize time (sec): 2.5459
ECOS solver failed:  The solver ECOS is not installed. 
Using SCS instead.
ECOS solver failed:  The solver ECOS is not installed. 
Using SCS instead.
ECOS solver failed:  The solver ECOS is not installed. 
Using SCS instead.
ECOS solver failed:  The solver ECOS is not installed. 
Using SCS instead.
ECOS solver failed:  The solver ECOS is not installed. 
Using SCS instead.
ECOS solver failed:  The solver ECOS is not installed. 
Using SCS instead.
ECOS solver failed:  The solver ECOS is not installed. 
Using SCS instead.
ECOS solver failed:  The solver ECOS is not installed. 
Using SCS instead.
ECOS solver failed:  The solver ECOS is not installed. 
Using SCS instead.
ECOS solver failed:  The solver ECOS is not installed. 
Using SCS instead.
ECOS solver failed:  The solver ECOS is not installed. 
Using SCS instead.
ECOS solver failed:  The solver ECOS is not installed. 
Using SCS instead.
ECOS solver failed:  The solver ECOS is not installed. 
Using SCS instead.
ECOS solver failed:  The solver ECOS is not installed. 
Using SCS instead.
ECOS solver failed:  The solver ECOS is not installed. 
Using SCS instead.
ECOS solver failed:  The solver ECOS is not installed. 
Using SCS instead.
ECOS solver failed:  The solver ECOS is not installed. 
Using SCS instead.
ECOS solver failed:  The solver ECOS is not installed. 
Using SCS instead.
ECOS solver failed:  The solver ECOS is not installed. 
Using SCS instead.
ECOS solver failed:  The solver ECOS is not installed. 
Using SCS instead.
ECOS solver failed:  The solver ECOS is not installed. 
Using SCS instead.
M-step Design Matrix Calculation time (sec): 0.0188
ECOS solver failed in IPCW_HAL_init, falling back to SCS: The solver ECOS is not installed.
WARNING - large complementary slackness residual: 0.006100
M-step CVXPY optimize time (sec): 2.2098
ECOS solver failed:  The solver ECOS is not installed. 
Using SCS instead.
ECOS solver failed:  The solver ECOS is not installed. 
Using SCS instead.
ECOS solver failed:  The solver ECOS is not installed. 
Using SCS instead.
ECOS solver failed:  The solver ECOS is not installed. 
Using SCS instead.
ECOS solver failed:  The solver ECOS is not installed. 
Using SCS instead.
ECOS solver failed:  The solver ECOS is not installed. 
Using SCS instead.
ECOS solver failed:  The solver ECOS is not installed. 
Using SCS instead.
ECOS solver failed:  The solver ECOS is not installed. 
Using SCS instead.
ECOS solver failed:  The solver ECOS is not installed. 
Using SCS instead.
ECOS solver failed:  The solver ECOS is not installed. 
Using SCS instead.
ECOS solver failed:  The solver ECOS is not installed. 
Using SCS instead.
ECOS solver failed:  The solver ECOS is not installed. 
Using SCS instead.
ECOS solver failed:  The solver ECOS is not installed. 
Using SCS instead.
ECOS solver failed:  The solver ECOS is not installed. 
Using SCS instead.
ECOS solver failed:  The solver ECOS is not installed. 
Using SCS instead.
ECOS solver failed:  The solver ECOS is not installed. 
Using SCS instead.
ECOS solver failed:  The solver ECOS is not installed. 
Using SCS instead.
ECOS solver failed:  The solver ECOS is not installed. 
Using SCS instead.
ECOS solver failed:  The solver ECOS is not installed. 
Using SCS instead.
ECOS solver failed:  The solver ECOS is not installed. 
Using SCS instead.
ECOS solver failed:  The solver ECOS is not installed. 
Using SCS instead.
M-step Design Matrix Calculation time (sec): 0.1833
ECOS solver failed in IPCW_HAL_init, falling back to SCS: The solver ECOS is not installed.
M-step CVXPY optimize time (sec): 0.5751
ECOS solver failed:  The solver ECOS is not installed. 
Using SCS instead.
ECOS solver failed:  The solver ECOS is not installed. 
Using SCS instead.
ECOS solver failed:  The solver ECOS is not installed. 
Using SCS instead.
ECOS solver failed:  The solver ECOS is not installed. 
Using SCS instead.
ECOS solver failed:  The solver ECOS is not installed. 
Using SCS instead.
ECOS solver failed:  The solver ECOS is not installed. 
Using SCS instead.
ECOS solver failed:  The solver ECOS is not installed. 
Using SCS instead.
ECOS solver failed:  The solver ECOS is not installed. 
Using SCS instead.
ECOS solver failed:  The solver ECOS is not installed. 
Using SCS instead.
ECOS solver failed:  The solver ECOS is not installed. 
Using SCS instead.
ECOS solver failed:  The solver ECOS is not installed. 
Using SCS instead.
ECOS solver failed:  The solver ECOS is not installed. 
Using SCS instead.
ECOS solver failed:  The solver ECOS is not installed. 
Using SCS instead.
ECOS solver failed:  The solver ECOS is not installed. 
Using SCS instead.
ECOS solver failed:  The solver ECOS is not installed. 
Using SCS instead.
ECOS solver failed:  The solver ECOS is not installed. 
Using SCS instead.
ECOS solver failed:  The solver ECOS is not installed. 
Using SCS instead.
ECOS solver failed:  The solver ECOS is not installed. 
Using SCS instead.
ECOS solver failed:  The solver ECOS is not installed. 
Using SCS instead.
ECOS solver failed:  The solver ECOS is not installed. 
Using SCS instead.
ECOS solver failed:  The solver ECOS is not installed. 
Using SCS instead.
M-step Design Matrix Calculation time (sec): 0.0209
ECOS solver failed in IPCW_HAL_init, falling back to SCS: The solver ECOS is not installed.
WARNING - large complementary slackness residual: 0.004552
M-step CVXPY optimize time (sec): 1.5184
ECOS solver failed:  The solver ECOS is not installed. 
Using SCS instead.
ECOS solver failed:  The solver ECOS is not installed. 
Using SCS instead.
ECOS solver failed:  The solver ECOS is not installed. 
Using SCS instead.
ECOS solver failed:  The solver ECOS is not installed. 
Using SCS instead.
ECOS solver failed:  The solver ECOS is not installed. 
Using SCS instead.
ECOS solver failed:  The solver ECOS is not installed. 
Using SCS instead.
ECOS solver failed:  The solver ECOS is not installed. 
Using SCS instead.
ECOS solver failed:  The solver ECOS is not installed. 
Using SCS instead.
ECOS solver failed:  The solver ECOS is not installed. 
Using SCS instead.
ECOS solver failed:  The solver ECOS is not installed. 
Using SCS instead.
ECOS solver failed:  The solver ECOS is not installed. 
Using SCS instead.
ECOS solver failed:  The solver ECOS is not installed. 
Using SCS instead.
ECOS solver failed:  The solver ECOS is not installed. 
Using SCS instead.
ECOS solver failed:  The solver ECOS is not installed. 
Using SCS instead.
ECOS solver failed:  The solver ECOS is not installed. 
Using SCS instead.
ECOS solver failed:  The solver ECOS is not installed. 
Using SCS instead.
ECOS solver failed:  The solver ECOS is not installed. 
Using SCS instead.
ECOS solver failed:  The solver ECOS is not installed. 
Using SCS instead.
ECOS solver failed:  The solver ECOS is not installed. 
Using SCS instead.
ECOS solver failed:  The solver ECOS is not installed. 
Using SCS instead.
ECOS solver failed:  The solver ECOS is not installed. 
Using SCS instead.
M-step Design Matrix Calculation time (sec): 0.0210
ECOS solver failed in IPCW_HAL_init, falling back to SCS: The solver ECOS is not installed.
WARNING - large complementary slackness residual: 0.009009
M-step CVXPY optimize time (sec): 2.2755
ECOS solver failed:  The solver ECOS is not installed. 
Using SCS instead.
ECOS solver failed:  The solver ECOS is not installed. 
Using SCS instead.
ECOS solver failed:  The solver ECOS is not installed. 
Using SCS instead.
ECOS solver failed:  The solver ECOS is not installed. 
Using SCS instead.
ECOS solver failed:  The solver ECOS is not installed. 
Using SCS instead.
ECOS solver failed:  The solver ECOS is not installed. 
Using SCS instead.
ECOS solver failed:  The solver ECOS is not installed. 
Using SCS instead.
ECOS solver failed:  The solver ECOS is not installed. 
Using SCS instead.
ECOS solver failed:  The solver ECOS is not installed. 
Using SCS instead.
ECOS solver failed:  The solver ECOS is not installed. 
Using SCS instead.
ECOS solver failed:  The solver ECOS is not installed. 
Using SCS instead.
ECOS solver failed:  The solver ECOS is not installed. 
Using SCS instead.
ECOS solver failed:  The solver ECOS is not installed. 
Using SCS instead.
ECOS solver failed:  The solver ECOS is not installed. 
Using SCS instead.
ECOS solver failed:  The solver ECOS is not installed. 
Using SCS instead.
ECOS solver failed:  The solver ECOS is not installed. 
Using SCS instead.
ECOS solver failed:  The solver ECOS is not installed. 
Using SCS instead.
ECOS solver failed:  The solver ECOS is not installed. 
Using SCS instead.
ECOS solver failed:  The solver ECOS is not installed. 
Using SCS instead.
ECOS solver failed:  The solver ECOS is not installed. 
Using SCS instead.
ECOS solver failed:  The solver ECOS is not installed. 
Using SCS instead.
M-step Design Matrix Calculation time (sec): 0.1061
ECOS solver failed in IPCW_HAL_init, falling back to SCS: The solver ECOS is not installed.
WARNING - large complementary slackness residual: 0.021956
M-step CVXPY optimize time (sec): 2.3428
ECOS solver failed:  The solver ECOS is not installed. 
Using SCS instead.
ECOS solver failed:  The solver ECOS is not installed. 
Using SCS instead.
ECOS solver failed:  The solver ECOS is not installed. 
Using SCS instead.
ECOS solver failed:  The solver ECOS is not installed. 
Using SCS instead.
ECOS solver failed:  The solver ECOS is not installed. 
Using SCS instead.
ECOS solver failed:  The solver ECOS is not installed. 
Using SCS instead.
ECOS solver failed:  The solver ECOS is not installed. 
Using SCS instead.
ECOS solver failed:  The solver ECOS is not installed. 
Using SCS instead.
ECOS solver failed:  The solver ECOS is not installed. 
Using SCS instead.
ECOS solver failed:  The solver ECOS is not installed. 
Using SCS instead.
ECOS solver failed:  The solver ECOS is not installed. 
Using SCS instead.
ECOS solver failed:  The solver ECOS is not installed. 
Using SCS instead.
ECOS solver failed:  The solver ECOS is not installed. 
Using SCS instead.
ECOS solver failed:  The solver ECOS is not installed. 
Using SCS instead.
ECOS solver failed:  The solver ECOS is not installed. 
Using SCS instead.
ECOS solver failed:  The solver ECOS is not installed. 
Using SCS instead.
ECOS solver failed:  The solver ECOS is not installed. 
Using SCS instead.
ECOS solver failed:  The solver ECOS is not installed. 
Using SCS instead.
ECOS solver failed:  The solver ECOS is not installed. 
Using SCS instead.
ECOS solver failed:  The solver ECOS is not installed. 
Using SCS instead.
ECOS solver failed:  The solver ECOS is not installed. 
Using SCS instead.
M-step Design Matrix Calculation time (sec): 0.0729
ECOS solver failed in IPCW_HAL_init, falling back to SCS: The solver ECOS is not installed.
WARNING - large complementary slackness residual: 0.016442
M-step CVXPY optimize time (sec): 1.8147
ECOS solver failed:  The solver ECOS is not installed. 
Using SCS instead.
ECOS solver failed:  The solver ECOS is not installed. 
Using SCS instead.
ECOS solver failed:  The solver ECOS is not installed. 
Using SCS instead.
ECOS solver failed:  The solver ECOS is not installed. 
Using SCS instead.
ECOS solver failed:  The solver ECOS is not installed. 
Using SCS instead.
ECOS solver failed:  The solver ECOS is not installed. 
Using SCS instead.
ECOS solver failed:  The solver ECOS is not installed. 
Using SCS instead.
ECOS solver failed:  The solver ECOS is not installed. 
Using SCS instead.
ECOS solver failed:  The solver ECOS is not installed. 
Using SCS instead.
ECOS solver failed:  The solver ECOS is not installed. 
Using SCS instead.
ECOS solver failed:  The solver ECOS is not installed. 
Using SCS instead.
ECOS solver failed:  The solver ECOS is not installed. 
Using SCS instead.
ECOS solver failed:  The solver ECOS is not installed. 
Using SCS instead.
ECOS solver failed:  The solver ECOS is not installed. 
Using SCS instead.
ECOS solver failed:  The solver ECOS is not installed. 
Using SCS instead.
ECOS solver failed:  The solver ECOS is not installed. 
Using SCS instead.
ECOS solver failed:  The solver ECOS is not installed. 
Using SCS instead.
ECOS solver failed:  The solver ECOS is not installed. 
Using SCS instead.
ECOS solver failed:  The solver ECOS is not installed. 
Using SCS instead.
ECOS solver failed:  The solver ECOS is not installed. 
Using SCS instead.
ECOS solver failed:  The solver ECOS is not installed. 
Using SCS instead.
M-step Design Matrix Calculation time (sec): 0.0385
ECOS solver failed in IPCW_HAL_init, falling back to SCS: The solver ECOS is not installed.
WARNING - large complementary slackness residual: 0.018784
M-step CVXPY optimize time (sec): 3.5367
ECOS solver failed:  The solver ECOS is not installed. 
Using SCS instead.
ECOS solver failed:  The solver ECOS is not installed. 
Using SCS instead.
ECOS solver failed:  The solver ECOS is not installed. 
Using SCS instead.
ECOS solver failed:  The solver ECOS is not installed. 
Using SCS instead.
ECOS solver failed:  The solver ECOS is not installed. 
Using SCS instead.
ECOS solver failed:  The solver ECOS is not installed. 
Using SCS instead.
ECOS solver failed:  The solver ECOS is not installed. 
Using SCS instead.
ECOS solver failed:  The solver ECOS is not installed. 
Using SCS instead.
ECOS solver failed:  The solver ECOS is not installed. 
Using SCS instead.
ECOS solver failed:  The solver ECOS is not installed. 
Using SCS instead.
ECOS solver failed:  The solver ECOS is not installed. 
Using SCS instead.
ECOS solver failed:  The solver ECOS is not installed. 
Using SCS instead.
ECOS solver failed:  The solver ECOS is not installed. 
Using SCS instead.
ECOS solver failed:  The solver ECOS is not installed. 
Using SCS instead.
ECOS solver failed:  The solver ECOS is not installed. 
Using SCS instead.
ECOS solver failed:  The solver ECOS is not installed. 
Using SCS instead.
ECOS solver failed:  The solver ECOS is not installed. 
Using SCS instead.
ECOS solver failed:  The solver ECOS is not installed. 
Using SCS instead.
ECOS solver failed:  The solver ECOS is not installed. 
Using SCS instead.
ECOS solver failed:  The solver ECOS is not installed. 
Using SCS instead.
ECOS solver failed:  The solver ECOS is not installed. 
Using SCS instead.
M-step Design Matrix Calculation time (sec): 0.0545
ECOS solver failed in IPCW_HAL_init, falling back to SCS: The solver ECOS is not installed.
M-step CVXPY optimize time (sec): 0.7415
ECOS solver failed:  The solver ECOS is not installed. 
Using SCS instead.
ECOS solver failed:  The solver ECOS is not installed. 
Using SCS instead.
ECOS solver failed:  The solver ECOS is not installed. 
Using SCS instead.
ECOS solver failed:  The solver ECOS is not installed. 
Using SCS instead.
ECOS solver failed:  The solver ECOS is not installed. 
Using SCS instead.
ECOS solver failed:  The solver ECOS is not installed. 
Using SCS instead.
ECOS solver failed:  The solver ECOS is not installed. 
Using SCS instead.
ECOS solver failed:  The solver ECOS is not installed. 
Using SCS instead.
ECOS solver failed:  The solver ECOS is not installed. 
Using SCS instead.
ECOS solver failed:  The solver ECOS is not installed. 
Using SCS instead.
ECOS solver failed:  The solver ECOS is not installed. 
Using SCS instead.
ECOS solver failed:  The solver ECOS is not installed. 
Using SCS instead.
ECOS solver failed:  The solver ECOS is not installed. 
Using SCS instead.
ECOS solver failed:  The solver ECOS is not installed. 
Using SCS instead.
ECOS solver failed:  The solver ECOS is not installed. 
Using SCS instead.
ECOS solver failed:  The solver ECOS is not installed. 
Using SCS instead.
ECOS solver failed:  The solver ECOS is not installed. 
Using SCS instead.
ECOS solver failed:  The solver ECOS is not installed. 
Using SCS instead.
ECOS solver failed:  The solver ECOS is not installed. 
Using SCS instead.
ECOS solver failed:  The solver ECOS is not installed. 
Using SCS instead.
ECOS solver failed:  The solver ECOS is not installed. 
Using SCS instead.
M-step Design Matrix Calculation time (sec): 0.0183
ECOS solver failed in IPCW_HAL_init, falling back to SCS: The solver ECOS is not installed.
M-step CVXPY optimize time (sec): 0.4557
ECOS solver failed:  The solver ECOS is not installed. 
Using SCS instead.
ECOS solver failed:  The solver ECOS is not installed. 
Using SCS instead.
ECOS solver failed:  The solver ECOS is not installed. 
Using SCS instead.
ECOS solver failed:  The solver ECOS is not installed. 
Using SCS instead.
ECOS solver failed:  The solver ECOS is not installed. 
Using SCS instead.
ECOS solver failed:  The solver ECOS is not installed. 
Using SCS instead.
ECOS solver failed:  The solver ECOS is not installed. 
Using SCS instead.
ECOS solver failed:  The solver ECOS is not installed. 
Using SCS instead.
ECOS solver failed:  The solver ECOS is not installed. 
Using SCS instead.
ECOS solver failed:  The solver ECOS is not installed. 
Using SCS instead.
ECOS solver failed:  The solver ECOS is not installed. 
Using SCS instead.
ECOS solver failed:  The solver ECOS is not installed. 
Using SCS instead.
ECOS solver failed:  The solver ECOS is not installed. 
Using SCS instead.
ECOS solver failed:  The solver ECOS is not installed. 
Using SCS instead.
ECOS solver failed:  The solver ECOS is not installed. 
Using SCS instead.
ECOS solver failed:  The solver ECOS is not installed. 
Using SCS instead.
ECOS solver failed:  The solver ECOS is not installed. 
Using SCS instead.
ECOS solver failed:  The solver ECOS is not installed. 
Using SCS instead.
ECOS solver failed:  The solver ECOS is not installed. 
Using SCS instead.
ECOS solver failed:  The solver ECOS is not installed. 
Using SCS instead.
ECOS solver failed:  The solver ECOS is not installed. 
Using SCS instead.
M-step Design Matrix Calculation time (sec): 0.0368
ECOS solver failed in IPCW_HAL_init, falling back to SCS: The solver ECOS is not installed.
WARNING - large complementary slackness residual: 0.026803
M-step CVXPY optimize time (sec): 4.6180
ECOS solver failed:  The solver ECOS is not installed. 
Using SCS instead.
ECOS solver failed:  The solver ECOS is not installed. 
Using SCS instead.
ECOS solver failed:  The solver ECOS is not installed. 
Using SCS instead.
ECOS solver failed:  The solver ECOS is not installed. 
Using SCS instead.
ECOS solver failed:  The solver ECOS is not installed. 
Using SCS instead.
ECOS solver failed:  The solver ECOS is not installed. 
Using SCS instead.
ECOS solver failed:  The solver ECOS is not installed. 
Using SCS instead.
ECOS solver failed:  The solver ECOS is not installed. 
Using SCS instead.
ECOS solver failed:  The solver ECOS is not installed. 
Using SCS instead.
ECOS solver failed:  The solver ECOS is not installed. 
Using SCS instead.
ECOS solver failed:  The solver ECOS is not installed. 
Using SCS instead.
ECOS solver failed:  The solver ECOS is not installed. 
Using SCS instead.
ECOS solver failed:  The solver ECOS is not installed. 
Using SCS instead.
ECOS solver failed:  The solver ECOS is not installed. 
Using SCS instead.
ECOS solver failed:  The solver ECOS is not installed. 
Using SCS instead.
ECOS solver failed:  The solver ECOS is not installed. 
Using SCS instead.
ECOS solver failed:  The solver ECOS is not installed. 
Using SCS instead.
ECOS solver failed:  The solver ECOS is not installed. 
Using SCS instead.
ECOS solver failed:  The solver ECOS is not installed. 
Using SCS instead.
ECOS solver failed:  The solver ECOS is not installed. 
Using SCS instead.
ECOS solver failed:  The solver ECOS is not installed. 
Using SCS instead.
M-step Design Matrix Calculation time (sec): 0.0892
ECOS solver failed in IPCW_HAL_init, falling back to SCS: The solver ECOS is not installed.
WARNING - large complementary slackness residual: 0.017458
M-step CVXPY optimize time (sec): 1.8388
ECOS solver failed:  The solver ECOS is not installed. 
Using SCS instead.
ECOS solver failed:  The solver ECOS is not installed. 
Using SCS instead.
ECOS solver failed:  The solver ECOS is not installed. 
Using SCS instead.
ECOS solver failed:  The solver ECOS is not installed. 
Using SCS instead.
ECOS solver failed:  The solver ECOS is not installed. 
Using SCS instead.
ECOS solver failed:  The solver ECOS is not installed. 
Using SCS instead.
ECOS solver failed:  The solver ECOS is not installed. 
Using SCS instead.
ECOS solver failed:  The solver ECOS is not installed. 
Using SCS instead.
ECOS solver failed:  The solver ECOS is not installed. 
Using SCS instead.
ECOS solver failed:  The solver ECOS is not installed. 
Using SCS instead.
ECOS solver failed:  The solver ECOS is not installed. 
Using SCS instead.
ECOS solver failed:  The solver ECOS is not installed. 
Using SCS instead.
ECOS solver failed:  The solver ECOS is not installed. 
Using SCS instead.
ECOS solver failed:  The solver ECOS is not installed. 
Using SCS instead.
ECOS solver failed:  The solver ECOS is not installed. 
Using SCS instead.
ECOS solver failed:  The solver ECOS is not installed. 
Using SCS instead.
ECOS solver failed:  The solver ECOS is not installed. 
Using SCS instead.
ECOS solver failed:  The solver ECOS is not installed. 
Using SCS instead.
ECOS solver failed:  The solver ECOS is not installed. 
Using SCS instead.
ECOS solver failed:  The solver ECOS is not installed. 
Using SCS instead.
ECOS solver failed:  The solver ECOS is not installed. 
Using SCS instead.
M-step Design Matrix Calculation time (sec): 0.0193
ECOS solver failed in IPCW_HAL_init, falling back to SCS: The solver ECOS is not installed.
WARNING - large complementary slackness residual: 0.013293
M-step CVXPY optimize time (sec): 4.2517
ECOS solver failed:  The solver ECOS is not installed. 
Using SCS instead.
ECOS solver failed:  The solver ECOS is not installed. 
Using SCS instead.
ECOS solver failed:  The solver ECOS is not installed. 
Using SCS instead.
ECOS solver failed:  The solver ECOS is not installed. 
Using SCS instead.
ECOS solver failed:  The solver ECOS is not installed. 
Using SCS instead.
ECOS solver failed:  The solver ECOS is not installed. 
Using SCS instead.
ECOS solver failed:  The solver ECOS is not installed. 
Using SCS instead.
ECOS solver failed:  The solver ECOS is not installed. 
Using SCS instead.
ECOS solver failed:  The solver ECOS is not installed. 
Using SCS instead.
ECOS solver failed:  The solver ECOS is not installed. 
Using SCS instead.
ECOS solver failed:  The solver ECOS is not installed. 
Using SCS instead.
ECOS solver failed:  The solver ECOS is not installed. 
Using SCS instead.
ECOS solver failed:  The solver ECOS is not installed. 
Using SCS instead.
ECOS solver failed:  The solver ECOS is not installed. 
Using SCS instead.
ECOS solver failed:  The solver ECOS is not installed. 
Using SCS instead.
ECOS solver failed:  The solver ECOS is not installed. 
Using SCS instead.
ECOS solver failed:  The solver ECOS is not installed. 
Using SCS instead.
ECOS solver failed:  The solver ECOS is not installed. 
Using SCS instead.
ECOS solver failed:  The solver ECOS is not installed. 
Using SCS instead.
ECOS solver failed:  The solver ECOS is not installed. 
Using SCS instead.
ECOS solver failed:  The solver ECOS is not installed. 
Using SCS instead.
M-step Design Matrix Calculation time (sec): 0.0681
ECOS solver failed in IPCW_HAL_init, falling back to SCS: The solver ECOS is not installed.
WARNING - large complementary slackness residual: 0.020615
M-step CVXPY optimize time (sec): 3.8354
ECOS solver failed:  The solver ECOS is not installed. 
Using SCS instead.
ECOS solver failed:  The solver ECOS is not installed. 
Using SCS instead.
ECOS solver failed:  The solver ECOS is not installed. 
Using SCS instead.
ECOS solver failed:  The solver ECOS is not installed. 
Using SCS instead.
ECOS solver failed:  The solver ECOS is not installed. 
Using SCS instead.
ECOS solver failed:  The solver ECOS is not installed. 
Using SCS instead.
ECOS solver failed:  The solver ECOS is not installed. 
Using SCS instead.
ECOS solver failed:  The solver ECOS is not installed. 
Using SCS instead.
ECOS solver failed:  The solver ECOS is not installed. 
Using SCS instead.
ECOS solver failed:  The solver ECOS is not installed. 
Using SCS instead.
ECOS solver failed:  The solver ECOS is not installed. 
Using SCS instead.
ECOS solver failed:  The solver ECOS is not installed. 
Using SCS instead.
ECOS solver failed:  The solver ECOS is not installed. 
Using SCS instead.
ECOS solver failed:  The solver ECOS is not installed. 
Using SCS instead.
ECOS solver failed:  The solver ECOS is not installed. 
Using SCS instead.
ECOS solver failed:  The solver ECOS is not installed. 
Using SCS instead.
ECOS solver failed:  The solver ECOS is not installed. 
Using SCS instead.
ECOS solver failed:  The solver ECOS is not installed. 
Using SCS instead.
ECOS solver failed:  The solver ECOS is not installed. 
Using SCS instead.
ECOS solver failed:  The solver ECOS is not installed. 
Using SCS instead.
ECOS solver failed:  The solver ECOS is not installed. 
Using SCS instead.
M-step Design Matrix Calculation time (sec): 0.0263
ECOS solver failed in IPCW_HAL_init, falling back to SCS: The solver ECOS is not installed.
WARNING - large complementary slackness residual: 0.033051
M-step CVXPY optimize time (sec): 1.3020
ECOS solver failed:  The solver ECOS is not installed. 
Using SCS instead.
ECOS solver failed:  The solver ECOS is not installed. 
Using SCS instead.
ECOS solver failed:  The solver ECOS is not installed. 
Using SCS instead.
ECOS solver failed:  The solver ECOS is not installed. 
Using SCS instead.
ECOS solver failed:  The solver ECOS is not installed. 
Using SCS instead.
ECOS solver failed:  The solver ECOS is not installed. 
Using SCS instead.
ECOS solver failed:  The solver ECOS is not installed. 
Using SCS instead.
ECOS solver failed:  The solver ECOS is not installed. 
Using SCS instead.
ECOS solver failed:  The solver ECOS is not installed. 
Using SCS instead.
ECOS solver failed:  The solver ECOS is not installed. 
Using SCS instead.
ECOS solver failed:  The solver ECOS is not installed. 
Using SCS instead.
ECOS solver failed:  The solver ECOS is not installed. 
Using SCS instead.
ECOS solver failed:  The solver ECOS is not installed. 
Using SCS instead.
ECOS solver failed:  The solver ECOS is not installed. 
Using SCS instead.
ECOS solver failed:  The solver ECOS is not installed. 
Using SCS instead.
ECOS solver failed:  The solver ECOS is not installed. 
Using SCS instead.
ECOS solver failed:  The solver ECOS is not installed. 
Using SCS instead.
ECOS solver failed:  The solver ECOS is not installed. 
Using SCS instead.
ECOS solver failed:  The solver ECOS is not installed. 
Using SCS instead.
ECOS solver failed:  The solver ECOS is not installed. 
Using SCS instead.
ECOS solver failed:  The solver ECOS is not installed. 
Using SCS instead.
M-step Design Matrix Calculation time (sec): 0.0334
ECOS solver failed in IPCW_HAL_init, falling back to SCS: The solver ECOS is not installed.
WARNING - large complementary slackness residual: 0.017177
M-step CVXPY optimize time (sec): 2.0778
ECOS solver failed:  The solver ECOS is not installed. 
Using SCS instead.
ECOS solver failed:  The solver ECOS is not installed. 
Using SCS instead.
ECOS solver failed:  The solver ECOS is not installed. 
Using SCS instead.
ECOS solver failed:  The solver ECOS is not installed. 
Using SCS instead.
ECOS solver failed:  The solver ECOS is not installed. 
Using SCS instead.
ECOS solver failed:  The solver ECOS is not installed. 
Using SCS instead.
ECOS solver failed:  The solver ECOS is not installed. 
Using SCS instead.
ECOS solver failed:  The solver ECOS is not installed. 
Using SCS instead.
ECOS solver failed:  The solver ECOS is not installed. 
Using SCS instead.
ECOS solver failed:  The solver ECOS is not installed. 
Using SCS instead.
ECOS solver failed:  The solver ECOS is not installed. 
Using SCS instead.
ECOS solver failed:  The solver ECOS is not installed. 
Using SCS instead.
ECOS solver failed:  The solver ECOS is not installed. 
Using SCS instead.
ECOS solver failed:  The solver ECOS is not installed. 
Using SCS instead.
ECOS solver failed:  The solver ECOS is not installed. 
Using SCS instead.
ECOS solver failed:  The solver ECOS is not installed. 
Using SCS instead.
ECOS solver failed:  The solver ECOS is not installed. 
Using SCS instead.
ECOS solver failed:  The solver ECOS is not installed. 
Using SCS instead.
ECOS solver failed:  The solver ECOS is not installed. 
Using SCS instead.
ECOS solver failed:  The solver ECOS is not installed. 
Using SCS instead.
ECOS solver failed:  The solver ECOS is not installed. 
Using SCS instead.
M-step Design Matrix Calculation time (sec): 0.0636
ECOS solver failed in IPCW_HAL_init, falling back to SCS: The solver ECOS is not installed.
M-step CVXPY optimize time (sec): 1.4677
ECOS solver failed:  The solver ECOS is not installed. 
Using SCS instead.
ECOS solver failed:  The solver ECOS is not installed. 
Using SCS instead.
ECOS solver failed:  The solver ECOS is not installed. 
Using SCS instead.
ECOS solver failed:  The solver ECOS is not installed. 
Using SCS instead.
ECOS solver failed:  The solver ECOS is not installed. 
Using SCS instead.
ECOS solver failed:  The solver ECOS is not installed. 
Using SCS instead.
ECOS solver failed:  The solver ECOS is not installed. 
Using SCS instead.
ECOS solver failed:  The solver ECOS is not installed. 
Using SCS instead.
ECOS solver failed:  The solver ECOS is not installed. 
Using SCS instead.
ECOS solver failed:  The solver ECOS is not installed. 
Using SCS instead.
ECOS solver failed:  The solver ECOS is not installed. 
Using SCS instead.
ECOS solver failed:  The solver ECOS is not installed. 
Using SCS instead.
ECOS solver failed:  The solver ECOS is not installed. 
Using SCS instead.
ECOS solver failed:  The solver ECOS is not installed. 
Using SCS instead.
ECOS solver failed:  The solver ECOS is not installed. 
Using SCS instead.
ECOS solver failed:  The solver ECOS is not installed. 
Using SCS instead.
ECOS solver failed:  The solver ECOS is not installed. 
Using SCS instead.
ECOS solver failed:  The solver ECOS is not installed. 
Using SCS instead.
ECOS solver failed:  The solver ECOS is not installed. 
Using SCS instead.
ECOS solver failed:  The solver ECOS is not installed. 
Using SCS instead.
ECOS solver failed:  The solver ECOS is not installed. 
Using SCS instead.
M-step Design Matrix Calculation time (sec): 0.0557
ECOS solver failed in IPCW_HAL_init, falling back to SCS: The solver ECOS is not installed.
M-step CVXPY optimize time (sec): 0.9446
ECOS solver failed:  The solver ECOS is not installed. 
Using SCS instead.
ECOS solver failed:  The solver ECOS is not installed. 
Using SCS instead.
ECOS solver failed:  The solver ECOS is not installed. 
Using SCS instead.
ECOS solver failed:  The solver ECOS is not installed. 
Using SCS instead.
ECOS solver failed:  The solver ECOS is not installed. 
Using SCS instead.
ECOS solver failed:  The solver ECOS is not installed. 
Using SCS instead.
ECOS solver failed:  The solver ECOS is not installed. 
Using SCS instead.
ECOS solver failed:  The solver ECOS is not installed. 
Using SCS instead.
ECOS solver failed:  The solver ECOS is not installed. 
Using SCS instead.
ECOS solver failed:  The solver ECOS is not installed. 
Using SCS instead.
ECOS solver failed:  The solver ECOS is not installed. 
Using SCS instead.
ECOS solver failed:  The solver ECOS is not installed. 
Using SCS instead.
ECOS solver failed:  The solver ECOS is not installed. 
Using SCS instead.
ECOS solver failed:  The solver ECOS is not installed. 
Using SCS instead.
ECOS solver failed:  The solver ECOS is not installed. 
Using SCS instead.
ECOS solver failed:  The solver ECOS is not installed. 
Using SCS instead.
ECOS solver failed:  The solver ECOS is not installed. 
Using SCS instead.
ECOS solver failed:  The solver ECOS is not installed. 
Using SCS instead.
ECOS solver failed:  The solver ECOS is not installed. 
Using SCS instead.
ECOS solver failed:  The solver ECOS is not installed. 
Using SCS instead.
ECOS solver failed:  The solver ECOS is not installed. 
Using SCS instead.
M-step Design Matrix Calculation time (sec): 0.0345
ECOS solver failed in IPCW_HAL_init, falling back to SCS: The solver ECOS is not installed.
WARNING - large complementary slackness residual: 0.023535
M-step CVXPY optimize time (sec): 1.9021
ECOS solver failed:  The solver ECOS is not installed. 
Using SCS instead.
ECOS solver failed:  The solver ECOS is not installed. 
Using SCS instead.
ECOS solver failed:  The solver ECOS is not installed. 
Using SCS instead.
ECOS solver failed:  The solver ECOS is not installed. 
Using SCS instead.
ECOS solver failed:  The solver ECOS is not installed. 
Using SCS instead.
ECOS solver failed:  The solver ECOS is not installed. 
Using SCS instead.
ECOS solver failed:  The solver ECOS is not installed. 
Using SCS instead.
ECOS solver failed:  The solver ECOS is not installed. 
Using SCS instead.
ECOS solver failed:  The solver ECOS is not installed. 
Using SCS instead.
ECOS solver failed:  The solver ECOS is not installed. 
Using SCS instead.
ECOS solver failed:  The solver ECOS is not installed. 
Using SCS instead.
ECOS solver failed:  The solver ECOS is not installed. 
Using SCS instead.
ECOS solver failed:  The solver ECOS is not installed. 
Using SCS instead.
ECOS solver failed:  The solver ECOS is not installed. 
Using SCS instead.
ECOS solver failed:  The solver ECOS is not installed. 
Using SCS instead.
ECOS solver failed:  The solver ECOS is not installed. 
Using SCS instead.
ECOS solver failed:  The solver ECOS is not installed. 
Using SCS instead.
ECOS solver failed:  The solver ECOS is not installed. 
Using SCS instead.
ECOS solver failed:  The solver ECOS is not installed. 
Using SCS instead.
ECOS solver failed:  The solver ECOS is not installed. 
Using SCS instead.
ECOS solver failed:  The solver ECOS is not installed. 
Using SCS instead.
M-step Design Matrix Calculation time (sec): 0.0882
ECOS solver failed in IPCW_HAL_init, falling back to SCS: The solver ECOS is not installed.
M-step CVXPY optimize time (sec): 1.0116
ECOS solver failed:  The solver ECOS is not installed. 
Using SCS instead.
ECOS solver failed:  The solver ECOS is not installed. 
Using SCS instead.
ECOS solver failed:  The solver ECOS is not installed. 
Using SCS instead.
ECOS solver failed:  The solver ECOS is not installed. 
Using SCS instead.
ECOS solver failed:  The solver ECOS is not installed. 
Using SCS instead.
ECOS solver failed:  The solver ECOS is not installed. 
Using SCS instead.
ECOS solver failed:  The solver ECOS is not installed. 
Using SCS instead.
ECOS solver failed:  The solver ECOS is not installed. 
Using SCS instead.
ECOS solver failed:  The solver ECOS is not installed. 
Using SCS instead.
ECOS solver failed:  The solver ECOS is not installed. 
Using SCS instead.
ECOS solver failed:  The solver ECOS is not installed. 
Using SCS instead.
ECOS solver failed:  The solver ECOS is not installed. 
Using SCS instead.
ECOS solver failed:  The solver ECOS is not installed. 
Using SCS instead.
ECOS solver failed:  The solver ECOS is not installed. 
Using SCS instead.
ECOS solver failed:  The solver ECOS is not installed. 
Using SCS instead.
ECOS solver failed:  The solver ECOS is not installed. 
Using SCS instead.
ECOS solver failed:  The solver ECOS is not installed. 
Using SCS instead.
ECOS solver failed:  The solver ECOS is not installed. 
Using SCS instead.
ECOS solver failed:  The solver ECOS is not installed. 
Using SCS instead.
ECOS solver failed:  The solver ECOS is not installed. 
Using SCS instead.
ECOS solver failed:  The solver ECOS is not installed. 
Using SCS instead.
M-step Design Matrix Calculation time (sec): 0.3057
ECOS solver failed in IPCW_HAL_init, falling back to SCS: The solver ECOS is not installed.
M-step CVXPY optimize time (sec): 0.9780
ECOS solver failed:  The solver ECOS is not installed. 
Using SCS instead.
ECOS solver failed:  The solver ECOS is not installed. 
Using SCS instead.
ECOS solver failed:  The solver ECOS is not installed. 
Using SCS instead.
ECOS solver failed:  The solver ECOS is not installed. 
Using SCS instead.
ECOS solver failed:  The solver ECOS is not installed. 
Using SCS instead.
ECOS solver failed:  The solver ECOS is not installed. 
Using SCS instead.
ECOS solver failed:  The solver ECOS is not installed. 
Using SCS instead.
ECOS solver failed:  The solver ECOS is not installed. 
Using SCS instead.
ECOS solver failed:  The solver ECOS is not installed. 
Using SCS instead.
ECOS solver failed:  The solver ECOS is not installed. 
Using SCS instead.
ECOS solver failed:  The solver ECOS is not installed. 
Using SCS instead.
ECOS solver failed:  The solver ECOS is not installed. 
Using SCS instead.
ECOS solver failed:  The solver ECOS is not installed. 
Using SCS instead.
ECOS solver failed:  The solver ECOS is not installed. 
Using SCS instead.
ECOS solver failed:  The solver ECOS is not installed. 
Using SCS instead.
ECOS solver failed:  The solver ECOS is not installed. 
Using SCS instead.
ECOS solver failed:  The solver ECOS is not installed. 
Using SCS instead.
ECOS solver failed:  The solver ECOS is not installed. 
Using SCS instead.
ECOS solver failed:  The solver ECOS is not installed. 
Using SCS instead.
ECOS solver failed:  The solver ECOS is not installed. 
Using SCS instead.
ECOS solver failed:  The solver ECOS is not installed. 
Using SCS instead.
M-step Design Matrix Calculation time (sec): 0.0242
ECOS solver failed in IPCW_HAL_init, falling back to SCS: The solver ECOS is not installed.
M-step CVXPY optimize time (sec): 0.5054
ECOS solver failed:  The solver ECOS is not installed. 
Using SCS instead.
ECOS solver failed:  The solver ECOS is not installed. 
Using SCS instead.
ECOS solver failed:  The solver ECOS is not installed. 
Using SCS instead.
ECOS solver failed:  The solver ECOS is not installed. 
Using SCS instead.
ECOS solver failed:  The solver ECOS is not installed. 
Using SCS instead.
ECOS solver failed:  The solver ECOS is not installed. 
Using SCS instead.
ECOS solver failed:  The solver ECOS is not installed. 
Using SCS instead.
ECOS solver failed:  The solver ECOS is not installed. 
Using SCS instead.
ECOS solver failed:  The solver ECOS is not installed. 
Using SCS instead.
ECOS solver failed:  The solver ECOS is not installed. 
Using SCS instead.
ECOS solver failed:  The solver ECOS is not installed. 
Using SCS instead.
ECOS solver failed:  The solver ECOS is not installed. 
Using SCS instead.
ECOS solver failed:  The solver ECOS is not installed. 
Using SCS instead.
ECOS solver failed:  The solver ECOS is not installed. 
Using SCS instead.
ECOS solver failed:  The solver ECOS is not installed. 
Using SCS instead.
ECOS solver failed:  The solver ECOS is not installed. 
Using SCS instead.
ECOS solver failed:  The solver ECOS is not installed. 
Using SCS instead.
ECOS solver failed:  The solver ECOS is not installed. 
Using SCS instead.
ECOS solver failed:  The solver ECOS is not installed. 
Using SCS instead.
ECOS solver failed:  The solver ECOS is not installed. 
Using SCS instead.
ECOS solver failed:  The solver ECOS is not installed. 
Using SCS instead.
M-step Design Matrix Calculation time (sec): 0.0589
ECOS solver failed in IPCW_HAL_init, falling back to SCS: The solver ECOS is not installed.
WARNING - large complementary slackness residual: 0.026516
M-step CVXPY optimize time (sec): 2.0217
ECOS solver failed:  The solver ECOS is not installed. 
Using SCS instead.
ECOS solver failed:  The solver ECOS is not installed. 
Using SCS instead.
ECOS solver failed:  The solver ECOS is not installed. 
Using SCS instead.
ECOS solver failed:  The solver ECOS is not installed. 
Using SCS instead.
ECOS solver failed:  The solver ECOS is not installed. 
Using SCS instead.
ECOS solver failed:  The solver ECOS is not installed. 
Using SCS instead.
ECOS solver failed:  The solver ECOS is not installed. 
Using SCS instead.
ECOS solver failed:  The solver ECOS is not installed. 
Using SCS instead.
ECOS solver failed:  The solver ECOS is not installed. 
Using SCS instead.
ECOS solver failed:  The solver ECOS is not installed. 
Using SCS instead.
ECOS solver failed:  The solver ECOS is not installed. 
Using SCS instead.
ECOS solver failed:  The solver ECOS is not installed. 
Using SCS instead.
ECOS solver failed:  The solver ECOS is not installed. 
Using SCS instead.
ECOS solver failed:  The solver ECOS is not installed. 
Using SCS instead.
ECOS solver failed:  The solver ECOS is not installed. 
Using SCS instead.
ECOS solver failed:  The solver ECOS is not installed. 
Using SCS instead.
ECOS solver failed:  The solver ECOS is not installed. 
Using SCS instead.
ECOS solver failed:  The solver ECOS is not installed. 
Using SCS instead.
ECOS solver failed:  The solver ECOS is not installed. 
Using SCS instead.
ECOS solver failed:  The solver ECOS is not installed. 
Using SCS instead.
ECOS solver failed:  The solver ECOS is not installed. 
Using SCS instead.
M-step Design Matrix Calculation time (sec): 0.0815
ECOS solver failed in IPCW_HAL_init, falling back to SCS: The solver ECOS is not installed.
M-step CVXPY optimize time (sec): 1.7437
ECOS solver failed:  The solver ECOS is not installed. 
Using SCS instead.
ECOS solver failed:  The solver ECOS is not installed. 
Using SCS instead.
ECOS solver failed:  The solver ECOS is not installed. 
Using SCS instead.
ECOS solver failed:  The solver ECOS is not installed. 
Using SCS instead.
ECOS solver failed:  The solver ECOS is not installed. 
Using SCS instead.
ECOS solver failed:  The solver ECOS is not installed. 
Using SCS instead.
ECOS solver failed:  The solver ECOS is not installed. 
Using SCS instead.
ECOS solver failed:  The solver ECOS is not installed. 
Using SCS instead.
ECOS solver failed:  The solver ECOS is not installed. 
Using SCS instead.
ECOS solver failed:  The solver ECOS is not installed. 
Using SCS instead.
ECOS solver failed:  The solver ECOS is not installed. 
Using SCS instead.
ECOS solver failed:  The solver ECOS is not installed. 
Using SCS instead.
ECOS solver failed:  The solver ECOS is not installed. 
Using SCS instead.
ECOS solver failed:  The solver ECOS is not installed. 
Using SCS instead.
ECOS solver failed:  The solver ECOS is not installed. 
Using SCS instead.
ECOS solver failed:  The solver ECOS is not installed. 
Using SCS instead.
ECOS solver failed:  The solver ECOS is not installed. 
Using SCS instead.
ECOS solver failed:  The solver ECOS is not installed. 
Using SCS instead.
ECOS solver failed:  The solver ECOS is not installed. 
Using SCS instead.
ECOS solver failed:  The solver ECOS is not installed. 
Using SCS instead.
ECOS solver failed:  The solver ECOS is not installed. 
Using SCS instead.
M-step Design Matrix Calculation time (sec): 0.0198
ECOS solver failed in IPCW_HAL_init, falling back to SCS: The solver ECOS is not installed.
WARNING - large complementary slackness residual: 0.012346
M-step CVXPY optimize time (sec): 2.7951
ECOS solver failed:  The solver ECOS is not installed. 
Using SCS instead.
ECOS solver failed:  The solver ECOS is not installed. 
Using SCS instead.
ECOS solver failed:  The solver ECOS is not installed. 
Using SCS instead.
ECOS solver failed:  The solver ECOS is not installed. 
Using SCS instead.
ECOS solver failed:  The solver ECOS is not installed. 
Using SCS instead.
ECOS solver failed:  The solver ECOS is not installed. 
Using SCS instead.
ECOS solver failed:  The solver ECOS is not installed. 
Using SCS instead.
ECOS solver failed:  The solver ECOS is not installed. 
Using SCS instead.
ECOS solver failed:  The solver ECOS is not installed. 
Using SCS instead.
ECOS solver failed:  The solver ECOS is not installed. 
Using SCS instead.
ECOS solver failed:  The solver ECOS is not installed. 
Using SCS instead.
ECOS solver failed:  The solver ECOS is not installed. 
Using SCS instead.
ECOS solver failed:  The solver ECOS is not installed. 
Using SCS instead.
ECOS solver failed:  The solver ECOS is not installed. 
Using SCS instead.
ECOS solver failed:  The solver ECOS is not installed. 
Using SCS instead.
ECOS solver failed:  The solver ECOS is not installed. 
Using SCS instead.
ECOS solver failed:  The solver ECOS is not installed. 
Using SCS instead.
ECOS solver failed:  The solver ECOS is not installed. 
Using SCS instead.
ECOS solver failed:  The solver ECOS is not installed. 
Using SCS instead.
ECOS solver failed:  The solver ECOS is not installed. 
Using SCS instead.
ECOS solver failed:  The solver ECOS is not installed. 
Using SCS instead.
M-step Design Matrix Calculation time (sec): 0.0342
ECOS solver failed in IPCW_HAL_init, falling back to SCS: The solver ECOS is not installed.
WARNING - large complementary slackness residual: 0.015543
M-step CVXPY optimize time (sec): 1.9474
ECOS solver failed:  The solver ECOS is not installed. 
Using SCS instead.
ECOS solver failed:  The solver ECOS is not installed. 
Using SCS instead.
ECOS solver failed:  The solver ECOS is not installed. 
Using SCS instead.
ECOS solver failed:  The solver ECOS is not installed. 
Using SCS instead.
ECOS solver failed:  The solver ECOS is not installed. 
Using SCS instead.
ECOS solver failed:  The solver ECOS is not installed. 
Using SCS instead.
ECOS solver failed:  The solver ECOS is not installed. 
Using SCS instead.
ECOS solver failed:  The solver ECOS is not installed. 
Using SCS instead.
ECOS solver failed:  The solver ECOS is not installed. 
Using SCS instead.
ECOS solver failed:  The solver ECOS is not installed. 
Using SCS instead.
ECOS solver failed:  The solver ECOS is not installed. 
Using SCS instead.
ECOS solver failed:  The solver ECOS is not installed. 
Using SCS instead.
ECOS solver failed:  The solver ECOS is not installed. 
Using SCS instead.
ECOS solver failed:  The solver ECOS is not installed. 
Using SCS instead.
ECOS solver failed:  The solver ECOS is not installed. 
Using SCS instead.
ECOS solver failed:  The solver ECOS is not installed. 
Using SCS instead.
ECOS solver failed:  The solver ECOS is not installed. 
Using SCS instead.
ECOS solver failed:  The solver ECOS is not installed. 
Using SCS instead.
ECOS solver failed:  The solver ECOS is not installed. 
Using SCS instead.
ECOS solver failed:  The solver ECOS is not installed. 
Using SCS instead.
ECOS solver failed:  The solver ECOS is not installed. 
Using SCS instead.
M-step Design Matrix Calculation time (sec): 0.0613
ECOS solver failed in IPCW_HAL_init, falling back to SCS: The solver ECOS is not installed.
WARNING - large complementary slackness residual: 0.026705
M-step CVXPY optimize time (sec): 4.6405
ECOS solver failed:  The solver ECOS is not installed. 
Using SCS instead.
ECOS solver failed:  The solver ECOS is not installed. 
Using SCS instead.
ECOS solver failed:  The solver ECOS is not installed. 
Using SCS instead.
ECOS solver failed:  The solver ECOS is not installed. 
Using SCS instead.
ECOS solver failed:  The solver ECOS is not installed. 
Using SCS instead.
ECOS solver failed:  The solver ECOS is not installed. 
Using SCS instead.
ECOS solver failed:  The solver ECOS is not installed. 
Using SCS instead.
ECOS solver failed:  The solver ECOS is not installed. 
Using SCS instead.
ECOS solver failed:  The solver ECOS is not installed. 
Using SCS instead.
ECOS solver failed:  The solver ECOS is not installed. 
Using SCS instead.
ECOS solver failed:  The solver ECOS is not installed. 
Using SCS instead.
ECOS solver failed:  The solver ECOS is not installed. 
Using SCS instead.
ECOS solver failed:  The solver ECOS is not installed. 
Using SCS instead.
ECOS solver failed:  The solver ECOS is not installed. 
Using SCS instead.
ECOS solver failed:  The solver ECOS is not installed. 
Using SCS instead.
ECOS solver failed:  The solver ECOS is not installed. 
Using SCS instead.
ECOS solver failed:  The solver ECOS is not installed. 
Using SCS instead.
ECOS solver failed:  The solver ECOS is not installed. 
Using SCS instead.
ECOS solver failed:  The solver ECOS is not installed. 
Using SCS instead.
ECOS solver failed:  The solver ECOS is not installed. 
Using SCS instead.
ECOS solver failed:  The solver ECOS is not installed. 
Using SCS instead.
M-step Design Matrix Calculation time (sec): 0.0189
ECOS solver failed in IPCW_HAL_init, falling back to SCS: The solver ECOS is not installed.
WARNING - large complementary slackness residual: 0.004641
M-step CVXPY optimize time (sec): 2.5708
ECOS solver failed:  The solver ECOS is not installed. 
Using SCS instead.
ECOS solver failed:  The solver ECOS is not installed. 
Using SCS instead.
ECOS solver failed:  The solver ECOS is not installed. 
Using SCS instead.
ECOS solver failed:  The solver ECOS is not installed. 
Using SCS instead.
ECOS solver failed:  The solver ECOS is not installed. 
Using SCS instead.
ECOS solver failed:  The solver ECOS is not installed. 
Using SCS instead.
ECOS solver failed:  The solver ECOS is not installed. 
Using SCS instead.
ECOS solver failed:  The solver ECOS is not installed. 
Using SCS instead.
ECOS solver failed:  The solver ECOS is not installed. 
Using SCS instead.
ECOS solver failed:  The solver ECOS is not installed. 
Using SCS instead.
ECOS solver failed:  The solver ECOS is not installed. 
Using SCS instead.
ECOS solver failed:  The solver ECOS is not installed. 
Using SCS instead.
ECOS solver failed:  The solver ECOS is not installed. 
Using SCS instead.
ECOS solver failed:  The solver ECOS is not installed. 
Using SCS instead.
ECOS solver failed:  The solver ECOS is not installed. 
Using SCS instead.
ECOS solver failed:  The solver ECOS is not installed. 
Using SCS instead.
ECOS solver failed:  The solver ECOS is not installed. 
Using SCS instead.
ECOS solver failed:  The solver ECOS is not installed. 
Using SCS instead.
ECOS solver failed:  The solver ECOS is not installed. 
Using SCS instead.
ECOS solver failed:  The solver ECOS is not installed. 
Using SCS instead.
ECOS solver failed:  The solver ECOS is not installed. 
Using SCS instead.
M-step Design Matrix Calculation time (sec): 0.1953
ECOS solver failed in IPCW_HAL_init, falling back to SCS: The solver ECOS is not installed.
WARNING - large complementary slackness residual: 0.033213
M-step CVXPY optimize time (sec): 1.6703
ECOS solver failed:  The solver ECOS is not installed. 
Using SCS instead.
ECOS solver failed:  The solver ECOS is not installed. 
Using SCS instead.
ECOS solver failed:  The solver ECOS is not installed. 
Using SCS instead.
ECOS solver failed:  The solver ECOS is not installed. 
Using SCS instead.
ECOS solver failed:  The solver ECOS is not installed. 
Using SCS instead.
ECOS solver failed:  The solver ECOS is not installed. 
Using SCS instead.
ECOS solver failed:  The solver ECOS is not installed. 
Using SCS instead.
ECOS solver failed:  The solver ECOS is not installed. 
Using SCS instead.
ECOS solver failed:  The solver ECOS is not installed. 
Using SCS instead.
ECOS solver failed:  The solver ECOS is not installed. 
Using SCS instead.
ECOS solver failed:  The solver ECOS is not installed. 
Using SCS instead.
ECOS solver failed:  The solver ECOS is not installed. 
Using SCS instead.
ECOS solver failed:  The solver ECOS is not installed. 
Using SCS instead.
ECOS solver failed:  The solver ECOS is not installed. 
Using SCS instead.
ECOS solver failed:  The solver ECOS is not installed. 
Using SCS instead.
ECOS solver failed:  The solver ECOS is not installed. 
Using SCS instead.
ECOS solver failed:  The solver ECOS is not installed. 
Using SCS instead.
ECOS solver failed:  The solver ECOS is not installed. 
Using SCS instead.
ECOS solver failed:  The solver ECOS is not installed. 
Using SCS instead.
ECOS solver failed:  The solver ECOS is not installed. 
Using SCS instead.
ECOS solver failed:  The solver ECOS is not installed. 
Using SCS instead.
M-step Design Matrix Calculation time (sec): 0.0250
ECOS solver failed in IPCW_HAL_init, falling back to SCS: The solver ECOS is not installed.
WARNING - large complementary slackness residual: 0.011396
M-step CVXPY optimize time (sec): 3.6947
ECOS solver failed:  The solver ECOS is not installed. 
Using SCS instead.
ECOS solver failed:  The solver ECOS is not installed. 
Using SCS instead.
ECOS solver failed:  The solver ECOS is not installed. 
Using SCS instead.
ECOS solver failed:  The solver ECOS is not installed. 
Using SCS instead.
ECOS solver failed:  The solver ECOS is not installed. 
Using SCS instead.
ECOS solver failed:  The solver ECOS is not installed. 
Using SCS instead.
ECOS solver failed:  The solver ECOS is not installed. 
Using SCS instead.
ECOS solver failed:  The solver ECOS is not installed. 
Using SCS instead.
ECOS solver failed:  The solver ECOS is not installed. 
Using SCS instead.
ECOS solver failed:  The solver ECOS is not installed. 
Using SCS instead.
ECOS solver failed:  The solver ECOS is not installed. 
Using SCS instead.
ECOS solver failed:  The solver ECOS is not installed. 
Using SCS instead.
ECOS solver failed:  The solver ECOS is not installed. 
Using SCS instead.
ECOS solver failed:  The solver ECOS is not installed. 
Using SCS instead.
ECOS solver failed:  The solver ECOS is not installed. 
Using SCS instead.
ECOS solver failed:  The solver ECOS is not installed. 
Using SCS instead.
ECOS solver failed:  The solver ECOS is not installed. 
Using SCS instead.
ECOS solver failed:  The solver ECOS is not installed. 
Using SCS instead.
ECOS solver failed:  The solver ECOS is not installed. 
Using SCS instead.
ECOS solver failed:  The solver ECOS is not installed. 
Using SCS instead.
ECOS solver failed:  The solver ECOS is not installed. 
Using SCS instead.
M-step Design Matrix Calculation time (sec): 0.0176
ECOS solver failed in IPCW_HAL_init, falling back to SCS: The solver ECOS is not installed.
WARNING - large complementary slackness residual: 0.020012
M-step CVXPY optimize time (sec): 3.3316
ECOS solver failed:  The solver ECOS is not installed. 
Using SCS instead.
ECOS solver failed:  The solver ECOS is not installed. 
Using SCS instead.
ECOS solver failed:  The solver ECOS is not installed. 
Using SCS instead.
ECOS solver failed:  The solver ECOS is not installed. 
Using SCS instead.
ECOS solver failed:  The solver ECOS is not installed. 
Using SCS instead.
ECOS solver failed:  The solver ECOS is not installed. 
Using SCS instead.
ECOS solver failed:  The solver ECOS is not installed. 
Using SCS instead.
ECOS solver failed:  The solver ECOS is not installed. 
Using SCS instead.
ECOS solver failed:  The solver ECOS is not installed. 
Using SCS instead.
ECOS solver failed:  The solver ECOS is not installed. 
Using SCS instead.
ECOS solver failed:  The solver ECOS is not installed. 
Using SCS instead.
ECOS solver failed:  The solver ECOS is not installed. 
Using SCS instead.
ECOS solver failed:  The solver ECOS is not installed. 
Using SCS instead.
ECOS solver failed:  The solver ECOS is not installed. 
Using SCS instead.
ECOS solver failed:  The solver ECOS is not installed. 
Using SCS instead.
ECOS solver failed:  The solver ECOS is not installed. 
Using SCS instead.
ECOS solver failed:  The solver ECOS is not installed. 
Using SCS instead.
ECOS solver failed:  The solver ECOS is not installed. 
Using SCS instead.
ECOS solver failed:  The solver ECOS is not installed. 
Using SCS instead.
ECOS solver failed:  The solver ECOS is not installed. 
Using SCS instead.
ECOS solver failed:  The solver ECOS is not installed. 
Using SCS instead.
M-step Design Matrix Calculation time (sec): 0.0283
ECOS solver failed in IPCW_HAL_init, falling back to SCS: The solver ECOS is not installed.
WARNING - large complementary slackness residual: 0.006588
M-step CVXPY optimize time (sec): 1.4836
ECOS solver failed:  The solver ECOS is not installed. 
Using SCS instead.
ECOS solver failed:  The solver ECOS is not installed. 
Using SCS instead.
ECOS solver failed:  The solver ECOS is not installed. 
Using SCS instead.
ECOS solver failed:  The solver ECOS is not installed. 
Using SCS instead.
ECOS solver failed:  The solver ECOS is not installed. 
Using SCS instead.
ECOS solver failed:  The solver ECOS is not installed. 
Using SCS instead.
ECOS solver failed:  The solver ECOS is not installed. 
Using SCS instead.
ECOS solver failed:  The solver ECOS is not installed. 
Using SCS instead.
ECOS solver failed:  The solver ECOS is not installed. 
Using SCS instead.
ECOS solver failed:  The solver ECOS is not installed. 
Using SCS instead.
ECOS solver failed:  The solver ECOS is not installed. 
Using SCS instead.
ECOS solver failed:  The solver ECOS is not installed. 
Using SCS instead.
ECOS solver failed:  The solver ECOS is not installed. 
Using SCS instead.
ECOS solver failed:  The solver ECOS is not installed. 
Using SCS instead.
ECOS solver failed:  The solver ECOS is not installed. 
Using SCS instead.
ECOS solver failed:  The solver ECOS is not installed. 
Using SCS instead.
ECOS solver failed:  The solver ECOS is not installed. 
Using SCS instead.
ECOS solver failed:  The solver ECOS is not installed. 
Using SCS instead.
ECOS solver failed:  The solver ECOS is not installed. 
Using SCS instead.
ECOS solver failed:  The solver ECOS is not installed. 
Using SCS instead.
ECOS solver failed:  The solver ECOS is not installed. 
Using SCS instead.
M-step Design Matrix Calculation time (sec): 0.0178
ECOS solver failed in IPCW_HAL_init, falling back to SCS: The solver ECOS is not installed.
WARNING - large complementary slackness residual: 0.017142
M-step CVXPY optimize time (sec): 5.2013
ECOS solver failed:  The solver ECOS is not installed. 
Using SCS instead.
ECOS solver failed:  The solver ECOS is not installed. 
Using SCS instead.
ECOS solver failed:  The solver ECOS is not installed. 
Using SCS instead.
ECOS solver failed:  The solver ECOS is not installed. 
Using SCS instead.
ECOS solver failed:  The solver ECOS is not installed. 
Using SCS instead.
ECOS solver failed:  The solver ECOS is not installed. 
Using SCS instead.
ECOS solver failed:  The solver ECOS is not installed. 
Using SCS instead.
ECOS solver failed:  The solver ECOS is not installed. 
Using SCS instead.
ECOS solver failed:  The solver ECOS is not installed. 
Using SCS instead.
ECOS solver failed:  The solver ECOS is not installed. 
Using SCS instead.
ECOS solver failed:  The solver ECOS is not installed. 
Using SCS instead.
ECOS solver failed:  The solver ECOS is not installed. 
Using SCS instead.
ECOS solver failed:  The solver ECOS is not installed. 
Using SCS instead.
ECOS solver failed:  The solver ECOS is not installed. 
Using SCS instead.
ECOS solver failed:  The solver ECOS is not installed. 
Using SCS instead.
ECOS solver failed:  The solver ECOS is not installed. 
Using SCS instead.
ECOS solver failed:  The solver ECOS is not installed. 
Using SCS instead.
ECOS solver failed:  The solver ECOS is not installed. 
Using SCS instead.
ECOS solver failed:  The solver ECOS is not installed. 
Using SCS instead.
ECOS solver failed:  The solver ECOS is not installed. 
Using SCS instead.
ECOS solver failed:  The solver ECOS is not installed. 
Using SCS instead.
M-step Design Matrix Calculation time (sec): 0.0194
ECOS solver failed in IPCW_HAL_init, falling back to SCS: The solver ECOS is not installed.
M-step CVXPY optimize time (sec): 0.2380
ECOS solver failed:  The solver ECOS is not installed. 
Using SCS instead.
ECOS solver failed:  The solver ECOS is not installed. 
Using SCS instead.
ECOS solver failed:  The solver ECOS is not installed. 
Using SCS instead.
ECOS solver failed:  The solver ECOS is not installed. 
Using SCS instead.
ECOS solver failed:  The solver ECOS is not installed. 
Using SCS instead.
ECOS solver failed:  The solver ECOS is not installed. 
Using SCS instead.
ECOS solver failed:  The solver ECOS is not installed. 
Using SCS instead.
ECOS solver failed:  The solver ECOS is not installed. 
Using SCS instead.
ECOS solver failed:  The solver ECOS is not installed. 
Using SCS instead.
ECOS solver failed:  The solver ECOS is not installed. 
Using SCS instead.
ECOS solver failed:  The solver ECOS is not installed. 
Using SCS instead.
ECOS solver failed:  The solver ECOS is not installed. 
Using SCS instead.
ECOS solver failed:  The solver ECOS is not installed. 
Using SCS instead.
ECOS solver failed:  The solver ECOS is not installed. 
Using SCS instead.
ECOS solver failed:  The solver ECOS is not installed. 
Using SCS instead.
ECOS solver failed:  The solver ECOS is not installed. 
Using SCS instead.
ECOS solver failed:  The solver ECOS is not installed. 
Using SCS instead.
ECOS solver failed:  The solver ECOS is not installed. 
Using SCS instead.
ECOS solver failed:  The solver ECOS is not installed. 
Using SCS instead.
ECOS solver failed:  The solver ECOS is not installed. 
Using SCS instead.
ECOS solver failed:  The solver ECOS is not installed. 
Using SCS instead.
M-step Design Matrix Calculation time (sec): 0.0209
ECOS solver failed in IPCW_HAL_init, falling back to SCS: The solver ECOS is not installed.
M-step CVXPY optimize time (sec): 0.5765
ECOS solver failed:  The solver ECOS is not installed. 
Using SCS instead.
ECOS solver failed:  The solver ECOS is not installed. 
Using SCS instead.
ECOS solver failed:  The solver ECOS is not installed. 
Using SCS instead.
ECOS solver failed:  The solver ECOS is not installed. 
Using SCS instead.
ECOS solver failed:  The solver ECOS is not installed. 
Using SCS instead.
ECOS solver failed:  The solver ECOS is not installed. 
Using SCS instead.
ECOS solver failed:  The solver ECOS is not installed. 
Using SCS instead.
ECOS solver failed:  The solver ECOS is not installed. 
Using SCS instead.
ECOS solver failed:  The solver ECOS is not installed. 
Using SCS instead.
ECOS solver failed:  The solver ECOS is not installed. 
Using SCS instead.
ECOS solver failed:  The solver ECOS is not installed. 
Using SCS instead.
ECOS solver failed:  The solver ECOS is not installed. 
Using SCS instead.
ECOS solver failed:  The solver ECOS is not installed. 
Using SCS instead.
ECOS solver failed:  The solver ECOS is not installed. 
Using SCS instead.
ECOS solver failed:  The solver ECOS is not installed. 
Using SCS instead.
ECOS solver failed:  The solver ECOS is not installed. 
Using SCS instead.
ECOS solver failed:  The solver ECOS is not installed. 
Using SCS instead.
ECOS solver failed:  The solver ECOS is not installed. 
Using SCS instead.
ECOS solver failed:  The solver ECOS is not installed. 
Using SCS instead.
ECOS solver failed:  The solver ECOS is not installed. 
Using SCS instead.
ECOS solver failed:  The solver ECOS is not installed. 
Using SCS instead.
M-step Design Matrix Calculation time (sec): 0.0204
ECOS solver failed in IPCW_HAL_init, falling back to SCS: The solver ECOS is not installed.
M-step CVXPY optimize time (sec): 1.3182
ECOS solver failed:  The solver ECOS is not installed. 
Using SCS instead.
ECOS solver failed:  The solver ECOS is not installed. 
Using SCS instead.
ECOS solver failed:  The solver ECOS is not installed. 
Using SCS instead.
ECOS solver failed:  The solver ECOS is not installed. 
Using SCS instead.
ECOS solver failed:  The solver ECOS is not installed. 
Using SCS instead.
ECOS solver failed:  The solver ECOS is not installed. 
Using SCS instead.
ECOS solver failed:  The solver ECOS is not installed. 
Using SCS instead.
ECOS solver failed:  The solver ECOS is not installed. 
Using SCS instead.
ECOS solver failed:  The solver ECOS is not installed. 
Using SCS instead.
ECOS solver failed:  The solver ECOS is not installed. 
Using SCS instead.
ECOS solver failed:  The solver ECOS is not installed. 
Using SCS instead.
ECOS solver failed:  The solver ECOS is not installed. 
Using SCS instead.
ECOS solver failed:  The solver ECOS is not installed. 
Using SCS instead.
ECOS solver failed:  The solver ECOS is not installed. 
Using SCS instead.
ECOS solver failed:  The solver ECOS is not installed. 
Using SCS instead.
ECOS solver failed:  The solver ECOS is not installed. 
Using SCS instead.
ECOS solver failed:  The solver ECOS is not installed. 
Using SCS instead.
ECOS solver failed:  The solver ECOS is not installed. 
Using SCS instead.
ECOS solver failed:  The solver ECOS is not installed. 
Using SCS instead.
ECOS solver failed:  The solver ECOS is not installed. 
Using SCS instead.
ECOS solver failed:  The solver ECOS is not installed. 
Using SCS instead.
M-step Design Matrix Calculation time (sec): 0.1881
ECOS solver failed in IPCW_HAL_init, falling back to SCS: The solver ECOS is not installed.
WARNING - large complementary slackness residual: 0.017144
M-step CVXPY optimize time (sec): 5.3448
ECOS solver failed:  The solver ECOS is not installed. 
Using SCS instead.
ECOS solver failed:  The solver ECOS is not installed. 
Using SCS instead.
ECOS solver failed:  The solver ECOS is not installed. 
Using SCS instead.
ECOS solver failed:  The solver ECOS is not installed. 
Using SCS instead.
ECOS solver failed:  The solver ECOS is not installed. 
Using SCS instead.
ECOS solver failed:  The solver ECOS is not installed. 
Using SCS instead.
ECOS solver failed:  The solver ECOS is not installed. 
Using SCS instead.
ECOS solver failed:  The solver ECOS is not installed. 
Using SCS instead.
ECOS solver failed:  The solver ECOS is not installed. 
Using SCS instead.
ECOS solver failed:  The solver ECOS is not installed. 
Using SCS instead.
ECOS solver failed:  The solver ECOS is not installed. 
Using SCS instead.
ECOS solver failed:  The solver ECOS is not installed. 
Using SCS instead.
ECOS solver failed:  The solver ECOS is not installed. 
Using SCS instead.
ECOS solver failed:  The solver ECOS is not installed. 
Using SCS instead.
ECOS solver failed:  The solver ECOS is not installed. 
Using SCS instead.
ECOS solver failed:  The solver ECOS is not installed. 
Using SCS instead.
ECOS solver failed:  The solver ECOS is not installed. 
Using SCS instead.
ECOS solver failed:  The solver ECOS is not installed. 
Using SCS instead.
ECOS solver failed:  The solver ECOS is not installed. 
Using SCS instead.
ECOS solver failed:  The solver ECOS is not installed. 
Using SCS instead.
ECOS solver failed:  The solver ECOS is not installed. 
Using SCS instead.
M-step Design Matrix Calculation time (sec): 0.0195
ECOS solver failed in IPCW_HAL_init, falling back to SCS: The solver ECOS is not installed.
M-step CVXPY optimize time (sec): 3.6237
ECOS solver failed:  The solver ECOS is not installed. 
Using SCS instead.
ECOS solver failed:  The solver ECOS is not installed. 
Using SCS instead.
ECOS solver failed:  The solver ECOS is not installed. 
Using SCS instead.
ECOS solver failed:  The solver ECOS is not installed. 
Using SCS instead.
ECOS solver failed:  The solver ECOS is not installed. 
Using SCS instead.
ECOS solver failed:  The solver ECOS is not installed. 
Using SCS instead.
ECOS solver failed:  The solver ECOS is not installed. 
Using SCS instead.
ECOS solver failed:  The solver ECOS is not installed. 
Using SCS instead.
ECOS solver failed:  The solver ECOS is not installed. 
Using SCS instead.
ECOS solver failed:  The solver ECOS is not installed. 
Using SCS instead.
ECOS solver failed:  The solver ECOS is not installed. 
Using SCS instead.
ECOS solver failed:  The solver ECOS is not installed. 
Using SCS instead.
ECOS solver failed:  The solver ECOS is not installed. 
Using SCS instead.
ECOS solver failed:  The solver ECOS is not installed. 
Using SCS instead.
ECOS solver failed:  The solver ECOS is not installed. 
Using SCS instead.
ECOS solver failed:  The solver ECOS is not installed. 
Using SCS instead.
ECOS solver failed:  The solver ECOS is not installed. 
Using SCS instead.
ECOS solver failed:  The solver ECOS is not installed. 
Using SCS instead.
ECOS solver failed:  The solver ECOS is not installed. 
Using SCS instead.
ECOS solver failed:  The solver ECOS is not installed. 
Using SCS instead.
ECOS solver failed:  The solver ECOS is not installed. 
Using SCS instead.
M-step Design Matrix Calculation time (sec): 0.1250
ECOS solver failed in IPCW_HAL_init, falling back to SCS: The solver ECOS is not installed.
M-step CVXPY optimize time (sec): 1.1731
ECOS solver failed:  The solver ECOS is not installed. 
Using SCS instead.
ECOS solver failed:  The solver ECOS is not installed. 
Using SCS instead.
ECOS solver failed:  The solver ECOS is not installed. 
Using SCS instead.
ECOS solver failed:  The solver ECOS is not installed. 
Using SCS instead.
ECOS solver failed:  The solver ECOS is not installed. 
Using SCS instead.
ECOS solver failed:  The solver ECOS is not installed. 
Using SCS instead.
ECOS solver failed:  The solver ECOS is not installed. 
Using SCS instead.
ECOS solver failed:  The solver ECOS is not installed. 
Using SCS instead.
ECOS solver failed:  The solver ECOS is not installed. 
Using SCS instead.
ECOS solver failed:  The solver ECOS is not installed. 
Using SCS instead.
ECOS solver failed:  The solver ECOS is not installed. 
Using SCS instead.
ECOS solver failed:  The solver ECOS is not installed. 
Using SCS instead.
ECOS solver failed:  The solver ECOS is not installed. 
Using SCS instead.
ECOS solver failed:  The solver ECOS is not installed. 
Using SCS instead.
ECOS solver failed:  The solver ECOS is not installed. 
Using SCS instead.
ECOS solver failed:  The solver ECOS is not installed. 
Using SCS instead.
ECOS solver failed:  The solver ECOS is not installed. 
Using SCS instead.
ECOS solver failed:  The solver ECOS is not installed. 
Using SCS instead.
ECOS solver failed:  The solver ECOS is not installed. 
Using SCS instead.
ECOS solver failed:  The solver ECOS is not installed. 
Using SCS instead.
ECOS solver failed:  The solver ECOS is not installed. 
Using SCS instead.
M-step Design Matrix Calculation time (sec): 0.0172
ECOS solver failed in IPCW_HAL_init, falling back to SCS: The solver ECOS is not installed.
WARNING - large complementary slackness residual: 0.013888
M-step CVXPY optimize time (sec): 2.3699
ECOS solver failed:  The solver ECOS is not installed. 
Using SCS instead.
ECOS solver failed:  The solver ECOS is not installed. 
Using SCS instead.
ECOS solver failed:  The solver ECOS is not installed. 
Using SCS instead.
ECOS solver failed:  The solver ECOS is not installed. 
Using SCS instead.
ECOS solver failed:  The solver ECOS is not installed. 
Using SCS instead.
ECOS solver failed:  The solver ECOS is not installed. 
Using SCS instead.
ECOS solver failed:  The solver ECOS is not installed. 
Using SCS instead.
ECOS solver failed:  The solver ECOS is not installed. 
Using SCS instead.
ECOS solver failed:  The solver ECOS is not installed. 
Using SCS instead.
ECOS solver failed:  The solver ECOS is not installed. 
Using SCS instead.
ECOS solver failed:  The solver ECOS is not installed. 
Using SCS instead.
ECOS solver failed:  The solver ECOS is not installed. 
Using SCS instead.
ECOS solver failed:  The solver ECOS is not installed. 
Using SCS instead.
ECOS solver failed:  The solver ECOS is not installed. 
Using SCS instead.
ECOS solver failed:  The solver ECOS is not installed. 
Using SCS instead.
ECOS solver failed:  The solver ECOS is not installed. 
Using SCS instead.
ECOS solver failed:  The solver ECOS is not installed. 
Using SCS instead.
ECOS solver failed:  The solver ECOS is not installed. 
Using SCS instead.
ECOS solver failed:  The solver ECOS is not installed. 
Using SCS instead.
ECOS solver failed:  The solver ECOS is not installed. 
Using SCS instead.
ECOS solver failed:  The solver ECOS is not installed. 
Using SCS instead.
M-step Design Matrix Calculation time (sec): 0.0919
ECOS solver failed in IPCW_HAL_init, falling back to SCS: The solver ECOS is not installed.
WARNING - large complementary slackness residual: 0.026854
M-step CVXPY optimize time (sec): 1.2731
ECOS solver failed:  The solver ECOS is not installed. 
Using SCS instead.
ECOS solver failed:  The solver ECOS is not installed. 
Using SCS instead.
ECOS solver failed:  The solver ECOS is not installed. 
Using SCS instead.
ECOS solver failed:  The solver ECOS is not installed. 
Using SCS instead.
ECOS solver failed:  The solver ECOS is not installed. 
Using SCS instead.
ECOS solver failed:  The solver ECOS is not installed. 
Using SCS instead.
ECOS solver failed:  The solver ECOS is not installed. 
Using SCS instead.
ECOS solver failed:  The solver ECOS is not installed. 
Using SCS instead.
ECOS solver failed:  The solver ECOS is not installed. 
Using SCS instead.
ECOS solver failed:  The solver ECOS is not installed. 
Using SCS instead.
ECOS solver failed:  The solver ECOS is not installed. 
Using SCS instead.
ECOS solver failed:  The solver ECOS is not installed. 
Using SCS instead.
ECOS solver failed:  The solver ECOS is not installed. 
Using SCS instead.
ECOS solver failed:  The solver ECOS is not installed. 
Using SCS instead.
ECOS solver failed:  The solver ECOS is not installed. 
Using SCS instead.
ECOS solver failed:  The solver ECOS is not installed. 
Using SCS instead.
ECOS solver failed:  The solver ECOS is not installed. 
Using SCS instead.
ECOS solver failed:  The solver ECOS is not installed. 
Using SCS instead.
ECOS solver failed:  The solver ECOS is not installed. 
Using SCS instead.
ECOS solver failed:  The solver ECOS is not installed. 
Using SCS instead.
ECOS solver failed:  The solver ECOS is not installed. 
Using SCS instead.
M-step Design Matrix Calculation time (sec): 0.0753
ECOS solver failed in IPCW_HAL_init, falling back to SCS: The solver ECOS is not installed.
WARNING - large complementary slackness residual: 0.006262
M-step CVXPY optimize time (sec): 2.6359
ECOS solver failed:  The solver ECOS is not installed. 
Using SCS instead.
ECOS solver failed:  The solver ECOS is not installed. 
Using SCS instead.
ECOS solver failed:  The solver ECOS is not installed. 
Using SCS instead.
ECOS solver failed:  The solver ECOS is not installed. 
Using SCS instead.
ECOS solver failed:  The solver ECOS is not installed. 
Using SCS instead.
ECOS solver failed:  The solver ECOS is not installed. 
Using SCS instead.
ECOS solver failed:  The solver ECOS is not installed. 
Using SCS instead.
ECOS solver failed:  The solver ECOS is not installed. 
Using SCS instead.
ECOS solver failed:  The solver ECOS is not installed. 
Using SCS instead.
ECOS solver failed:  The solver ECOS is not installed. 
Using SCS instead.
ECOS solver failed:  The solver ECOS is not installed. 
Using SCS instead.
ECOS solver failed:  The solver ECOS is not installed. 
Using SCS instead.
ECOS solver failed:  The solver ECOS is not installed. 
Using SCS instead.
ECOS solver failed:  The solver ECOS is not installed. 
Using SCS instead.
ECOS solver failed:  The solver ECOS is not installed. 
Using SCS instead.
ECOS solver failed:  The solver ECOS is not installed. 
Using SCS instead.
ECOS solver failed:  The solver ECOS is not installed. 
Using SCS instead.
ECOS solver failed:  The solver ECOS is not installed. 
Using SCS instead.
ECOS solver failed:  The solver ECOS is not installed. 
Using SCS instead.
ECOS solver failed:  The solver ECOS is not installed. 
Using SCS instead.
ECOS solver failed:  The solver ECOS is not installed. 
Using SCS instead.
M-step Design Matrix Calculation time (sec): 0.0185
ECOS solver failed in IPCW_HAL_init, falling back to SCS: The solver ECOS is not installed.
WARNING - large complementary slackness residual: 0.012391
M-step CVXPY optimize time (sec): 5.5983
ECOS solver failed:  The solver ECOS is not installed. 
Using SCS instead.
ECOS solver failed:  The solver ECOS is not installed. 
Using SCS instead.
ECOS solver failed:  The solver ECOS is not installed. 
Using SCS instead.
ECOS solver failed:  The solver ECOS is not installed. 
Using SCS instead.
ECOS solver failed:  The solver ECOS is not installed. 
Using SCS instead.
ECOS solver failed:  The solver ECOS is not installed. 
Using SCS instead.
ECOS solver failed:  The solver ECOS is not installed. 
Using SCS instead.
ECOS solver failed:  The solver ECOS is not installed. 
Using SCS instead.
ECOS solver failed:  The solver ECOS is not installed. 
Using SCS instead.
ECOS solver failed:  The solver ECOS is not installed. 
Using SCS instead.
ECOS solver failed:  The solver ECOS is not installed. 
Using SCS instead.
ECOS solver failed:  The solver ECOS is not installed. 
Using SCS instead.
ECOS solver failed:  The solver ECOS is not installed. 
Using SCS instead.
ECOS solver failed:  The solver ECOS is not installed. 
Using SCS instead.
ECOS solver failed:  The solver ECOS is not installed. 
Using SCS instead.
ECOS solver failed:  The solver ECOS is not installed. 
Using SCS instead.
ECOS solver failed:  The solver ECOS is not installed. 
Using SCS instead.
ECOS solver failed:  The solver ECOS is not installed. 
Using SCS instead.
ECOS solver failed:  The solver ECOS is not installed. 
Using SCS instead.
ECOS solver failed:  The solver ECOS is not installed. 
Using SCS instead.
ECOS solver failed:  The solver ECOS is not installed. 
Using SCS instead.
M-step Design Matrix Calculation time (sec): 0.1263
ECOS solver failed in IPCW_HAL_init, falling back to SCS: The solver ECOS is not installed.
WARNING - large complementary slackness residual: 0.019206
M-step CVXPY optimize time (sec): 4.4375
ECOS solver failed:  The solver ECOS is not installed. 
Using SCS instead.
ECOS solver failed:  The solver ECOS is not installed. 
Using SCS instead.
ECOS solver failed:  The solver ECOS is not installed. 
Using SCS instead.
ECOS solver failed:  The solver ECOS is not installed. 
Using SCS instead.
ECOS solver failed:  The solver ECOS is not installed. 
Using SCS instead.
ECOS solver failed:  The solver ECOS is not installed. 
Using SCS instead.
ECOS solver failed:  The solver ECOS is not installed. 
Using SCS instead.
ECOS solver failed:  The solver ECOS is not installed. 
Using SCS instead.
ECOS solver failed:  The solver ECOS is not installed. 
Using SCS instead.
ECOS solver failed:  The solver ECOS is not installed. 
Using SCS instead.
ECOS solver failed:  The solver ECOS is not installed. 
Using SCS instead.
ECOS solver failed:  The solver ECOS is not installed. 
Using SCS instead.
ECOS solver failed:  The solver ECOS is not installed. 
Using SCS instead.
ECOS solver failed:  The solver ECOS is not installed. 
Using SCS instead.
ECOS solver failed:  The solver ECOS is not installed. 
Using SCS instead.
ECOS solver failed:  The solver ECOS is not installed. 
Using SCS instead.
ECOS solver failed:  The solver ECOS is not installed. 
Using SCS instead.
ECOS solver failed:  The solver ECOS is not installed. 
Using SCS instead.
ECOS solver failed:  The solver ECOS is not installed. 
Using SCS instead.
ECOS solver failed:  The solver ECOS is not installed. 
Using SCS instead.
ECOS solver failed:  The solver ECOS is not installed. 
Using SCS instead.
M-step Design Matrix Calculation time (sec): 0.0424
ECOS solver failed in IPCW_HAL_init, falling back to SCS: The solver ECOS is not installed.
M-step CVXPY optimize time (sec): 2.3410
ECOS solver failed:  The solver ECOS is not installed. 
Using SCS instead.
ECOS solver failed:  The solver ECOS is not installed. 
Using SCS instead.
ECOS solver failed:  The solver ECOS is not installed. 
Using SCS instead.
ECOS solver failed:  The solver ECOS is not installed. 
Using SCS instead.
ECOS solver failed:  The solver ECOS is not installed. 
Using SCS instead.
ECOS solver failed:  The solver ECOS is not installed. 
Using SCS instead.
ECOS solver failed:  The solver ECOS is not installed. 
Using SCS instead.
ECOS solver failed:  The solver ECOS is not installed. 
Using SCS instead.
ECOS solver failed:  The solver ECOS is not installed. 
Using SCS instead.
ECOS solver failed:  The solver ECOS is not installed. 
Using SCS instead.
ECOS solver failed:  The solver ECOS is not installed. 
Using SCS instead.
ECOS solver failed:  The solver ECOS is not installed. 
Using SCS instead.
ECOS solver failed:  The solver ECOS is not installed. 
Using SCS instead.
ECOS solver failed:  The solver ECOS is not installed. 
Using SCS instead.
ECOS solver failed:  The solver ECOS is not installed. 
Using SCS instead.
ECOS solver failed:  The solver ECOS is not installed. 
Using SCS instead.
ECOS solver failed:  The solver ECOS is not installed. 
Using SCS instead.
ECOS solver failed:  The solver ECOS is not installed. 
Using SCS instead.
ECOS solver failed:  The solver ECOS is not installed. 
Using SCS instead.
ECOS solver failed:  The solver ECOS is not installed. 
Using SCS instead.
ECOS solver failed:  The solver ECOS is not installed. 
Using SCS instead.
M-step Design Matrix Calculation time (sec): 0.0165
ECOS solver failed in IPCW_HAL_init, falling back to SCS: The solver ECOS is not installed.
M-step CVXPY optimize time (sec): 0.7134
ECOS solver failed:  The solver ECOS is not installed. 
Using SCS instead.
ECOS solver failed:  The solver ECOS is not installed. 
Using SCS instead.
ECOS solver failed:  The solver ECOS is not installed. 
Using SCS instead.
ECOS solver failed:  The solver ECOS is not installed. 
Using SCS instead.
ECOS solver failed:  The solver ECOS is not installed. 
Using SCS instead.
ECOS solver failed:  The solver ECOS is not installed. 
Using SCS instead.
ECOS solver failed:  The solver ECOS is not installed. 
Using SCS instead.
ECOS solver failed:  The solver ECOS is not installed. 
Using SCS instead.
ECOS solver failed:  The solver ECOS is not installed. 
Using SCS instead.
ECOS solver failed:  The solver ECOS is not installed. 
Using SCS instead.
ECOS solver failed:  The solver ECOS is not installed. 
Using SCS instead.
ECOS solver failed:  The solver ECOS is not installed. 
Using SCS instead.
ECOS solver failed:  The solver ECOS is not installed. 
Using SCS instead.
ECOS solver failed:  The solver ECOS is not installed. 
Using SCS instead.
ECOS solver failed:  The solver ECOS is not installed. 
Using SCS instead.
ECOS solver failed:  The solver ECOS is not installed. 
Using SCS instead.
ECOS solver failed:  The solver ECOS is not installed. 
Using SCS instead.
ECOS solver failed:  The solver ECOS is not installed. 
Using SCS instead.
ECOS solver failed:  The solver ECOS is not installed. 
Using SCS instead.
ECOS solver failed:  The solver ECOS is not installed. 
Using SCS instead.
ECOS solver failed:  The solver ECOS is not installed. 
Using SCS instead.
M-step Design Matrix Calculation time (sec): 0.0174
ECOS solver failed in IPCW_HAL_init, falling back to SCS: The solver ECOS is not installed.
M-step CVXPY optimize time (sec): 0.9527
ECOS solver failed:  The solver ECOS is not installed. 
Using SCS instead.
ECOS solver failed:  The solver ECOS is not installed. 
Using SCS instead.
ECOS solver failed:  The solver ECOS is not installed. 
Using SCS instead.
ECOS solver failed:  The solver ECOS is not installed. 
Using SCS instead.
ECOS solver failed:  The solver ECOS is not installed. 
Using SCS instead.
ECOS solver failed:  The solver ECOS is not installed. 
Using SCS instead.
ECOS solver failed:  The solver ECOS is not installed. 
Using SCS instead.
ECOS solver failed:  The solver ECOS is not installed. 
Using SCS instead.
ECOS solver failed:  The solver ECOS is not installed. 
Using SCS instead.
ECOS solver failed:  The solver ECOS is not installed. 
Using SCS instead.
ECOS solver failed:  The solver ECOS is not installed. 
Using SCS instead.
ECOS solver failed:  The solver ECOS is not installed. 
Using SCS instead.
ECOS solver failed:  The solver ECOS is not installed. 
Using SCS instead.
ECOS solver failed:  The solver ECOS is not installed. 
Using SCS instead.
ECOS solver failed:  The solver ECOS is not installed. 
Using SCS instead.
ECOS solver failed:  The solver ECOS is not installed. 
Using SCS instead.
ECOS solver failed:  The solver ECOS is not installed. 
Using SCS instead.
ECOS solver failed:  The solver ECOS is not installed. 
Using SCS instead.
ECOS solver failed:  The solver ECOS is not installed. 
Using SCS instead.
ECOS solver failed:  The solver ECOS is not installed. 
Using SCS instead.
ECOS solver failed:  The solver ECOS is not installed. 
Using SCS instead.
M-step Design Matrix Calculation time (sec): 0.0178
ECOS solver failed in IPCW_HAL_init, falling back to SCS: The solver ECOS is not installed.
WARNING - large complementary slackness residual: 0.005994
M-step CVXPY optimize time (sec): 1.1571
ECOS solver failed:  The solver ECOS is not installed. 
Using SCS instead.
ECOS solver failed:  The solver ECOS is not installed. 
Using SCS instead.
ECOS solver failed:  The solver ECOS is not installed. 
Using SCS instead.
ECOS solver failed:  The solver ECOS is not installed. 
Using SCS instead.
ECOS solver failed:  The solver ECOS is not installed. 
Using SCS instead.
ECOS solver failed:  The solver ECOS is not installed. 
Using SCS instead.
ECOS solver failed:  The solver ECOS is not installed. 
Using SCS instead.
ECOS solver failed:  The solver ECOS is not installed. 
Using SCS instead.
ECOS solver failed:  The solver ECOS is not installed. 
Using SCS instead.
ECOS solver failed:  The solver ECOS is not installed. 
Using SCS instead.
ECOS solver failed:  The solver ECOS is not installed. 
Using SCS instead.
ECOS solver failed:  The solver ECOS is not installed. 
Using SCS instead.
ECOS solver failed:  The solver ECOS is not installed. 
Using SCS instead.
ECOS solver failed:  The solver ECOS is not installed. 
Using SCS instead.
ECOS solver failed:  The solver ECOS is not installed. 
Using SCS instead.
ECOS solver failed:  The solver ECOS is not installed. 
Using SCS instead.
ECOS solver failed:  The solver ECOS is not installed. 
Using SCS instead.
ECOS solver failed:  The solver ECOS is not installed. 
Using SCS instead.
ECOS solver failed:  The solver ECOS is not installed. 
Using SCS instead.
ECOS solver failed:  The solver ECOS is not installed. 
Using SCS instead.
ECOS solver failed:  The solver ECOS is not installed. 
Using SCS instead.
M-step Design Matrix Calculation time (sec): 0.1131
ECOS solver failed in IPCW_HAL_init, falling back to SCS: The solver ECOS is not installed.
WARNING - large complementary slackness residual: 0.015794
M-step CVXPY optimize time (sec): 1.7119
ECOS solver failed:  The solver ECOS is not installed. 
Using SCS instead.
ECOS solver failed:  The solver ECOS is not installed. 
Using SCS instead.
ECOS solver failed:  The solver ECOS is not installed. 
Using SCS instead.
ECOS solver failed:  The solver ECOS is not installed. 
Using SCS instead.
ECOS solver failed:  The solver ECOS is not installed. 
Using SCS instead.
ECOS solver failed:  The solver ECOS is not installed. 
Using SCS instead.
ECOS solver failed:  The solver ECOS is not installed. 
Using SCS instead.
ECOS solver failed:  The solver ECOS is not installed. 
Using SCS instead.
ECOS solver failed:  The solver ECOS is not installed. 
Using SCS instead.
ECOS solver failed:  The solver ECOS is not installed. 
Using SCS instead.
ECOS solver failed:  The solver ECOS is not installed. 
Using SCS instead.
ECOS solver failed:  The solver ECOS is not installed. 
Using SCS instead.
ECOS solver failed:  The solver ECOS is not installed. 
Using SCS instead.
ECOS solver failed:  The solver ECOS is not installed. 
Using SCS instead.
ECOS solver failed:  The solver ECOS is not installed. 
Using SCS instead.
ECOS solver failed:  The solver ECOS is not installed. 
Using SCS instead.
ECOS solver failed:  The solver ECOS is not installed. 
Using SCS instead.
ECOS solver failed:  The solver ECOS is not installed. 
Using SCS instead.
ECOS solver failed:  The solver ECOS is not installed. 
Using SCS instead.
ECOS solver failed:  The solver ECOS is not installed. 
Using SCS instead.
ECOS solver failed:  The solver ECOS is not installed. 
Using SCS instead.
M-step Design Matrix Calculation time (sec): 0.0318
ECOS solver failed in IPCW_HAL_init, falling back to SCS: The solver ECOS is not installed.
WARNING - large complementary slackness residual: 0.004809
M-step CVXPY optimize time (sec): 1.2309
ECOS solver failed:  The solver ECOS is not installed. 
Using SCS instead.
ECOS solver failed:  The solver ECOS is not installed. 
Using SCS instead.
ECOS solver failed:  The solver ECOS is not installed. 
Using SCS instead.
ECOS solver failed:  The solver ECOS is not installed. 
Using SCS instead.
ECOS solver failed:  The solver ECOS is not installed. 
Using SCS instead.
ECOS solver failed:  The solver ECOS is not installed. 
Using SCS instead.
ECOS solver failed:  The solver ECOS is not installed. 
Using SCS instead.
ECOS solver failed:  The solver ECOS is not installed. 
Using SCS instead.
ECOS solver failed:  The solver ECOS is not installed. 
Using SCS instead.
ECOS solver failed:  The solver ECOS is not installed. 
Using SCS instead.
ECOS solver failed:  The solver ECOS is not installed. 
Using SCS instead.
ECOS solver failed:  The solver ECOS is not installed. 
Using SCS instead.
ECOS solver failed:  The solver ECOS is not installed. 
Using SCS instead.
ECOS solver failed:  The solver ECOS is not installed. 
Using SCS instead.
ECOS solver failed:  The solver ECOS is not installed. 
Using SCS instead.
ECOS solver failed:  The solver ECOS is not installed. 
Using SCS instead.
ECOS solver failed:  The solver ECOS is not installed. 
Using SCS instead.
ECOS solver failed:  The solver ECOS is not installed. 
Using SCS instead.
ECOS solver failed:  The solver ECOS is not installed. 
Using SCS instead.
ECOS solver failed:  The solver ECOS is not installed. 
Using SCS instead.
ECOS solver failed:  The solver ECOS is not installed. 
Using SCS instead.
M-step Design Matrix Calculation time (sec): 0.0169
ECOS solver failed in IPCW_HAL_init, falling back to SCS: The solver ECOS is not installed.
WARNING - large complementary slackness residual: 0.013202
M-step CVXPY optimize time (sec): 4.3031
ECOS solver failed:  The solver ECOS is not installed. 
Using SCS instead.
ECOS solver failed:  The solver ECOS is not installed. 
Using SCS instead.
ECOS solver failed:  The solver ECOS is not installed. 
Using SCS instead.
ECOS solver failed:  The solver ECOS is not installed. 
Using SCS instead.
ECOS solver failed:  The solver ECOS is not installed. 
Using SCS instead.
ECOS solver failed:  The solver ECOS is not installed. 
Using SCS instead.
ECOS solver failed:  The solver ECOS is not installed. 
Using SCS instead.
ECOS solver failed:  The solver ECOS is not installed. 
Using SCS instead.
ECOS solver failed:  The solver ECOS is not installed. 
Using SCS instead.
ECOS solver failed:  The solver ECOS is not installed. 
Using SCS instead.
ECOS solver failed:  The solver ECOS is not installed. 
Using SCS instead.
ECOS solver failed:  The solver ECOS is not installed. 
Using SCS instead.
ECOS solver failed:  The solver ECOS is not installed. 
Using SCS instead.
ECOS solver failed:  The solver ECOS is not installed. 
Using SCS instead.
ECOS solver failed:  The solver ECOS is not installed. 
Using SCS instead.
ECOS solver failed:  The solver ECOS is not installed. 
Using SCS instead.
ECOS solver failed:  The solver ECOS is not installed. 
Using SCS instead.
ECOS solver failed:  The solver ECOS is not installed. 
Using SCS instead.
ECOS solver failed:  The solver ECOS is not installed. 
Using SCS instead.
ECOS solver failed:  The solver ECOS is not installed. 
Using SCS instead.
ECOS solver failed:  The solver ECOS is not installed. 
Using SCS instead.
M-step Design Matrix Calculation time (sec): 0.0218
ECOS solver failed in IPCW_HAL_init, falling back to SCS: The solver ECOS is not installed.
WARNING - large complementary slackness residual: 0.011737
M-step CVXPY optimize time (sec): 2.5135
ECOS solver failed:  The solver ECOS is not installed. 
Using SCS instead.
ECOS solver failed:  The solver ECOS is not installed. 
Using SCS instead.
ECOS solver failed:  The solver ECOS is not installed. 
Using SCS instead.
ECOS solver failed:  The solver ECOS is not installed. 
Using SCS instead.
ECOS solver failed:  The solver ECOS is not installed. 
Using SCS instead.
ECOS solver failed:  The solver ECOS is not installed. 
Using SCS instead.
ECOS solver failed:  The solver ECOS is not installed. 
Using SCS instead.
ECOS solver failed:  The solver ECOS is not installed. 
Using SCS instead.
ECOS solver failed:  The solver ECOS is not installed. 
Using SCS instead.
ECOS solver failed:  The solver ECOS is not installed. 
Using SCS instead.
ECOS solver failed:  The solver ECOS is not installed. 
Using SCS instead.
ECOS solver failed:  The solver ECOS is not installed. 
Using SCS instead.
ECOS solver failed:  The solver ECOS is not installed. 
Using SCS instead.
ECOS solver failed:  The solver ECOS is not installed. 
Using SCS instead.
ECOS solver failed:  The solver ECOS is not installed. 
Using SCS instead.
ECOS solver failed:  The solver ECOS is not installed. 
Using SCS instead.
ECOS solver failed:  The solver ECOS is not installed. 
Using SCS instead.
ECOS solver failed:  The solver ECOS is not installed. 
Using SCS instead.
ECOS solver failed:  The solver ECOS is not installed. 
Using SCS instead.
ECOS solver failed:  The solver ECOS is not installed. 
Using SCS instead.
ECOS solver failed:  The solver ECOS is not installed. 
Using SCS instead.
M-step Design Matrix Calculation time (sec): 0.0189
ECOS solver failed in IPCW_HAL_init, falling back to SCS: The solver ECOS is not installed.
WARNING - large complementary slackness residual: 0.010468
M-step CVXPY optimize time (sec): 2.1227
ECOS solver failed:  The solver ECOS is not installed. 
Using SCS instead.
ECOS solver failed:  The solver ECOS is not installed. 
Using SCS instead.
ECOS solver failed:  The solver ECOS is not installed. 
Using SCS instead.
ECOS solver failed:  The solver ECOS is not installed. 
Using SCS instead.
ECOS solver failed:  The solver ECOS is not installed. 
Using SCS instead.
ECOS solver failed:  The solver ECOS is not installed. 
Using SCS instead.
ECOS solver failed:  The solver ECOS is not installed. 
Using SCS instead.
ECOS solver failed:  The solver ECOS is not installed. 
Using SCS instead.
ECOS solver failed:  The solver ECOS is not installed. 
Using SCS instead.
ECOS solver failed:  The solver ECOS is not installed. 
Using SCS instead.
ECOS solver failed:  The solver ECOS is not installed. 
Using SCS instead.
ECOS solver failed:  The solver ECOS is not installed. 
Using SCS instead.
ECOS solver failed:  The solver ECOS is not installed. 
Using SCS instead.
ECOS solver failed:  The solver ECOS is not installed. 
Using SCS instead.
ECOS solver failed:  The solver ECOS is not installed. 
Using SCS instead.
ECOS solver failed:  The solver ECOS is not installed. 
Using SCS instead.
ECOS solver failed:  The solver ECOS is not installed. 
Using SCS instead.
ECOS solver failed:  The solver ECOS is not installed. 
Using SCS instead.
ECOS solver failed:  The solver ECOS is not installed. 
Using SCS instead.
ECOS solver failed:  The solver ECOS is not installed. 
Using SCS instead.
ECOS solver failed:  The solver ECOS is not installed. 
Using SCS instead.
M-step Design Matrix Calculation time (sec): 0.0276
ECOS solver failed in IPCW_HAL_init, falling back to SCS: The solver ECOS is not installed.
WARNING - large complementary slackness residual: 0.006124
M-step CVXPY optimize time (sec): 1.8163
ECOS solver failed:  The solver ECOS is not installed. 
Using SCS instead.
ECOS solver failed:  The solver ECOS is not installed. 
Using SCS instead.
ECOS solver failed:  The solver ECOS is not installed. 
Using SCS instead.
ECOS solver failed:  The solver ECOS is not installed. 
Using SCS instead.
ECOS solver failed:  The solver ECOS is not installed. 
Using SCS instead.
ECOS solver failed:  The solver ECOS is not installed. 
Using SCS instead.
ECOS solver failed:  The solver ECOS is not installed. 
Using SCS instead.
ECOS solver failed:  The solver ECOS is not installed. 
Using SCS instead.
ECOS solver failed:  The solver ECOS is not installed. 
Using SCS instead.
ECOS solver failed:  The solver ECOS is not installed. 
Using SCS instead.
ECOS solver failed:  The solver ECOS is not installed. 
Using SCS instead.
ECOS solver failed:  The solver ECOS is not installed. 
Using SCS instead.
ECOS solver failed:  The solver ECOS is not installed. 
Using SCS instead.
ECOS solver failed:  The solver ECOS is not installed. 
Using SCS instead.
ECOS solver failed:  The solver ECOS is not installed. 
Using SCS instead.
ECOS solver failed:  The solver ECOS is not installed. 
Using SCS instead.
ECOS solver failed:  The solver ECOS is not installed. 
Using SCS instead.
ECOS solver failed:  The solver ECOS is not installed. 
Using SCS instead.
ECOS solver failed:  The solver ECOS is not installed. 
Using SCS instead.
ECOS solver failed:  The solver ECOS is not installed. 
Using SCS instead.
ECOS solver failed:  The solver ECOS is not installed. 
Using SCS instead.
M-step Design Matrix Calculation time (sec): 0.0387
ECOS solver failed in IPCW_HAL_init, falling back to SCS: The solver ECOS is not installed.
M-step CVXPY optimize time (sec): 1.0852
ECOS solver failed:  The solver ECOS is not installed. 
Using SCS instead.
ECOS solver failed:  The solver ECOS is not installed. 
Using SCS instead.
ECOS solver failed:  The solver ECOS is not installed. 
Using SCS instead.
ECOS solver failed:  The solver ECOS is not installed. 
Using SCS instead.
ECOS solver failed:  The solver ECOS is not installed. 
Using SCS instead.
ECOS solver failed:  The solver ECOS is not installed. 
Using SCS instead.
ECOS solver failed:  The solver ECOS is not installed. 
Using SCS instead.
ECOS solver failed:  The solver ECOS is not installed. 
Using SCS instead.
ECOS solver failed:  The solver ECOS is not installed. 
Using SCS instead.
ECOS solver failed:  The solver ECOS is not installed. 
Using SCS instead.
ECOS solver failed:  The solver ECOS is not installed. 
Using SCS instead.
ECOS solver failed:  The solver ECOS is not installed. 
Using SCS instead.
ECOS solver failed:  The solver ECOS is not installed. 
Using SCS instead.
ECOS solver failed:  The solver ECOS is not installed. 
Using SCS instead.
ECOS solver failed:  The solver ECOS is not installed. 
Using SCS instead.
ECOS solver failed:  The solver ECOS is not installed. 
Using SCS instead.
ECOS solver failed:  The solver ECOS is not installed. 
Using SCS instead.
ECOS solver failed:  The solver ECOS is not installed. 
Using SCS instead.
ECOS solver failed:  The solver ECOS is not installed. 
Using SCS instead.
ECOS solver failed:  The solver ECOS is not installed. 
Using SCS instead.
ECOS solver failed:  The solver ECOS is not installed. 
Using SCS instead.
M-step Design Matrix Calculation time (sec): 0.0382
ECOS solver failed in IPCW_HAL_init, falling back to SCS: The solver ECOS is not installed.
M-step CVXPY optimize time (sec): 1.0650
ECOS solver failed:  The solver ECOS is not installed. 
Using SCS instead.
ECOS solver failed:  The solver ECOS is not installed. 
Using SCS instead.
ECOS solver failed:  The solver ECOS is not installed. 
Using SCS instead.
ECOS solver failed:  The solver ECOS is not installed. 
Using SCS instead.
ECOS solver failed:  The solver ECOS is not installed. 
Using SCS instead.
ECOS solver failed:  The solver ECOS is not installed. 
Using SCS instead.
ECOS solver failed:  The solver ECOS is not installed. 
Using SCS instead.
ECOS solver failed:  The solver ECOS is not installed. 
Using SCS instead.
ECOS solver failed:  The solver ECOS is not installed. 
Using SCS instead.
ECOS solver failed:  The solver ECOS is not installed. 
Using SCS instead.
ECOS solver failed:  The solver ECOS is not installed. 
Using SCS instead.
ECOS solver failed:  The solver ECOS is not installed. 
Using SCS instead.
ECOS solver failed:  The solver ECOS is not installed. 
Using SCS instead.
ECOS solver failed:  The solver ECOS is not installed. 
Using SCS instead.
ECOS solver failed:  The solver ECOS is not installed. 
Using SCS instead.
ECOS solver failed:  The solver ECOS is not installed. 
Using SCS instead.
ECOS solver failed:  The solver ECOS is not installed. 
Using SCS instead.
ECOS solver failed:  The solver ECOS is not installed. 
Using SCS instead.
ECOS solver failed:  The solver ECOS is not installed. 
Using SCS instead.
ECOS solver failed:  The solver ECOS is not installed. 
Using SCS instead.
ECOS solver failed:  The solver ECOS is not installed. 
Using SCS instead.
M-step Design Matrix Calculation time (sec): 0.0496
ECOS solver failed in IPCW_HAL_init, falling back to SCS: The solver ECOS is not installed.
WARNING - large complementary slackness residual: 0.033591
M-step CVXPY optimize time (sec): 1.8944
ECOS solver failed:  The solver ECOS is not installed. 
Using SCS instead.
ECOS solver failed:  The solver ECOS is not installed. 
Using SCS instead.
ECOS solver failed:  The solver ECOS is not installed. 
Using SCS instead.
ECOS solver failed:  The solver ECOS is not installed. 
Using SCS instead.
ECOS solver failed:  The solver ECOS is not installed. 
Using SCS instead.
ECOS solver failed:  The solver ECOS is not installed. 
Using SCS instead.
ECOS solver failed:  The solver ECOS is not installed. 
Using SCS instead.
ECOS solver failed:  The solver ECOS is not installed. 
Using SCS instead.
ECOS solver failed:  The solver ECOS is not installed. 
Using SCS instead.
ECOS solver failed:  The solver ECOS is not installed. 
Using SCS instead.
ECOS solver failed:  The solver ECOS is not installed. 
Using SCS instead.
ECOS solver failed:  The solver ECOS is not installed. 
Using SCS instead.
ECOS solver failed:  The solver ECOS is not installed. 
Using SCS instead.
ECOS solver failed:  The solver ECOS is not installed. 
Using SCS instead.
ECOS solver failed:  The solver ECOS is not installed. 
Using SCS instead.
ECOS solver failed:  The solver ECOS is not installed. 
Using SCS instead.
ECOS solver failed:  The solver ECOS is not installed. 
Using SCS instead.
ECOS solver failed:  The solver ECOS is not installed. 
Using SCS instead.
ECOS solver failed:  The solver ECOS is not installed. 
Using SCS instead.
ECOS solver failed:  The solver ECOS is not installed. 
Using SCS instead.
ECOS solver failed:  The solver ECOS is not installed. 
Using SCS instead.
M-step Design Matrix Calculation time (sec): 0.0313
ECOS solver failed in IPCW_HAL_init, falling back to SCS: The solver ECOS is not installed.
WARNING - large complementary slackness residual: 0.004548
M-step CVXPY optimize time (sec): 2.5104
ECOS solver failed:  The solver ECOS is not installed. 
Using SCS instead.
ECOS solver failed:  The solver ECOS is not installed. 
Using SCS instead.
ECOS solver failed:  The solver ECOS is not installed. 
Using SCS instead.
ECOS solver failed:  The solver ECOS is not installed. 
Using SCS instead.
ECOS solver failed:  The solver ECOS is not installed. 
Using SCS instead.
ECOS solver failed:  The solver ECOS is not installed. 
Using SCS instead.
ECOS solver failed:  The solver ECOS is not installed. 
Using SCS instead.
ECOS solver failed:  The solver ECOS is not installed. 
Using SCS instead.
ECOS solver failed:  The solver ECOS is not installed. 
Using SCS instead.
ECOS solver failed:  The solver ECOS is not installed. 
Using SCS instead.
ECOS solver failed:  The solver ECOS is not installed. 
Using SCS instead.
ECOS solver failed:  The solver ECOS is not installed. 
Using SCS instead.
ECOS solver failed:  The solver ECOS is not installed. 
Using SCS instead.
ECOS solver failed:  The solver ECOS is not installed. 
Using SCS instead.
ECOS solver failed:  The solver ECOS is not installed. 
Using SCS instead.
ECOS solver failed:  The solver ECOS is not installed. 
Using SCS instead.
ECOS solver failed:  The solver ECOS is not installed. 
Using SCS instead.
ECOS solver failed:  The solver ECOS is not installed. 
Using SCS instead.
ECOS solver failed:  The solver ECOS is not installed. 
Using SCS instead.
ECOS solver failed:  The solver ECOS is not installed. 
Using SCS instead.
ECOS solver failed:  The solver ECOS is not installed. 
Using SCS instead.
M-step Design Matrix Calculation time (sec): 0.0200
ECOS solver failed in IPCW_HAL_init, falling back to SCS: The solver ECOS is not installed.
WARNING - large complementary slackness residual: 0.032912
M-step CVXPY optimize time (sec): 0.9311
ECOS solver failed:  The solver ECOS is not installed. 
Using SCS instead.
ECOS solver failed:  The solver ECOS is not installed. 
Using SCS instead.
ECOS solver failed:  The solver ECOS is not installed. 
Using SCS instead.
ECOS solver failed:  The solver ECOS is not installed. 
Using SCS instead.
ECOS solver failed:  The solver ECOS is not installed. 
Using SCS instead.
ECOS solver failed:  The solver ECOS is not installed. 
Using SCS instead.
ECOS solver failed:  The solver ECOS is not installed. 
Using SCS instead.
ECOS solver failed:  The solver ECOS is not installed. 
Using SCS instead.
ECOS solver failed:  The solver ECOS is not installed. 
Using SCS instead.
ECOS solver failed:  The solver ECOS is not installed. 
Using SCS instead.
ECOS solver failed:  The solver ECOS is not installed. 
Using SCS instead.
ECOS solver failed:  The solver ECOS is not installed. 
Using SCS instead.
ECOS solver failed:  The solver ECOS is not installed. 
Using SCS instead.
ECOS solver failed:  The solver ECOS is not installed. 
Using SCS instead.
ECOS solver failed:  The solver ECOS is not installed. 
Using SCS instead.
ECOS solver failed:  The solver ECOS is not installed. 
Using SCS instead.
ECOS solver failed:  The solver ECOS is not installed. 
Using SCS instead.
ECOS solver failed:  The solver ECOS is not installed. 
Using SCS instead.
ECOS solver failed:  The solver ECOS is not installed. 
Using SCS instead.
ECOS solver failed:  The solver ECOS is not installed. 
Using SCS instead.
ECOS solver failed:  The solver ECOS is not installed. 
Using SCS instead.
M-step Design Matrix Calculation time (sec): 0.0115
ECOS solver failed in IPCW_HAL_init, falling back to SCS: The solver ECOS is not installed.
WARNING - large complementary slackness residual: 0.018404
M-step CVXPY optimize time (sec): 0.7207
ECOS solver failed:  The solver ECOS is not installed. 
Using SCS instead.
ECOS solver failed:  The solver ECOS is not installed. 
Using SCS instead.
ECOS solver failed:  The solver ECOS is not installed. 
Using SCS instead.
ECOS solver failed:  The solver ECOS is not installed. 
Using SCS instead.
ECOS solver failed:  The solver ECOS is not installed. 
Using SCS instead.
ECOS solver failed:  The solver ECOS is not installed. 
Using SCS instead.
ECOS solver failed:  The solver ECOS is not installed. 
Using SCS instead.
ECOS solver failed:  The solver ECOS is not installed. 
Using SCS instead.
ECOS solver failed:  The solver ECOS is not installed. 
Using SCS instead.
ECOS solver failed:  The solver ECOS is not installed. 
Using SCS instead.
ECOS solver failed:  The solver ECOS is not installed. 
Using SCS instead.
ECOS solver failed:  The solver ECOS is not installed. 
Using SCS instead.
ECOS solver failed:  The solver ECOS is not installed. 
Using SCS instead.
ECOS solver failed:  The solver ECOS is not installed. 
Using SCS instead.
ECOS solver failed:  The solver ECOS is not installed. 
Using SCS instead.
ECOS solver failed:  The solver ECOS is not installed. 
Using SCS instead.
ECOS solver failed:  The solver ECOS is not installed. 
Using SCS instead.
ECOS solver failed:  The solver ECOS is not installed. 
Using SCS instead.
ECOS solver failed:  The solver ECOS is not installed. 
Using SCS instead.
ECOS solver failed:  The solver ECOS is not installed. 
Using SCS instead.
ECOS solver failed:  The solver ECOS is not installed. 
Using SCS instead.
M-step Design Matrix Calculation time (sec): 0.0185
ECOS solver failed in IPCW_HAL_init, falling back to SCS: The solver ECOS is not installed.
WARNING - large complementary slackness residual: 0.031938
M-step CVXPY optimize time (sec): 0.4009
ECOS solver failed:  The solver ECOS is not installed. 
Using SCS instead.
ECOS solver failed:  The solver ECOS is not installed. 
Using SCS instead.
ECOS solver failed:  The solver ECOS is not installed. 
Using SCS instead.
ECOS solver failed:  The solver ECOS is not installed. 
Using SCS instead.
ECOS solver failed:  The solver ECOS is not installed. 
Using SCS instead.
ECOS solver failed:  The solver ECOS is not installed. 
Using SCS instead.
ECOS solver failed:  The solver ECOS is not installed. 
Using SCS instead.
ECOS solver failed:  The solver ECOS is not installed. 
Using SCS instead.
ECOS solver failed:  The solver ECOS is not installed. 
Using SCS instead.
ECOS solver failed:  The solver ECOS is not installed. 
Using SCS instead.
ECOS solver failed:  The solver ECOS is not installed. 
Using SCS instead.
ECOS solver failed:  The solver ECOS is not installed. 
Using SCS instead.
ECOS solver failed:  The solver ECOS is not installed. 
Using SCS instead.
ECOS solver failed:  The solver ECOS is not installed. 
Using SCS instead.
ECOS solver failed:  The solver ECOS is not installed. 
Using SCS instead.
ECOS solver failed:  The solver ECOS is not installed. 
Using SCS instead.
ECOS solver failed:  The solver ECOS is not installed. 
Using SCS instead.
ECOS solver failed:  The solver ECOS is not installed. 
Using SCS instead.
ECOS solver failed:  The solver ECOS is not installed. 
Using SCS instead.
ECOS solver failed:  The solver ECOS is not installed. 
Using SCS instead.
ECOS solver failed:  The solver ECOS is not installed. 
Using SCS instead.
M-step Design Matrix Calculation time (sec): 0.0110
ECOS solver failed in IPCW_HAL_init, falling back to SCS: The solver ECOS is not installed.
M-step CVXPY optimize time (sec): 0.3133
ECOS solver failed:  The solver ECOS is not installed. 
Using SCS instead.
ECOS solver failed:  The solver ECOS is not installed. 
Using SCS instead.
ECOS solver failed:  The solver ECOS is not installed. 
Using SCS instead.
ECOS solver failed:  The solver ECOS is not installed. 
Using SCS instead.
ECOS solver failed:  The solver ECOS is not installed. 
Using SCS instead.
ECOS solver failed:  The solver ECOS is not installed. 
Using SCS instead.
ECOS solver failed:  The solver ECOS is not installed. 
Using SCS instead.
ECOS solver failed:  The solver ECOS is not installed. 
Using SCS instead.
ECOS solver failed:  The solver ECOS is not installed. 
Using SCS instead.
ECOS solver failed:  The solver ECOS is not installed. 
Using SCS instead.
ECOS solver failed:  The solver ECOS is not installed. 
Using SCS instead.
ECOS solver failed:  The solver ECOS is not installed. 
Using SCS instead.
ECOS solver failed:  The solver ECOS is not installed. 
Using SCS instead.
ECOS solver failed:  The solver ECOS is not installed. 
Using SCS instead.
ECOS solver failed:  The solver ECOS is not installed. 
Using SCS instead.
ECOS solver failed:  The solver ECOS is not installed. 
Using SCS instead.
ECOS solver failed:  The solver ECOS is not installed. 
Using SCS instead.
ECOS solver failed:  The solver ECOS is not installed. 
Using SCS instead.
ECOS solver failed:  The solver ECOS is not installed. 
Using SCS instead.
ECOS solver failed:  The solver ECOS is not installed. 
Using SCS instead.
ECOS solver failed:  The solver ECOS is not installed. 
Using SCS instead.
M-step Design Matrix Calculation time (sec): 0.0183
ECOS solver failed in IPCW_HAL_init, falling back to SCS: The solver ECOS is not installed.
M-step CVXPY optimize time (sec): 0.5457
ECOS solver failed:  The solver ECOS is not installed. 
Using SCS instead.
ECOS solver failed:  The solver ECOS is not installed. 
Using SCS instead.
ECOS solver failed:  The solver ECOS is not installed. 
Using SCS instead.
ECOS solver failed:  The solver ECOS is not installed. 
Using SCS instead.
ECOS solver failed:  The solver ECOS is not installed. 
Using SCS instead.
ECOS solver failed:  The solver ECOS is not installed. 
Using SCS instead.
ECOS solver failed:  The solver ECOS is not installed. 
Using SCS instead.
ECOS solver failed:  The solver ECOS is not installed. 
Using SCS instead.
ECOS solver failed:  The solver ECOS is not installed. 
Using SCS instead.
ECOS solver failed:  The solver ECOS is not installed. 
Using SCS instead.
ECOS solver failed:  The solver ECOS is not installed. 
Using SCS instead.
ECOS solver failed:  The solver ECOS is not installed. 
Using SCS instead.
ECOS solver failed:  The solver ECOS is not installed. 
Using SCS instead.
ECOS solver failed:  The solver ECOS is not installed. 
Using SCS instead.
ECOS solver failed:  The solver ECOS is not installed. 
Using SCS instead.
ECOS solver failed:  The solver ECOS is not installed. 
Using SCS instead.
ECOS solver failed:  The solver ECOS is not installed. 
Using SCS instead.
ECOS solver failed:  The solver ECOS is not installed. 
Using SCS instead.
ECOS solver failed:  The solver ECOS is not installed. 
Using SCS instead.
ECOS solver failed:  The solver ECOS is not installed. 
Using SCS instead.
ECOS solver failed:  The solver ECOS is not installed. 
Using SCS instead.
M-step Design Matrix Calculation time (sec): 0.0609
ECOS solver failed in IPCW_HAL_init, falling back to SCS: The solver ECOS is not installed.
WARNING - large complementary slackness residual: 0.034228
M-step CVXPY optimize time (sec): 1.0789
ECOS solver failed:  The solver ECOS is not installed. 
Using SCS instead.
ECOS solver failed:  The solver ECOS is not installed. 
Using SCS instead.
ECOS solver failed:  The solver ECOS is not installed. 
Using SCS instead.
ECOS solver failed:  The solver ECOS is not installed. 
Using SCS instead.
ECOS solver failed:  The solver ECOS is not installed. 
Using SCS instead.
ECOS solver failed:  The solver ECOS is not installed. 
Using SCS instead.
ECOS solver failed:  The solver ECOS is not installed. 
Using SCS instead.
ECOS solver failed:  The solver ECOS is not installed. 
Using SCS instead.
ECOS solver failed:  The solver ECOS is not installed. 
Using SCS instead.
ECOS solver failed:  The solver ECOS is not installed. 
Using SCS instead.
ECOS solver failed:  The solver ECOS is not installed. 
Using SCS instead.
ECOS solver failed:  The solver ECOS is not installed. 
Using SCS instead.
ECOS solver failed:  The solver ECOS is not installed. 
Using SCS instead.
ECOS solver failed:  The solver ECOS is not installed. 
Using SCS instead.
ECOS solver failed:  The solver ECOS is not installed. 
Using SCS instead.
ECOS solver failed:  The solver ECOS is not installed. 
Using SCS instead.
ECOS solver failed:  The solver ECOS is not installed. 
Using SCS instead.
ECOS solver failed:  The solver ECOS is not installed. 
Using SCS instead.
ECOS solver failed:  The solver ECOS is not installed. 
Using SCS instead.
ECOS solver failed:  The solver ECOS is not installed. 
Using SCS instead.
ECOS solver failed:  The solver ECOS is not installed. 
Using SCS instead.
M-step Design Matrix Calculation time (sec): 0.0917
ECOS solver failed in IPCW_HAL_init, falling back to SCS: The solver ECOS is not installed.
M-step CVXPY optimize time (sec): 1.1592
ECOS solver failed:  The solver ECOS is not installed. 
Using SCS instead.
ECOS solver failed:  The solver ECOS is not installed. 
Using SCS instead.
ECOS solver failed:  The solver ECOS is not installed. 
Using SCS instead.
ECOS solver failed:  The solver ECOS is not installed. 
Using SCS instead.
ECOS solver failed:  The solver ECOS is not installed. 
Using SCS instead.
ECOS solver failed:  The solver ECOS is not installed. 
Using SCS instead.
ECOS solver failed:  The solver ECOS is not installed. 
Using SCS instead.
ECOS solver failed:  The solver ECOS is not installed. 
Using SCS instead.
ECOS solver failed:  The solver ECOS is not installed. 
Using SCS instead.
ECOS solver failed:  The solver ECOS is not installed. 
Using SCS instead.
ECOS solver failed:  The solver ECOS is not installed. 
Using SCS instead.
ECOS solver failed:  The solver ECOS is not installed. 
Using SCS instead.
ECOS solver failed:  The solver ECOS is not installed. 
Using SCS instead.
ECOS solver failed:  The solver ECOS is not installed. 
Using SCS instead.
ECOS solver failed:  The solver ECOS is not installed. 
Using SCS instead.
ECOS solver failed:  The solver ECOS is not installed. 
Using SCS instead.
ECOS solver failed:  The solver ECOS is not installed. 
Using SCS instead.
ECOS solver failed:  The solver ECOS is not installed. 
Using SCS instead.
ECOS solver failed:  The solver ECOS is not installed. 
Using SCS instead.
ECOS solver failed:  The solver ECOS is not installed. 
Using SCS instead.
ECOS solver failed:  The solver ECOS is not installed. 
Using SCS instead.
M-step Design Matrix Calculation time (sec): 0.0184
ECOS solver failed in IPCW_HAL_init, falling back to SCS: The solver ECOS is not installed.
WARNING - large complementary slackness residual: 0.033896
M-step CVXPY optimize time (sec): 1.3183
ECOS solver failed:  The solver ECOS is not installed. 
Using SCS instead.
ECOS solver failed:  The solver ECOS is not installed. 
Using SCS instead.
ECOS solver failed:  The solver ECOS is not installed. 
Using SCS instead.
ECOS solver failed:  The solver ECOS is not installed. 
Using SCS instead.
ECOS solver failed:  The solver ECOS is not installed. 
Using SCS instead.
ECOS solver failed:  The solver ECOS is not installed. 
Using SCS instead.
ECOS solver failed:  The solver ECOS is not installed. 
Using SCS instead.
ECOS solver failed:  The solver ECOS is not installed. 
Using SCS instead.
ECOS solver failed:  The solver ECOS is not installed. 
Using SCS instead.
ECOS solver failed:  The solver ECOS is not installed. 
Using SCS instead.
ECOS solver failed:  The solver ECOS is not installed. 
Using SCS instead.
ECOS solver failed:  The solver ECOS is not installed. 
Using SCS instead.
ECOS solver failed:  The solver ECOS is not installed. 
Using SCS instead.
ECOS solver failed:  The solver ECOS is not installed. 
Using SCS instead.
ECOS solver failed:  The solver ECOS is not installed. 
Using SCS instead.
ECOS solver failed:  The solver ECOS is not installed. 
Using SCS instead.
ECOS solver failed:  The solver ECOS is not installed. 
Using SCS instead.
ECOS solver failed:  The solver ECOS is not installed. 
Using SCS instead.
ECOS solver failed:  The solver ECOS is not installed. 
Using SCS instead.
ECOS solver failed:  The solver ECOS is not installed. 
Using SCS instead.
ECOS solver failed:  The solver ECOS is not installed. 
Using SCS instead.
M-step Design Matrix Calculation time (sec): 0.0685
ECOS solver failed in IPCW_HAL_init, falling back to SCS: The solver ECOS is not installed.
WARNING - large complementary slackness residual: 0.006769
M-step CVXPY optimize time (sec): 2.1115
ECOS solver failed:  The solver ECOS is not installed. 
Using SCS instead.
ECOS solver failed:  The solver ECOS is not installed. 
Using SCS instead.
ECOS solver failed:  The solver ECOS is not installed. 
Using SCS instead.
ECOS solver failed:  The solver ECOS is not installed. 
Using SCS instead.
ECOS solver failed:  The solver ECOS is not installed. 
Using SCS instead.
ECOS solver failed:  The solver ECOS is not installed. 
Using SCS instead.
ECOS solver failed:  The solver ECOS is not installed. 
Using SCS instead.
ECOS solver failed:  The solver ECOS is not installed. 
Using SCS instead.
ECOS solver failed:  The solver ECOS is not installed. 
Using SCS instead.
ECOS solver failed:  The solver ECOS is not installed. 
Using SCS instead.
ECOS solver failed:  The solver ECOS is not installed. 
Using SCS instead.
ECOS solver failed:  The solver ECOS is not installed. 
Using SCS instead.
ECOS solver failed:  The solver ECOS is not installed. 
Using SCS instead.
ECOS solver failed:  The solver ECOS is not installed. 
Using SCS instead.
ECOS solver failed:  The solver ECOS is not installed. 
Using SCS instead.
ECOS solver failed:  The solver ECOS is not installed. 
Using SCS instead.
ECOS solver failed:  The solver ECOS is not installed. 
Using SCS instead.
ECOS solver failed:  The solver ECOS is not installed. 
Using SCS instead.
ECOS solver failed:  The solver ECOS is not installed. 
Using SCS instead.
ECOS solver failed:  The solver ECOS is not installed. 
Using SCS instead.
ECOS solver failed:  The solver ECOS is not installed. 
Using SCS instead.
M-step Design Matrix Calculation time (sec): 0.0198
ECOS solver failed in IPCW_HAL_init, falling back to SCS: The solver ECOS is not installed.
M-step CVXPY optimize time (sec): 1.6202
ECOS solver failed:  The solver ECOS is not installed. 
Using SCS instead.
ECOS solver failed:  The solver ECOS is not installed. 
Using SCS instead.
ECOS solver failed:  The solver ECOS is not installed. 
Using SCS instead.
ECOS solver failed:  The solver ECOS is not installed. 
Using SCS instead.
ECOS solver failed:  The solver ECOS is not installed. 
Using SCS instead.
ECOS solver failed:  The solver ECOS is not installed. 
Using SCS instead.
ECOS solver failed:  The solver ECOS is not installed. 
Using SCS instead.
ECOS solver failed:  The solver ECOS is not installed. 
Using SCS instead.
ECOS solver failed:  The solver ECOS is not installed. 
Using SCS instead.
ECOS solver failed:  The solver ECOS is not installed. 
Using SCS instead.
ECOS solver failed:  The solver ECOS is not installed. 
Using SCS instead.
ECOS solver failed:  The solver ECOS is not installed. 
Using SCS instead.
ECOS solver failed:  The solver ECOS is not installed. 
Using SCS instead.
ECOS solver failed:  The solver ECOS is not installed. 
Using SCS instead.
ECOS solver failed:  The solver ECOS is not installed. 
Using SCS instead.
ECOS solver failed:  The solver ECOS is not installed. 
Using SCS instead.
ECOS solver failed:  The solver ECOS is not installed. 
Using SCS instead.
ECOS solver failed:  The solver ECOS is not installed. 
Using SCS instead.
ECOS solver failed:  The solver ECOS is not installed. 
Using SCS instead.
ECOS solver failed:  The solver ECOS is not installed. 
Using SCS instead.
ECOS solver failed:  The solver ECOS is not installed. 
Using SCS instead.
M-step Design Matrix Calculation time (sec): 0.2133
ECOS solver failed in IPCW_HAL_init, falling back to SCS: The solver ECOS is not installed.
M-step CVXPY optimize time (sec): 1.0635
ECOS solver failed:  The solver ECOS is not installed. 
Using SCS instead.
ECOS solver failed:  The solver ECOS is not installed. 
Using SCS instead.
ECOS solver failed:  The solver ECOS is not installed. 
Using SCS instead.
ECOS solver failed:  The solver ECOS is not installed. 
Using SCS instead.
ECOS solver failed:  The solver ECOS is not installed. 
Using SCS instead.
ECOS solver failed:  The solver ECOS is not installed. 
Using SCS instead.
ECOS solver failed:  The solver ECOS is not installed. 
Using SCS instead.
ECOS solver failed:  The solver ECOS is not installed. 
Using SCS instead.
ECOS solver failed:  The solver ECOS is not installed. 
Using SCS instead.
ECOS solver failed:  The solver ECOS is not installed. 
Using SCS instead.
ECOS solver failed:  The solver ECOS is not installed. 
Using SCS instead.
ECOS solver failed:  The solver ECOS is not installed. 
Using SCS instead.
ECOS solver failed:  The solver ECOS is not installed. 
Using SCS instead.
ECOS solver failed:  The solver ECOS is not installed. 
Using SCS instead.
ECOS solver failed:  The solver ECOS is not installed. 
Using SCS instead.
ECOS solver failed:  The solver ECOS is not installed. 
Using SCS instead.
ECOS solver failed:  The solver ECOS is not installed. 
Using SCS instead.
ECOS solver failed:  The solver ECOS is not installed. 
Using SCS instead.
ECOS solver failed:  The solver ECOS is not installed. 
Using SCS instead.
ECOS solver failed:  The solver ECOS is not installed. 
Using SCS instead.
ECOS solver failed:  The solver ECOS is not installed. 
Using SCS instead.
M-step Design Matrix Calculation time (sec): 0.0849
ECOS solver failed in IPCW_HAL_init, falling back to SCS: The solver ECOS is not installed.
WARNING - large complementary slackness residual: 0.017264
M-step CVXPY optimize time (sec): 2.9762
ECOS solver failed:  The solver ECOS is not installed. 
Using SCS instead.
ECOS solver failed:  The solver ECOS is not installed. 
Using SCS instead.
ECOS solver failed:  The solver ECOS is not installed. 
Using SCS instead.
ECOS solver failed:  The solver ECOS is not installed. 
Using SCS instead.
ECOS solver failed:  The solver ECOS is not installed. 
Using SCS instead.
ECOS solver failed:  The solver ECOS is not installed. 
Using SCS instead.
ECOS solver failed:  The solver ECOS is not installed. 
Using SCS instead.
ECOS solver failed:  The solver ECOS is not installed. 
Using SCS instead.
ECOS solver failed:  The solver ECOS is not installed. 
Using SCS instead.
ECOS solver failed:  The solver ECOS is not installed. 
Using SCS instead.
ECOS solver failed:  The solver ECOS is not installed. 
Using SCS instead.
ECOS solver failed:  The solver ECOS is not installed. 
Using SCS instead.
ECOS solver failed:  The solver ECOS is not installed. 
Using SCS instead.
ECOS solver failed:  The solver ECOS is not installed. 
Using SCS instead.
ECOS solver failed:  The solver ECOS is not installed. 
Using SCS instead.
ECOS solver failed:  The solver ECOS is not installed. 
Using SCS instead.
ECOS solver failed:  The solver ECOS is not installed. 
Using SCS instead.
ECOS solver failed:  The solver ECOS is not installed. 
Using SCS instead.
ECOS solver failed:  The solver ECOS is not installed. 
Using SCS instead.
ECOS solver failed:  The solver ECOS is not installed. 
Using SCS instead.
ECOS solver failed:  The solver ECOS is not installed. 
Using SCS instead.
M-step Design Matrix Calculation time (sec): 0.0281
ECOS solver failed in IPCW_HAL_init, falling back to SCS: The solver ECOS is not installed.
M-step CVXPY optimize time (sec): 1.2941
ECOS solver failed:  The solver ECOS is not installed. 
Using SCS instead.
ECOS solver failed:  The solver ECOS is not installed. 
Using SCS instead.
ECOS solver failed:  The solver ECOS is not installed. 
Using SCS instead.
ECOS solver failed:  The solver ECOS is not installed. 
Using SCS instead.
ECOS solver failed:  The solver ECOS is not installed. 
Using SCS instead.
ECOS solver failed:  The solver ECOS is not installed. 
Using SCS instead.
ECOS solver failed:  The solver ECOS is not installed. 
Using SCS instead.
ECOS solver failed:  The solver ECOS is not installed. 
Using SCS instead.
ECOS solver failed:  The solver ECOS is not installed. 
Using SCS instead.
ECOS solver failed:  The solver ECOS is not installed. 
Using SCS instead.
ECOS solver failed:  The solver ECOS is not installed. 
Using SCS instead.
ECOS solver failed:  The solver ECOS is not installed. 
Using SCS instead.
ECOS solver failed:  The solver ECOS is not installed. 
Using SCS instead.
ECOS solver failed:  The solver ECOS is not installed. 
Using SCS instead.
ECOS solver failed:  The solver ECOS is not installed. 
Using SCS instead.
ECOS solver failed:  The solver ECOS is not installed. 
Using SCS instead.
ECOS solver failed:  The solver ECOS is not installed. 
Using SCS instead.
ECOS solver failed:  The solver ECOS is not installed. 
Using SCS instead.
ECOS solver failed:  The solver ECOS is not installed. 
Using SCS instead.
ECOS solver failed:  The solver ECOS is not installed. 
Using SCS instead.
ECOS solver failed:  The solver ECOS is not installed. 
Using SCS instead.
M-step Design Matrix Calculation time (sec): 0.0623
ECOS solver failed in IPCW_HAL_init, falling back to SCS: The solver ECOS is not installed.
M-step CVXPY optimize time (sec): 1.7797
ECOS solver failed:  The solver ECOS is not installed. 
Using SCS instead.
ECOS solver failed:  The solver ECOS is not installed. 
Using SCS instead.
ECOS solver failed:  The solver ECOS is not installed. 
Using SCS instead.
ECOS solver failed:  The solver ECOS is not installed. 
Using SCS instead.
ECOS solver failed:  The solver ECOS is not installed. 
Using SCS instead.
ECOS solver failed:  The solver ECOS is not installed. 
Using SCS instead.
ECOS solver failed:  The solver ECOS is not installed. 
Using SCS instead.
ECOS solver failed:  The solver ECOS is not installed. 
Using SCS instead.
ECOS solver failed:  The solver ECOS is not installed. 
Using SCS instead.
ECOS solver failed:  The solver ECOS is not installed. 
Using SCS instead.
ECOS solver failed:  The solver ECOS is not installed. 
Using SCS instead.
ECOS solver failed:  The solver ECOS is not installed. 
Using SCS instead.
ECOS solver failed:  The solver ECOS is not installed. 
Using SCS instead.
ECOS solver failed:  The solver ECOS is not installed. 
Using SCS instead.
ECOS solver failed:  The solver ECOS is not installed. 
Using SCS instead.
ECOS solver failed:  The solver ECOS is not installed. 
Using SCS instead.
ECOS solver failed:  The solver ECOS is not installed. 
Using SCS instead.
ECOS solver failed:  The solver ECOS is not installed. 
Using SCS instead.
ECOS solver failed:  The solver ECOS is not installed. 
Using SCS instead.
ECOS solver failed:  The solver ECOS is not installed. 
Using SCS instead.
ECOS solver failed:  The solver ECOS is not installed. 
Using SCS instead.
M-step Design Matrix Calculation time (sec): 0.0368
ECOS solver failed in IPCW_HAL_init, falling back to SCS: The solver ECOS is not installed.
WARNING - large complementary slackness residual: 0.030984
M-step CVXPY optimize time (sec): 2.2175
ECOS solver failed:  The solver ECOS is not installed. 
Using SCS instead.
ECOS solver failed:  The solver ECOS is not installed. 
Using SCS instead.
ECOS solver failed:  The solver ECOS is not installed. 
Using SCS instead.
ECOS solver failed:  The solver ECOS is not installed. 
Using SCS instead.
ECOS solver failed:  The solver ECOS is not installed. 
Using SCS instead.
ECOS solver failed:  The solver ECOS is not installed. 
Using SCS instead.
ECOS solver failed:  The solver ECOS is not installed. 
Using SCS instead.
ECOS solver failed:  The solver ECOS is not installed. 
Using SCS instead.
ECOS solver failed:  The solver ECOS is not installed. 
Using SCS instead.
ECOS solver failed:  The solver ECOS is not installed. 
Using SCS instead.
ECOS solver failed:  The solver ECOS is not installed. 
Using SCS instead.
ECOS solver failed:  The solver ECOS is not installed. 
Using SCS instead.
ECOS solver failed:  The solver ECOS is not installed. 
Using SCS instead.
ECOS solver failed:  The solver ECOS is not installed. 
Using SCS instead.
ECOS solver failed:  The solver ECOS is not installed. 
Using SCS instead.
ECOS solver failed:  The solver ECOS is not installed. 
Using SCS instead.
ECOS solver failed:  The solver ECOS is not installed. 
Using SCS instead.
ECOS solver failed:  The solver ECOS is not installed. 
Using SCS instead.
ECOS solver failed:  The solver ECOS is not installed. 
Using SCS instead.
ECOS solver failed:  The solver ECOS is not installed. 
Using SCS instead.
ECOS solver failed:  The solver ECOS is not installed. 
Using SCS instead.
M-step Design Matrix Calculation time (sec): 0.0209
ECOS solver failed in IPCW_HAL_init, falling back to SCS: The solver ECOS is not installed.
M-step CVXPY optimize time (sec): 0.4039
ECOS solver failed:  The solver ECOS is not installed. 
Using SCS instead.
ECOS solver failed:  The solver ECOS is not installed. 
Using SCS instead.
ECOS solver failed:  The solver ECOS is not installed. 
Using SCS instead.
ECOS solver failed:  The solver ECOS is not installed. 
Using SCS instead.
ECOS solver failed:  The solver ECOS is not installed. 
Using SCS instead.
ECOS solver failed:  The solver ECOS is not installed. 
Using SCS instead.
ECOS solver failed:  The solver ECOS is not installed. 
Using SCS instead.
ECOS solver failed:  The solver ECOS is not installed. 
Using SCS instead.
ECOS solver failed:  The solver ECOS is not installed. 
Using SCS instead.
ECOS solver failed:  The solver ECOS is not installed. 
Using SCS instead.
ECOS solver failed:  The solver ECOS is not installed. 
Using SCS instead.
ECOS solver failed:  The solver ECOS is not installed. 
Using SCS instead.
ECOS solver failed:  The solver ECOS is not installed. 
Using SCS instead.
ECOS solver failed:  The solver ECOS is not installed. 
Using SCS instead.
ECOS solver failed:  The solver ECOS is not installed. 
Using SCS instead.
ECOS solver failed:  The solver ECOS is not installed. 
Using SCS instead.
ECOS solver failed:  The solver ECOS is not installed. 
Using SCS instead.
ECOS solver failed:  The solver ECOS is not installed. 
Using SCS instead.
ECOS solver failed:  The solver ECOS is not installed. 
Using SCS instead.
ECOS solver failed:  The solver ECOS is not installed. 
Using SCS instead.
ECOS solver failed:  The solver ECOS is not installed. 
Using SCS instead.
M-step Design Matrix Calculation time (sec): 0.0178
ECOS solver failed in IPCW_HAL_init, falling back to SCS: The solver ECOS is not installed.
WARNING - large complementary slackness residual: 0.032865
M-step CVXPY optimize time (sec): 0.7243
ECOS solver failed:  The solver ECOS is not installed. 
Using SCS instead.
ECOS solver failed:  The solver ECOS is not installed. 
Using SCS instead.
ECOS solver failed:  The solver ECOS is not installed. 
Using SCS instead.
ECOS solver failed:  The solver ECOS is not installed. 
Using SCS instead.
ECOS solver failed:  The solver ECOS is not installed. 
Using SCS instead.
ECOS solver failed:  The solver ECOS is not installed. 
Using SCS instead.
ECOS solver failed:  The solver ECOS is not installed. 
Using SCS instead.
ECOS solver failed:  The solver ECOS is not installed. 
Using SCS instead.
ECOS solver failed:  The solver ECOS is not installed. 
Using SCS instead.
ECOS solver failed:  The solver ECOS is not installed. 
Using SCS instead.
ECOS solver failed:  The solver ECOS is not installed. 
Using SCS instead.
ECOS solver failed:  The solver ECOS is not installed. 
Using SCS instead.
ECOS solver failed:  The solver ECOS is not installed. 
Using SCS instead.
ECOS solver failed:  The solver ECOS is not installed. 
Using SCS instead.
ECOS solver failed:  The solver ECOS is not installed. 
Using SCS instead.
ECOS solver failed:  The solver ECOS is not installed. 
Using SCS instead.
ECOS solver failed:  The solver ECOS is not installed. 
Using SCS instead.
ECOS solver failed:  The solver ECOS is not installed. 
Using SCS instead.
ECOS solver failed:  The solver ECOS is not installed. 
Using SCS instead.
ECOS solver failed:  The solver ECOS is not installed. 
Using SCS instead.
ECOS solver failed:  The solver ECOS is not installed. 
Using SCS instead.
M-step Design Matrix Calculation time (sec): 0.0193
ECOS solver failed in IPCW_HAL_init, falling back to SCS: The solver ECOS is not installed.
WARNING - large complementary slackness residual: 0.026355
M-step CVXPY optimize time (sec): 2.4993
ECOS solver failed:  The solver ECOS is not installed. 
Using SCS instead.
ECOS solver failed:  The solver ECOS is not installed. 
Using SCS instead.
ECOS solver failed:  The solver ECOS is not installed. 
Using SCS instead.
ECOS solver failed:  The solver ECOS is not installed. 
Using SCS instead.
ECOS solver failed:  The solver ECOS is not installed. 
Using SCS instead.
ECOS solver failed:  The solver ECOS is not installed. 
Using SCS instead.
ECOS solver failed:  The solver ECOS is not installed. 
Using SCS instead.
ECOS solver failed:  The solver ECOS is not installed. 
Using SCS instead.
ECOS solver failed:  The solver ECOS is not installed. 
Using SCS instead.
ECOS solver failed:  The solver ECOS is not installed. 
Using SCS instead.
ECOS solver failed:  The solver ECOS is not installed. 
Using SCS instead.
ECOS solver failed:  The solver ECOS is not installed. 
Using SCS instead.
ECOS solver failed:  The solver ECOS is not installed. 
Using SCS instead.
ECOS solver failed:  The solver ECOS is not installed. 
Using SCS instead.
ECOS solver failed:  The solver ECOS is not installed. 
Using SCS instead.
ECOS solver failed:  The solver ECOS is not installed. 
Using SCS instead.
ECOS solver failed:  The solver ECOS is not installed. 
Using SCS instead.
ECOS solver failed:  The solver ECOS is not installed. 
Using SCS instead.
ECOS solver failed:  The solver ECOS is not installed. 
Using SCS instead.
ECOS solver failed:  The solver ECOS is not installed. 
Using SCS instead.
ECOS solver failed:  The solver ECOS is not installed. 
Using SCS instead.
M-step Design Matrix Calculation time (sec): 0.0219
ECOS solver failed in IPCW_HAL_init, falling back to SCS: The solver ECOS is not installed.
WARNING - large complementary slackness residual: 0.012366
M-step CVXPY optimize time (sec): 2.4956
ECOS solver failed:  The solver ECOS is not installed. 
Using SCS instead.
ECOS solver failed:  The solver ECOS is not installed. 
Using SCS instead.
ECOS solver failed:  The solver ECOS is not installed. 
Using SCS instead.
ECOS solver failed:  The solver ECOS is not installed. 
Using SCS instead.
ECOS solver failed:  The solver ECOS is not installed. 
Using SCS instead.
ECOS solver failed:  The solver ECOS is not installed. 
Using SCS instead.
ECOS solver failed:  The solver ECOS is not installed. 
Using SCS instead.
ECOS solver failed:  The solver ECOS is not installed. 
Using SCS instead.
ECOS solver failed:  The solver ECOS is not installed. 
Using SCS instead.
ECOS solver failed:  The solver ECOS is not installed. 
Using SCS instead.
ECOS solver failed:  The solver ECOS is not installed. 
Using SCS instead.
ECOS solver failed:  The solver ECOS is not installed. 
Using SCS instead.
ECOS solver failed:  The solver ECOS is not installed. 
Using SCS instead.
ECOS solver failed:  The solver ECOS is not installed. 
Using SCS instead.
ECOS solver failed:  The solver ECOS is not installed. 
Using SCS instead.
ECOS solver failed:  The solver ECOS is not installed. 
Using SCS instead.
ECOS solver failed:  The solver ECOS is not installed. 
Using SCS instead.
ECOS solver failed:  The solver ECOS is not installed. 
Using SCS instead.
ECOS solver failed:  The solver ECOS is not installed. 
Using SCS instead.
ECOS solver failed:  The solver ECOS is not installed. 
Using SCS instead.
ECOS solver failed:  The solver ECOS is not installed. 
Using SCS instead.
M-step Design Matrix Calculation time (sec): 0.0559
ECOS solver failed in IPCW_HAL_init, falling back to SCS: The solver ECOS is not installed.
M-step CVXPY optimize time (sec): 1.9630
ECOS solver failed:  The solver ECOS is not installed. 
Using SCS instead.
ECOS solver failed:  The solver ECOS is not installed. 
Using SCS instead.
ECOS solver failed:  The solver ECOS is not installed. 
Using SCS instead.
ECOS solver failed:  The solver ECOS is not installed. 
Using SCS instead.
ECOS solver failed:  The solver ECOS is not installed. 
Using SCS instead.
ECOS solver failed:  The solver ECOS is not installed. 
Using SCS instead.
ECOS solver failed:  The solver ECOS is not installed. 
Using SCS instead.
ECOS solver failed:  The solver ECOS is not installed. 
Using SCS instead.
ECOS solver failed:  The solver ECOS is not installed. 
Using SCS instead.
ECOS solver failed:  The solver ECOS is not installed. 
Using SCS instead.
ECOS solver failed:  The solver ECOS is not installed. 
Using SCS instead.
ECOS solver failed:  The solver ECOS is not installed. 
Using SCS instead.
ECOS solver failed:  The solver ECOS is not installed. 
Using SCS instead.
ECOS solver failed:  The solver ECOS is not installed. 
Using SCS instead.
ECOS solver failed:  The solver ECOS is not installed. 
Using SCS instead.
ECOS solver failed:  The solver ECOS is not installed. 
Using SCS instead.
ECOS solver failed:  The solver ECOS is not installed. 
Using SCS instead.
ECOS solver failed:  The solver ECOS is not installed. 
Using SCS instead.
ECOS solver failed:  The solver ECOS is not installed. 
Using SCS instead.
ECOS solver failed:  The solver ECOS is not installed. 
Using SCS instead.
ECOS solver failed:  The solver ECOS is not installed. 
Using SCS instead.
M-step Design Matrix Calculation time (sec): 0.1887
ECOS solver failed in IPCW_HAL_init, falling back to SCS: The solver ECOS is not installed.
M-step CVXPY optimize time (sec): 0.9685
ECOS solver failed:  The solver ECOS is not installed. 
Using SCS instead.
ECOS solver failed:  The solver ECOS is not installed. 
Using SCS instead.
ECOS solver failed:  The solver ECOS is not installed. 
Using SCS instead.
ECOS solver failed:  The solver ECOS is not installed. 
Using SCS instead.
ECOS solver failed:  The solver ECOS is not installed. 
Using SCS instead.
ECOS solver failed:  The solver ECOS is not installed. 
Using SCS instead.
ECOS solver failed:  The solver ECOS is not installed. 
Using SCS instead.
ECOS solver failed:  The solver ECOS is not installed. 
Using SCS instead.
ECOS solver failed:  The solver ECOS is not installed. 
Using SCS instead.
ECOS solver failed:  The solver ECOS is not installed. 
Using SCS instead.
ECOS solver failed:  The solver ECOS is not installed. 
Using SCS instead.
ECOS solver failed:  The solver ECOS is not installed. 
Using SCS instead.
ECOS solver failed:  The solver ECOS is not installed. 
Using SCS instead.
ECOS solver failed:  The solver ECOS is not installed. 
Using SCS instead.
ECOS solver failed:  The solver ECOS is not installed. 
Using SCS instead.
ECOS solver failed:  The solver ECOS is not installed. 
Using SCS instead.
ECOS solver failed:  The solver ECOS is not installed. 
Using SCS instead.
ECOS solver failed:  The solver ECOS is not installed. 
Using SCS instead.
ECOS solver failed:  The solver ECOS is not installed. 
Using SCS instead.
ECOS solver failed:  The solver ECOS is not installed. 
Using SCS instead.
ECOS solver failed:  The solver ECOS is not installed. 
Using SCS instead.
M-step Design Matrix Calculation time (sec): 0.0185
ECOS solver failed in IPCW_HAL_init, falling back to SCS: The solver ECOS is not installed.
WARNING - large complementary slackness residual: 0.025125
M-step CVXPY optimize time (sec): 0.7277
ECOS solver failed:  The solver ECOS is not installed. 
Using SCS instead.
ECOS solver failed:  The solver ECOS is not installed. 
Using SCS instead.
ECOS solver failed:  The solver ECOS is not installed. 
Using SCS instead.
ECOS solver failed:  The solver ECOS is not installed. 
Using SCS instead.
ECOS solver failed:  The solver ECOS is not installed. 
Using SCS instead.
ECOS solver failed:  The solver ECOS is not installed. 
Using SCS instead.
ECOS solver failed:  The solver ECOS is not installed. 
Using SCS instead.
ECOS solver failed:  The solver ECOS is not installed. 
Using SCS instead.
ECOS solver failed:  The solver ECOS is not installed. 
Using SCS instead.
ECOS solver failed:  The solver ECOS is not installed. 
Using SCS instead.
ECOS solver failed:  The solver ECOS is not installed. 
Using SCS instead.
ECOS solver failed:  The solver ECOS is not installed. 
Using SCS instead.
ECOS solver failed:  The solver ECOS is not installed. 
Using SCS instead.
ECOS solver failed:  The solver ECOS is not installed. 
Using SCS instead.
ECOS solver failed:  The solver ECOS is not installed. 
Using SCS instead.
ECOS solver failed:  The solver ECOS is not installed. 
Using SCS instead.
ECOS solver failed:  The solver ECOS is not installed. 
Using SCS instead.
ECOS solver failed:  The solver ECOS is not installed. 
Using SCS instead.
ECOS solver failed:  The solver ECOS is not installed. 
Using SCS instead.
ECOS solver failed:  The solver ECOS is not installed. 
Using SCS instead.
ECOS solver failed:  The solver ECOS is not installed. 
Using SCS instead.
M-step Design Matrix Calculation time (sec): 0.0185
ECOS solver failed in IPCW_HAL_init, falling back to SCS: The solver ECOS is not installed.
M-step CVXPY optimize time (sec): 1.9907
ECOS solver failed:  The solver ECOS is not installed. 
Using SCS instead.
ECOS solver failed:  The solver ECOS is not installed. 
Using SCS instead.
ECOS solver failed:  The solver ECOS is not installed. 
Using SCS instead.
ECOS solver failed:  The solver ECOS is not installed. 
Using SCS instead.
ECOS solver failed:  The solver ECOS is not installed. 
Using SCS instead.
ECOS solver failed:  The solver ECOS is not installed. 
Using SCS instead.
ECOS solver failed:  The solver ECOS is not installed. 
Using SCS instead.
ECOS solver failed:  The solver ECOS is not installed. 
Using SCS instead.
ECOS solver failed:  The solver ECOS is not installed. 
Using SCS instead.
ECOS solver failed:  The solver ECOS is not installed. 
Using SCS instead.
ECOS solver failed:  The solver ECOS is not installed. 
Using SCS instead.
ECOS solver failed:  The solver ECOS is not installed. 
Using SCS instead.
ECOS solver failed:  The solver ECOS is not installed. 
Using SCS instead.
ECOS solver failed:  The solver ECOS is not installed. 
Using SCS instead.
ECOS solver failed:  The solver ECOS is not installed. 
Using SCS instead.
ECOS solver failed:  The solver ECOS is not installed. 
Using SCS instead.
ECOS solver failed:  The solver ECOS is not installed. 
Using SCS instead.
ECOS solver failed:  The solver ECOS is not installed. 
Using SCS instead.
ECOS solver failed:  The solver ECOS is not installed. 
Using SCS instead.
ECOS solver failed:  The solver ECOS is not installed. 
Using SCS instead.
ECOS solver failed:  The solver ECOS is not installed. 
Using SCS instead.
M-step Design Matrix Calculation time (sec): 0.1109
ECOS solver failed in IPCW_HAL_init, falling back to SCS: The solver ECOS is not installed.
M-step CVXPY optimize time (sec): 0.6373
ECOS solver failed:  The solver ECOS is not installed. 
Using SCS instead.
ECOS solver failed:  The solver ECOS is not installed. 
Using SCS instead.
ECOS solver failed:  The solver ECOS is not installed. 
Using SCS instead.
ECOS solver failed:  The solver ECOS is not installed. 
Using SCS instead.
ECOS solver failed:  The solver ECOS is not installed. 
Using SCS instead.
ECOS solver failed:  The solver ECOS is not installed. 
Using SCS instead.
ECOS solver failed:  The solver ECOS is not installed. 
Using SCS instead.
ECOS solver failed:  The solver ECOS is not installed. 
Using SCS instead.
ECOS solver failed:  The solver ECOS is not installed. 
Using SCS instead.
ECOS solver failed:  The solver ECOS is not installed. 
Using SCS instead.
ECOS solver failed:  The solver ECOS is not installed. 
Using SCS instead.
ECOS solver failed:  The solver ECOS is not installed. 
Using SCS instead.
ECOS solver failed:  The solver ECOS is not installed. 
Using SCS instead.
ECOS solver failed:  The solver ECOS is not installed. 
Using SCS instead.
ECOS solver failed:  The solver ECOS is not installed. 
Using SCS instead.
ECOS solver failed:  The solver ECOS is not installed. 
Using SCS instead.
ECOS solver failed:  The solver ECOS is not installed. 
Using SCS instead.
ECOS solver failed:  The solver ECOS is not installed. 
Using SCS instead.
ECOS solver failed:  The solver ECOS is not installed. 
Using SCS instead.
ECOS solver failed:  The solver ECOS is not installed. 
Using SCS instead.
ECOS solver failed:  The solver ECOS is not installed. 
Using SCS instead.
M-step Design Matrix Calculation time (sec): 0.0185
ECOS solver failed in IPCW_HAL_init, falling back to SCS: The solver ECOS is not installed.
M-step CVXPY optimize time (sec): 1.0892
ECOS solver failed:  The solver ECOS is not installed. 
Using SCS instead.
ECOS solver failed:  The solver ECOS is not installed. 
Using SCS instead.
ECOS solver failed:  The solver ECOS is not installed. 
Using SCS instead.
ECOS solver failed:  The solver ECOS is not installed. 
Using SCS instead.
ECOS solver failed:  The solver ECOS is not installed. 
Using SCS instead.
ECOS solver failed:  The solver ECOS is not installed. 
Using SCS instead.
ECOS solver failed:  The solver ECOS is not installed. 
Using SCS instead.
ECOS solver failed:  The solver ECOS is not installed. 
Using SCS instead.
ECOS solver failed:  The solver ECOS is not installed. 
Using SCS instead.
ECOS solver failed:  The solver ECOS is not installed. 
Using SCS instead.
ECOS solver failed:  The solver ECOS is not installed. 
Using SCS instead.
ECOS solver failed:  The solver ECOS is not installed. 
Using SCS instead.
ECOS solver failed:  The solver ECOS is not installed. 
Using SCS instead.
ECOS solver failed:  The solver ECOS is not installed. 
Using SCS instead.
ECOS solver failed:  The solver ECOS is not installed. 
Using SCS instead.
ECOS solver failed:  The solver ECOS is not installed. 
Using SCS instead.
ECOS solver failed:  The solver ECOS is not installed. 
Using SCS instead.
ECOS solver failed:  The solver ECOS is not installed. 
Using SCS instead.
ECOS solver failed:  The solver ECOS is not installed. 
Using SCS instead.
ECOS solver failed:  The solver ECOS is not installed. 
Using SCS instead.
ECOS solver failed:  The solver ECOS is not installed. 
Using SCS instead.
M-step Design Matrix Calculation time (sec): 0.0189
ECOS solver failed in IPCW_HAL_init, falling back to SCS: The solver ECOS is not installed.
M-step CVXPY optimize time (sec): 0.5913
ECOS solver failed:  The solver ECOS is not installed. 
Using SCS instead.
ECOS solver failed:  The solver ECOS is not installed. 
Using SCS instead.
ECOS solver failed:  The solver ECOS is not installed. 
Using SCS instead.
ECOS solver failed:  The solver ECOS is not installed. 
Using SCS instead.
ECOS solver failed:  The solver ECOS is not installed. 
Using SCS instead.
ECOS solver failed:  The solver ECOS is not installed. 
Using SCS instead.
ECOS solver failed:  The solver ECOS is not installed. 
Using SCS instead.
ECOS solver failed:  The solver ECOS is not installed. 
Using SCS instead.
ECOS solver failed:  The solver ECOS is not installed. 
Using SCS instead.
ECOS solver failed:  The solver ECOS is not installed. 
Using SCS instead.
ECOS solver failed:  The solver ECOS is not installed. 
Using SCS instead.
ECOS solver failed:  The solver ECOS is not installed. 
Using SCS instead.
ECOS solver failed:  The solver ECOS is not installed. 
Using SCS instead.
ECOS solver failed:  The solver ECOS is not installed. 
Using SCS instead.
ECOS solver failed:  The solver ECOS is not installed. 
Using SCS instead.
ECOS solver failed:  The solver ECOS is not installed. 
Using SCS instead.
ECOS solver failed:  The solver ECOS is not installed. 
Using SCS instead.
ECOS solver failed:  The solver ECOS is not installed. 
Using SCS instead.
ECOS solver failed:  The solver ECOS is not installed. 
Using SCS instead.
ECOS solver failed:  The solver ECOS is not installed. 
Using SCS instead.
ECOS solver failed:  The solver ECOS is not installed. 
Using SCS instead.
M-step Design Matrix Calculation time (sec): 0.0303
ECOS solver failed in IPCW_HAL_init, falling back to SCS: The solver ECOS is not installed.
WARNING - large complementary slackness residual: 0.010599
M-step CVXPY optimize time (sec): 1.5046
ECOS solver failed:  The solver ECOS is not installed. 
Using SCS instead.
ECOS solver failed:  The solver ECOS is not installed. 
Using SCS instead.
ECOS solver failed:  The solver ECOS is not installed. 
Using SCS instead.
ECOS solver failed:  The solver ECOS is not installed. 
Using SCS instead.
ECOS solver failed:  The solver ECOS is not installed. 
Using SCS instead.
ECOS solver failed:  The solver ECOS is not installed. 
Using SCS instead.
ECOS solver failed:  The solver ECOS is not installed. 
Using SCS instead.
ECOS solver failed:  The solver ECOS is not installed. 
Using SCS instead.
ECOS solver failed:  The solver ECOS is not installed. 
Using SCS instead.
ECOS solver failed:  The solver ECOS is not installed. 
Using SCS instead.
ECOS solver failed:  The solver ECOS is not installed. 
Using SCS instead.
ECOS solver failed:  The solver ECOS is not installed. 
Using SCS instead.
ECOS solver failed:  The solver ECOS is not installed. 
Using SCS instead.
ECOS solver failed:  The solver ECOS is not installed. 
Using SCS instead.
ECOS solver failed:  The solver ECOS is not installed. 
Using SCS instead.
ECOS solver failed:  The solver ECOS is not installed. 
Using SCS instead.
ECOS solver failed:  The solver ECOS is not installed. 
Using SCS instead.
ECOS solver failed:  The solver ECOS is not installed. 
Using SCS instead.
ECOS solver failed:  The solver ECOS is not installed. 
Using SCS instead.
ECOS solver failed:  The solver ECOS is not installed. 
Using SCS instead.
ECOS solver failed:  The solver ECOS is not installed. 
Using SCS instead.
M-step Design Matrix Calculation time (sec): 0.0406
ECOS solver failed in IPCW_HAL_init, falling back to SCS: The solver ECOS is not installed.
WARNING - large complementary slackness residual: 0.015984
M-step CVXPY optimize time (sec): 2.1834
ECOS solver failed:  The solver ECOS is not installed. 
Using SCS instead.
ECOS solver failed:  The solver ECOS is not installed. 
Using SCS instead.
ECOS solver failed:  The solver ECOS is not installed. 
Using SCS instead.
ECOS solver failed:  The solver ECOS is not installed. 
Using SCS instead.
ECOS solver failed:  The solver ECOS is not installed. 
Using SCS instead.
ECOS solver failed:  The solver ECOS is not installed. 
Using SCS instead.
ECOS solver failed:  The solver ECOS is not installed. 
Using SCS instead.
ECOS solver failed:  The solver ECOS is not installed. 
Using SCS instead.
ECOS solver failed:  The solver ECOS is not installed. 
Using SCS instead.
ECOS solver failed:  The solver ECOS is not installed. 
Using SCS instead.
ECOS solver failed:  The solver ECOS is not installed. 
Using SCS instead.
ECOS solver failed:  The solver ECOS is not installed. 
Using SCS instead.
ECOS solver failed:  The solver ECOS is not installed. 
Using SCS instead.
ECOS solver failed:  The solver ECOS is not installed. 
Using SCS instead.
ECOS solver failed:  The solver ECOS is not installed. 
Using SCS instead.
ECOS solver failed:  The solver ECOS is not installed. 
Using SCS instead.
ECOS solver failed:  The solver ECOS is not installed. 
Using SCS instead.
ECOS solver failed:  The solver ECOS is not installed. 
Using SCS instead.
ECOS solver failed:  The solver ECOS is not installed. 
Using SCS instead.
ECOS solver failed:  The solver ECOS is not installed. 
Using SCS instead.
ECOS solver failed:  The solver ECOS is not installed. 
Using SCS instead.
M-step Design Matrix Calculation time (sec): 0.0342
ECOS solver failed in IPCW_HAL_init, falling back to SCS: The solver ECOS is not installed.
WARNING - large complementary slackness residual: 0.037290
M-step CVXPY optimize time (sec): 1.0216
ECOS solver failed:  The solver ECOS is not installed. 
Using SCS instead.
ECOS solver failed:  The solver ECOS is not installed. 
Using SCS instead.
ECOS solver failed:  The solver ECOS is not installed. 
Using SCS instead.
ECOS solver failed:  The solver ECOS is not installed. 
Using SCS instead.
ECOS solver failed:  The solver ECOS is not installed. 
Using SCS instead.
ECOS solver failed:  The solver ECOS is not installed. 
Using SCS instead.
ECOS solver failed:  The solver ECOS is not installed. 
Using SCS instead.
ECOS solver failed:  The solver ECOS is not installed. 
Using SCS instead.
ECOS solver failed:  The solver ECOS is not installed. 
Using SCS instead.
ECOS solver failed:  The solver ECOS is not installed. 
Using SCS instead.
ECOS solver failed:  The solver ECOS is not installed. 
Using SCS instead.
ECOS solver failed:  The solver ECOS is not installed. 
Using SCS instead.
ECOS solver failed:  The solver ECOS is not installed. 
Using SCS instead.
ECOS solver failed:  The solver ECOS is not installed. 
Using SCS instead.
ECOS solver failed:  The solver ECOS is not installed. 
Using SCS instead.
ECOS solver failed:  The solver ECOS is not installed. 
Using SCS instead.
ECOS solver failed:  The solver ECOS is not installed. 
Using SCS instead.
ECOS solver failed:  The solver ECOS is not installed. 
Using SCS instead.
ECOS solver failed:  The solver ECOS is not installed. 
Using SCS instead.
ECOS solver failed:  The solver ECOS is not installed. 
Using SCS instead.
ECOS solver failed:  The solver ECOS is not installed. 
Using SCS instead.
M-step Design Matrix Calculation time (sec): 0.0172
ECOS solver failed in IPCW_HAL_init, falling back to SCS: The solver ECOS is not installed.
WARNING - large complementary slackness residual: 0.007697
M-step CVXPY optimize time (sec): 0.3216
ECOS solver failed:  The solver ECOS is not installed. 
Using SCS instead.
ECOS solver failed:  The solver ECOS is not installed. 
Using SCS instead.
ECOS solver failed:  The solver ECOS is not installed. 
Using SCS instead.
ECOS solver failed:  The solver ECOS is not installed. 
Using SCS instead.
ECOS solver failed:  The solver ECOS is not installed. 
Using SCS instead.
ECOS solver failed:  The solver ECOS is not installed. 
Using SCS instead.
ECOS solver failed:  The solver ECOS is not installed. 
Using SCS instead.
ECOS solver failed:  The solver ECOS is not installed. 
Using SCS instead.
ECOS solver failed:  The solver ECOS is not installed. 
Using SCS instead.
ECOS solver failed:  The solver ECOS is not installed. 
Using SCS instead.
ECOS solver failed:  The solver ECOS is not installed. 
Using SCS instead.
ECOS solver failed:  The solver ECOS is not installed. 
Using SCS instead.
ECOS solver failed:  The solver ECOS is not installed. 
Using SCS instead.
ECOS solver failed:  The solver ECOS is not installed. 
Using SCS instead.
ECOS solver failed:  The solver ECOS is not installed. 
Using SCS instead.
ECOS solver failed:  The solver ECOS is not installed. 
Using SCS instead.
ECOS solver failed:  The solver ECOS is not installed. 
Using SCS instead.
ECOS solver failed:  The solver ECOS is not installed. 
Using SCS instead.
ECOS solver failed:  The solver ECOS is not installed. 
Using SCS instead.
ECOS solver failed:  The solver ECOS is not installed. 
Using SCS instead.
ECOS solver failed:  The solver ECOS is not installed. 
Using SCS instead.
M-step Design Matrix Calculation time (sec): 0.0114
ECOS solver failed in IPCW_HAL_init, falling back to SCS: The solver ECOS is not installed.
M-step CVXPY optimize time (sec): 0.2701
ECOS solver failed:  The solver ECOS is not installed. 
Using SCS instead.
ECOS solver failed:  The solver ECOS is not installed. 
Using SCS instead.
ECOS solver failed:  The solver ECOS is not installed. 
Using SCS instead.
ECOS solver failed:  The solver ECOS is not installed. 
Using SCS instead.
ECOS solver failed:  The solver ECOS is not installed. 
Using SCS instead.
ECOS solver failed:  The solver ECOS is not installed. 
Using SCS instead.
ECOS solver failed:  The solver ECOS is not installed. 
Using SCS instead.
ECOS solver failed:  The solver ECOS is not installed. 
Using SCS instead.
ECOS solver failed:  The solver ECOS is not installed. 
Using SCS instead.
ECOS solver failed:  The solver ECOS is not installed. 
Using SCS instead.
ECOS solver failed:  The solver ECOS is not installed. 
Using SCS instead.
ECOS solver failed:  The solver ECOS is not installed. 
Using SCS instead.
ECOS solver failed:  The solver ECOS is not installed. 
Using SCS instead.
ECOS solver failed:  The solver ECOS is not installed. 
Using SCS instead.
ECOS solver failed:  The solver ECOS is not installed. 
Using SCS instead.
ECOS solver failed:  The solver ECOS is not installed. 
Using SCS instead.
ECOS solver failed:  The solver ECOS is not installed. 
Using SCS instead.
ECOS solver failed:  The solver ECOS is not installed. 
Using SCS instead.
ECOS solver failed:  The solver ECOS is not installed. 
Using SCS instead.
ECOS solver failed:  The solver ECOS is not installed. 
Using SCS instead.
ECOS solver failed:  The solver ECOS is not installed. 
Using SCS instead.
M-step Design Matrix Calculation time (sec): 0.0120
ECOS solver failed in IPCW_HAL_init, falling back to SCS: The solver ECOS is not installed.
WARNING - large complementary slackness residual: 0.015797
M-step CVXPY optimize time (sec): 0.7181
ECOS solver failed:  The solver ECOS is not installed. 
Using SCS instead.
ECOS solver failed:  The solver ECOS is not installed. 
Using SCS instead.
ECOS solver failed:  The solver ECOS is not installed. 
Using SCS instead.
ECOS solver failed:  The solver ECOS is not installed. 
Using SCS instead.
ECOS solver failed:  The solver ECOS is not installed. 
Using SCS instead.
ECOS solver failed:  The solver ECOS is not installed. 
Using SCS instead.
ECOS solver failed:  The solver ECOS is not installed. 
Using SCS instead.
ECOS solver failed:  The solver ECOS is not installed. 
Using SCS instead.
ECOS solver failed:  The solver ECOS is not installed. 
Using SCS instead.
ECOS solver failed:  The solver ECOS is not installed. 
Using SCS instead.
ECOS solver failed:  The solver ECOS is not installed. 
Using SCS instead.
ECOS solver failed:  The solver ECOS is not installed. 
Using SCS instead.
ECOS solver failed:  The solver ECOS is not installed. 
Using SCS instead.
ECOS solver failed:  The solver ECOS is not installed. 
Using SCS instead.
ECOS solver failed:  The solver ECOS is not installed. 
Using SCS instead.
ECOS solver failed:  The solver ECOS is not installed. 
Using SCS instead.
ECOS solver failed:  The solver ECOS is not installed. 
Using SCS instead.
ECOS solver failed:  The solver ECOS is not installed. 
Using SCS instead.
ECOS solver failed:  The solver ECOS is not installed. 
Using SCS instead.
ECOS solver failed:  The solver ECOS is not installed. 
Using SCS instead.
ECOS solver failed:  The solver ECOS is not installed. 
Using SCS instead.
M-step Design Matrix Calculation time (sec): 0.0503
ECOS solver failed in IPCW_HAL_init, falling back to SCS: The solver ECOS is not installed.
WARNING - large complementary slackness residual: 0.006045
M-step CVXPY optimize time (sec): 1.4769
ECOS solver failed:  The solver ECOS is not installed. 
Using SCS instead.
ECOS solver failed:  The solver ECOS is not installed. 
Using SCS instead.
ECOS solver failed:  The solver ECOS is not installed. 
Using SCS instead.
ECOS solver failed:  The solver ECOS is not installed. 
Using SCS instead.
ECOS solver failed:  The solver ECOS is not installed. 
Using SCS instead.
ECOS solver failed:  The solver ECOS is not installed. 
Using SCS instead.
ECOS solver failed:  The solver ECOS is not installed. 
Using SCS instead.
ECOS solver failed:  The solver ECOS is not installed. 
Using SCS instead.
ECOS solver failed:  The solver ECOS is not installed. 
Using SCS instead.
ECOS solver failed:  The solver ECOS is not installed. 
Using SCS instead.
ECOS solver failed:  The solver ECOS is not installed. 
Using SCS instead.
ECOS solver failed:  The solver ECOS is not installed. 
Using SCS instead.
ECOS solver failed:  The solver ECOS is not installed. 
Using SCS instead.
ECOS solver failed:  The solver ECOS is not installed. 
Using SCS instead.
ECOS solver failed:  The solver ECOS is not installed. 
Using SCS instead.
ECOS solver failed:  The solver ECOS is not installed. 
Using SCS instead.
ECOS solver failed:  The solver ECOS is not installed. 
Using SCS instead.
ECOS solver failed:  The solver ECOS is not installed. 
Using SCS instead.
ECOS solver failed:  The solver ECOS is not installed. 
Using SCS instead.
ECOS solver failed:  The solver ECOS is not installed. 
Using SCS instead.
ECOS solver failed:  The solver ECOS is not installed. 
Using SCS instead.
M-step Design Matrix Calculation time (sec): 0.0190
ECOS solver failed in IPCW_HAL_init, falling back to SCS: The solver ECOS is not installed.
M-step CVXPY optimize time (sec): 0.7120
ECOS solver failed:  The solver ECOS is not installed. 
Using SCS instead.
ECOS solver failed:  The solver ECOS is not installed. 
Using SCS instead.
ECOS solver failed:  The solver ECOS is not installed. 
Using SCS instead.
ECOS solver failed:  The solver ECOS is not installed. 
Using SCS instead.
ECOS solver failed:  The solver ECOS is not installed. 
Using SCS instead.
ECOS solver failed:  The solver ECOS is not installed. 
Using SCS instead.
ECOS solver failed:  The solver ECOS is not installed. 
Using SCS instead.
ECOS solver failed:  The solver ECOS is not installed. 
Using SCS instead.
ECOS solver failed:  The solver ECOS is not installed. 
Using SCS instead.
ECOS solver failed:  The solver ECOS is not installed. 
Using SCS instead.
ECOS solver failed:  The solver ECOS is not installed. 
Using SCS instead.
ECOS solver failed:  The solver ECOS is not installed. 
Using SCS instead.
ECOS solver failed:  The solver ECOS is not installed. 
Using SCS instead.
ECOS solver failed:  The solver ECOS is not installed. 
Using SCS instead.
ECOS solver failed:  The solver ECOS is not installed. 
Using SCS instead.
ECOS solver failed:  The solver ECOS is not installed. 
Using SCS instead.
ECOS solver failed:  The solver ECOS is not installed. 
Using SCS instead.
ECOS solver failed:  The solver ECOS is not installed. 
Using SCS instead.
ECOS solver failed:  The solver ECOS is not installed. 
Using SCS instead.
ECOS solver failed:  The solver ECOS is not installed. 
Using SCS instead.
ECOS solver failed:  The solver ECOS is not installed. 
Using SCS instead.
M-step Design Matrix Calculation time (sec): 0.0379
ECOS solver failed in IPCW_HAL_init, falling back to SCS: The solver ECOS is not installed.
WARNING - large complementary slackness residual: 0.026248
M-step CVXPY optimize time (sec): 1.4307
ECOS solver failed:  The solver ECOS is not installed. 
Using SCS instead.
ECOS solver failed:  The solver ECOS is not installed. 
Using SCS instead.
ECOS solver failed:  The solver ECOS is not installed. 
Using SCS instead.
ECOS solver failed:  The solver ECOS is not installed. 
Using SCS instead.
ECOS solver failed:  The solver ECOS is not installed. 
Using SCS instead.
ECOS solver failed:  The solver ECOS is not installed. 
Using SCS instead.
ECOS solver failed:  The solver ECOS is not installed. 
Using SCS instead.
ECOS solver failed:  The solver ECOS is not installed. 
Using SCS instead.
ECOS solver failed:  The solver ECOS is not installed. 
Using SCS instead.
ECOS solver failed:  The solver ECOS is not installed. 
Using SCS instead.
ECOS solver failed:  The solver ECOS is not installed. 
Using SCS instead.
ECOS solver failed:  The solver ECOS is not installed. 
Using SCS instead.
ECOS solver failed:  The solver ECOS is not installed. 
Using SCS instead.
ECOS solver failed:  The solver ECOS is not installed. 
Using SCS instead.
ECOS solver failed:  The solver ECOS is not installed. 
Using SCS instead.
ECOS solver failed:  The solver ECOS is not installed. 
Using SCS instead.
ECOS solver failed:  The solver ECOS is not installed. 
Using SCS instead.
ECOS solver failed:  The solver ECOS is not installed. 
Using SCS instead.
ECOS solver failed:  The solver ECOS is not installed. 
Using SCS instead.
ECOS solver failed:  The solver ECOS is not installed. 
Using SCS instead.
ECOS solver failed:  The solver ECOS is not installed. 
Using SCS instead.
M-step Design Matrix Calculation time (sec): 0.0194
ECOS solver failed in IPCW_HAL_init, falling back to SCS: The solver ECOS is not installed.
WARNING - large complementary slackness residual: 0.004497
M-step CVXPY optimize time (sec): 1.6114
ECOS solver failed:  The solver ECOS is not installed. 
Using SCS instead.
ECOS solver failed:  The solver ECOS is not installed. 
Using SCS instead.
ECOS solver failed:  The solver ECOS is not installed. 
Using SCS instead.
ECOS solver failed:  The solver ECOS is not installed. 
Using SCS instead.
ECOS solver failed:  The solver ECOS is not installed. 
Using SCS instead.
ECOS solver failed:  The solver ECOS is not installed. 
Using SCS instead.
ECOS solver failed:  The solver ECOS is not installed. 
Using SCS instead.
ECOS solver failed:  The solver ECOS is not installed. 
Using SCS instead.
ECOS solver failed:  The solver ECOS is not installed. 
Using SCS instead.
ECOS solver failed:  The solver ECOS is not installed. 
Using SCS instead.
ECOS solver failed:  The solver ECOS is not installed. 
Using SCS instead.
ECOS solver failed:  The solver ECOS is not installed. 
Using SCS instead.
ECOS solver failed:  The solver ECOS is not installed. 
Using SCS instead.
ECOS solver failed:  The solver ECOS is not installed. 
Using SCS instead.
ECOS solver failed:  The solver ECOS is not installed. 
Using SCS instead.
ECOS solver failed:  The solver ECOS is not installed. 
Using SCS instead.
ECOS solver failed:  The solver ECOS is not installed. 
Using SCS instead.
ECOS solver failed:  The solver ECOS is not installed. 
Using SCS instead.
ECOS solver failed:  The solver ECOS is not installed. 
Using SCS instead.
ECOS solver failed:  The solver ECOS is not installed. 
Using SCS instead.
ECOS solver failed:  The solver ECOS is not installed. 
Using SCS instead.
M-step Design Matrix Calculation time (sec): 0.1502
ECOS solver failed in IPCW_HAL_init, falling back to SCS: The solver ECOS is not installed.
WARNING - large complementary slackness residual: 0.018530
M-step CVXPY optimize time (sec): 1.3979
ECOS solver failed:  The solver ECOS is not installed. 
Using SCS instead.
ECOS solver failed:  The solver ECOS is not installed. 
Using SCS instead.
ECOS solver failed:  The solver ECOS is not installed. 
Using SCS instead.
ECOS solver failed:  The solver ECOS is not installed. 
Using SCS instead.
ECOS solver failed:  The solver ECOS is not installed. 
Using SCS instead.
ECOS solver failed:  The solver ECOS is not installed. 
Using SCS instead.
ECOS solver failed:  The solver ECOS is not installed. 
Using SCS instead.
ECOS solver failed:  The solver ECOS is not installed. 
Using SCS instead.
ECOS solver failed:  The solver ECOS is not installed. 
Using SCS instead.
ECOS solver failed:  The solver ECOS is not installed. 
Using SCS instead.
ECOS solver failed:  The solver ECOS is not installed. 
Using SCS instead.
ECOS solver failed:  The solver ECOS is not installed. 
Using SCS instead.
ECOS solver failed:  The solver ECOS is not installed. 
Using SCS instead.
ECOS solver failed:  The solver ECOS is not installed. 
Using SCS instead.
ECOS solver failed:  The solver ECOS is not installed. 
Using SCS instead.
ECOS solver failed:  The solver ECOS is not installed. 
Using SCS instead.
ECOS solver failed:  The solver ECOS is not installed. 
Using SCS instead.
ECOS solver failed:  The solver ECOS is not installed. 
Using SCS instead.
ECOS solver failed:  The solver ECOS is not installed. 
Using SCS instead.
ECOS solver failed:  The solver ECOS is not installed. 
Using SCS instead.
ECOS solver failed:  The solver ECOS is not installed. 
Using SCS instead.
M-step Design Matrix Calculation time (sec): 0.0172
ECOS solver failed in IPCW_HAL_init, falling back to SCS: The solver ECOS is not installed.
WARNING - large complementary slackness residual: 0.014014
M-step CVXPY optimize time (sec): 2.8688
ECOS solver failed:  The solver ECOS is not installed. 
Using SCS instead.
ECOS solver failed:  The solver ECOS is not installed. 
Using SCS instead.
ECOS solver failed:  The solver ECOS is not installed. 
Using SCS instead.
ECOS solver failed:  The solver ECOS is not installed. 
Using SCS instead.
ECOS solver failed:  The solver ECOS is not installed. 
Using SCS instead.
ECOS solver failed:  The solver ECOS is not installed. 
Using SCS instead.
ECOS solver failed:  The solver ECOS is not installed. 
Using SCS instead.
ECOS solver failed:  The solver ECOS is not installed. 
Using SCS instead.
ECOS solver failed:  The solver ECOS is not installed. 
Using SCS instead.
ECOS solver failed:  The solver ECOS is not installed. 
Using SCS instead.
ECOS solver failed:  The solver ECOS is not installed. 
Using SCS instead.
ECOS solver failed:  The solver ECOS is not installed. 
Using SCS instead.
ECOS solver failed:  The solver ECOS is not installed. 
Using SCS instead.
ECOS solver failed:  The solver ECOS is not installed. 
Using SCS instead.
ECOS solver failed:  The solver ECOS is not installed. 
Using SCS instead.
ECOS solver failed:  The solver ECOS is not installed. 
Using SCS instead.
ECOS solver failed:  The solver ECOS is not installed. 
Using SCS instead.
ECOS solver failed:  The solver ECOS is not installed. 
Using SCS instead.
ECOS solver failed:  The solver ECOS is not installed. 
Using SCS instead.
ECOS solver failed:  The solver ECOS is not installed. 
Using SCS instead.
ECOS solver failed:  The solver ECOS is not installed. 
Using SCS instead.
M-step Design Matrix Calculation time (sec): 0.0325
ECOS solver failed in IPCW_HAL_init, falling back to SCS: The solver ECOS is not installed.
WARNING - large complementary slackness residual: 0.006317
M-step CVXPY optimize time (sec): 2.7925
ECOS solver failed:  The solver ECOS is not installed. 
Using SCS instead.
ECOS solver failed:  The solver ECOS is not installed. 
Using SCS instead.
ECOS solver failed:  The solver ECOS is not installed. 
Using SCS instead.
ECOS solver failed:  The solver ECOS is not installed. 
Using SCS instead.
ECOS solver failed:  The solver ECOS is not installed. 
Using SCS instead.
ECOS solver failed:  The solver ECOS is not installed. 
Using SCS instead.
ECOS solver failed:  The solver ECOS is not installed. 
Using SCS instead.
ECOS solver failed:  The solver ECOS is not installed. 
Using SCS instead.
ECOS solver failed:  The solver ECOS is not installed. 
Using SCS instead.
ECOS solver failed:  The solver ECOS is not installed. 
Using SCS instead.
ECOS solver failed:  The solver ECOS is not installed. 
Using SCS instead.
ECOS solver failed:  The solver ECOS is not installed. 
Using SCS instead.
ECOS solver failed:  The solver ECOS is not installed. 
Using SCS instead.
ECOS solver failed:  The solver ECOS is not installed. 
Using SCS instead.
ECOS solver failed:  The solver ECOS is not installed. 
Using SCS instead.
ECOS solver failed:  The solver ECOS is not installed. 
Using SCS instead.
ECOS solver failed:  The solver ECOS is not installed. 
Using SCS instead.
ECOS solver failed:  The solver ECOS is not installed. 
Using SCS instead.
ECOS solver failed:  The solver ECOS is not installed. 
Using SCS instead.
ECOS solver failed:  The solver ECOS is not installed. 
Using SCS instead.
ECOS solver failed:  The solver ECOS is not installed. 
Using SCS instead.
M-step Design Matrix Calculation time (sec): 0.0550
ECOS solver failed in IPCW_HAL_init, falling back to SCS: The solver ECOS is not installed.
WARNING - large complementary slackness residual: 0.005363
M-step CVXPY optimize time (sec): 3.0813
ECOS solver failed:  The solver ECOS is not installed. 
Using SCS instead.
ECOS solver failed:  The solver ECOS is not installed. 
Using SCS instead.
ECOS solver failed:  The solver ECOS is not installed. 
Using SCS instead.
ECOS solver failed:  The solver ECOS is not installed. 
Using SCS instead.
ECOS solver failed:  The solver ECOS is not installed. 
Using SCS instead.
ECOS solver failed:  The solver ECOS is not installed. 
Using SCS instead.
ECOS solver failed:  The solver ECOS is not installed. 
Using SCS instead.
ECOS solver failed:  The solver ECOS is not installed. 
Using SCS instead.
ECOS solver failed:  The solver ECOS is not installed. 
Using SCS instead.
ECOS solver failed:  The solver ECOS is not installed. 
Using SCS instead.
ECOS solver failed:  The solver ECOS is not installed. 
Using SCS instead.
ECOS solver failed:  The solver ECOS is not installed. 
Using SCS instead.
ECOS solver failed:  The solver ECOS is not installed. 
Using SCS instead.
ECOS solver failed:  The solver ECOS is not installed. 
Using SCS instead.
ECOS solver failed:  The solver ECOS is not installed. 
Using SCS instead.
ECOS solver failed:  The solver ECOS is not installed. 
Using SCS instead.
ECOS solver failed:  The solver ECOS is not installed. 
Using SCS instead.
ECOS solver failed:  The solver ECOS is not installed. 
Using SCS instead.
ECOS solver failed:  The solver ECOS is not installed. 
Using SCS instead.
ECOS solver failed:  The solver ECOS is not installed. 
Using SCS instead.
ECOS solver failed:  The solver ECOS is not installed. 
Using SCS instead.
M-step Design Matrix Calculation time (sec): 0.0206
ECOS solver failed in IPCW_HAL_init, falling back to SCS: The solver ECOS is not installed.
M-step CVXPY optimize time (sec): 0.9120
ECOS solver failed:  The solver ECOS is not installed. 
Using SCS instead.
ECOS solver failed:  The solver ECOS is not installed. 
Using SCS instead.
ECOS solver failed:  The solver ECOS is not installed. 
Using SCS instead.
ECOS solver failed:  The solver ECOS is not installed. 
Using SCS instead.
ECOS solver failed:  The solver ECOS is not installed. 
Using SCS instead.
ECOS solver failed:  The solver ECOS is not installed. 
Using SCS instead.
ECOS solver failed:  The solver ECOS is not installed. 
Using SCS instead.
ECOS solver failed:  The solver ECOS is not installed. 
Using SCS instead.
ECOS solver failed:  The solver ECOS is not installed. 
Using SCS instead.
ECOS solver failed:  The solver ECOS is not installed. 
Using SCS instead.
ECOS solver failed:  The solver ECOS is not installed. 
Using SCS instead.
ECOS solver failed:  The solver ECOS is not installed. 
Using SCS instead.
ECOS solver failed:  The solver ECOS is not installed. 
Using SCS instead.
ECOS solver failed:  The solver ECOS is not installed. 
Using SCS instead.
ECOS solver failed:  The solver ECOS is not installed. 
Using SCS instead.
ECOS solver failed:  The solver ECOS is not installed. 
Using SCS instead.
ECOS solver failed:  The solver ECOS is not installed. 
Using SCS instead.
ECOS solver failed:  The solver ECOS is not installed. 
Using SCS instead.
ECOS solver failed:  The solver ECOS is not installed. 
Using SCS instead.
ECOS solver failed:  The solver ECOS is not installed. 
Using SCS instead.
ECOS solver failed:  The solver ECOS is not installed. 
Using SCS instead.
M-step Design Matrix Calculation time (sec): 0.0564
ECOS solver failed in IPCW_HAL_init, falling back to SCS: The solver ECOS is not installed.
WARNING - large complementary slackness residual: 0.020866
M-step CVXPY optimize time (sec): 1.9820
ECOS solver failed:  The solver ECOS is not installed. 
Using SCS instead.
ECOS solver failed:  The solver ECOS is not installed. 
Using SCS instead.
ECOS solver failed:  The solver ECOS is not installed. 
Using SCS instead.
ECOS solver failed:  The solver ECOS is not installed. 
Using SCS instead.
ECOS solver failed:  The solver ECOS is not installed. 
Using SCS instead.
ECOS solver failed:  The solver ECOS is not installed. 
Using SCS instead.
ECOS solver failed:  The solver ECOS is not installed. 
Using SCS instead.
ECOS solver failed:  The solver ECOS is not installed. 
Using SCS instead.
ECOS solver failed:  The solver ECOS is not installed. 
Using SCS instead.
ECOS solver failed:  The solver ECOS is not installed. 
Using SCS instead.
ECOS solver failed:  The solver ECOS is not installed. 
Using SCS instead.
ECOS solver failed:  The solver ECOS is not installed. 
Using SCS instead.
ECOS solver failed:  The solver ECOS is not installed. 
Using SCS instead.
ECOS solver failed:  The solver ECOS is not installed. 
Using SCS instead.
ECOS solver failed:  The solver ECOS is not installed. 
Using SCS instead.
ECOS solver failed:  The solver ECOS is not installed. 
Using SCS instead.
ECOS solver failed:  The solver ECOS is not installed. 
Using SCS instead.
ECOS solver failed:  The solver ECOS is not installed. 
Using SCS instead.
ECOS solver failed:  The solver ECOS is not installed. 
Using SCS instead.
ECOS solver failed:  The solver ECOS is not installed. 
Using SCS instead.
ECOS solver failed:  The solver ECOS is not installed. 
Using SCS instead.
M-step Design Matrix Calculation time (sec): 0.0357
ECOS solver failed in IPCW_HAL_init, falling back to SCS: The solver ECOS is not installed.
WARNING - large complementary slackness residual: 0.016353
M-step CVXPY optimize time (sec): 3.9638
ECOS solver failed:  The solver ECOS is not installed. 
Using SCS instead.
ECOS solver failed:  The solver ECOS is not installed. 
Using SCS instead.
ECOS solver failed:  The solver ECOS is not installed. 
Using SCS instead.
ECOS solver failed:  The solver ECOS is not installed. 
Using SCS instead.
ECOS solver failed:  The solver ECOS is not installed. 
Using SCS instead.
ECOS solver failed:  The solver ECOS is not installed. 
Using SCS instead.
ECOS solver failed:  The solver ECOS is not installed. 
Using SCS instead.
ECOS solver failed:  The solver ECOS is not installed. 
Using SCS instead.
ECOS solver failed:  The solver ECOS is not installed. 
Using SCS instead.
ECOS solver failed:  The solver ECOS is not installed. 
Using SCS instead.
ECOS solver failed:  The solver ECOS is not installed. 
Using SCS instead.
ECOS solver failed:  The solver ECOS is not installed. 
Using SCS instead.
ECOS solver failed:  The solver ECOS is not installed. 
Using SCS instead.
ECOS solver failed:  The solver ECOS is not installed. 
Using SCS instead.
ECOS solver failed:  The solver ECOS is not installed. 
Using SCS instead.
ECOS solver failed:  The solver ECOS is not installed. 
Using SCS instead.
ECOS solver failed:  The solver ECOS is not installed. 
Using SCS instead.
ECOS solver failed:  The solver ECOS is not installed. 
Using SCS instead.
ECOS solver failed:  The solver ECOS is not installed. 
Using SCS instead.
ECOS solver failed:  The solver ECOS is not installed. 
Using SCS instead.
ECOS solver failed:  The solver ECOS is not installed. 
Using SCS instead.
M-step Design Matrix Calculation time (sec): 0.0190
ECOS solver failed in IPCW_HAL_init, falling back to SCS: The solver ECOS is not installed.
WARNING - large complementary slackness residual: 0.033032
M-step CVXPY optimize time (sec): 1.6062
ECOS solver failed:  The solver ECOS is not installed. 
Using SCS instead.
ECOS solver failed:  The solver ECOS is not installed. 
Using SCS instead.
ECOS solver failed:  The solver ECOS is not installed. 
Using SCS instead.
ECOS solver failed:  The solver ECOS is not installed. 
Using SCS instead.
ECOS solver failed:  The solver ECOS is not installed. 
Using SCS instead.
ECOS solver failed:  The solver ECOS is not installed. 
Using SCS instead.
ECOS solver failed:  The solver ECOS is not installed. 
Using SCS instead.
ECOS solver failed:  The solver ECOS is not installed. 
Using SCS instead.
ECOS solver failed:  The solver ECOS is not installed. 
Using SCS instead.
ECOS solver failed:  The solver ECOS is not installed. 
Using SCS instead.
ECOS solver failed:  The solver ECOS is not installed. 
Using SCS instead.
ECOS solver failed:  The solver ECOS is not installed. 
Using SCS instead.
ECOS solver failed:  The solver ECOS is not installed. 
Using SCS instead.
ECOS solver failed:  The solver ECOS is not installed. 
Using SCS instead.
ECOS solver failed:  The solver ECOS is not installed. 
Using SCS instead.
ECOS solver failed:  The solver ECOS is not installed. 
Using SCS instead.
ECOS solver failed:  The solver ECOS is not installed. 
Using SCS instead.
ECOS solver failed:  The solver ECOS is not installed. 
Using SCS instead.
ECOS solver failed:  The solver ECOS is not installed. 
Using SCS instead.
ECOS solver failed:  The solver ECOS is not installed. 
Using SCS instead.
ECOS solver failed:  The solver ECOS is not installed. 
Using SCS instead.
M-step Design Matrix Calculation time (sec): 0.0477
ECOS solver failed in IPCW_HAL_init, falling back to SCS: The solver ECOS is not installed.
WARNING - large complementary slackness residual: 0.005704
M-step CVXPY optimize time (sec): 0.7855
ECOS solver failed:  The solver ECOS is not installed. 
Using SCS instead.
ECOS solver failed:  The solver ECOS is not installed. 
Using SCS instead.
ECOS solver failed:  The solver ECOS is not installed. 
Using SCS instead.
ECOS solver failed:  The solver ECOS is not installed. 
Using SCS instead.
ECOS solver failed:  The solver ECOS is not installed. 
Using SCS instead.
ECOS solver failed:  The solver ECOS is not installed. 
Using SCS instead.
ECOS solver failed:  The solver ECOS is not installed. 
Using SCS instead.
ECOS solver failed:  The solver ECOS is not installed. 
Using SCS instead.
ECOS solver failed:  The solver ECOS is not installed. 
Using SCS instead.
ECOS solver failed:  The solver ECOS is not installed. 
Using SCS instead.
ECOS solver failed:  The solver ECOS is not installed. 
Using SCS instead.
ECOS solver failed:  The solver ECOS is not installed. 
Using SCS instead.
ECOS solver failed:  The solver ECOS is not installed. 
Using SCS instead.
ECOS solver failed:  The solver ECOS is not installed. 
Using SCS instead.
ECOS solver failed:  The solver ECOS is not installed. 
Using SCS instead.
ECOS solver failed:  The solver ECOS is not installed. 
Using SCS instead.
ECOS solver failed:  The solver ECOS is not installed. 
Using SCS instead.
ECOS solver failed:  The solver ECOS is not installed. 
Using SCS instead.
ECOS solver failed:  The solver ECOS is not installed. 
Using SCS instead.
ECOS solver failed:  The solver ECOS is not installed. 
Using SCS instead.
ECOS solver failed:  The solver ECOS is not installed. 
Using SCS instead.
M-step Design Matrix Calculation time (sec): 0.0199
ECOS solver failed in IPCW_HAL_init, falling back to SCS: The solver ECOS is not installed.
WARNING - large complementary slackness residual: 0.017668
M-step CVXPY optimize time (sec): 0.7578
ECOS solver failed:  The solver ECOS is not installed. 
Using SCS instead.
ECOS solver failed:  The solver ECOS is not installed. 
Using SCS instead.
ECOS solver failed:  The solver ECOS is not installed. 
Using SCS instead.
ECOS solver failed:  The solver ECOS is not installed. 
Using SCS instead.
ECOS solver failed:  The solver ECOS is not installed. 
Using SCS instead.
ECOS solver failed:  The solver ECOS is not installed. 
Using SCS instead.
ECOS solver failed:  The solver ECOS is not installed. 
Using SCS instead.
ECOS solver failed:  The solver ECOS is not installed. 
Using SCS instead.
ECOS solver failed:  The solver ECOS is not installed. 
Using SCS instead.
ECOS solver failed:  The solver ECOS is not installed. 
Using SCS instead.
ECOS solver failed:  The solver ECOS is not installed. 
Using SCS instead.
ECOS solver failed:  The solver ECOS is not installed. 
Using SCS instead.
ECOS solver failed:  The solver ECOS is not installed. 
Using SCS instead.
ECOS solver failed:  The solver ECOS is not installed. 
Using SCS instead.
ECOS solver failed:  The solver ECOS is not installed. 
Using SCS instead.
ECOS solver failed:  The solver ECOS is not installed. 
Using SCS instead.
ECOS solver failed:  The solver ECOS is not installed. 
Using SCS instead.
ECOS solver failed:  The solver ECOS is not installed. 
Using SCS instead.
ECOS solver failed:  The solver ECOS is not installed. 
Using SCS instead.
ECOS solver failed:  The solver ECOS is not installed. 
Using SCS instead.
ECOS solver failed:  The solver ECOS is not installed. 
Using SCS instead.
M-step Design Matrix Calculation time (sec): 0.0113
ECOS solver failed in IPCW_HAL_init, falling back to SCS: The solver ECOS is not installed.
WARNING - large complementary slackness residual: 0.039701
M-step CVXPY optimize time (sec): 0.5715
ECOS solver failed:  The solver ECOS is not installed. 
Using SCS instead.
ECOS solver failed:  The solver ECOS is not installed. 
Using SCS instead.
ECOS solver failed:  The solver ECOS is not installed. 
Using SCS instead.
ECOS solver failed:  The solver ECOS is not installed. 
Using SCS instead.
ECOS solver failed:  The solver ECOS is not installed. 
Using SCS instead.
ECOS solver failed:  The solver ECOS is not installed. 
Using SCS instead.
ECOS solver failed:  The solver ECOS is not installed. 
Using SCS instead.
ECOS solver failed:  The solver ECOS is not installed. 
Using SCS instead.
ECOS solver failed:  The solver ECOS is not installed. 
Using SCS instead.
ECOS solver failed:  The solver ECOS is not installed. 
Using SCS instead.
ECOS solver failed:  The solver ECOS is not installed. 
Using SCS instead.
ECOS solver failed:  The solver ECOS is not installed. 
Using SCS instead.
ECOS solver failed:  The solver ECOS is not installed. 
Using SCS instead.
ECOS solver failed:  The solver ECOS is not installed. 
Using SCS instead.
ECOS solver failed:  The solver ECOS is not installed. 
Using SCS instead.
ECOS solver failed:  The solver ECOS is not installed. 
Using SCS instead.
ECOS solver failed:  The solver ECOS is not installed. 
Using SCS instead.
ECOS solver failed:  The solver ECOS is not installed. 
Using SCS instead.
ECOS solver failed:  The solver ECOS is not installed. 
Using SCS instead.
ECOS solver failed:  The solver ECOS is not installed. 
Using SCS instead.
ECOS solver failed:  The solver ECOS is not installed. 
Using SCS instead.
M-step Design Matrix Calculation time (sec): 0.0117
ECOS solver failed in IPCW_HAL_init, falling back to SCS: The solver ECOS is not installed.
WARNING - large complementary slackness residual: 0.006663
M-step CVXPY optimize time (sec): 0.5176
ECOS solver failed:  The solver ECOS is not installed. 
Using SCS instead.
ECOS solver failed:  The solver ECOS is not installed. 
Using SCS instead.
ECOS solver failed:  The solver ECOS is not installed. 
Using SCS instead.
ECOS solver failed:  The solver ECOS is not installed. 
Using SCS instead.
ECOS solver failed:  The solver ECOS is not installed. 
Using SCS instead.
ECOS solver failed:  The solver ECOS is not installed. 
Using SCS instead.
ECOS solver failed:  The solver ECOS is not installed. 
Using SCS instead.
ECOS solver failed:  The solver ECOS is not installed. 
Using SCS instead.
ECOS solver failed:  The solver ECOS is not installed. 
Using SCS instead.
ECOS solver failed:  The solver ECOS is not installed. 
Using SCS instead.
ECOS solver failed:  The solver ECOS is not installed. 
Using SCS instead.
ECOS solver failed:  The solver ECOS is not installed. 
Using SCS instead.
ECOS solver failed:  The solver ECOS is not installed. 
Using SCS instead.
ECOS solver failed:  The solver ECOS is not installed. 
Using SCS instead.
ECOS solver failed:  The solver ECOS is not installed. 
Using SCS instead.
ECOS solver failed:  The solver ECOS is not installed. 
Using SCS instead.
ECOS solver failed:  The solver ECOS is not installed. 
Using SCS instead.
ECOS solver failed:  The solver ECOS is not installed. 
Using SCS instead.
ECOS solver failed:  The solver ECOS is not installed. 
Using SCS instead.
ECOS solver failed:  The solver ECOS is not installed. 
Using SCS instead.
ECOS solver failed:  The solver ECOS is not installed. 
Using SCS instead.
M-step Design Matrix Calculation time (sec): 0.0201
ECOS solver failed in IPCW_HAL_init, falling back to SCS: The solver ECOS is not installed.
WARNING - large complementary slackness residual: 0.014247
M-step CVXPY optimize time (sec): 2.2173
ECOS solver failed:  The solver ECOS is not installed. 
Using SCS instead.
ECOS solver failed:  The solver ECOS is not installed. 
Using SCS instead.
ECOS solver failed:  The solver ECOS is not installed. 
Using SCS instead.
ECOS solver failed:  The solver ECOS is not installed. 
Using SCS instead.
ECOS solver failed:  The solver ECOS is not installed. 
Using SCS instead.
ECOS solver failed:  The solver ECOS is not installed. 
Using SCS instead.
ECOS solver failed:  The solver ECOS is not installed. 
Using SCS instead.
ECOS solver failed:  The solver ECOS is not installed. 
Using SCS instead.
ECOS solver failed:  The solver ECOS is not installed. 
Using SCS instead.
ECOS solver failed:  The solver ECOS is not installed. 
Using SCS instead.
ECOS solver failed:  The solver ECOS is not installed. 
Using SCS instead.
ECOS solver failed:  The solver ECOS is not installed. 
Using SCS instead.
ECOS solver failed:  The solver ECOS is not installed. 
Using SCS instead.
ECOS solver failed:  The solver ECOS is not installed. 
Using SCS instead.
ECOS solver failed:  The solver ECOS is not installed. 
Using SCS instead.
ECOS solver failed:  The solver ECOS is not installed. 
Using SCS instead.
ECOS solver failed:  The solver ECOS is not installed. 
Using SCS instead.
ECOS solver failed:  The solver ECOS is not installed. 
Using SCS instead.
ECOS solver failed:  The solver ECOS is not installed. 
Using SCS instead.
ECOS solver failed:  The solver ECOS is not installed. 
Using SCS instead.
ECOS solver failed:  The solver ECOS is not installed. 
Using SCS instead.
M-step Design Matrix Calculation time (sec): 0.0168
ECOS solver failed in IPCW_HAL_init, falling back to SCS: The solver ECOS is not installed.
WARNING - large complementary slackness residual: 0.014899
M-step CVXPY optimize time (sec): 4.0331
ECOS solver failed:  The solver ECOS is not installed. 
Using SCS instead.
ECOS solver failed:  The solver ECOS is not installed. 
Using SCS instead.
ECOS solver failed:  The solver ECOS is not installed. 
Using SCS instead.
ECOS solver failed:  The solver ECOS is not installed. 
Using SCS instead.
ECOS solver failed:  The solver ECOS is not installed. 
Using SCS instead.
ECOS solver failed:  The solver ECOS is not installed. 
Using SCS instead.
ECOS solver failed:  The solver ECOS is not installed. 
Using SCS instead.
ECOS solver failed:  The solver ECOS is not installed. 
Using SCS instead.
ECOS solver failed:  The solver ECOS is not installed. 
Using SCS instead.
ECOS solver failed:  The solver ECOS is not installed. 
Using SCS instead.
ECOS solver failed:  The solver ECOS is not installed. 
Using SCS instead.
ECOS solver failed:  The solver ECOS is not installed. 
Using SCS instead.
ECOS solver failed:  The solver ECOS is not installed. 
Using SCS instead.
ECOS solver failed:  The solver ECOS is not installed. 
Using SCS instead.
ECOS solver failed:  The solver ECOS is not installed. 
Using SCS instead.
ECOS solver failed:  The solver ECOS is not installed. 
Using SCS instead.
ECOS solver failed:  The solver ECOS is not installed. 
Using SCS instead.
ECOS solver failed:  The solver ECOS is not installed. 
Using SCS instead.
ECOS solver failed:  The solver ECOS is not installed. 
Using SCS instead.
ECOS solver failed:  The solver ECOS is not installed. 
Using SCS instead.
ECOS solver failed:  The solver ECOS is not installed. 
Using SCS instead.
M-step Design Matrix Calculation time (sec): 0.0390
ECOS solver failed in IPCW_HAL_init, falling back to SCS: The solver ECOS is not installed.
M-step CVXPY optimize time (sec): 0.3930
ECOS solver failed:  The solver ECOS is not installed. 
Using SCS instead.
ECOS solver failed:  The solver ECOS is not installed. 
Using SCS instead.
ECOS solver failed:  The solver ECOS is not installed. 
Using SCS instead.
ECOS solver failed:  The solver ECOS is not installed. 
Using SCS instead.
ECOS solver failed:  The solver ECOS is not installed. 
Using SCS instead.
ECOS solver failed:  The solver ECOS is not installed. 
Using SCS instead.
ECOS solver failed:  The solver ECOS is not installed. 
Using SCS instead.
ECOS solver failed:  The solver ECOS is not installed. 
Using SCS instead.
ECOS solver failed:  The solver ECOS is not installed. 
Using SCS instead.
ECOS solver failed:  The solver ECOS is not installed. 
Using SCS instead.
ECOS solver failed:  The solver ECOS is not installed. 
Using SCS instead.
ECOS solver failed:  The solver ECOS is not installed. 
Using SCS instead.
ECOS solver failed:  The solver ECOS is not installed. 
Using SCS instead.
ECOS solver failed:  The solver ECOS is not installed. 
Using SCS instead.
ECOS solver failed:  The solver ECOS is not installed. 
Using SCS instead.
ECOS solver failed:  The solver ECOS is not installed. 
Using SCS instead.
ECOS solver failed:  The solver ECOS is not installed. 
Using SCS instead.
ECOS solver failed:  The solver ECOS is not installed. 
Using SCS instead.
ECOS solver failed:  The solver ECOS is not installed. 
Using SCS instead.
ECOS solver failed:  The solver ECOS is not installed. 
Using SCS instead.
ECOS solver failed:  The solver ECOS is not installed. 
Using SCS instead.
M-step Design Matrix Calculation time (sec): 0.0170
ECOS solver failed in IPCW_HAL_init, falling back to SCS: The solver ECOS is not installed.
WARNING - large complementary slackness residual: 0.008805
M-step CVXPY optimize time (sec): 0.6877
ECOS solver failed:  The solver ECOS is not installed. 
Using SCS instead.
ECOS solver failed:  The solver ECOS is not installed. 
Using SCS instead.
ECOS solver failed:  The solver ECOS is not installed. 
Using SCS instead.
ECOS solver failed:  The solver ECOS is not installed. 
Using SCS instead.
ECOS solver failed:  The solver ECOS is not installed. 
Using SCS instead.
ECOS solver failed:  The solver ECOS is not installed. 
Using SCS instead.
ECOS solver failed:  The solver ECOS is not installed. 
Using SCS instead.
ECOS solver failed:  The solver ECOS is not installed. 
Using SCS instead.
ECOS solver failed:  The solver ECOS is not installed. 
Using SCS instead.
ECOS solver failed:  The solver ECOS is not installed. 
Using SCS instead.
ECOS solver failed:  The solver ECOS is not installed. 
Using SCS instead.
ECOS solver failed:  The solver ECOS is not installed. 
Using SCS instead.
ECOS solver failed:  The solver ECOS is not installed. 
Using SCS instead.
ECOS solver failed:  The solver ECOS is not installed. 
Using SCS instead.
ECOS solver failed:  The solver ECOS is not installed. 
Using SCS instead.
ECOS solver failed:  The solver ECOS is not installed. 
Using SCS instead.
ECOS solver failed:  The solver ECOS is not installed. 
Using SCS instead.
ECOS solver failed:  The solver ECOS is not installed. 
Using SCS instead.
ECOS solver failed:  The solver ECOS is not installed. 
Using SCS instead.
ECOS solver failed:  The solver ECOS is not installed. 
Using SCS instead.
ECOS solver failed:  The solver ECOS is not installed. 
Using SCS instead.
M-step Design Matrix Calculation time (sec): 0.0403
ECOS solver failed in IPCW_HAL_init, falling back to SCS: The solver ECOS is not installed.
WARNING - large complementary slackness residual: 0.008081
M-step CVXPY optimize time (sec): 2.5903
ECOS solver failed:  The solver ECOS is not installed. 
Using SCS instead.
ECOS solver failed:  The solver ECOS is not installed. 
Using SCS instead.
ECOS solver failed:  The solver ECOS is not installed. 
Using SCS instead.
ECOS solver failed:  The solver ECOS is not installed. 
Using SCS instead.
ECOS solver failed:  The solver ECOS is not installed. 
Using SCS instead.
ECOS solver failed:  The solver ECOS is not installed. 
Using SCS instead.
ECOS solver failed:  The solver ECOS is not installed. 
Using SCS instead.
ECOS solver failed:  The solver ECOS is not installed. 
Using SCS instead.
ECOS solver failed:  The solver ECOS is not installed. 
Using SCS instead.
ECOS solver failed:  The solver ECOS is not installed. 
Using SCS instead.
ECOS solver failed:  The solver ECOS is not installed. 
Using SCS instead.
ECOS solver failed:  The solver ECOS is not installed. 
Using SCS instead.
ECOS solver failed:  The solver ECOS is not installed. 
Using SCS instead.
ECOS solver failed:  The solver ECOS is not installed. 
Using SCS instead.
ECOS solver failed:  The solver ECOS is not installed. 
Using SCS instead.
ECOS solver failed:  The solver ECOS is not installed. 
Using SCS instead.
ECOS solver failed:  The solver ECOS is not installed. 
Using SCS instead.
ECOS solver failed:  The solver ECOS is not installed. 
Using SCS instead.
ECOS solver failed:  The solver ECOS is not installed. 
Using SCS instead.
ECOS solver failed:  The solver ECOS is not installed. 
Using SCS instead.
ECOS solver failed:  The solver ECOS is not installed. 
Using SCS instead.
M-step Design Matrix Calculation time (sec): 0.0581
ECOS solver failed in IPCW_HAL_init, falling back to SCS: The solver ECOS is not installed.
WARNING - large complementary slackness residual: 0.012675
M-step CVXPY optimize time (sec): 2.2337
ECOS solver failed:  The solver ECOS is not installed. 
Using SCS instead.
ECOS solver failed:  The solver ECOS is not installed. 
Using SCS instead.
ECOS solver failed:  The solver ECOS is not installed. 
Using SCS instead.
ECOS solver failed:  The solver ECOS is not installed. 
Using SCS instead.
ECOS solver failed:  The solver ECOS is not installed. 
Using SCS instead.
ECOS solver failed:  The solver ECOS is not installed. 
Using SCS instead.
ECOS solver failed:  The solver ECOS is not installed. 
Using SCS instead.
ECOS solver failed:  The solver ECOS is not installed. 
Using SCS instead.
ECOS solver failed:  The solver ECOS is not installed. 
Using SCS instead.
ECOS solver failed:  The solver ECOS is not installed. 
Using SCS instead.
ECOS solver failed:  The solver ECOS is not installed. 
Using SCS instead.
ECOS solver failed:  The solver ECOS is not installed. 
Using SCS instead.
ECOS solver failed:  The solver ECOS is not installed. 
Using SCS instead.
ECOS solver failed:  The solver ECOS is not installed. 
Using SCS instead.
ECOS solver failed:  The solver ECOS is not installed. 
Using SCS instead.
ECOS solver failed:  The solver ECOS is not installed. 
Using SCS instead.
ECOS solver failed:  The solver ECOS is not installed. 
Using SCS instead.
ECOS solver failed:  The solver ECOS is not installed. 
Using SCS instead.
ECOS solver failed:  The solver ECOS is not installed. 
Using SCS instead.
ECOS solver failed:  The solver ECOS is not installed. 
Using SCS instead.
ECOS solver failed:  The solver ECOS is not installed. 
Using SCS instead.
M-step Design Matrix Calculation time (sec): 0.0563
ECOS solver failed in IPCW_HAL_init, falling back to SCS: The solver ECOS is not installed.
WARNING - large complementary slackness residual: 0.008188
M-step CVXPY optimize time (sec): 1.7277
ECOS solver failed:  The solver ECOS is not installed. 
Using SCS instead.
ECOS solver failed:  The solver ECOS is not installed. 
Using SCS instead.
ECOS solver failed:  The solver ECOS is not installed. 
Using SCS instead.
ECOS solver failed:  The solver ECOS is not installed. 
Using SCS instead.
ECOS solver failed:  The solver ECOS is not installed. 
Using SCS instead.
ECOS solver failed:  The solver ECOS is not installed. 
Using SCS instead.
ECOS solver failed:  The solver ECOS is not installed. 
Using SCS instead.
ECOS solver failed:  The solver ECOS is not installed. 
Using SCS instead.
ECOS solver failed:  The solver ECOS is not installed. 
Using SCS instead.
ECOS solver failed:  The solver ECOS is not installed. 
Using SCS instead.
ECOS solver failed:  The solver ECOS is not installed. 
Using SCS instead.
ECOS solver failed:  The solver ECOS is not installed. 
Using SCS instead.
ECOS solver failed:  The solver ECOS is not installed. 
Using SCS instead.
ECOS solver failed:  The solver ECOS is not installed. 
Using SCS instead.
ECOS solver failed:  The solver ECOS is not installed. 
Using SCS instead.
ECOS solver failed:  The solver ECOS is not installed. 
Using SCS instead.
ECOS solver failed:  The solver ECOS is not installed. 
Using SCS instead.
ECOS solver failed:  The solver ECOS is not installed. 
Using SCS instead.
ECOS solver failed:  The solver ECOS is not installed. 
Using SCS instead.
ECOS solver failed:  The solver ECOS is not installed. 
Using SCS instead.
ECOS solver failed:  The solver ECOS is not installed. 
Using SCS instead.
M-step Design Matrix Calculation time (sec): 0.0211
ECOS solver failed in IPCW_HAL_init, falling back to SCS: The solver ECOS is not installed.
M-step CVXPY optimize time (sec): 1.2016
ECOS solver failed:  The solver ECOS is not installed. 
Using SCS instead.
ECOS solver failed:  The solver ECOS is not installed. 
Using SCS instead.
ECOS solver failed:  The solver ECOS is not installed. 
Using SCS instead.
ECOS solver failed:  The solver ECOS is not installed. 
Using SCS instead.
ECOS solver failed:  The solver ECOS is not installed. 
Using SCS instead.
ECOS solver failed:  The solver ECOS is not installed. 
Using SCS instead.
ECOS solver failed:  The solver ECOS is not installed. 
Using SCS instead.
ECOS solver failed:  The solver ECOS is not installed. 
Using SCS instead.
ECOS solver failed:  The solver ECOS is not installed. 
Using SCS instead.
ECOS solver failed:  The solver ECOS is not installed. 
Using SCS instead.
ECOS solver failed:  The solver ECOS is not installed. 
Using SCS instead.
ECOS solver failed:  The solver ECOS is not installed. 
Using SCS instead.
ECOS solver failed:  The solver ECOS is not installed. 
Using SCS instead.
ECOS solver failed:  The solver ECOS is not installed. 
Using SCS instead.
ECOS solver failed:  The solver ECOS is not installed. 
Using SCS instead.
ECOS solver failed:  The solver ECOS is not installed. 
Using SCS instead.
ECOS solver failed:  The solver ECOS is not installed. 
Using SCS instead.
ECOS solver failed:  The solver ECOS is not installed. 
Using SCS instead.
ECOS solver failed:  The solver ECOS is not installed. 
Using SCS instead.
ECOS solver failed:  The solver ECOS is not installed. 
Using SCS instead.
ECOS solver failed:  The solver ECOS is not installed. 
Using SCS instead.
M-step Design Matrix Calculation time (sec): 0.0729
ECOS solver failed in IPCW_HAL_init, falling back to SCS: The solver ECOS is not installed.
M-step CVXPY optimize time (sec): 1.7654
ECOS solver failed:  The solver ECOS is not installed. 
Using SCS instead.
ECOS solver failed:  The solver ECOS is not installed. 
Using SCS instead.
ECOS solver failed:  The solver ECOS is not installed. 
Using SCS instead.
ECOS solver failed:  The solver ECOS is not installed. 
Using SCS instead.
ECOS solver failed:  The solver ECOS is not installed. 
Using SCS instead.
ECOS solver failed:  The solver ECOS is not installed. 
Using SCS instead.
ECOS solver failed:  The solver ECOS is not installed. 
Using SCS instead.
ECOS solver failed:  The solver ECOS is not installed. 
Using SCS instead.
ECOS solver failed:  The solver ECOS is not installed. 
Using SCS instead.
ECOS solver failed:  The solver ECOS is not installed. 
Using SCS instead.
ECOS solver failed:  The solver ECOS is not installed. 
Using SCS instead.
ECOS solver failed:  The solver ECOS is not installed. 
Using SCS instead.
ECOS solver failed:  The solver ECOS is not installed. 
Using SCS instead.
ECOS solver failed:  The solver ECOS is not installed. 
Using SCS instead.
ECOS solver failed:  The solver ECOS is not installed. 
Using SCS instead.
ECOS solver failed:  The solver ECOS is not installed. 
Using SCS instead.
ECOS solver failed:  The solver ECOS is not installed. 
Using SCS instead.
ECOS solver failed:  The solver ECOS is not installed. 
Using SCS instead.
ECOS solver failed:  The solver ECOS is not installed. 
Using SCS instead.
ECOS solver failed:  The solver ECOS is not installed. 
Using SCS instead.
ECOS solver failed:  The solver ECOS is not installed. 
Using SCS instead.
M-step Design Matrix Calculation time (sec): 0.0184
ECOS solver failed in IPCW_HAL_init, falling back to SCS: The solver ECOS is not installed.
WARNING - large complementary slackness residual: 0.017694
M-step CVXPY optimize time (sec): 2.1684
ECOS solver failed:  The solver ECOS is not installed. 
Using SCS instead.
ECOS solver failed:  The solver ECOS is not installed. 
Using SCS instead.
ECOS solver failed:  The solver ECOS is not installed. 
Using SCS instead.
ECOS solver failed:  The solver ECOS is not installed. 
Using SCS instead.
ECOS solver failed:  The solver ECOS is not installed. 
Using SCS instead.
ECOS solver failed:  The solver ECOS is not installed. 
Using SCS instead.
ECOS solver failed:  The solver ECOS is not installed. 
Using SCS instead.
ECOS solver failed:  The solver ECOS is not installed. 
Using SCS instead.
ECOS solver failed:  The solver ECOS is not installed. 
Using SCS instead.
ECOS solver failed:  The solver ECOS is not installed. 
Using SCS instead.
ECOS solver failed:  The solver ECOS is not installed. 
Using SCS instead.
ECOS solver failed:  The solver ECOS is not installed. 
Using SCS instead.
ECOS solver failed:  The solver ECOS is not installed. 
Using SCS instead.
ECOS solver failed:  The solver ECOS is not installed. 
Using SCS instead.
ECOS solver failed:  The solver ECOS is not installed. 
Using SCS instead.
ECOS solver failed:  The solver ECOS is not installed. 
Using SCS instead.
ECOS solver failed:  The solver ECOS is not installed. 
Using SCS instead.
ECOS solver failed:  The solver ECOS is not installed. 
Using SCS instead.
ECOS solver failed:  The solver ECOS is not installed. 
Using SCS instead.
ECOS solver failed:  The solver ECOS is not installed. 
Using SCS instead.
ECOS solver failed:  The solver ECOS is not installed. 
Using SCS instead.
M-step Design Matrix Calculation time (sec): 0.0204
ECOS solver failed in IPCW_HAL_init, falling back to SCS: The solver ECOS is not installed.
M-step CVXPY optimize time (sec): 1.2846
ECOS solver failed:  The solver ECOS is not installed. 
Using SCS instead.
ECOS solver failed:  The solver ECOS is not installed. 
Using SCS instead.
ECOS solver failed:  The solver ECOS is not installed. 
Using SCS instead.
ECOS solver failed:  The solver ECOS is not installed. 
Using SCS instead.
ECOS solver failed:  The solver ECOS is not installed. 
Using SCS instead.
ECOS solver failed:  The solver ECOS is not installed. 
Using SCS instead.
ECOS solver failed:  The solver ECOS is not installed. 
Using SCS instead.
ECOS solver failed:  The solver ECOS is not installed. 
Using SCS instead.
ECOS solver failed:  The solver ECOS is not installed. 
Using SCS instead.
ECOS solver failed:  The solver ECOS is not installed. 
Using SCS instead.
ECOS solver failed:  The solver ECOS is not installed. 
Using SCS instead.
ECOS solver failed:  The solver ECOS is not installed. 
Using SCS instead.
ECOS solver failed:  The solver ECOS is not installed. 
Using SCS instead.
ECOS solver failed:  The solver ECOS is not installed. 
Using SCS instead.
ECOS solver failed:  The solver ECOS is not installed. 
Using SCS instead.
ECOS solver failed:  The solver ECOS is not installed. 
Using SCS instead.
ECOS solver failed:  The solver ECOS is not installed. 
Using SCS instead.
ECOS solver failed:  The solver ECOS is not installed. 
Using SCS instead.
ECOS solver failed:  The solver ECOS is not installed. 
Using SCS instead.
ECOS solver failed:  The solver ECOS is not installed. 
Using SCS instead.
ECOS solver failed:  The solver ECOS is not installed. 
Using SCS instead.
M-step Design Matrix Calculation time (sec): 0.1747
ECOS solver failed in IPCW_HAL_init, falling back to SCS: The solver ECOS is not installed.
M-step CVXPY optimize time (sec): 1.1596
ECOS solver failed:  The solver ECOS is not installed. 
Using SCS instead.
ECOS solver failed:  The solver ECOS is not installed. 
Using SCS instead.
ECOS solver failed:  The solver ECOS is not installed. 
Using SCS instead.
ECOS solver failed:  The solver ECOS is not installed. 
Using SCS instead.
ECOS solver failed:  The solver ECOS is not installed. 
Using SCS instead.
ECOS solver failed:  The solver ECOS is not installed. 
Using SCS instead.
ECOS solver failed:  The solver ECOS is not installed. 
Using SCS instead.
ECOS solver failed:  The solver ECOS is not installed. 
Using SCS instead.
ECOS solver failed:  The solver ECOS is not installed. 
Using SCS instead.
ECOS solver failed:  The solver ECOS is not installed. 
Using SCS instead.
ECOS solver failed:  The solver ECOS is not installed. 
Using SCS instead.
ECOS solver failed:  The solver ECOS is not installed. 
Using SCS instead.
ECOS solver failed:  The solver ECOS is not installed. 
Using SCS instead.
ECOS solver failed:  The solver ECOS is not installed. 
Using SCS instead.
ECOS solver failed:  The solver ECOS is not installed. 
Using SCS instead.
ECOS solver failed:  The solver ECOS is not installed. 
Using SCS instead.
ECOS solver failed:  The solver ECOS is not installed. 
Using SCS instead.
ECOS solver failed:  The solver ECOS is not installed. 
Using SCS instead.
ECOS solver failed:  The solver ECOS is not installed. 
Using SCS instead.
ECOS solver failed:  The solver ECOS is not installed. 
Using SCS instead.
ECOS solver failed:  The solver ECOS is not installed. 
Using SCS instead.
M-step Design Matrix Calculation time (sec): 0.0193
ECOS solver failed in IPCW_HAL_init, falling back to SCS: The solver ECOS is not installed.
WARNING - large complementary slackness residual: 0.026581
M-step CVXPY optimize time (sec): 2.6062
ECOS solver failed:  The solver ECOS is not installed. 
Using SCS instead.
ECOS solver failed:  The solver ECOS is not installed. 
Using SCS instead.
ECOS solver failed:  The solver ECOS is not installed. 
Using SCS instead.
ECOS solver failed:  The solver ECOS is not installed. 
Using SCS instead.
ECOS solver failed:  The solver ECOS is not installed. 
Using SCS instead.
ECOS solver failed:  The solver ECOS is not installed. 
Using SCS instead.
ECOS solver failed:  The solver ECOS is not installed. 
Using SCS instead.
ECOS solver failed:  The solver ECOS is not installed. 
Using SCS instead.
ECOS solver failed:  The solver ECOS is not installed. 
Using SCS instead.
ECOS solver failed:  The solver ECOS is not installed. 
Using SCS instead.
ECOS solver failed:  The solver ECOS is not installed. 
Using SCS instead.
ECOS solver failed:  The solver ECOS is not installed. 
Using SCS instead.
ECOS solver failed:  The solver ECOS is not installed. 
Using SCS instead.
ECOS solver failed:  The solver ECOS is not installed. 
Using SCS instead.
ECOS solver failed:  The solver ECOS is not installed. 
Using SCS instead.
ECOS solver failed:  The solver ECOS is not installed. 
Using SCS instead.
ECOS solver failed:  The solver ECOS is not installed. 
Using SCS instead.
ECOS solver failed:  The solver ECOS is not installed. 
Using SCS instead.
ECOS solver failed:  The solver ECOS is not installed. 
Using SCS instead.
ECOS solver failed:  The solver ECOS is not installed. 
Using SCS instead.
ECOS solver failed:  The solver ECOS is not installed. 
Using SCS instead.
M-step Design Matrix Calculation time (sec): 0.0116
ECOS solver failed in IPCW_HAL_init, falling back to SCS: The solver ECOS is not installed.
WARNING - large complementary slackness residual: 0.011860
M-step CVXPY optimize time (sec): 0.4469
ECOS solver failed:  The solver ECOS is not installed. 
Using SCS instead.
ECOS solver failed:  The solver ECOS is not installed. 
Using SCS instead.
ECOS solver failed:  The solver ECOS is not installed. 
Using SCS instead.
ECOS solver failed:  The solver ECOS is not installed. 
Using SCS instead.
ECOS solver failed:  The solver ECOS is not installed. 
Using SCS instead.
ECOS solver failed:  The solver ECOS is not installed. 
Using SCS instead.
ECOS solver failed:  The solver ECOS is not installed. 
Using SCS instead.
ECOS solver failed:  The solver ECOS is not installed. 
Using SCS instead.
ECOS solver failed:  The solver ECOS is not installed. 
Using SCS instead.
ECOS solver failed:  The solver ECOS is not installed. 
Using SCS instead.
ECOS solver failed:  The solver ECOS is not installed. 
Using SCS instead.
ECOS solver failed:  The solver ECOS is not installed. 
Using SCS instead.
ECOS solver failed:  The solver ECOS is not installed. 
Using SCS instead.
ECOS solver failed:  The solver ECOS is not installed. 
Using SCS instead.
ECOS solver failed:  The solver ECOS is not installed. 
Using SCS instead.
ECOS solver failed:  The solver ECOS is not installed. 
Using SCS instead.
ECOS solver failed:  The solver ECOS is not installed. 
Using SCS instead.
ECOS solver failed:  The solver ECOS is not installed. 
Using SCS instead.
ECOS solver failed:  The solver ECOS is not installed. 
Using SCS instead.
ECOS solver failed:  The solver ECOS is not installed. 
Using SCS instead.
ECOS solver failed:  The solver ECOS is not installed. 
Using SCS instead.
M-step Design Matrix Calculation time (sec): 0.0196
ECOS solver failed in IPCW_HAL_init, falling back to SCS: The solver ECOS is not installed.
WARNING - large complementary slackness residual: 0.012695
M-step CVXPY optimize time (sec): 1.2460
ECOS solver failed:  The solver ECOS is not installed. 
Using SCS instead.
ECOS solver failed:  The solver ECOS is not installed. 
Using SCS instead.
ECOS solver failed:  The solver ECOS is not installed. 
Using SCS instead.
ECOS solver failed:  The solver ECOS is not installed. 
Using SCS instead.
ECOS solver failed:  The solver ECOS is not installed. 
Using SCS instead.
ECOS solver failed:  The solver ECOS is not installed. 
Using SCS instead.
ECOS solver failed:  The solver ECOS is not installed. 
Using SCS instead.
ECOS solver failed:  The solver ECOS is not installed. 
Using SCS instead.
ECOS solver failed:  The solver ECOS is not installed. 
Using SCS instead.
ECOS solver failed:  The solver ECOS is not installed. 
Using SCS instead.
ECOS solver failed:  The solver ECOS is not installed. 
Using SCS instead.
ECOS solver failed:  The solver ECOS is not installed. 
Using SCS instead.
ECOS solver failed:  The solver ECOS is not installed. 
Using SCS instead.
ECOS solver failed:  The solver ECOS is not installed. 
Using SCS instead.
ECOS solver failed:  The solver ECOS is not installed. 
Using SCS instead.
ECOS solver failed:  The solver ECOS is not installed. 
Using SCS instead.
ECOS solver failed:  The solver ECOS is not installed. 
Using SCS instead.
ECOS solver failed:  The solver ECOS is not installed. 
Using SCS instead.
ECOS solver failed:  The solver ECOS is not installed. 
Using SCS instead.
ECOS solver failed:  The solver ECOS is not installed. 
Using SCS instead.
ECOS solver failed:  The solver ECOS is not installed. 
Using SCS instead.
M-step Design Matrix Calculation time (sec): 0.0124
ECOS solver failed in IPCW_HAL_init, falling back to SCS: The solver ECOS is not installed.
M-step CVXPY optimize time (sec): 0.2281
Saved CSV files and lambda frequency plot.
