ECOS solver failed:  The solver ECOS is not installed. 
Using SCS instead.
ECOS solver failed:  The solver ECOS is not installed. 
Using SCS instead.
ECOS solver failed:  The solver ECOS is not installed. 
Using SCS instead.
ECOS solver failed:  The solver ECOS is not installed. 
Using SCS instead.
ECOS solver failed:  The solver ECOS is not installed. 
Using SCS instead.
ECOS solver failed:  The solver ECOS is not installed. 
Using SCS instead.
ECOS solver failed:  The solver ECOS is not installed. 
Using SCS instead.
ECOS solver failed:  The solver ECOS is not installed. 
Using SCS instead.
ECOS solver failed:  The solver ECOS is not installed. 
Using SCS instead.
ECOS solver failed:  The solver ECOS is not installed. 
Using SCS instead.
ECOS solver failed:  The solver ECOS is not installed. 
Using SCS instead.
ECOS solver failed:  The solver ECOS is not installed. 
Using SCS instead.
ECOS solver failed:  The solver ECOS is not installed. 
Using SCS instead.
ECOS solver failed:  The solver ECOS is not installed. 
Using SCS instead.
ECOS solver failed:  The solver ECOS is not installed. 
Using SCS instead.
ECOS solver failed:  The solver ECOS is not installed. 
Using SCS instead.
ECOS solver failed:  The solver ECOS is not installed. 
Using SCS instead.
ECOS solver failed:  The solver ECOS is not installed. 
Using SCS instead.
ECOS solver failed:  The solver ECOS is not installed. 
Using SCS instead.
ECOS solver failed:  The solver ECOS is not installed. 
Using SCS instead.
ECOS solver failed:  The solver ECOS is not installed. 
Using SCS instead.
M-step Design Matrix Calculation time (sec): 0.0184
ECOS solver failed in IPCW_HAL_init, falling back to SCS: The solver ECOS is not installed.
M-step CVXPY optimize time (sec): 1.0743
ECOS solver failed:  The solver ECOS is not installed. 
Using SCS instead.
ECOS solver failed:  The solver ECOS is not installed. 
Using SCS instead.
ECOS solver failed:  The solver ECOS is not installed. 
Using SCS instead.
ECOS solver failed:  The solver ECOS is not installed. 
Using SCS instead.
ECOS solver failed:  The solver ECOS is not installed. 
Using SCS instead.
ECOS solver failed:  The solver ECOS is not installed. 
Using SCS instead.
ECOS solver failed:  The solver ECOS is not installed. 
Using SCS instead.
ECOS solver failed:  The solver ECOS is not installed. 
Using SCS instead.
ECOS solver failed:  The solver ECOS is not installed. 
Using SCS instead.
ECOS solver failed:  The solver ECOS is not installed. 
Using SCS instead.
ECOS solver failed:  The solver ECOS is not installed. 
Using SCS instead.
ECOS solver failed:  The solver ECOS is not installed. 
Using SCS instead.
ECOS solver failed:  The solver ECOS is not installed. 
Using SCS instead.
ECOS solver failed:  The solver ECOS is not installed. 
Using SCS instead.
ECOS solver failed:  The solver ECOS is not installed. 
Using SCS instead.
ECOS solver failed:  The solver ECOS is not installed. 
Using SCS instead.
ECOS solver failed:  The solver ECOS is not installed. 
Using SCS instead.
ECOS solver failed:  The solver ECOS is not installed. 
Using SCS instead.
ECOS solver failed:  The solver ECOS is not installed. 
Using SCS instead.
ECOS solver failed:  The solver ECOS is not installed. 
Using SCS instead.
ECOS solver failed:  The solver ECOS is not installed. 
Using SCS instead.
M-step Design Matrix Calculation time (sec): 0.0152
ECOS solver failed in IPCW_HAL_init, falling back to SCS: The solver ECOS is not installed.
WARNING - large complementary slackness residual: 0.030722
M-step CVXPY optimize time (sec): 0.8737
ECOS solver failed:  The solver ECOS is not installed. 
Using SCS instead.
ECOS solver failed:  The solver ECOS is not installed. 
Using SCS instead.
ECOS solver failed:  The solver ECOS is not installed. 
Using SCS instead.
ECOS solver failed:  The solver ECOS is not installed. 
Using SCS instead.
ECOS solver failed:  The solver ECOS is not installed. 
Using SCS instead.
ECOS solver failed:  The solver ECOS is not installed. 
Using SCS instead.
ECOS solver failed:  The solver ECOS is not installed. 
Using SCS instead.
ECOS solver failed:  The solver ECOS is not installed. 
Using SCS instead.
ECOS solver failed:  The solver ECOS is not installed. 
Using SCS instead.
ECOS solver failed:  The solver ECOS is not installed. 
Using SCS instead.
ECOS solver failed:  The solver ECOS is not installed. 
Using SCS instead.
ECOS solver failed:  The solver ECOS is not installed. 
Using SCS instead.
ECOS solver failed:  The solver ECOS is not installed. 
Using SCS instead.
ECOS solver failed:  The solver ECOS is not installed. 
Using SCS instead.
ECOS solver failed:  The solver ECOS is not installed. 
Using SCS instead.
ECOS solver failed:  The solver ECOS is not installed. 
Using SCS instead.
ECOS solver failed:  The solver ECOS is not installed. 
Using SCS instead.
ECOS solver failed:  The solver ECOS is not installed. 
Using SCS instead.
ECOS solver failed:  The solver ECOS is not installed. 
Using SCS instead.
ECOS solver failed:  The solver ECOS is not installed. 
Using SCS instead.
ECOS solver failed:  The solver ECOS is not installed. 
Using SCS instead.
M-step Design Matrix Calculation time (sec): 0.0326
ECOS solver failed in IPCW_HAL_init, falling back to SCS: The solver ECOS is not installed.
WARNING - large complementary slackness residual: 0.007660
M-step CVXPY optimize time (sec): 0.6132
ECOS solver failed:  The solver ECOS is not installed. 
Using SCS instead.
ECOS solver failed:  The solver ECOS is not installed. 
Using SCS instead.
ECOS solver failed:  The solver ECOS is not installed. 
Using SCS instead.
ECOS solver failed:  The solver ECOS is not installed. 
Using SCS instead.
ECOS solver failed:  The solver ECOS is not installed. 
Using SCS instead.
ECOS solver failed:  The solver ECOS is not installed. 
Using SCS instead.
ECOS solver failed:  The solver ECOS is not installed. 
Using SCS instead.
ECOS solver failed:  The solver ECOS is not installed. 
Using SCS instead.
ECOS solver failed:  The solver ECOS is not installed. 
Using SCS instead.
ECOS solver failed:  The solver ECOS is not installed. 
Using SCS instead.
ECOS solver failed:  The solver ECOS is not installed. 
Using SCS instead.
ECOS solver failed:  The solver ECOS is not installed. 
Using SCS instead.
ECOS solver failed:  The solver ECOS is not installed. 
Using SCS instead.
ECOS solver failed:  The solver ECOS is not installed. 
Using SCS instead.
ECOS solver failed:  The solver ECOS is not installed. 
Using SCS instead.
ECOS solver failed:  The solver ECOS is not installed. 
Using SCS instead.
ECOS solver failed:  The solver ECOS is not installed. 
Using SCS instead.
ECOS solver failed:  The solver ECOS is not installed. 
Using SCS instead.
ECOS solver failed:  The solver ECOS is not installed. 
Using SCS instead.
ECOS solver failed:  The solver ECOS is not installed. 
Using SCS instead.
ECOS solver failed:  The solver ECOS is not installed. 
Using SCS instead.
M-step Design Matrix Calculation time (sec): 0.0564
ECOS solver failed in IPCW_HAL_init, falling back to SCS: The solver ECOS is not installed.
WARNING - large complementary slackness residual: 0.006485
M-step CVXPY optimize time (sec): 1.8394
ECOS solver failed:  The solver ECOS is not installed. 
Using SCS instead.
ECOS solver failed:  The solver ECOS is not installed. 
Using SCS instead.
ECOS solver failed:  The solver ECOS is not installed. 
Using SCS instead.
ECOS solver failed:  The solver ECOS is not installed. 
Using SCS instead.
ECOS solver failed:  The solver ECOS is not installed. 
Using SCS instead.
ECOS solver failed:  The solver ECOS is not installed. 
Using SCS instead.
ECOS solver failed:  The solver ECOS is not installed. 
Using SCS instead.
ECOS solver failed:  The solver ECOS is not installed. 
Using SCS instead.
ECOS solver failed:  The solver ECOS is not installed. 
Using SCS instead.
ECOS solver failed:  The solver ECOS is not installed. 
Using SCS instead.
ECOS solver failed:  The solver ECOS is not installed. 
Using SCS instead.
ECOS solver failed:  The solver ECOS is not installed. 
Using SCS instead.
ECOS solver failed:  The solver ECOS is not installed. 
Using SCS instead.
ECOS solver failed:  The solver ECOS is not installed. 
Using SCS instead.
ECOS solver failed:  The solver ECOS is not installed. 
Using SCS instead.
ECOS solver failed:  The solver ECOS is not installed. 
Using SCS instead.
ECOS solver failed:  The solver ECOS is not installed. 
Using SCS instead.
ECOS solver failed:  The solver ECOS is not installed. 
Using SCS instead.
ECOS solver failed:  The solver ECOS is not installed. 
Using SCS instead.
ECOS solver failed:  The solver ECOS is not installed. 
Using SCS instead.
ECOS solver failed:  The solver ECOS is not installed. 
Using SCS instead.
M-step Design Matrix Calculation time (sec): 0.0279
ECOS solver failed in IPCW_HAL_init, falling back to SCS: The solver ECOS is not installed.
WARNING - large complementary slackness residual: 0.032984
M-step CVXPY optimize time (sec): 0.5274
ECOS solver failed:  The solver ECOS is not installed. 
Using SCS instead.
ECOS solver failed:  The solver ECOS is not installed. 
Using SCS instead.
ECOS solver failed:  The solver ECOS is not installed. 
Using SCS instead.
ECOS solver failed:  The solver ECOS is not installed. 
Using SCS instead.
ECOS solver failed:  The solver ECOS is not installed. 
Using SCS instead.
ECOS solver failed:  The solver ECOS is not installed. 
Using SCS instead.
ECOS solver failed:  The solver ECOS is not installed. 
Using SCS instead.
ECOS solver failed:  The solver ECOS is not installed. 
Using SCS instead.
ECOS solver failed:  The solver ECOS is not installed. 
Using SCS instead.
ECOS solver failed:  The solver ECOS is not installed. 
Using SCS instead.
ECOS solver failed:  The solver ECOS is not installed. 
Using SCS instead.
ECOS solver failed:  The solver ECOS is not installed. 
Using SCS instead.
ECOS solver failed:  The solver ECOS is not installed. 
Using SCS instead.
ECOS solver failed:  The solver ECOS is not installed. 
Using SCS instead.
ECOS solver failed:  The solver ECOS is not installed. 
Using SCS instead.
ECOS solver failed:  The solver ECOS is not installed. 
Using SCS instead.
ECOS solver failed:  The solver ECOS is not installed. 
Using SCS instead.
ECOS solver failed:  The solver ECOS is not installed. 
Using SCS instead.
ECOS solver failed:  The solver ECOS is not installed. 
Using SCS instead.
ECOS solver failed:  The solver ECOS is not installed. 
Using SCS instead.
ECOS solver failed:  The solver ECOS is not installed. 
Using SCS instead.
M-step Design Matrix Calculation time (sec): 0.0211
ECOS solver failed in IPCW_HAL_init, falling back to SCS: The solver ECOS is not installed.
WARNING - large complementary slackness residual: 0.011737
M-step CVXPY optimize time (sec): 1.6687
ECOS solver failed:  The solver ECOS is not installed. 
Using SCS instead.
ECOS solver failed:  The solver ECOS is not installed. 
Using SCS instead.
ECOS solver failed:  The solver ECOS is not installed. 
Using SCS instead.
ECOS solver failed:  The solver ECOS is not installed. 
Using SCS instead.
ECOS solver failed:  The solver ECOS is not installed. 
Using SCS instead.
ECOS solver failed:  The solver ECOS is not installed. 
Using SCS instead.
ECOS solver failed:  The solver ECOS is not installed. 
Using SCS instead.
ECOS solver failed:  The solver ECOS is not installed. 
Using SCS instead.
ECOS solver failed:  The solver ECOS is not installed. 
Using SCS instead.
ECOS solver failed:  The solver ECOS is not installed. 
Using SCS instead.
ECOS solver failed:  The solver ECOS is not installed. 
Using SCS instead.
ECOS solver failed:  The solver ECOS is not installed. 
Using SCS instead.
ECOS solver failed:  The solver ECOS is not installed. 
Using SCS instead.
ECOS solver failed:  The solver ECOS is not installed. 
Using SCS instead.
ECOS solver failed:  The solver ECOS is not installed. 
Using SCS instead.
ECOS solver failed:  The solver ECOS is not installed. 
Using SCS instead.
ECOS solver failed:  The solver ECOS is not installed. 
Using SCS instead.
ECOS solver failed:  The solver ECOS is not installed. 
Using SCS instead.
ECOS solver failed:  The solver ECOS is not installed. 
Using SCS instead.
ECOS solver failed:  The solver ECOS is not installed. 
Using SCS instead.
ECOS solver failed:  The solver ECOS is not installed. 
Using SCS instead.
M-step Design Matrix Calculation time (sec): 0.0181
ECOS solver failed in IPCW_HAL_init, falling back to SCS: The solver ECOS is not installed.
WARNING - large complementary slackness residual: 0.010468
M-step CVXPY optimize time (sec): 1.2035
ECOS solver failed:  The solver ECOS is not installed. 
Using SCS instead.
ECOS solver failed:  The solver ECOS is not installed. 
Using SCS instead.
ECOS solver failed:  The solver ECOS is not installed. 
Using SCS instead.
ECOS solver failed:  The solver ECOS is not installed. 
Using SCS instead.
ECOS solver failed:  The solver ECOS is not installed. 
Using SCS instead.
ECOS solver failed:  The solver ECOS is not installed. 
Using SCS instead.
ECOS solver failed:  The solver ECOS is not installed. 
Using SCS instead.
ECOS solver failed:  The solver ECOS is not installed. 
Using SCS instead.
ECOS solver failed:  The solver ECOS is not installed. 
Using SCS instead.
ECOS solver failed:  The solver ECOS is not installed. 
Using SCS instead.
ECOS solver failed:  The solver ECOS is not installed. 
Using SCS instead.
ECOS solver failed:  The solver ECOS is not installed. 
Using SCS instead.
ECOS solver failed:  The solver ECOS is not installed. 
Using SCS instead.
ECOS solver failed:  The solver ECOS is not installed. 
Using SCS instead.
ECOS solver failed:  The solver ECOS is not installed. 
Using SCS instead.
ECOS solver failed:  The solver ECOS is not installed. 
Using SCS instead.
ECOS solver failed:  The solver ECOS is not installed. 
Using SCS instead.
ECOS solver failed:  The solver ECOS is not installed. 
Using SCS instead.
ECOS solver failed:  The solver ECOS is not installed. 
Using SCS instead.
ECOS solver failed:  The solver ECOS is not installed. 
Using SCS instead.
ECOS solver failed:  The solver ECOS is not installed. 
Using SCS instead.
M-step Design Matrix Calculation time (sec): 0.0227
ECOS solver failed in IPCW_HAL_init, falling back to SCS: The solver ECOS is not installed.
WARNING - large complementary slackness residual: 0.006124
M-step CVXPY optimize time (sec): 1.0199
ECOS solver failed:  The solver ECOS is not installed. 
Using SCS instead.
ECOS solver failed:  The solver ECOS is not installed. 
Using SCS instead.
ECOS solver failed:  The solver ECOS is not installed. 
Using SCS instead.
ECOS solver failed:  The solver ECOS is not installed. 
Using SCS instead.
ECOS solver failed:  The solver ECOS is not installed. 
Using SCS instead.
ECOS solver failed:  The solver ECOS is not installed. 
Using SCS instead.
ECOS solver failed:  The solver ECOS is not installed. 
Using SCS instead.
ECOS solver failed:  The solver ECOS is not installed. 
Using SCS instead.
ECOS solver failed:  The solver ECOS is not installed. 
Using SCS instead.
ECOS solver failed:  The solver ECOS is not installed. 
Using SCS instead.
ECOS solver failed:  The solver ECOS is not installed. 
Using SCS instead.
ECOS solver failed:  The solver ECOS is not installed. 
Using SCS instead.
ECOS solver failed:  The solver ECOS is not installed. 
Using SCS instead.
ECOS solver failed:  The solver ECOS is not installed. 
Using SCS instead.
ECOS solver failed:  The solver ECOS is not installed. 
Using SCS instead.
ECOS solver failed:  The solver ECOS is not installed. 
Using SCS instead.
ECOS solver failed:  The solver ECOS is not installed. 
Using SCS instead.
ECOS solver failed:  The solver ECOS is not installed. 
Using SCS instead.
ECOS solver failed:  The solver ECOS is not installed. 
Using SCS instead.
ECOS solver failed:  The solver ECOS is not installed. 
Using SCS instead.
ECOS solver failed:  The solver ECOS is not installed. 
Using SCS instead.
M-step Design Matrix Calculation time (sec): 0.0595
ECOS solver failed in IPCW_HAL_init, falling back to SCS: The solver ECOS is not installed.
WARNING - large complementary slackness residual: 0.018530
M-step CVXPY optimize time (sec): 0.8506
ECOS solver failed:  The solver ECOS is not installed. 
Using SCS instead.
ECOS solver failed:  The solver ECOS is not installed. 
Using SCS instead.
ECOS solver failed:  The solver ECOS is not installed. 
Using SCS instead.
ECOS solver failed:  The solver ECOS is not installed. 
Using SCS instead.
ECOS solver failed:  The solver ECOS is not installed. 
Using SCS instead.
ECOS solver failed:  The solver ECOS is not installed. 
Using SCS instead.
ECOS solver failed:  The solver ECOS is not installed. 
Using SCS instead.
ECOS solver failed:  The solver ECOS is not installed. 
Using SCS instead.
ECOS solver failed:  The solver ECOS is not installed. 
Using SCS instead.
ECOS solver failed:  The solver ECOS is not installed. 
Using SCS instead.
ECOS solver failed:  The solver ECOS is not installed. 
Using SCS instead.
ECOS solver failed:  The solver ECOS is not installed. 
Using SCS instead.
ECOS solver failed:  The solver ECOS is not installed. 
Using SCS instead.
ECOS solver failed:  The solver ECOS is not installed. 
Using SCS instead.
ECOS solver failed:  The solver ECOS is not installed. 
Using SCS instead.
ECOS solver failed:  The solver ECOS is not installed. 
Using SCS instead.
ECOS solver failed:  The solver ECOS is not installed. 
Using SCS instead.
ECOS solver failed:  The solver ECOS is not installed. 
Using SCS instead.
ECOS solver failed:  The solver ECOS is not installed. 
Using SCS instead.
ECOS solver failed:  The solver ECOS is not installed. 
Using SCS instead.
ECOS solver failed:  The solver ECOS is not installed. 
Using SCS instead.
M-step Design Matrix Calculation time (sec): 0.0169
ECOS solver failed in IPCW_HAL_init, falling back to SCS: The solver ECOS is not installed.
WARNING - large complementary slackness residual: 0.014014
M-step CVXPY optimize time (sec): 2.0489
ECOS solver failed:  The solver ECOS is not installed. 
Using SCS instead.
ECOS solver failed:  The solver ECOS is not installed. 
Using SCS instead.
ECOS solver failed:  The solver ECOS is not installed. 
Using SCS instead.
ECOS solver failed:  The solver ECOS is not installed. 
Using SCS instead.
ECOS solver failed:  The solver ECOS is not installed. 
Using SCS instead.
ECOS solver failed:  The solver ECOS is not installed. 
Using SCS instead.
ECOS solver failed:  The solver ECOS is not installed. 
Using SCS instead.
ECOS solver failed:  The solver ECOS is not installed. 
Using SCS instead.
ECOS solver failed:  The solver ECOS is not installed. 
Using SCS instead.
ECOS solver failed:  The solver ECOS is not installed. 
Using SCS instead.
ECOS solver failed:  The solver ECOS is not installed. 
Using SCS instead.
ECOS solver failed:  The solver ECOS is not installed. 
Using SCS instead.
ECOS solver failed:  The solver ECOS is not installed. 
Using SCS instead.
ECOS solver failed:  The solver ECOS is not installed. 
Using SCS instead.
ECOS solver failed:  The solver ECOS is not installed. 
Using SCS instead.
ECOS solver failed:  The solver ECOS is not installed. 
Using SCS instead.
ECOS solver failed:  The solver ECOS is not installed. 
Using SCS instead.
ECOS solver failed:  The solver ECOS is not installed. 
Using SCS instead.
ECOS solver failed:  The solver ECOS is not installed. 
Using SCS instead.
ECOS solver failed:  The solver ECOS is not installed. 
Using SCS instead.
ECOS solver failed:  The solver ECOS is not installed. 
Using SCS instead.
M-step Design Matrix Calculation time (sec): 0.0160
ECOS solver failed in IPCW_HAL_init, falling back to SCS: The solver ECOS is not installed.
WARNING - large complementary slackness residual: 0.018022
M-step CVXPY optimize time (sec): 1.5305
ECOS solver failed:  The solver ECOS is not installed. 
Using SCS instead.
ECOS solver failed:  The solver ECOS is not installed. 
Using SCS instead.
ECOS solver failed:  The solver ECOS is not installed. 
Using SCS instead.
ECOS solver failed:  The solver ECOS is not installed. 
Using SCS instead.
ECOS solver failed:  The solver ECOS is not installed. 
Using SCS instead.
ECOS solver failed:  The solver ECOS is not installed. 
Using SCS instead.
ECOS solver failed:  The solver ECOS is not installed. 
Using SCS instead.
ECOS solver failed:  The solver ECOS is not installed. 
Using SCS instead.
ECOS solver failed:  The solver ECOS is not installed. 
Using SCS instead.
ECOS solver failed:  The solver ECOS is not installed. 
Using SCS instead.
ECOS solver failed:  The solver ECOS is not installed. 
Using SCS instead.
ECOS solver failed:  The solver ECOS is not installed. 
Using SCS instead.
ECOS solver failed:  The solver ECOS is not installed. 
Using SCS instead.
ECOS solver failed:  The solver ECOS is not installed. 
Using SCS instead.
ECOS solver failed:  The solver ECOS is not installed. 
Using SCS instead.
ECOS solver failed:  The solver ECOS is not installed. 
Using SCS instead.
ECOS solver failed:  The solver ECOS is not installed. 
Using SCS instead.
ECOS solver failed:  The solver ECOS is not installed. 
Using SCS instead.
ECOS solver failed:  The solver ECOS is not installed. 
Using SCS instead.
ECOS solver failed:  The solver ECOS is not installed. 
Using SCS instead.
ECOS solver failed:  The solver ECOS is not installed. 
Using SCS instead.
M-step Design Matrix Calculation time (sec): 0.0453
ECOS solver failed in IPCW_HAL_init, falling back to SCS: The solver ECOS is not installed.
WARNING - large complementary slackness residual: 0.033051
M-step CVXPY optimize time (sec): 0.9867
ECOS solver failed:  The solver ECOS is not installed. 
Using SCS instead.
ECOS solver failed:  The solver ECOS is not installed. 
Using SCS instead.
ECOS solver failed:  The solver ECOS is not installed. 
Using SCS instead.
ECOS solver failed:  The solver ECOS is not installed. 
Using SCS instead.
ECOS solver failed:  The solver ECOS is not installed. 
Using SCS instead.
ECOS solver failed:  The solver ECOS is not installed. 
Using SCS instead.
ECOS solver failed:  The solver ECOS is not installed. 
Using SCS instead.
ECOS solver failed:  The solver ECOS is not installed. 
Using SCS instead.
ECOS solver failed:  The solver ECOS is not installed. 
Using SCS instead.
ECOS solver failed:  The solver ECOS is not installed. 
Using SCS instead.
ECOS solver failed:  The solver ECOS is not installed. 
Using SCS instead.
ECOS solver failed:  The solver ECOS is not installed. 
Using SCS instead.
ECOS solver failed:  The solver ECOS is not installed. 
Using SCS instead.
ECOS solver failed:  The solver ECOS is not installed. 
Using SCS instead.
ECOS solver failed:  The solver ECOS is not installed. 
Using SCS instead.
ECOS solver failed:  The solver ECOS is not installed. 
Using SCS instead.
ECOS solver failed:  The solver ECOS is not installed. 
Using SCS instead.
ECOS solver failed:  The solver ECOS is not installed. 
Using SCS instead.
ECOS solver failed:  The solver ECOS is not installed. 
Using SCS instead.
ECOS solver failed:  The solver ECOS is not installed. 
Using SCS instead.
ECOS solver failed:  The solver ECOS is not installed. 
Using SCS instead.
M-step Design Matrix Calculation time (sec): 0.0198
ECOS solver failed in IPCW_HAL_init, falling back to SCS: The solver ECOS is not installed.
WARNING - large complementary slackness residual: 0.017177
M-step CVXPY optimize time (sec): 1.9483
ECOS solver failed:  The solver ECOS is not installed. 
Using SCS instead.
ECOS solver failed:  The solver ECOS is not installed. 
Using SCS instead.
ECOS solver failed:  The solver ECOS is not installed. 
Using SCS instead.
ECOS solver failed:  The solver ECOS is not installed. 
Using SCS instead.
ECOS solver failed:  The solver ECOS is not installed. 
Using SCS instead.
ECOS solver failed:  The solver ECOS is not installed. 
Using SCS instead.
ECOS solver failed:  The solver ECOS is not installed. 
Using SCS instead.
ECOS solver failed:  The solver ECOS is not installed. 
Using SCS instead.
ECOS solver failed:  The solver ECOS is not installed. 
Using SCS instead.
ECOS solver failed:  The solver ECOS is not installed. 
Using SCS instead.
ECOS solver failed:  The solver ECOS is not installed. 
Using SCS instead.
ECOS solver failed:  The solver ECOS is not installed. 
Using SCS instead.
ECOS solver failed:  The solver ECOS is not installed. 
Using SCS instead.
ECOS solver failed:  The solver ECOS is not installed. 
Using SCS instead.
ECOS solver failed:  The solver ECOS is not installed. 
Using SCS instead.
ECOS solver failed:  The solver ECOS is not installed. 
Using SCS instead.
ECOS solver failed:  The solver ECOS is not installed. 
Using SCS instead.
ECOS solver failed:  The solver ECOS is not installed. 
Using SCS instead.
ECOS solver failed:  The solver ECOS is not installed. 
Using SCS instead.
ECOS solver failed:  The solver ECOS is not installed. 
Using SCS instead.
ECOS solver failed:  The solver ECOS is not installed. 
Using SCS instead.
M-step Design Matrix Calculation time (sec): 0.0740
ECOS solver failed in IPCW_HAL_init, falling back to SCS: The solver ECOS is not installed.
M-step CVXPY optimize time (sec): 1.4852
ECOS solver failed:  The solver ECOS is not installed. 
Using SCS instead.
ECOS solver failed:  The solver ECOS is not installed. 
Using SCS instead.
ECOS solver failed:  The solver ECOS is not installed. 
Using SCS instead.
ECOS solver failed:  The solver ECOS is not installed. 
Using SCS instead.
ECOS solver failed:  The solver ECOS is not installed. 
Using SCS instead.
ECOS solver failed:  The solver ECOS is not installed. 
Using SCS instead.
ECOS solver failed:  The solver ECOS is not installed. 
Using SCS instead.
ECOS solver failed:  The solver ECOS is not installed. 
Using SCS instead.
ECOS solver failed:  The solver ECOS is not installed. 
Using SCS instead.
ECOS solver failed:  The solver ECOS is not installed. 
Using SCS instead.
ECOS solver failed:  The solver ECOS is not installed. 
Using SCS instead.
ECOS solver failed:  The solver ECOS is not installed. 
Using SCS instead.
ECOS solver failed:  The solver ECOS is not installed. 
Using SCS instead.
ECOS solver failed:  The solver ECOS is not installed. 
Using SCS instead.
ECOS solver failed:  The solver ECOS is not installed. 
Using SCS instead.
ECOS solver failed:  The solver ECOS is not installed. 
Using SCS instead.
ECOS solver failed:  The solver ECOS is not installed. 
Using SCS instead.
ECOS solver failed:  The solver ECOS is not installed. 
Using SCS instead.
ECOS solver failed:  The solver ECOS is not installed. 
Using SCS instead.
ECOS solver failed:  The solver ECOS is not installed. 
Using SCS instead.
ECOS solver failed:  The solver ECOS is not installed. 
Using SCS instead.
M-step Design Matrix Calculation time (sec): 0.0188
ECOS solver failed in IPCW_HAL_init, falling back to SCS: The solver ECOS is not installed.
M-step CVXPY optimize time (sec): 0.9766
ECOS solver failed:  The solver ECOS is not installed. 
Using SCS instead.
ECOS solver failed:  The solver ECOS is not installed. 
Using SCS instead.
ECOS solver failed:  The solver ECOS is not installed. 
Using SCS instead.
ECOS solver failed:  The solver ECOS is not installed. 
Using SCS instead.
ECOS solver failed:  The solver ECOS is not installed. 
Using SCS instead.
ECOS solver failed:  The solver ECOS is not installed. 
Using SCS instead.
ECOS solver failed:  The solver ECOS is not installed. 
Using SCS instead.
ECOS solver failed:  The solver ECOS is not installed. 
Using SCS instead.
ECOS solver failed:  The solver ECOS is not installed. 
Using SCS instead.
ECOS solver failed:  The solver ECOS is not installed. 
Using SCS instead.
ECOS solver failed:  The solver ECOS is not installed. 
Using SCS instead.
ECOS solver failed:  The solver ECOS is not installed. 
Using SCS instead.
ECOS solver failed:  The solver ECOS is not installed. 
Using SCS instead.
ECOS solver failed:  The solver ECOS is not installed. 
Using SCS instead.
ECOS solver failed:  The solver ECOS is not installed. 
Using SCS instead.
ECOS solver failed:  The solver ECOS is not installed. 
Using SCS instead.
ECOS solver failed:  The solver ECOS is not installed. 
Using SCS instead.
ECOS solver failed:  The solver ECOS is not installed. 
Using SCS instead.
ECOS solver failed:  The solver ECOS is not installed. 
Using SCS instead.
ECOS solver failed:  The solver ECOS is not installed. 
Using SCS instead.
ECOS solver failed:  The solver ECOS is not installed. 
Using SCS instead.
M-step Design Matrix Calculation time (sec): 0.0178
ECOS solver failed in IPCW_HAL_init, falling back to SCS: The solver ECOS is not installed.
WARNING - large complementary slackness residual: 0.005031
M-step CVXPY optimize time (sec): 1.0988
ECOS solver failed:  The solver ECOS is not installed. 
Using SCS instead.
ECOS solver failed:  The solver ECOS is not installed. 
Using SCS instead.
ECOS solver failed:  The solver ECOS is not installed. 
Using SCS instead.
ECOS solver failed:  The solver ECOS is not installed. 
Using SCS instead.
ECOS solver failed:  The solver ECOS is not installed. 
Using SCS instead.
ECOS solver failed:  The solver ECOS is not installed. 
Using SCS instead.
ECOS solver failed:  The solver ECOS is not installed. 
Using SCS instead.
ECOS solver failed:  The solver ECOS is not installed. 
Using SCS instead.
ECOS solver failed:  The solver ECOS is not installed. 
Using SCS instead.
ECOS solver failed:  The solver ECOS is not installed. 
Using SCS instead.
ECOS solver failed:  The solver ECOS is not installed. 
Using SCS instead.
ECOS solver failed:  The solver ECOS is not installed. 
Using SCS instead.
ECOS solver failed:  The solver ECOS is not installed. 
Using SCS instead.
ECOS solver failed:  The solver ECOS is not installed. 
Using SCS instead.
ECOS solver failed:  The solver ECOS is not installed. 
Using SCS instead.
ECOS solver failed:  The solver ECOS is not installed. 
Using SCS instead.
ECOS solver failed:  The solver ECOS is not installed. 
Using SCS instead.
ECOS solver failed:  The solver ECOS is not installed. 
Using SCS instead.
ECOS solver failed:  The solver ECOS is not installed. 
Using SCS instead.
ECOS solver failed:  The solver ECOS is not installed. 
Using SCS instead.
ECOS solver failed:  The solver ECOS is not installed. 
Using SCS instead.
M-step Design Matrix Calculation time (sec): 0.0293
ECOS solver failed in IPCW_HAL_init, falling back to SCS: The solver ECOS is not installed.
M-step CVXPY optimize time (sec): 0.4249
ECOS solver failed:  The solver ECOS is not installed. 
Using SCS instead.
ECOS solver failed:  The solver ECOS is not installed. 
Using SCS instead.
ECOS solver failed:  The solver ECOS is not installed. 
Using SCS instead.
ECOS solver failed:  The solver ECOS is not installed. 
Using SCS instead.
ECOS solver failed:  The solver ECOS is not installed. 
Using SCS instead.
ECOS solver failed:  The solver ECOS is not installed. 
Using SCS instead.
ECOS solver failed:  The solver ECOS is not installed. 
Using SCS instead.
ECOS solver failed:  The solver ECOS is not installed. 
Using SCS instead.
ECOS solver failed:  The solver ECOS is not installed. 
Using SCS instead.
ECOS solver failed:  The solver ECOS is not installed. 
Using SCS instead.
ECOS solver failed:  The solver ECOS is not installed. 
Using SCS instead.
ECOS solver failed:  The solver ECOS is not installed. 
Using SCS instead.
ECOS solver failed:  The solver ECOS is not installed. 
Using SCS instead.
ECOS solver failed:  The solver ECOS is not installed. 
Using SCS instead.
ECOS solver failed:  The solver ECOS is not installed. 
Using SCS instead.
ECOS solver failed:  The solver ECOS is not installed. 
Using SCS instead.
ECOS solver failed:  The solver ECOS is not installed. 
Using SCS instead.
ECOS solver failed:  The solver ECOS is not installed. 
Using SCS instead.
ECOS solver failed:  The solver ECOS is not installed. 
Using SCS instead.
ECOS solver failed:  The solver ECOS is not installed. 
Using SCS instead.
ECOS solver failed:  The solver ECOS is not installed. 
Using SCS instead.
M-step Design Matrix Calculation time (sec): 0.0179
ECOS solver failed in IPCW_HAL_init, falling back to SCS: The solver ECOS is not installed.
WARNING - large complementary slackness residual: 0.023892
M-step CVXPY optimize time (sec): 1.4951
ECOS solver failed:  The solver ECOS is not installed. 
Using SCS instead.
ECOS solver failed:  The solver ECOS is not installed. 
Using SCS instead.
ECOS solver failed:  The solver ECOS is not installed. 
Using SCS instead.
ECOS solver failed:  The solver ECOS is not installed. 
Using SCS instead.
ECOS solver failed:  The solver ECOS is not installed. 
Using SCS instead.
ECOS solver failed:  The solver ECOS is not installed. 
Using SCS instead.
ECOS solver failed:  The solver ECOS is not installed. 
Using SCS instead.
ECOS solver failed:  The solver ECOS is not installed. 
Using SCS instead.
ECOS solver failed:  The solver ECOS is not installed. 
Using SCS instead.
ECOS solver failed:  The solver ECOS is not installed. 
Using SCS instead.
ECOS solver failed:  The solver ECOS is not installed. 
Using SCS instead.
ECOS solver failed:  The solver ECOS is not installed. 
Using SCS instead.
ECOS solver failed:  The solver ECOS is not installed. 
Using SCS instead.
ECOS solver failed:  The solver ECOS is not installed. 
Using SCS instead.
ECOS solver failed:  The solver ECOS is not installed. 
Using SCS instead.
ECOS solver failed:  The solver ECOS is not installed. 
Using SCS instead.
ECOS solver failed:  The solver ECOS is not installed. 
Using SCS instead.
ECOS solver failed:  The solver ECOS is not installed. 
Using SCS instead.
ECOS solver failed:  The solver ECOS is not installed. 
Using SCS instead.
ECOS solver failed:  The solver ECOS is not installed. 
Using SCS instead.
ECOS solver failed:  The solver ECOS is not installed. 
Using SCS instead.
M-step Design Matrix Calculation time (sec): 0.0173
ECOS solver failed in IPCW_HAL_init, falling back to SCS: The solver ECOS is not installed.
WARNING - large complementary slackness residual: 0.014520
M-step CVXPY optimize time (sec): 2.5569
ECOS solver failed:  The solver ECOS is not installed. 
Using SCS instead.
ECOS solver failed:  The solver ECOS is not installed. 
Using SCS instead.
ECOS solver failed:  The solver ECOS is not installed. 
Using SCS instead.
ECOS solver failed:  The solver ECOS is not installed. 
Using SCS instead.
ECOS solver failed:  The solver ECOS is not installed. 
Using SCS instead.
ECOS solver failed:  The solver ECOS is not installed. 
Using SCS instead.
ECOS solver failed:  The solver ECOS is not installed. 
Using SCS instead.
ECOS solver failed:  The solver ECOS is not installed. 
Using SCS instead.
ECOS solver failed:  The solver ECOS is not installed. 
Using SCS instead.
ECOS solver failed:  The solver ECOS is not installed. 
Using SCS instead.
ECOS solver failed:  The solver ECOS is not installed. 
Using SCS instead.
ECOS solver failed:  The solver ECOS is not installed. 
Using SCS instead.
ECOS solver failed:  The solver ECOS is not installed. 
Using SCS instead.
ECOS solver failed:  The solver ECOS is not installed. 
Using SCS instead.
ECOS solver failed:  The solver ECOS is not installed. 
Using SCS instead.
ECOS solver failed:  The solver ECOS is not installed. 
Using SCS instead.
ECOS solver failed:  The solver ECOS is not installed. 
Using SCS instead.
ECOS solver failed:  The solver ECOS is not installed. 
Using SCS instead.
ECOS solver failed:  The solver ECOS is not installed. 
Using SCS instead.
ECOS solver failed:  The solver ECOS is not installed. 
Using SCS instead.
ECOS solver failed:  The solver ECOS is not installed. 
Using SCS instead.
M-step Design Matrix Calculation time (sec): 0.0204
ECOS solver failed in IPCW_HAL_init, falling back to SCS: The solver ECOS is not installed.
M-step CVXPY optimize time (sec): 1.0578
ECOS solver failed:  The solver ECOS is not installed. 
Using SCS instead.
ECOS solver failed:  The solver ECOS is not installed. 
Using SCS instead.
ECOS solver failed:  The solver ECOS is not installed. 
Using SCS instead.
ECOS solver failed:  The solver ECOS is not installed. 
Using SCS instead.
ECOS solver failed:  The solver ECOS is not installed. 
Using SCS instead.
ECOS solver failed:  The solver ECOS is not installed. 
Using SCS instead.
ECOS solver failed:  The solver ECOS is not installed. 
Using SCS instead.
ECOS solver failed:  The solver ECOS is not installed. 
Using SCS instead.
ECOS solver failed:  The solver ECOS is not installed. 
Using SCS instead.
ECOS solver failed:  The solver ECOS is not installed. 
Using SCS instead.
ECOS solver failed:  The solver ECOS is not installed. 
Using SCS instead.
ECOS solver failed:  The solver ECOS is not installed. 
Using SCS instead.
ECOS solver failed:  The solver ECOS is not installed. 
Using SCS instead.
ECOS solver failed:  The solver ECOS is not installed. 
Using SCS instead.
ECOS solver failed:  The solver ECOS is not installed. 
Using SCS instead.
ECOS solver failed:  The solver ECOS is not installed. 
Using SCS instead.
ECOS solver failed:  The solver ECOS is not installed. 
Using SCS instead.
ECOS solver failed:  The solver ECOS is not installed. 
Using SCS instead.
ECOS solver failed:  The solver ECOS is not installed. 
Using SCS instead.
ECOS solver failed:  The solver ECOS is not installed. 
Using SCS instead.
ECOS solver failed:  The solver ECOS is not installed. 
Using SCS instead.
M-step Design Matrix Calculation time (sec): 0.0172
ECOS solver failed in IPCW_HAL_init, falling back to SCS: The solver ECOS is not installed.
M-step CVXPY optimize time (sec): 0.7210
ECOS solver failed:  The solver ECOS is not installed. 
Using SCS instead.
ECOS solver failed:  The solver ECOS is not installed. 
Using SCS instead.
ECOS solver failed:  The solver ECOS is not installed. 
Using SCS instead.
ECOS solver failed:  The solver ECOS is not installed. 
Using SCS instead.
ECOS solver failed:  The solver ECOS is not installed. 
Using SCS instead.
ECOS solver failed:  The solver ECOS is not installed. 
Using SCS instead.
ECOS solver failed:  The solver ECOS is not installed. 
Using SCS instead.
ECOS solver failed:  The solver ECOS is not installed. 
Using SCS instead.
ECOS solver failed:  The solver ECOS is not installed. 
Using SCS instead.
ECOS solver failed:  The solver ECOS is not installed. 
Using SCS instead.
ECOS solver failed:  The solver ECOS is not installed. 
Using SCS instead.
ECOS solver failed:  The solver ECOS is not installed. 
Using SCS instead.
ECOS solver failed:  The solver ECOS is not installed. 
Using SCS instead.
ECOS solver failed:  The solver ECOS is not installed. 
Using SCS instead.
ECOS solver failed:  The solver ECOS is not installed. 
Using SCS instead.
ECOS solver failed:  The solver ECOS is not installed. 
Using SCS instead.
ECOS solver failed:  The solver ECOS is not installed. 
Using SCS instead.
ECOS solver failed:  The solver ECOS is not installed. 
Using SCS instead.
ECOS solver failed:  The solver ECOS is not installed. 
Using SCS instead.
ECOS solver failed:  The solver ECOS is not installed. 
Using SCS instead.
ECOS solver failed:  The solver ECOS is not installed. 
Using SCS instead.
M-step Design Matrix Calculation time (sec): 0.0365
ECOS solver failed in IPCW_HAL_init, falling back to SCS: The solver ECOS is not installed.
WARNING - large complementary slackness residual: 0.019828
M-step CVXPY optimize time (sec): 3.3652
ECOS solver failed:  The solver ECOS is not installed. 
Using SCS instead.
ECOS solver failed:  The solver ECOS is not installed. 
Using SCS instead.
ECOS solver failed:  The solver ECOS is not installed. 
Using SCS instead.
ECOS solver failed:  The solver ECOS is not installed. 
Using SCS instead.
ECOS solver failed:  The solver ECOS is not installed. 
Using SCS instead.
ECOS solver failed:  The solver ECOS is not installed. 
Using SCS instead.
ECOS solver failed:  The solver ECOS is not installed. 
Using SCS instead.
ECOS solver failed:  The solver ECOS is not installed. 
Using SCS instead.
ECOS solver failed:  The solver ECOS is not installed. 
Using SCS instead.
ECOS solver failed:  The solver ECOS is not installed. 
Using SCS instead.
ECOS solver failed:  The solver ECOS is not installed. 
Using SCS instead.
ECOS solver failed:  The solver ECOS is not installed. 
Using SCS instead.
ECOS solver failed:  The solver ECOS is not installed. 
Using SCS instead.
ECOS solver failed:  The solver ECOS is not installed. 
Using SCS instead.
ECOS solver failed:  The solver ECOS is not installed. 
Using SCS instead.
ECOS solver failed:  The solver ECOS is not installed. 
Using SCS instead.
ECOS solver failed:  The solver ECOS is not installed. 
Using SCS instead.
ECOS solver failed:  The solver ECOS is not installed. 
Using SCS instead.
ECOS solver failed:  The solver ECOS is not installed. 
Using SCS instead.
ECOS solver failed:  The solver ECOS is not installed. 
Using SCS instead.
ECOS solver failed:  The solver ECOS is not installed. 
Using SCS instead.
M-step Design Matrix Calculation time (sec): 0.0460
ECOS solver failed in IPCW_HAL_init, falling back to SCS: The solver ECOS is not installed.
WARNING - large complementary slackness residual: 0.018322
M-step CVXPY optimize time (sec): 2.4930
ECOS solver failed:  The solver ECOS is not installed. 
Using SCS instead.
ECOS solver failed:  The solver ECOS is not installed. 
Using SCS instead.
ECOS solver failed:  The solver ECOS is not installed. 
Using SCS instead.
ECOS solver failed:  The solver ECOS is not installed. 
Using SCS instead.
ECOS solver failed:  The solver ECOS is not installed. 
Using SCS instead.
ECOS solver failed:  The solver ECOS is not installed. 
Using SCS instead.
ECOS solver failed:  The solver ECOS is not installed. 
Using SCS instead.
ECOS solver failed:  The solver ECOS is not installed. 
Using SCS instead.
ECOS solver failed:  The solver ECOS is not installed. 
Using SCS instead.
ECOS solver failed:  The solver ECOS is not installed. 
Using SCS instead.
ECOS solver failed:  The solver ECOS is not installed. 
Using SCS instead.
ECOS solver failed:  The solver ECOS is not installed. 
Using SCS instead.
ECOS solver failed:  The solver ECOS is not installed. 
Using SCS instead.
ECOS solver failed:  The solver ECOS is not installed. 
Using SCS instead.
ECOS solver failed:  The solver ECOS is not installed. 
Using SCS instead.
ECOS solver failed:  The solver ECOS is not installed. 
Using SCS instead.
ECOS solver failed:  The solver ECOS is not installed. 
Using SCS instead.
ECOS solver failed:  The solver ECOS is not installed. 
Using SCS instead.
ECOS solver failed:  The solver ECOS is not installed. 
Using SCS instead.
ECOS solver failed:  The solver ECOS is not installed. 
Using SCS instead.
ECOS solver failed:  The solver ECOS is not installed. 
Using SCS instead.
M-step Design Matrix Calculation time (sec): 0.0175
ECOS solver failed in IPCW_HAL_init, falling back to SCS: The solver ECOS is not installed.
WARNING - large complementary slackness residual: 0.021482
M-step CVXPY optimize time (sec): 1.8853
ECOS solver failed:  The solver ECOS is not installed. 
Using SCS instead.
ECOS solver failed:  The solver ECOS is not installed. 
Using SCS instead.
ECOS solver failed:  The solver ECOS is not installed. 
Using SCS instead.
ECOS solver failed:  The solver ECOS is not installed. 
Using SCS instead.
ECOS solver failed:  The solver ECOS is not installed. 
Using SCS instead.
ECOS solver failed:  The solver ECOS is not installed. 
Using SCS instead.
ECOS solver failed:  The solver ECOS is not installed. 
Using SCS instead.
ECOS solver failed:  The solver ECOS is not installed. 
Using SCS instead.
ECOS solver failed:  The solver ECOS is not installed. 
Using SCS instead.
ECOS solver failed:  The solver ECOS is not installed. 
Using SCS instead.
ECOS solver failed:  The solver ECOS is not installed. 
Using SCS instead.
ECOS solver failed:  The solver ECOS is not installed. 
Using SCS instead.
ECOS solver failed:  The solver ECOS is not installed. 
Using SCS instead.
ECOS solver failed:  The solver ECOS is not installed. 
Using SCS instead.
ECOS solver failed:  The solver ECOS is not installed. 
Using SCS instead.
ECOS solver failed:  The solver ECOS is not installed. 
Using SCS instead.
ECOS solver failed:  The solver ECOS is not installed. 
Using SCS instead.
ECOS solver failed:  The solver ECOS is not installed. 
Using SCS instead.
ECOS solver failed:  The solver ECOS is not installed. 
Using SCS instead.
ECOS solver failed:  The solver ECOS is not installed. 
Using SCS instead.
ECOS solver failed:  The solver ECOS is not installed. 
Using SCS instead.
M-step Design Matrix Calculation time (sec): 0.1529
ECOS solver failed in IPCW_HAL_init, falling back to SCS: The solver ECOS is not installed.
WARNING - large complementary slackness residual: 0.016566
M-step CVXPY optimize time (sec): 2.4252
ECOS solver failed:  The solver ECOS is not installed. 
Using SCS instead.
ECOS solver failed:  The solver ECOS is not installed. 
Using SCS instead.
ECOS solver failed:  The solver ECOS is not installed. 
Using SCS instead.
ECOS solver failed:  The solver ECOS is not installed. 
Using SCS instead.
ECOS solver failed:  The solver ECOS is not installed. 
Using SCS instead.
ECOS solver failed:  The solver ECOS is not installed. 
Using SCS instead.
ECOS solver failed:  The solver ECOS is not installed. 
Using SCS instead.
ECOS solver failed:  The solver ECOS is not installed. 
Using SCS instead.
ECOS solver failed:  The solver ECOS is not installed. 
Using SCS instead.
ECOS solver failed:  The solver ECOS is not installed. 
Using SCS instead.
ECOS solver failed:  The solver ECOS is not installed. 
Using SCS instead.
ECOS solver failed:  The solver ECOS is not installed. 
Using SCS instead.
ECOS solver failed:  The solver ECOS is not installed. 
Using SCS instead.
ECOS solver failed:  The solver ECOS is not installed. 
Using SCS instead.
ECOS solver failed:  The solver ECOS is not installed. 
Using SCS instead.
ECOS solver failed:  The solver ECOS is not installed. 
Using SCS instead.
ECOS solver failed:  The solver ECOS is not installed. 
Using SCS instead.
ECOS solver failed:  The solver ECOS is not installed. 
Using SCS instead.
ECOS solver failed:  The solver ECOS is not installed. 
Using SCS instead.
ECOS solver failed:  The solver ECOS is not installed. 
Using SCS instead.
ECOS solver failed:  The solver ECOS is not installed. 
Using SCS instead.
M-step Design Matrix Calculation time (sec): 0.0700
ECOS solver failed in IPCW_HAL_init, falling back to SCS: The solver ECOS is not installed.
M-step CVXPY optimize time (sec): 0.9092
ECOS solver failed:  The solver ECOS is not installed. 
Using SCS instead.
ECOS solver failed:  The solver ECOS is not installed. 
Using SCS instead.
ECOS solver failed:  The solver ECOS is not installed. 
Using SCS instead.
ECOS solver failed:  The solver ECOS is not installed. 
Using SCS instead.
ECOS solver failed:  The solver ECOS is not installed. 
Using SCS instead.
ECOS solver failed:  The solver ECOS is not installed. 
Using SCS instead.
ECOS solver failed:  The solver ECOS is not installed. 
Using SCS instead.
ECOS solver failed:  The solver ECOS is not installed. 
Using SCS instead.
ECOS solver failed:  The solver ECOS is not installed. 
Using SCS instead.
ECOS solver failed:  The solver ECOS is not installed. 
Using SCS instead.
ECOS solver failed:  The solver ECOS is not installed. 
Using SCS instead.
ECOS solver failed:  The solver ECOS is not installed. 
Using SCS instead.
ECOS solver failed:  The solver ECOS is not installed. 
Using SCS instead.
ECOS solver failed:  The solver ECOS is not installed. 
Using SCS instead.
ECOS solver failed:  The solver ECOS is not installed. 
Using SCS instead.
ECOS solver failed:  The solver ECOS is not installed. 
Using SCS instead.
ECOS solver failed:  The solver ECOS is not installed. 
Using SCS instead.
ECOS solver failed:  The solver ECOS is not installed. 
Using SCS instead.
ECOS solver failed:  The solver ECOS is not installed. 
Using SCS instead.
ECOS solver failed:  The solver ECOS is not installed. 
Using SCS instead.
ECOS solver failed:  The solver ECOS is not installed. 
Using SCS instead.
M-step Design Matrix Calculation time (sec): 0.0152
ECOS solver failed in IPCW_HAL_init, falling back to SCS: The solver ECOS is not installed.
M-step CVXPY optimize time (sec): 0.6066
ECOS solver failed:  The solver ECOS is not installed. 
Using SCS instead.
ECOS solver failed:  The solver ECOS is not installed. 
Using SCS instead.
ECOS solver failed:  The solver ECOS is not installed. 
Using SCS instead.
ECOS solver failed:  The solver ECOS is not installed. 
Using SCS instead.
ECOS solver failed:  The solver ECOS is not installed. 
Using SCS instead.
ECOS solver failed:  The solver ECOS is not installed. 
Using SCS instead.
ECOS solver failed:  The solver ECOS is not installed. 
Using SCS instead.
ECOS solver failed:  The solver ECOS is not installed. 
Using SCS instead.
ECOS solver failed:  The solver ECOS is not installed. 
Using SCS instead.
ECOS solver failed:  The solver ECOS is not installed. 
Using SCS instead.
ECOS solver failed:  The solver ECOS is not installed. 
Using SCS instead.
ECOS solver failed:  The solver ECOS is not installed. 
Using SCS instead.
ECOS solver failed:  The solver ECOS is not installed. 
Using SCS instead.
ECOS solver failed:  The solver ECOS is not installed. 
Using SCS instead.
ECOS solver failed:  The solver ECOS is not installed. 
Using SCS instead.
ECOS solver failed:  The solver ECOS is not installed. 
Using SCS instead.
ECOS solver failed:  The solver ECOS is not installed. 
Using SCS instead.
ECOS solver failed:  The solver ECOS is not installed. 
Using SCS instead.
ECOS solver failed:  The solver ECOS is not installed. 
Using SCS instead.
ECOS solver failed:  The solver ECOS is not installed. 
Using SCS instead.
ECOS solver failed:  The solver ECOS is not installed. 
Using SCS instead.
M-step Design Matrix Calculation time (sec): 0.0739
ECOS solver failed in IPCW_HAL_init, falling back to SCS: The solver ECOS is not installed.
WARNING - large complementary slackness residual: 0.033974
M-step CVXPY optimize time (sec): 1.3492
ECOS solver failed:  The solver ECOS is not installed. 
Using SCS instead.
ECOS solver failed:  The solver ECOS is not installed. 
Using SCS instead.
ECOS solver failed:  The solver ECOS is not installed. 
Using SCS instead.
ECOS solver failed:  The solver ECOS is not installed. 
Using SCS instead.
ECOS solver failed:  The solver ECOS is not installed. 
Using SCS instead.
ECOS solver failed:  The solver ECOS is not installed. 
Using SCS instead.
ECOS solver failed:  The solver ECOS is not installed. 
Using SCS instead.
ECOS solver failed:  The solver ECOS is not installed. 
Using SCS instead.
ECOS solver failed:  The solver ECOS is not installed. 
Using SCS instead.
ECOS solver failed:  The solver ECOS is not installed. 
Using SCS instead.
ECOS solver failed:  The solver ECOS is not installed. 
Using SCS instead.
ECOS solver failed:  The solver ECOS is not installed. 
Using SCS instead.
ECOS solver failed:  The solver ECOS is not installed. 
Using SCS instead.
ECOS solver failed:  The solver ECOS is not installed. 
Using SCS instead.
ECOS solver failed:  The solver ECOS is not installed. 
Using SCS instead.
ECOS solver failed:  The solver ECOS is not installed. 
Using SCS instead.
ECOS solver failed:  The solver ECOS is not installed. 
Using SCS instead.
ECOS solver failed:  The solver ECOS is not installed. 
Using SCS instead.
ECOS solver failed:  The solver ECOS is not installed. 
Using SCS instead.
ECOS solver failed:  The solver ECOS is not installed. 
Using SCS instead.
ECOS solver failed:  The solver ECOS is not installed. 
Using SCS instead.
M-step Design Matrix Calculation time (sec): 0.0349
ECOS solver failed in IPCW_HAL_init, falling back to SCS: The solver ECOS is not installed.
WARNING - large complementary slackness residual: 0.007231
M-step CVXPY optimize time (sec): 0.9288
ECOS solver failed:  The solver ECOS is not installed. 
Using SCS instead.
ECOS solver failed:  The solver ECOS is not installed. 
Using SCS instead.
ECOS solver failed:  The solver ECOS is not installed. 
Using SCS instead.
ECOS solver failed:  The solver ECOS is not installed. 
Using SCS instead.
ECOS solver failed:  The solver ECOS is not installed. 
Using SCS instead.
ECOS solver failed:  The solver ECOS is not installed. 
Using SCS instead.
ECOS solver failed:  The solver ECOS is not installed. 
Using SCS instead.
ECOS solver failed:  The solver ECOS is not installed. 
Using SCS instead.
ECOS solver failed:  The solver ECOS is not installed. 
Using SCS instead.
ECOS solver failed:  The solver ECOS is not installed. 
Using SCS instead.
ECOS solver failed:  The solver ECOS is not installed. 
Using SCS instead.
ECOS solver failed:  The solver ECOS is not installed. 
Using SCS instead.
ECOS solver failed:  The solver ECOS is not installed. 
Using SCS instead.
ECOS solver failed:  The solver ECOS is not installed. 
Using SCS instead.
ECOS solver failed:  The solver ECOS is not installed. 
Using SCS instead.
ECOS solver failed:  The solver ECOS is not installed. 
Using SCS instead.
ECOS solver failed:  The solver ECOS is not installed. 
Using SCS instead.
ECOS solver failed:  The solver ECOS is not installed. 
Using SCS instead.
ECOS solver failed:  The solver ECOS is not installed. 
Using SCS instead.
ECOS solver failed:  The solver ECOS is not installed. 
Using SCS instead.
ECOS solver failed:  The solver ECOS is not installed. 
Using SCS instead.
M-step Design Matrix Calculation time (sec): 0.0893
ECOS solver failed in IPCW_HAL_init, falling back to SCS: The solver ECOS is not installed.
WARNING - large complementary slackness residual: 0.041362
M-step CVXPY optimize time (sec): 2.0237
ECOS solver failed:  The solver ECOS is not installed. 
Using SCS instead.
ECOS solver failed:  The solver ECOS is not installed. 
Using SCS instead.
ECOS solver failed:  The solver ECOS is not installed. 
Using SCS instead.
ECOS solver failed:  The solver ECOS is not installed. 
Using SCS instead.
ECOS solver failed:  The solver ECOS is not installed. 
Using SCS instead.
ECOS solver failed:  The solver ECOS is not installed. 
Using SCS instead.
ECOS solver failed:  The solver ECOS is not installed. 
Using SCS instead.
ECOS solver failed:  The solver ECOS is not installed. 
Using SCS instead.
ECOS solver failed:  The solver ECOS is not installed. 
Using SCS instead.
ECOS solver failed:  The solver ECOS is not installed. 
Using SCS instead.
ECOS solver failed:  The solver ECOS is not installed. 
Using SCS instead.
ECOS solver failed:  The solver ECOS is not installed. 
Using SCS instead.
ECOS solver failed:  The solver ECOS is not installed. 
Using SCS instead.
ECOS solver failed:  The solver ECOS is not installed. 
Using SCS instead.
ECOS solver failed:  The solver ECOS is not installed. 
Using SCS instead.
ECOS solver failed:  The solver ECOS is not installed. 
Using SCS instead.
ECOS solver failed:  The solver ECOS is not installed. 
Using SCS instead.
ECOS solver failed:  The solver ECOS is not installed. 
Using SCS instead.
ECOS solver failed:  The solver ECOS is not installed. 
Using SCS instead.
ECOS solver failed:  The solver ECOS is not installed. 
Using SCS instead.
ECOS solver failed:  The solver ECOS is not installed. 
Using SCS instead.
M-step Design Matrix Calculation time (sec): 0.0216
ECOS solver failed in IPCW_HAL_init, falling back to SCS: The solver ECOS is not installed.
WARNING - large complementary slackness residual: 0.006099
M-step CVXPY optimize time (sec): 2.5922
ECOS solver failed:  The solver ECOS is not installed. 
Using SCS instead.
ECOS solver failed:  The solver ECOS is not installed. 
Using SCS instead.
ECOS solver failed:  The solver ECOS is not installed. 
Using SCS instead.
ECOS solver failed:  The solver ECOS is not installed. 
Using SCS instead.
ECOS solver failed:  The solver ECOS is not installed. 
Using SCS instead.
ECOS solver failed:  The solver ECOS is not installed. 
Using SCS instead.
ECOS solver failed:  The solver ECOS is not installed. 
Using SCS instead.
ECOS solver failed:  The solver ECOS is not installed. 
Using SCS instead.
ECOS solver failed:  The solver ECOS is not installed. 
Using SCS instead.
ECOS solver failed:  The solver ECOS is not installed. 
Using SCS instead.
ECOS solver failed:  The solver ECOS is not installed. 
Using SCS instead.
ECOS solver failed:  The solver ECOS is not installed. 
Using SCS instead.
ECOS solver failed:  The solver ECOS is not installed. 
Using SCS instead.
ECOS solver failed:  The solver ECOS is not installed. 
Using SCS instead.
ECOS solver failed:  The solver ECOS is not installed. 
Using SCS instead.
ECOS solver failed:  The solver ECOS is not installed. 
Using SCS instead.
ECOS solver failed:  The solver ECOS is not installed. 
Using SCS instead.
ECOS solver failed:  The solver ECOS is not installed. 
Using SCS instead.
ECOS solver failed:  The solver ECOS is not installed. 
Using SCS instead.
ECOS solver failed:  The solver ECOS is not installed. 
Using SCS instead.
ECOS solver failed:  The solver ECOS is not installed. 
Using SCS instead.
M-step Design Matrix Calculation time (sec): 0.0773
ECOS solver failed in IPCW_HAL_init, falling back to SCS: The solver ECOS is not installed.
WARNING - large complementary slackness residual: 0.022218
M-step CVXPY optimize time (sec): 4.5140
ECOS solver failed:  The solver ECOS is not installed. 
Using SCS instead.
ECOS solver failed:  The solver ECOS is not installed. 
Using SCS instead.
ECOS solver failed:  The solver ECOS is not installed. 
Using SCS instead.
ECOS solver failed:  The solver ECOS is not installed. 
Using SCS instead.
ECOS solver failed:  The solver ECOS is not installed. 
Using SCS instead.
ECOS solver failed:  The solver ECOS is not installed. 
Using SCS instead.
ECOS solver failed:  The solver ECOS is not installed. 
Using SCS instead.
ECOS solver failed:  The solver ECOS is not installed. 
Using SCS instead.
ECOS solver failed:  The solver ECOS is not installed. 
Using SCS instead.
ECOS solver failed:  The solver ECOS is not installed. 
Using SCS instead.
ECOS solver failed:  The solver ECOS is not installed. 
Using SCS instead.
ECOS solver failed:  The solver ECOS is not installed. 
Using SCS instead.
ECOS solver failed:  The solver ECOS is not installed. 
Using SCS instead.
ECOS solver failed:  The solver ECOS is not installed. 
Using SCS instead.
ECOS solver failed:  The solver ECOS is not installed. 
Using SCS instead.
ECOS solver failed:  The solver ECOS is not installed. 
Using SCS instead.
ECOS solver failed:  The solver ECOS is not installed. 
Using SCS instead.
ECOS solver failed:  The solver ECOS is not installed. 
Using SCS instead.
ECOS solver failed:  The solver ECOS is not installed. 
Using SCS instead.
ECOS solver failed:  The solver ECOS is not installed. 
Using SCS instead.
ECOS solver failed:  The solver ECOS is not installed. 
Using SCS instead.
M-step Design Matrix Calculation time (sec): 0.0350
ECOS solver failed in IPCW_HAL_init, falling back to SCS: The solver ECOS is not installed.
M-step CVXPY optimize time (sec): 0.6295
ECOS solver failed:  The solver ECOS is not installed. 
Using SCS instead.
ECOS solver failed:  The solver ECOS is not installed. 
Using SCS instead.
ECOS solver failed:  The solver ECOS is not installed. 
Using SCS instead.
ECOS solver failed:  The solver ECOS is not installed. 
Using SCS instead.
ECOS solver failed:  The solver ECOS is not installed. 
Using SCS instead.
ECOS solver failed:  The solver ECOS is not installed. 
Using SCS instead.
ECOS solver failed:  The solver ECOS is not installed. 
Using SCS instead.
ECOS solver failed:  The solver ECOS is not installed. 
Using SCS instead.
ECOS solver failed:  The solver ECOS is not installed. 
Using SCS instead.
ECOS solver failed:  The solver ECOS is not installed. 
Using SCS instead.
ECOS solver failed:  The solver ECOS is not installed. 
Using SCS instead.
ECOS solver failed:  The solver ECOS is not installed. 
Using SCS instead.
ECOS solver failed:  The solver ECOS is not installed. 
Using SCS instead.
ECOS solver failed:  The solver ECOS is not installed. 
Using SCS instead.
ECOS solver failed:  The solver ECOS is not installed. 
Using SCS instead.
ECOS solver failed:  The solver ECOS is not installed. 
Using SCS instead.
ECOS solver failed:  The solver ECOS is not installed. 
Using SCS instead.
ECOS solver failed:  The solver ECOS is not installed. 
Using SCS instead.
ECOS solver failed:  The solver ECOS is not installed. 
Using SCS instead.
ECOS solver failed:  The solver ECOS is not installed. 
Using SCS instead.
ECOS solver failed:  The solver ECOS is not installed. 
Using SCS instead.
M-step Design Matrix Calculation time (sec): 0.0191
ECOS solver failed in IPCW_HAL_init, falling back to SCS: The solver ECOS is not installed.
WARNING - large complementary slackness residual: 0.029660
M-step CVXPY optimize time (sec): 2.2551
ECOS solver failed:  The solver ECOS is not installed. 
Using SCS instead.
ECOS solver failed:  The solver ECOS is not installed. 
Using SCS instead.
ECOS solver failed:  The solver ECOS is not installed. 
Using SCS instead.
ECOS solver failed:  The solver ECOS is not installed. 
Using SCS instead.
ECOS solver failed:  The solver ECOS is not installed. 
Using SCS instead.
ECOS solver failed:  The solver ECOS is not installed. 
Using SCS instead.
ECOS solver failed:  The solver ECOS is not installed. 
Using SCS instead.
ECOS solver failed:  The solver ECOS is not installed. 
Using SCS instead.
ECOS solver failed:  The solver ECOS is not installed. 
Using SCS instead.
ECOS solver failed:  The solver ECOS is not installed. 
Using SCS instead.
ECOS solver failed:  The solver ECOS is not installed. 
Using SCS instead.
ECOS solver failed:  The solver ECOS is not installed. 
Using SCS instead.
ECOS solver failed:  The solver ECOS is not installed. 
Using SCS instead.
ECOS solver failed:  The solver ECOS is not installed. 
Using SCS instead.
ECOS solver failed:  The solver ECOS is not installed. 
Using SCS instead.
ECOS solver failed:  The solver ECOS is not installed. 
Using SCS instead.
ECOS solver failed:  The solver ECOS is not installed. 
Using SCS instead.
ECOS solver failed:  The solver ECOS is not installed. 
Using SCS instead.
ECOS solver failed:  The solver ECOS is not installed. 
Using SCS instead.
ECOS solver failed:  The solver ECOS is not installed. 
Using SCS instead.
ECOS solver failed:  The solver ECOS is not installed. 
Using SCS instead.
M-step Design Matrix Calculation time (sec): 0.0357
ECOS solver failed in IPCW_HAL_init, falling back to SCS: The solver ECOS is not installed.
WARNING - large complementary slackness residual: 0.017482
M-step CVXPY optimize time (sec): 1.5570
ECOS solver failed:  The solver ECOS is not installed. 
Using SCS instead.
ECOS solver failed:  The solver ECOS is not installed. 
Using SCS instead.
ECOS solver failed:  The solver ECOS is not installed. 
Using SCS instead.
ECOS solver failed:  The solver ECOS is not installed. 
Using SCS instead.
ECOS solver failed:  The solver ECOS is not installed. 
Using SCS instead.
ECOS solver failed:  The solver ECOS is not installed. 
Using SCS instead.
ECOS solver failed:  The solver ECOS is not installed. 
Using SCS instead.
ECOS solver failed:  The solver ECOS is not installed. 
Using SCS instead.
ECOS solver failed:  The solver ECOS is not installed. 
Using SCS instead.
ECOS solver failed:  The solver ECOS is not installed. 
Using SCS instead.
ECOS solver failed:  The solver ECOS is not installed. 
Using SCS instead.
ECOS solver failed:  The solver ECOS is not installed. 
Using SCS instead.
ECOS solver failed:  The solver ECOS is not installed. 
Using SCS instead.
ECOS solver failed:  The solver ECOS is not installed. 
Using SCS instead.
ECOS solver failed:  The solver ECOS is not installed. 
Using SCS instead.
ECOS solver failed:  The solver ECOS is not installed. 
Using SCS instead.
ECOS solver failed:  The solver ECOS is not installed. 
Using SCS instead.
ECOS solver failed:  The solver ECOS is not installed. 
Using SCS instead.
ECOS solver failed:  The solver ECOS is not installed. 
Using SCS instead.
ECOS solver failed:  The solver ECOS is not installed. 
Using SCS instead.
ECOS solver failed:  The solver ECOS is not installed. 
Using SCS instead.
M-step Design Matrix Calculation time (sec): 0.0493
ECOS solver failed in IPCW_HAL_init, falling back to SCS: The solver ECOS is not installed.
WARNING - large complementary slackness residual: 0.006906
M-step CVXPY optimize time (sec): 1.5814
ECOS solver failed:  The solver ECOS is not installed. 
Using SCS instead.
ECOS solver failed:  The solver ECOS is not installed. 
Using SCS instead.
ECOS solver failed:  The solver ECOS is not installed. 
Using SCS instead.
ECOS solver failed:  The solver ECOS is not installed. 
Using SCS instead.
ECOS solver failed:  The solver ECOS is not installed. 
Using SCS instead.
ECOS solver failed:  The solver ECOS is not installed. 
Using SCS instead.
ECOS solver failed:  The solver ECOS is not installed. 
Using SCS instead.
ECOS solver failed:  The solver ECOS is not installed. 
Using SCS instead.
ECOS solver failed:  The solver ECOS is not installed. 
Using SCS instead.
ECOS solver failed:  The solver ECOS is not installed. 
Using SCS instead.
ECOS solver failed:  The solver ECOS is not installed. 
Using SCS instead.
ECOS solver failed:  The solver ECOS is not installed. 
Using SCS instead.
ECOS solver failed:  The solver ECOS is not installed. 
Using SCS instead.
ECOS solver failed:  The solver ECOS is not installed. 
Using SCS instead.
ECOS solver failed:  The solver ECOS is not installed. 
Using SCS instead.
ECOS solver failed:  The solver ECOS is not installed. 
Using SCS instead.
ECOS solver failed:  The solver ECOS is not installed. 
Using SCS instead.
ECOS solver failed:  The solver ECOS is not installed. 
Using SCS instead.
ECOS solver failed:  The solver ECOS is not installed. 
Using SCS instead.
ECOS solver failed:  The solver ECOS is not installed. 
Using SCS instead.
ECOS solver failed:  The solver ECOS is not installed. 
Using SCS instead.
M-step Design Matrix Calculation time (sec): 0.0591
ECOS solver failed in IPCW_HAL_init, falling back to SCS: The solver ECOS is not installed.
M-step CVXPY optimize time (sec): 0.8623
ECOS solver failed:  The solver ECOS is not installed. 
Using SCS instead.
ECOS solver failed:  The solver ECOS is not installed. 
Using SCS instead.
ECOS solver failed:  The solver ECOS is not installed. 
Using SCS instead.
ECOS solver failed:  The solver ECOS is not installed. 
Using SCS instead.
ECOS solver failed:  The solver ECOS is not installed. 
Using SCS instead.
ECOS solver failed:  The solver ECOS is not installed. 
Using SCS instead.
ECOS solver failed:  The solver ECOS is not installed. 
Using SCS instead.
ECOS solver failed:  The solver ECOS is not installed. 
Using SCS instead.
ECOS solver failed:  The solver ECOS is not installed. 
Using SCS instead.
ECOS solver failed:  The solver ECOS is not installed. 
Using SCS instead.
ECOS solver failed:  The solver ECOS is not installed. 
Using SCS instead.
ECOS solver failed:  The solver ECOS is not installed. 
Using SCS instead.
ECOS solver failed:  The solver ECOS is not installed. 
Using SCS instead.
ECOS solver failed:  The solver ECOS is not installed. 
Using SCS instead.
ECOS solver failed:  The solver ECOS is not installed. 
Using SCS instead.
ECOS solver failed:  The solver ECOS is not installed. 
Using SCS instead.
ECOS solver failed:  The solver ECOS is not installed. 
Using SCS instead.
ECOS solver failed:  The solver ECOS is not installed. 
Using SCS instead.
ECOS solver failed:  The solver ECOS is not installed. 
Using SCS instead.
ECOS solver failed:  The solver ECOS is not installed. 
Using SCS instead.
ECOS solver failed:  The solver ECOS is not installed. 
Using SCS instead.
M-step Design Matrix Calculation time (sec): 0.0170
ECOS solver failed in IPCW_HAL_init, falling back to SCS: The solver ECOS is not installed.
M-step CVXPY optimize time (sec): 1.3060
ECOS solver failed:  The solver ECOS is not installed. 
Using SCS instead.
ECOS solver failed:  The solver ECOS is not installed. 
Using SCS instead.
ECOS solver failed:  The solver ECOS is not installed. 
Using SCS instead.
ECOS solver failed:  The solver ECOS is not installed. 
Using SCS instead.
ECOS solver failed:  The solver ECOS is not installed. 
Using SCS instead.
ECOS solver failed:  The solver ECOS is not installed. 
Using SCS instead.
ECOS solver failed:  The solver ECOS is not installed. 
Using SCS instead.
ECOS solver failed:  The solver ECOS is not installed. 
Using SCS instead.
ECOS solver failed:  The solver ECOS is not installed. 
Using SCS instead.
ECOS solver failed:  The solver ECOS is not installed. 
Using SCS instead.
ECOS solver failed:  The solver ECOS is not installed. 
Using SCS instead.
ECOS solver failed:  The solver ECOS is not installed. 
Using SCS instead.
ECOS solver failed:  The solver ECOS is not installed. 
Using SCS instead.
ECOS solver failed:  The solver ECOS is not installed. 
Using SCS instead.
ECOS solver failed:  The solver ECOS is not installed. 
Using SCS instead.
ECOS solver failed:  The solver ECOS is not installed. 
Using SCS instead.
ECOS solver failed:  The solver ECOS is not installed. 
Using SCS instead.
ECOS solver failed:  The solver ECOS is not installed. 
Using SCS instead.
ECOS solver failed:  The solver ECOS is not installed. 
Using SCS instead.
ECOS solver failed:  The solver ECOS is not installed. 
Using SCS instead.
ECOS solver failed:  The solver ECOS is not installed. 
Using SCS instead.
M-step Design Matrix Calculation time (sec): 0.0330
ECOS solver failed in IPCW_HAL_init, falling back to SCS: The solver ECOS is not installed.
WARNING - large complementary slackness residual: 0.016802
M-step CVXPY optimize time (sec): 1.6766
ECOS solver failed:  The solver ECOS is not installed. 
Using SCS instead.
ECOS solver failed:  The solver ECOS is not installed. 
Using SCS instead.
ECOS solver failed:  The solver ECOS is not installed. 
Using SCS instead.
ECOS solver failed:  The solver ECOS is not installed. 
Using SCS instead.
ECOS solver failed:  The solver ECOS is not installed. 
Using SCS instead.
ECOS solver failed:  The solver ECOS is not installed. 
Using SCS instead.
ECOS solver failed:  The solver ECOS is not installed. 
Using SCS instead.
ECOS solver failed:  The solver ECOS is not installed. 
Using SCS instead.
ECOS solver failed:  The solver ECOS is not installed. 
Using SCS instead.
ECOS solver failed:  The solver ECOS is not installed. 
Using SCS instead.
ECOS solver failed:  The solver ECOS is not installed. 
Using SCS instead.
ECOS solver failed:  The solver ECOS is not installed. 
Using SCS instead.
ECOS solver failed:  The solver ECOS is not installed. 
Using SCS instead.
ECOS solver failed:  The solver ECOS is not installed. 
Using SCS instead.
ECOS solver failed:  The solver ECOS is not installed. 
Using SCS instead.
ECOS solver failed:  The solver ECOS is not installed. 
Using SCS instead.
ECOS solver failed:  The solver ECOS is not installed. 
Using SCS instead.
ECOS solver failed:  The solver ECOS is not installed. 
Using SCS instead.
ECOS solver failed:  The solver ECOS is not installed. 
Using SCS instead.
ECOS solver failed:  The solver ECOS is not installed. 
Using SCS instead.
ECOS solver failed:  The solver ECOS is not installed. 
Using SCS instead.
M-step Design Matrix Calculation time (sec): 0.0651
ECOS solver failed in IPCW_HAL_init, falling back to SCS: The solver ECOS is not installed.
WARNING - large complementary slackness residual: 0.010962
M-step CVXPY optimize time (sec): 1.4936
ECOS solver failed:  The solver ECOS is not installed. 
Using SCS instead.
ECOS solver failed:  The solver ECOS is not installed. 
Using SCS instead.
ECOS solver failed:  The solver ECOS is not installed. 
Using SCS instead.
ECOS solver failed:  The solver ECOS is not installed. 
Using SCS instead.
ECOS solver failed:  The solver ECOS is not installed. 
Using SCS instead.
ECOS solver failed:  The solver ECOS is not installed. 
Using SCS instead.
ECOS solver failed:  The solver ECOS is not installed. 
Using SCS instead.
ECOS solver failed:  The solver ECOS is not installed. 
Using SCS instead.
ECOS solver failed:  The solver ECOS is not installed. 
Using SCS instead.
ECOS solver failed:  The solver ECOS is not installed. 
Using SCS instead.
ECOS solver failed:  The solver ECOS is not installed. 
Using SCS instead.
ECOS solver failed:  The solver ECOS is not installed. 
Using SCS instead.
ECOS solver failed:  The solver ECOS is not installed. 
Using SCS instead.
ECOS solver failed:  The solver ECOS is not installed. 
Using SCS instead.
ECOS solver failed:  The solver ECOS is not installed. 
Using SCS instead.
ECOS solver failed:  The solver ECOS is not installed. 
Using SCS instead.
ECOS solver failed:  The solver ECOS is not installed. 
Using SCS instead.
ECOS solver failed:  The solver ECOS is not installed. 
Using SCS instead.
ECOS solver failed:  The solver ECOS is not installed. 
Using SCS instead.
ECOS solver failed:  The solver ECOS is not installed. 
Using SCS instead.
ECOS solver failed:  The solver ECOS is not installed. 
Using SCS instead.
M-step Design Matrix Calculation time (sec): 0.0198
ECOS solver failed in IPCW_HAL_init, falling back to SCS: The solver ECOS is not installed.
M-step CVXPY optimize time (sec): 1.0822
ECOS solver failed:  The solver ECOS is not installed. 
Using SCS instead.
ECOS solver failed:  The solver ECOS is not installed. 
Using SCS instead.
ECOS solver failed:  The solver ECOS is not installed. 
Using SCS instead.
ECOS solver failed:  The solver ECOS is not installed. 
Using SCS instead.
ECOS solver failed:  The solver ECOS is not installed. 
Using SCS instead.
ECOS solver failed:  The solver ECOS is not installed. 
Using SCS instead.
ECOS solver failed:  The solver ECOS is not installed. 
Using SCS instead.
ECOS solver failed:  The solver ECOS is not installed. 
Using SCS instead.
ECOS solver failed:  The solver ECOS is not installed. 
Using SCS instead.
ECOS solver failed:  The solver ECOS is not installed. 
Using SCS instead.
ECOS solver failed:  The solver ECOS is not installed. 
Using SCS instead.
ECOS solver failed:  The solver ECOS is not installed. 
Using SCS instead.
ECOS solver failed:  The solver ECOS is not installed. 
Using SCS instead.
ECOS solver failed:  The solver ECOS is not installed. 
Using SCS instead.
ECOS solver failed:  The solver ECOS is not installed. 
Using SCS instead.
ECOS solver failed:  The solver ECOS is not installed. 
Using SCS instead.
ECOS solver failed:  The solver ECOS is not installed. 
Using SCS instead.
ECOS solver failed:  The solver ECOS is not installed. 
Using SCS instead.
ECOS solver failed:  The solver ECOS is not installed. 
Using SCS instead.
ECOS solver failed:  The solver ECOS is not installed. 
Using SCS instead.
ECOS solver failed:  The solver ECOS is not installed. 
Using SCS instead.
M-step Design Matrix Calculation time (sec): 0.0179
ECOS solver failed in IPCW_HAL_init, falling back to SCS: The solver ECOS is not installed.
WARNING - large complementary slackness residual: 0.022735
M-step CVXPY optimize time (sec): 1.1311
ECOS solver failed:  The solver ECOS is not installed. 
Using SCS instead.
ECOS solver failed:  The solver ECOS is not installed. 
Using SCS instead.
ECOS solver failed:  The solver ECOS is not installed. 
Using SCS instead.
ECOS solver failed:  The solver ECOS is not installed. 
Using SCS instead.
ECOS solver failed:  The solver ECOS is not installed. 
Using SCS instead.
ECOS solver failed:  The solver ECOS is not installed. 
Using SCS instead.
ECOS solver failed:  The solver ECOS is not installed. 
Using SCS instead.
ECOS solver failed:  The solver ECOS is not installed. 
Using SCS instead.
ECOS solver failed:  The solver ECOS is not installed. 
Using SCS instead.
ECOS solver failed:  The solver ECOS is not installed. 
Using SCS instead.
ECOS solver failed:  The solver ECOS is not installed. 
Using SCS instead.
ECOS solver failed:  The solver ECOS is not installed. 
Using SCS instead.
ECOS solver failed:  The solver ECOS is not installed. 
Using SCS instead.
ECOS solver failed:  The solver ECOS is not installed. 
Using SCS instead.
ECOS solver failed:  The solver ECOS is not installed. 
Using SCS instead.
ECOS solver failed:  The solver ECOS is not installed. 
Using SCS instead.
ECOS solver failed:  The solver ECOS is not installed. 
Using SCS instead.
ECOS solver failed:  The solver ECOS is not installed. 
Using SCS instead.
ECOS solver failed:  The solver ECOS is not installed. 
Using SCS instead.
ECOS solver failed:  The solver ECOS is not installed. 
Using SCS instead.
ECOS solver failed:  The solver ECOS is not installed. 
Using SCS instead.
M-step Design Matrix Calculation time (sec): 0.0373
ECOS solver failed in IPCW_HAL_init, falling back to SCS: The solver ECOS is not installed.
WARNING - large complementary slackness residual: 0.007911
M-step CVXPY optimize time (sec): 1.5086
ECOS solver failed:  The solver ECOS is not installed. 
Using SCS instead.
ECOS solver failed:  The solver ECOS is not installed. 
Using SCS instead.
ECOS solver failed:  The solver ECOS is not installed. 
Using SCS instead.
ECOS solver failed:  The solver ECOS is not installed. 
Using SCS instead.
ECOS solver failed:  The solver ECOS is not installed. 
Using SCS instead.
ECOS solver failed:  The solver ECOS is not installed. 
Using SCS instead.
ECOS solver failed:  The solver ECOS is not installed. 
Using SCS instead.
ECOS solver failed:  The solver ECOS is not installed. 
Using SCS instead.
ECOS solver failed:  The solver ECOS is not installed. 
Using SCS instead.
ECOS solver failed:  The solver ECOS is not installed. 
Using SCS instead.
ECOS solver failed:  The solver ECOS is not installed. 
Using SCS instead.
ECOS solver failed:  The solver ECOS is not installed. 
Using SCS instead.
ECOS solver failed:  The solver ECOS is not installed. 
Using SCS instead.
ECOS solver failed:  The solver ECOS is not installed. 
Using SCS instead.
ECOS solver failed:  The solver ECOS is not installed. 
Using SCS instead.
ECOS solver failed:  The solver ECOS is not installed. 
Using SCS instead.
ECOS solver failed:  The solver ECOS is not installed. 
Using SCS instead.
ECOS solver failed:  The solver ECOS is not installed. 
Using SCS instead.
ECOS solver failed:  The solver ECOS is not installed. 
Using SCS instead.
ECOS solver failed:  The solver ECOS is not installed. 
Using SCS instead.
ECOS solver failed:  The solver ECOS is not installed. 
Using SCS instead.
M-step Design Matrix Calculation time (sec): 0.0193
ECOS solver failed in IPCW_HAL_init, falling back to SCS: The solver ECOS is not installed.
M-step CVXPY optimize time (sec): 0.9686
ECOS solver failed:  The solver ECOS is not installed. 
Using SCS instead.
ECOS solver failed:  The solver ECOS is not installed. 
Using SCS instead.
ECOS solver failed:  The solver ECOS is not installed. 
Using SCS instead.
ECOS solver failed:  The solver ECOS is not installed. 
Using SCS instead.
ECOS solver failed:  The solver ECOS is not installed. 
Using SCS instead.
ECOS solver failed:  The solver ECOS is not installed. 
Using SCS instead.
ECOS solver failed:  The solver ECOS is not installed. 
Using SCS instead.
ECOS solver failed:  The solver ECOS is not installed. 
Using SCS instead.
ECOS solver failed:  The solver ECOS is not installed. 
Using SCS instead.
ECOS solver failed:  The solver ECOS is not installed. 
Using SCS instead.
ECOS solver failed:  The solver ECOS is not installed. 
Using SCS instead.
ECOS solver failed:  The solver ECOS is not installed. 
Using SCS instead.
ECOS solver failed:  The solver ECOS is not installed. 
Using SCS instead.
ECOS solver failed:  The solver ECOS is not installed. 
Using SCS instead.
ECOS solver failed:  The solver ECOS is not installed. 
Using SCS instead.
ECOS solver failed:  The solver ECOS is not installed. 
Using SCS instead.
ECOS solver failed:  The solver ECOS is not installed. 
Using SCS instead.
ECOS solver failed:  The solver ECOS is not installed. 
Using SCS instead.
ECOS solver failed:  The solver ECOS is not installed. 
Using SCS instead.
ECOS solver failed:  The solver ECOS is not installed. 
Using SCS instead.
ECOS solver failed:  The solver ECOS is not installed. 
Using SCS instead.
M-step Design Matrix Calculation time (sec): 0.0341
ECOS solver failed in IPCW_HAL_init, falling back to SCS: The solver ECOS is not installed.
M-step CVXPY optimize time (sec): 0.6579
ECOS solver failed:  The solver ECOS is not installed. 
Using SCS instead.
ECOS solver failed:  The solver ECOS is not installed. 
Using SCS instead.
ECOS solver failed:  The solver ECOS is not installed. 
Using SCS instead.
ECOS solver failed:  The solver ECOS is not installed. 
Using SCS instead.
ECOS solver failed:  The solver ECOS is not installed. 
Using SCS instead.
ECOS solver failed:  The solver ECOS is not installed. 
Using SCS instead.
ECOS solver failed:  The solver ECOS is not installed. 
Using SCS instead.
ECOS solver failed:  The solver ECOS is not installed. 
Using SCS instead.
ECOS solver failed:  The solver ECOS is not installed. 
Using SCS instead.
ECOS solver failed:  The solver ECOS is not installed. 
Using SCS instead.
ECOS solver failed:  The solver ECOS is not installed. 
Using SCS instead.
ECOS solver failed:  The solver ECOS is not installed. 
Using SCS instead.
ECOS solver failed:  The solver ECOS is not installed. 
Using SCS instead.
ECOS solver failed:  The solver ECOS is not installed. 
Using SCS instead.
ECOS solver failed:  The solver ECOS is not installed. 
Using SCS instead.
ECOS solver failed:  The solver ECOS is not installed. 
Using SCS instead.
ECOS solver failed:  The solver ECOS is not installed. 
Using SCS instead.
ECOS solver failed:  The solver ECOS is not installed. 
Using SCS instead.
ECOS solver failed:  The solver ECOS is not installed. 
Using SCS instead.
ECOS solver failed:  The solver ECOS is not installed. 
Using SCS instead.
ECOS solver failed:  The solver ECOS is not installed. 
Using SCS instead.
M-step Design Matrix Calculation time (sec): 0.0188
ECOS solver failed in IPCW_HAL_init, falling back to SCS: The solver ECOS is not installed.
M-step CVXPY optimize time (sec): 0.7585
ECOS solver failed:  The solver ECOS is not installed. 
Using SCS instead.
ECOS solver failed:  The solver ECOS is not installed. 
Using SCS instead.
ECOS solver failed:  The solver ECOS is not installed. 
Using SCS instead.
ECOS solver failed:  The solver ECOS is not installed. 
Using SCS instead.
ECOS solver failed:  The solver ECOS is not installed. 
Using SCS instead.
ECOS solver failed:  The solver ECOS is not installed. 
Using SCS instead.
ECOS solver failed:  The solver ECOS is not installed. 
Using SCS instead.
ECOS solver failed:  The solver ECOS is not installed. 
Using SCS instead.
ECOS solver failed:  The solver ECOS is not installed. 
Using SCS instead.
ECOS solver failed:  The solver ECOS is not installed. 
Using SCS instead.
ECOS solver failed:  The solver ECOS is not installed. 
Using SCS instead.
ECOS solver failed:  The solver ECOS is not installed. 
Using SCS instead.
ECOS solver failed:  The solver ECOS is not installed. 
Using SCS instead.
ECOS solver failed:  The solver ECOS is not installed. 
Using SCS instead.
ECOS solver failed:  The solver ECOS is not installed. 
Using SCS instead.
ECOS solver failed:  The solver ECOS is not installed. 
Using SCS instead.
ECOS solver failed:  The solver ECOS is not installed. 
Using SCS instead.
ECOS solver failed:  The solver ECOS is not installed. 
Using SCS instead.
ECOS solver failed:  The solver ECOS is not installed. 
Using SCS instead.
ECOS solver failed:  The solver ECOS is not installed. 
Using SCS instead.
ECOS solver failed:  The solver ECOS is not installed. 
Using SCS instead.
M-step Design Matrix Calculation time (sec): 0.0572
ECOS solver failed in IPCW_HAL_init, falling back to SCS: The solver ECOS is not installed.
WARNING - large complementary slackness residual: 0.033106
M-step CVXPY optimize time (sec): 1.3448
ECOS solver failed:  The solver ECOS is not installed. 
Using SCS instead.
ECOS solver failed:  The solver ECOS is not installed. 
Using SCS instead.
ECOS solver failed:  The solver ECOS is not installed. 
Using SCS instead.
ECOS solver failed:  The solver ECOS is not installed. 
Using SCS instead.
ECOS solver failed:  The solver ECOS is not installed. 
Using SCS instead.
ECOS solver failed:  The solver ECOS is not installed. 
Using SCS instead.
ECOS solver failed:  The solver ECOS is not installed. 
Using SCS instead.
ECOS solver failed:  The solver ECOS is not installed. 
Using SCS instead.
ECOS solver failed:  The solver ECOS is not installed. 
Using SCS instead.
ECOS solver failed:  The solver ECOS is not installed. 
Using SCS instead.
ECOS solver failed:  The solver ECOS is not installed. 
Using SCS instead.
ECOS solver failed:  The solver ECOS is not installed. 
Using SCS instead.
ECOS solver failed:  The solver ECOS is not installed. 
Using SCS instead.
ECOS solver failed:  The solver ECOS is not installed. 
Using SCS instead.
ECOS solver failed:  The solver ECOS is not installed. 
Using SCS instead.
ECOS solver failed:  The solver ECOS is not installed. 
Using SCS instead.
ECOS solver failed:  The solver ECOS is not installed. 
Using SCS instead.
ECOS solver failed:  The solver ECOS is not installed. 
Using SCS instead.
ECOS solver failed:  The solver ECOS is not installed. 
Using SCS instead.
ECOS solver failed:  The solver ECOS is not installed. 
Using SCS instead.
ECOS solver failed:  The solver ECOS is not installed. 
Using SCS instead.
M-step Design Matrix Calculation time (sec): 0.1543
ECOS solver failed in IPCW_HAL_init, falling back to SCS: The solver ECOS is not installed.
WARNING - large complementary slackness residual: 0.012125
M-step CVXPY optimize time (sec): 1.1050
ECOS solver failed:  The solver ECOS is not installed. 
Using SCS instead.
ECOS solver failed:  The solver ECOS is not installed. 
Using SCS instead.
ECOS solver failed:  The solver ECOS is not installed. 
Using SCS instead.
ECOS solver failed:  The solver ECOS is not installed. 
Using SCS instead.
ECOS solver failed:  The solver ECOS is not installed. 
Using SCS instead.
ECOS solver failed:  The solver ECOS is not installed. 
Using SCS instead.
ECOS solver failed:  The solver ECOS is not installed. 
Using SCS instead.
ECOS solver failed:  The solver ECOS is not installed. 
Using SCS instead.
ECOS solver failed:  The solver ECOS is not installed. 
Using SCS instead.
ECOS solver failed:  The solver ECOS is not installed. 
Using SCS instead.
ECOS solver failed:  The solver ECOS is not installed. 
Using SCS instead.
ECOS solver failed:  The solver ECOS is not installed. 
Using SCS instead.
ECOS solver failed:  The solver ECOS is not installed. 
Using SCS instead.
ECOS solver failed:  The solver ECOS is not installed. 
Using SCS instead.
ECOS solver failed:  The solver ECOS is not installed. 
Using SCS instead.
ECOS solver failed:  The solver ECOS is not installed. 
Using SCS instead.
ECOS solver failed:  The solver ECOS is not installed. 
Using SCS instead.
ECOS solver failed:  The solver ECOS is not installed. 
Using SCS instead.
ECOS solver failed:  The solver ECOS is not installed. 
Using SCS instead.
ECOS solver failed:  The solver ECOS is not installed. 
Using SCS instead.
ECOS solver failed:  The solver ECOS is not installed. 
Using SCS instead.
M-step Design Matrix Calculation time (sec): 0.0165
ECOS solver failed in IPCW_HAL_init, falling back to SCS: The solver ECOS is not installed.
M-step CVXPY optimize time (sec): 0.4128
ECOS solver failed:  The solver ECOS is not installed. 
Using SCS instead.
ECOS solver failed:  The solver ECOS is not installed. 
Using SCS instead.
ECOS solver failed:  The solver ECOS is not installed. 
Using SCS instead.
ECOS solver failed:  The solver ECOS is not installed. 
Using SCS instead.
ECOS solver failed:  The solver ECOS is not installed. 
Using SCS instead.
ECOS solver failed:  The solver ECOS is not installed. 
Using SCS instead.
ECOS solver failed:  The solver ECOS is not installed. 
Using SCS instead.
ECOS solver failed:  The solver ECOS is not installed. 
Using SCS instead.
ECOS solver failed:  The solver ECOS is not installed. 
Using SCS instead.
ECOS solver failed:  The solver ECOS is not installed. 
Using SCS instead.
ECOS solver failed:  The solver ECOS is not installed. 
Using SCS instead.
ECOS solver failed:  The solver ECOS is not installed. 
Using SCS instead.
ECOS solver failed:  The solver ECOS is not installed. 
Using SCS instead.
ECOS solver failed:  The solver ECOS is not installed. 
Using SCS instead.
ECOS solver failed:  The solver ECOS is not installed. 
Using SCS instead.
ECOS solver failed:  The solver ECOS is not installed. 
Using SCS instead.
ECOS solver failed:  The solver ECOS is not installed. 
Using SCS instead.
ECOS solver failed:  The solver ECOS is not installed. 
Using SCS instead.
ECOS solver failed:  The solver ECOS is not installed. 
Using SCS instead.
ECOS solver failed:  The solver ECOS is not installed. 
Using SCS instead.
ECOS solver failed:  The solver ECOS is not installed. 
Using SCS instead.
M-step Design Matrix Calculation time (sec): 0.1139
ECOS solver failed in IPCW_HAL_init, falling back to SCS: The solver ECOS is not installed.
WARNING - large complementary slackness residual: 0.015880
M-step CVXPY optimize time (sec): 3.2345
ECOS solver failed:  The solver ECOS is not installed. 
Using SCS instead.
ECOS solver failed:  The solver ECOS is not installed. 
Using SCS instead.
ECOS solver failed:  The solver ECOS is not installed. 
Using SCS instead.
ECOS solver failed:  The solver ECOS is not installed. 
Using SCS instead.
ECOS solver failed:  The solver ECOS is not installed. 
Using SCS instead.
ECOS solver failed:  The solver ECOS is not installed. 
Using SCS instead.
ECOS solver failed:  The solver ECOS is not installed. 
Using SCS instead.
ECOS solver failed:  The solver ECOS is not installed. 
Using SCS instead.
ECOS solver failed:  The solver ECOS is not installed. 
Using SCS instead.
ECOS solver failed:  The solver ECOS is not installed. 
Using SCS instead.
ECOS solver failed:  The solver ECOS is not installed. 
Using SCS instead.
ECOS solver failed:  The solver ECOS is not installed. 
Using SCS instead.
ECOS solver failed:  The solver ECOS is not installed. 
Using SCS instead.
ECOS solver failed:  The solver ECOS is not installed. 
Using SCS instead.
ECOS solver failed:  The solver ECOS is not installed. 
Using SCS instead.
ECOS solver failed:  The solver ECOS is not installed. 
Using SCS instead.
ECOS solver failed:  The solver ECOS is not installed. 
Using SCS instead.
ECOS solver failed:  The solver ECOS is not installed. 
Using SCS instead.
ECOS solver failed:  The solver ECOS is not installed. 
Using SCS instead.
ECOS solver failed:  The solver ECOS is not installed. 
Using SCS instead.
ECOS solver failed:  The solver ECOS is not installed. 
Using SCS instead.
M-step Design Matrix Calculation time (sec): 0.0400
ECOS solver failed in IPCW_HAL_init, falling back to SCS: The solver ECOS is not installed.
WARNING - large complementary slackness residual: 0.016186
M-step CVXPY optimize time (sec): 2.6475
ECOS solver failed:  The solver ECOS is not installed. 
Using SCS instead.
ECOS solver failed:  The solver ECOS is not installed. 
Using SCS instead.
ECOS solver failed:  The solver ECOS is not installed. 
Using SCS instead.
ECOS solver failed:  The solver ECOS is not installed. 
Using SCS instead.
ECOS solver failed:  The solver ECOS is not installed. 
Using SCS instead.
ECOS solver failed:  The solver ECOS is not installed. 
Using SCS instead.
ECOS solver failed:  The solver ECOS is not installed. 
Using SCS instead.
ECOS solver failed:  The solver ECOS is not installed. 
Using SCS instead.
ECOS solver failed:  The solver ECOS is not installed. 
Using SCS instead.
ECOS solver failed:  The solver ECOS is not installed. 
Using SCS instead.
ECOS solver failed:  The solver ECOS is not installed. 
Using SCS instead.
ECOS solver failed:  The solver ECOS is not installed. 
Using SCS instead.
ECOS solver failed:  The solver ECOS is not installed. 
Using SCS instead.
ECOS solver failed:  The solver ECOS is not installed. 
Using SCS instead.
ECOS solver failed:  The solver ECOS is not installed. 
Using SCS instead.
ECOS solver failed:  The solver ECOS is not installed. 
Using SCS instead.
ECOS solver failed:  The solver ECOS is not installed. 
Using SCS instead.
ECOS solver failed:  The solver ECOS is not installed. 
Using SCS instead.
ECOS solver failed:  The solver ECOS is not installed. 
Using SCS instead.
ECOS solver failed:  The solver ECOS is not installed. 
Using SCS instead.
ECOS solver failed:  The solver ECOS is not installed. 
Using SCS instead.
M-step Design Matrix Calculation time (sec): 0.0332
ECOS solver failed in IPCW_HAL_init, falling back to SCS: The solver ECOS is not installed.
M-step CVXPY optimize time (sec): 1.8276
ECOS solver failed:  The solver ECOS is not installed. 
Using SCS instead.
ECOS solver failed:  The solver ECOS is not installed. 
Using SCS instead.
ECOS solver failed:  The solver ECOS is not installed. 
Using SCS instead.
ECOS solver failed:  The solver ECOS is not installed. 
Using SCS instead.
ECOS solver failed:  The solver ECOS is not installed. 
Using SCS instead.
ECOS solver failed:  The solver ECOS is not installed. 
Using SCS instead.
ECOS solver failed:  The solver ECOS is not installed. 
Using SCS instead.
ECOS solver failed:  The solver ECOS is not installed. 
Using SCS instead.
ECOS solver failed:  The solver ECOS is not installed. 
Using SCS instead.
ECOS solver failed:  The solver ECOS is not installed. 
Using SCS instead.
ECOS solver failed:  The solver ECOS is not installed. 
Using SCS instead.
ECOS solver failed:  The solver ECOS is not installed. 
Using SCS instead.
ECOS solver failed:  The solver ECOS is not installed. 
Using SCS instead.
ECOS solver failed:  The solver ECOS is not installed. 
Using SCS instead.
ECOS solver failed:  The solver ECOS is not installed. 
Using SCS instead.
ECOS solver failed:  The solver ECOS is not installed. 
Using SCS instead.
ECOS solver failed:  The solver ECOS is not installed. 
Using SCS instead.
ECOS solver failed:  The solver ECOS is not installed. 
Using SCS instead.
ECOS solver failed:  The solver ECOS is not installed. 
Using SCS instead.
ECOS solver failed:  The solver ECOS is not installed. 
Using SCS instead.
ECOS solver failed:  The solver ECOS is not installed. 
Using SCS instead.
M-step Design Matrix Calculation time (sec): 0.1297
ECOS solver failed in IPCW_HAL_init, falling back to SCS: The solver ECOS is not installed.
M-step CVXPY optimize time (sec): 0.9644
ECOS solver failed:  The solver ECOS is not installed. 
Using SCS instead.
ECOS solver failed:  The solver ECOS is not installed. 
Using SCS instead.
ECOS solver failed:  The solver ECOS is not installed. 
Using SCS instead.
ECOS solver failed:  The solver ECOS is not installed. 
Using SCS instead.
ECOS solver failed:  The solver ECOS is not installed. 
Using SCS instead.
ECOS solver failed:  The solver ECOS is not installed. 
Using SCS instead.
ECOS solver failed:  The solver ECOS is not installed. 
Using SCS instead.
ECOS solver failed:  The solver ECOS is not installed. 
Using SCS instead.
ECOS solver failed:  The solver ECOS is not installed. 
Using SCS instead.
ECOS solver failed:  The solver ECOS is not installed. 
Using SCS instead.
ECOS solver failed:  The solver ECOS is not installed. 
Using SCS instead.
ECOS solver failed:  The solver ECOS is not installed. 
Using SCS instead.
ECOS solver failed:  The solver ECOS is not installed. 
Using SCS instead.
ECOS solver failed:  The solver ECOS is not installed. 
Using SCS instead.
ECOS solver failed:  The solver ECOS is not installed. 
Using SCS instead.
ECOS solver failed:  The solver ECOS is not installed. 
Using SCS instead.
ECOS solver failed:  The solver ECOS is not installed. 
Using SCS instead.
ECOS solver failed:  The solver ECOS is not installed. 
Using SCS instead.
ECOS solver failed:  The solver ECOS is not installed. 
Using SCS instead.
ECOS solver failed:  The solver ECOS is not installed. 
Using SCS instead.
ECOS solver failed:  The solver ECOS is not installed. 
Using SCS instead.
M-step Design Matrix Calculation time (sec): 0.0182
ECOS solver failed in IPCW_HAL_init, falling back to SCS: The solver ECOS is not installed.
WARNING - large complementary slackness residual: 0.026245
M-step CVXPY optimize time (sec): 1.4995
ECOS solver failed:  The solver ECOS is not installed. 
Using SCS instead.
ECOS solver failed:  The solver ECOS is not installed. 
Using SCS instead.
ECOS solver failed:  The solver ECOS is not installed. 
Using SCS instead.
ECOS solver failed:  The solver ECOS is not installed. 
Using SCS instead.
ECOS solver failed:  The solver ECOS is not installed. 
Using SCS instead.
ECOS solver failed:  The solver ECOS is not installed. 
Using SCS instead.
ECOS solver failed:  The solver ECOS is not installed. 
Using SCS instead.
ECOS solver failed:  The solver ECOS is not installed. 
Using SCS instead.
ECOS solver failed:  The solver ECOS is not installed. 
Using SCS instead.
ECOS solver failed:  The solver ECOS is not installed. 
Using SCS instead.
ECOS solver failed:  The solver ECOS is not installed. 
Using SCS instead.
ECOS solver failed:  The solver ECOS is not installed. 
Using SCS instead.
ECOS solver failed:  The solver ECOS is not installed. 
Using SCS instead.
ECOS solver failed:  The solver ECOS is not installed. 
Using SCS instead.
ECOS solver failed:  The solver ECOS is not installed. 
Using SCS instead.
ECOS solver failed:  The solver ECOS is not installed. 
Using SCS instead.
ECOS solver failed:  The solver ECOS is not installed. 
Using SCS instead.
ECOS solver failed:  The solver ECOS is not installed. 
Using SCS instead.
ECOS solver failed:  The solver ECOS is not installed. 
Using SCS instead.
ECOS solver failed:  The solver ECOS is not installed. 
Using SCS instead.
ECOS solver failed:  The solver ECOS is not installed. 
Using SCS instead.
M-step Design Matrix Calculation time (sec): 0.0197
ECOS solver failed in IPCW_HAL_init, falling back to SCS: The solver ECOS is not installed.
M-step CVXPY optimize time (sec): 0.7451
ECOS solver failed:  The solver ECOS is not installed. 
Using SCS instead.
ECOS solver failed:  The solver ECOS is not installed. 
Using SCS instead.
ECOS solver failed:  The solver ECOS is not installed. 
Using SCS instead.
ECOS solver failed:  The solver ECOS is not installed. 
Using SCS instead.
ECOS solver failed:  The solver ECOS is not installed. 
Using SCS instead.
ECOS solver failed:  The solver ECOS is not installed. 
Using SCS instead.
ECOS solver failed:  The solver ECOS is not installed. 
Using SCS instead.
ECOS solver failed:  The solver ECOS is not installed. 
Using SCS instead.
ECOS solver failed:  The solver ECOS is not installed. 
Using SCS instead.
ECOS solver failed:  The solver ECOS is not installed. 
Using SCS instead.
ECOS solver failed:  The solver ECOS is not installed. 
Using SCS instead.
ECOS solver failed:  The solver ECOS is not installed. 
Using SCS instead.
ECOS solver failed:  The solver ECOS is not installed. 
Using SCS instead.
ECOS solver failed:  The solver ECOS is not installed. 
Using SCS instead.
ECOS solver failed:  The solver ECOS is not installed. 
Using SCS instead.
ECOS solver failed:  The solver ECOS is not installed. 
Using SCS instead.
ECOS solver failed:  The solver ECOS is not installed. 
Using SCS instead.
ECOS solver failed:  The solver ECOS is not installed. 
Using SCS instead.
ECOS solver failed:  The solver ECOS is not installed. 
Using SCS instead.
ECOS solver failed:  The solver ECOS is not installed. 
Using SCS instead.
ECOS solver failed:  The solver ECOS is not installed. 
Using SCS instead.
M-step Design Matrix Calculation time (sec): 0.0284
ECOS solver failed in IPCW_HAL_init, falling back to SCS: The solver ECOS is not installed.
M-step CVXPY optimize time (sec): 0.3631
ECOS solver failed:  The solver ECOS is not installed. 
Using SCS instead.
ECOS solver failed:  The solver ECOS is not installed. 
Using SCS instead.
ECOS solver failed:  The solver ECOS is not installed. 
Using SCS instead.
ECOS solver failed:  The solver ECOS is not installed. 
Using SCS instead.
ECOS solver failed:  The solver ECOS is not installed. 
Using SCS instead.
ECOS solver failed:  The solver ECOS is not installed. 
Using SCS instead.
ECOS solver failed:  The solver ECOS is not installed. 
Using SCS instead.
ECOS solver failed:  The solver ECOS is not installed. 
Using SCS instead.
ECOS solver failed:  The solver ECOS is not installed. 
Using SCS instead.
ECOS solver failed:  The solver ECOS is not installed. 
Using SCS instead.
ECOS solver failed:  The solver ECOS is not installed. 
Using SCS instead.
ECOS solver failed:  The solver ECOS is not installed. 
Using SCS instead.
ECOS solver failed:  The solver ECOS is not installed. 
Using SCS instead.
ECOS solver failed:  The solver ECOS is not installed. 
Using SCS instead.
ECOS solver failed:  The solver ECOS is not installed. 
Using SCS instead.
ECOS solver failed:  The solver ECOS is not installed. 
Using SCS instead.
ECOS solver failed:  The solver ECOS is not installed. 
Using SCS instead.
ECOS solver failed:  The solver ECOS is not installed. 
Using SCS instead.
ECOS solver failed:  The solver ECOS is not installed. 
Using SCS instead.
ECOS solver failed:  The solver ECOS is not installed. 
Using SCS instead.
ECOS solver failed:  The solver ECOS is not installed. 
Using SCS instead.
M-step Design Matrix Calculation time (sec): 0.0253
ECOS solver failed in IPCW_HAL_init, falling back to SCS: The solver ECOS is not installed.
M-step CVXPY optimize time (sec): 1.1706
ECOS solver failed:  The solver ECOS is not installed. 
Using SCS instead.
ECOS solver failed:  The solver ECOS is not installed. 
Using SCS instead.
ECOS solver failed:  The solver ECOS is not installed. 
Using SCS instead.
ECOS solver failed:  The solver ECOS is not installed. 
Using SCS instead.
ECOS solver failed:  The solver ECOS is not installed. 
Using SCS instead.
ECOS solver failed:  The solver ECOS is not installed. 
Using SCS instead.
ECOS solver failed:  The solver ECOS is not installed. 
Using SCS instead.
ECOS solver failed:  The solver ECOS is not installed. 
Using SCS instead.
ECOS solver failed:  The solver ECOS is not installed. 
Using SCS instead.
ECOS solver failed:  The solver ECOS is not installed. 
Using SCS instead.
ECOS solver failed:  The solver ECOS is not installed. 
Using SCS instead.
ECOS solver failed:  The solver ECOS is not installed. 
Using SCS instead.
ECOS solver failed:  The solver ECOS is not installed. 
Using SCS instead.
ECOS solver failed:  The solver ECOS is not installed. 
Using SCS instead.
ECOS solver failed:  The solver ECOS is not installed. 
Using SCS instead.
ECOS solver failed:  The solver ECOS is not installed. 
Using SCS instead.
ECOS solver failed:  The solver ECOS is not installed. 
Using SCS instead.
ECOS solver failed:  The solver ECOS is not installed. 
Using SCS instead.
ECOS solver failed:  The solver ECOS is not installed. 
Using SCS instead.
ECOS solver failed:  The solver ECOS is not installed. 
Using SCS instead.
ECOS solver failed:  The solver ECOS is not installed. 
Using SCS instead.
M-step Design Matrix Calculation time (sec): 0.0197
ECOS solver failed in IPCW_HAL_init, falling back to SCS: The solver ECOS is not installed.
M-step CVXPY optimize time (sec): 0.9592
ECOS solver failed:  The solver ECOS is not installed. 
Using SCS instead.
ECOS solver failed:  The solver ECOS is not installed. 
Using SCS instead.
ECOS solver failed:  The solver ECOS is not installed. 
Using SCS instead.
ECOS solver failed:  The solver ECOS is not installed. 
Using SCS instead.
ECOS solver failed:  The solver ECOS is not installed. 
Using SCS instead.
ECOS solver failed:  The solver ECOS is not installed. 
Using SCS instead.
ECOS solver failed:  The solver ECOS is not installed. 
Using SCS instead.
ECOS solver failed:  The solver ECOS is not installed. 
Using SCS instead.
ECOS solver failed:  The solver ECOS is not installed. 
Using SCS instead.
ECOS solver failed:  The solver ECOS is not installed. 
Using SCS instead.
ECOS solver failed:  The solver ECOS is not installed. 
Using SCS instead.
ECOS solver failed:  The solver ECOS is not installed. 
Using SCS instead.
ECOS solver failed:  The solver ECOS is not installed. 
Using SCS instead.
ECOS solver failed:  The solver ECOS is not installed. 
Using SCS instead.
ECOS solver failed:  The solver ECOS is not installed. 
Using SCS instead.
ECOS solver failed:  The solver ECOS is not installed. 
Using SCS instead.
ECOS solver failed:  The solver ECOS is not installed. 
Using SCS instead.
ECOS solver failed:  The solver ECOS is not installed. 
Using SCS instead.
ECOS solver failed:  The solver ECOS is not installed. 
Using SCS instead.
ECOS solver failed:  The solver ECOS is not installed. 
Using SCS instead.
ECOS solver failed:  The solver ECOS is not installed. 
Using SCS instead.
M-step Design Matrix Calculation time (sec): 0.0271
ECOS solver failed in IPCW_HAL_init, falling back to SCS: The solver ECOS is not installed.
M-step CVXPY optimize time (sec): 0.7827
ECOS solver failed:  The solver ECOS is not installed. 
Using SCS instead.
ECOS solver failed:  The solver ECOS is not installed. 
Using SCS instead.
ECOS solver failed:  The solver ECOS is not installed. 
Using SCS instead.
ECOS solver failed:  The solver ECOS is not installed. 
Using SCS instead.
ECOS solver failed:  The solver ECOS is not installed. 
Using SCS instead.
ECOS solver failed:  The solver ECOS is not installed. 
Using SCS instead.
ECOS solver failed:  The solver ECOS is not installed. 
Using SCS instead.
ECOS solver failed:  The solver ECOS is not installed. 
Using SCS instead.
ECOS solver failed:  The solver ECOS is not installed. 
Using SCS instead.
ECOS solver failed:  The solver ECOS is not installed. 
Using SCS instead.
ECOS solver failed:  The solver ECOS is not installed. 
Using SCS instead.
ECOS solver failed:  The solver ECOS is not installed. 
Using SCS instead.
ECOS solver failed:  The solver ECOS is not installed. 
Using SCS instead.
ECOS solver failed:  The solver ECOS is not installed. 
Using SCS instead.
ECOS solver failed:  The solver ECOS is not installed. 
Using SCS instead.
ECOS solver failed:  The solver ECOS is not installed. 
Using SCS instead.
ECOS solver failed:  The solver ECOS is not installed. 
Using SCS instead.
ECOS solver failed:  The solver ECOS is not installed. 
Using SCS instead.
ECOS solver failed:  The solver ECOS is not installed. 
Using SCS instead.
ECOS solver failed:  The solver ECOS is not installed. 
Using SCS instead.
ECOS solver failed:  The solver ECOS is not installed. 
Using SCS instead.
M-step Design Matrix Calculation time (sec): 0.0185
ECOS solver failed in IPCW_HAL_init, falling back to SCS: The solver ECOS is not installed.
WARNING - large complementary slackness residual: 0.006263
M-step CVXPY optimize time (sec): 1.4186
ECOS solver failed:  The solver ECOS is not installed. 
Using SCS instead.
ECOS solver failed:  The solver ECOS is not installed. 
Using SCS instead.
ECOS solver failed:  The solver ECOS is not installed. 
Using SCS instead.
ECOS solver failed:  The solver ECOS is not installed. 
Using SCS instead.
ECOS solver failed:  The solver ECOS is not installed. 
Using SCS instead.
ECOS solver failed:  The solver ECOS is not installed. 
Using SCS instead.
ECOS solver failed:  The solver ECOS is not installed. 
Using SCS instead.
ECOS solver failed:  The solver ECOS is not installed. 
Using SCS instead.
ECOS solver failed:  The solver ECOS is not installed. 
Using SCS instead.
ECOS solver failed:  The solver ECOS is not installed. 
Using SCS instead.
ECOS solver failed:  The solver ECOS is not installed. 
Using SCS instead.
ECOS solver failed:  The solver ECOS is not installed. 
Using SCS instead.
ECOS solver failed:  The solver ECOS is not installed. 
Using SCS instead.
ECOS solver failed:  The solver ECOS is not installed. 
Using SCS instead.
ECOS solver failed:  The solver ECOS is not installed. 
Using SCS instead.
ECOS solver failed:  The solver ECOS is not installed. 
Using SCS instead.
ECOS solver failed:  The solver ECOS is not installed. 
Using SCS instead.
ECOS solver failed:  The solver ECOS is not installed. 
Using SCS instead.
ECOS solver failed:  The solver ECOS is not installed. 
Using SCS instead.
ECOS solver failed:  The solver ECOS is not installed. 
Using SCS instead.
ECOS solver failed:  The solver ECOS is not installed. 
Using SCS instead.
M-step Design Matrix Calculation time (sec): 0.0376
ECOS solver failed in IPCW_HAL_init, falling back to SCS: The solver ECOS is not installed.
M-step CVXPY optimize time (sec): 0.9626
ECOS solver failed:  The solver ECOS is not installed. 
Using SCS instead.
ECOS solver failed:  The solver ECOS is not installed. 
Using SCS instead.
ECOS solver failed:  The solver ECOS is not installed. 
Using SCS instead.
ECOS solver failed:  The solver ECOS is not installed. 
Using SCS instead.
ECOS solver failed:  The solver ECOS is not installed. 
Using SCS instead.
ECOS solver failed:  The solver ECOS is not installed. 
Using SCS instead.
ECOS solver failed:  The solver ECOS is not installed. 
Using SCS instead.
ECOS solver failed:  The solver ECOS is not installed. 
Using SCS instead.
ECOS solver failed:  The solver ECOS is not installed. 
Using SCS instead.
ECOS solver failed:  The solver ECOS is not installed. 
Using SCS instead.
ECOS solver failed:  The solver ECOS is not installed. 
Using SCS instead.
ECOS solver failed:  The solver ECOS is not installed. 
Using SCS instead.
ECOS solver failed:  The solver ECOS is not installed. 
Using SCS instead.
ECOS solver failed:  The solver ECOS is not installed. 
Using SCS instead.
ECOS solver failed:  The solver ECOS is not installed. 
Using SCS instead.
ECOS solver failed:  The solver ECOS is not installed. 
Using SCS instead.
ECOS solver failed:  The solver ECOS is not installed. 
Using SCS instead.
ECOS solver failed:  The solver ECOS is not installed. 
Using SCS instead.
ECOS solver failed:  The solver ECOS is not installed. 
Using SCS instead.
ECOS solver failed:  The solver ECOS is not installed. 
Using SCS instead.
ECOS solver failed:  The solver ECOS is not installed. 
Using SCS instead.
M-step Design Matrix Calculation time (sec): 0.0198
ECOS solver failed in IPCW_HAL_init, falling back to SCS: The solver ECOS is not installed.
M-step CVXPY optimize time (sec): 0.8610
ECOS solver failed:  The solver ECOS is not installed. 
Using SCS instead.
ECOS solver failed:  The solver ECOS is not installed. 
Using SCS instead.
ECOS solver failed:  The solver ECOS is not installed. 
Using SCS instead.
ECOS solver failed:  The solver ECOS is not installed. 
Using SCS instead.
ECOS solver failed:  The solver ECOS is not installed. 
Using SCS instead.
ECOS solver failed:  The solver ECOS is not installed. 
Using SCS instead.
ECOS solver failed:  The solver ECOS is not installed. 
Using SCS instead.
ECOS solver failed:  The solver ECOS is not installed. 
Using SCS instead.
ECOS solver failed:  The solver ECOS is not installed. 
Using SCS instead.
ECOS solver failed:  The solver ECOS is not installed. 
Using SCS instead.
ECOS solver failed:  The solver ECOS is not installed. 
Using SCS instead.
ECOS solver failed:  The solver ECOS is not installed. 
Using SCS instead.
ECOS solver failed:  The solver ECOS is not installed. 
Using SCS instead.
ECOS solver failed:  The solver ECOS is not installed. 
Using SCS instead.
ECOS solver failed:  The solver ECOS is not installed. 
Using SCS instead.
ECOS solver failed:  The solver ECOS is not installed. 
Using SCS instead.
ECOS solver failed:  The solver ECOS is not installed. 
Using SCS instead.
ECOS solver failed:  The solver ECOS is not installed. 
Using SCS instead.
ECOS solver failed:  The solver ECOS is not installed. 
Using SCS instead.
ECOS solver failed:  The solver ECOS is not installed. 
Using SCS instead.
ECOS solver failed:  The solver ECOS is not installed. 
Using SCS instead.
M-step Design Matrix Calculation time (sec): 0.0378
ECOS solver failed in IPCW_HAL_init, falling back to SCS: The solver ECOS is not installed.
WARNING - large complementary slackness residual: 0.016374
M-step CVXPY optimize time (sec): 1.7569
ECOS solver failed:  The solver ECOS is not installed. 
Using SCS instead.
ECOS solver failed:  The solver ECOS is not installed. 
Using SCS instead.
ECOS solver failed:  The solver ECOS is not installed. 
Using SCS instead.
ECOS solver failed:  The solver ECOS is not installed. 
Using SCS instead.
ECOS solver failed:  The solver ECOS is not installed. 
Using SCS instead.
ECOS solver failed:  The solver ECOS is not installed. 
Using SCS instead.
ECOS solver failed:  The solver ECOS is not installed. 
Using SCS instead.
ECOS solver failed:  The solver ECOS is not installed. 
Using SCS instead.
ECOS solver failed:  The solver ECOS is not installed. 
Using SCS instead.
ECOS solver failed:  The solver ECOS is not installed. 
Using SCS instead.
ECOS solver failed:  The solver ECOS is not installed. 
Using SCS instead.
ECOS solver failed:  The solver ECOS is not installed. 
Using SCS instead.
ECOS solver failed:  The solver ECOS is not installed. 
Using SCS instead.
ECOS solver failed:  The solver ECOS is not installed. 
Using SCS instead.
ECOS solver failed:  The solver ECOS is not installed. 
Using SCS instead.
ECOS solver failed:  The solver ECOS is not installed. 
Using SCS instead.
ECOS solver failed:  The solver ECOS is not installed. 
Using SCS instead.
ECOS solver failed:  The solver ECOS is not installed. 
Using SCS instead.
ECOS solver failed:  The solver ECOS is not installed. 
Using SCS instead.
ECOS solver failed:  The solver ECOS is not installed. 
Using SCS instead.
ECOS solver failed:  The solver ECOS is not installed. 
Using SCS instead.
M-step Design Matrix Calculation time (sec): 0.0505
ECOS solver failed in IPCW_HAL_init, falling back to SCS: The solver ECOS is not installed.
M-step CVXPY optimize time (sec): 0.6839
ECOS solver failed:  The solver ECOS is not installed. 
Using SCS instead.
ECOS solver failed:  The solver ECOS is not installed. 
Using SCS instead.
ECOS solver failed:  The solver ECOS is not installed. 
Using SCS instead.
ECOS solver failed:  The solver ECOS is not installed. 
Using SCS instead.
ECOS solver failed:  The solver ECOS is not installed. 
Using SCS instead.
ECOS solver failed:  The solver ECOS is not installed. 
Using SCS instead.
ECOS solver failed:  The solver ECOS is not installed. 
Using SCS instead.
ECOS solver failed:  The solver ECOS is not installed. 
Using SCS instead.
ECOS solver failed:  The solver ECOS is not installed. 
Using SCS instead.
ECOS solver failed:  The solver ECOS is not installed. 
Using SCS instead.
ECOS solver failed:  The solver ECOS is not installed. 
Using SCS instead.
ECOS solver failed:  The solver ECOS is not installed. 
Using SCS instead.
ECOS solver failed:  The solver ECOS is not installed. 
Using SCS instead.
ECOS solver failed:  The solver ECOS is not installed. 
Using SCS instead.
ECOS solver failed:  The solver ECOS is not installed. 
Using SCS instead.
ECOS solver failed:  The solver ECOS is not installed. 
Using SCS instead.
ECOS solver failed:  The solver ECOS is not installed. 
Using SCS instead.
ECOS solver failed:  The solver ECOS is not installed. 
Using SCS instead.
ECOS solver failed:  The solver ECOS is not installed. 
Using SCS instead.
ECOS solver failed:  The solver ECOS is not installed. 
Using SCS instead.
ECOS solver failed:  The solver ECOS is not installed. 
Using SCS instead.
M-step Design Matrix Calculation time (sec): 0.0206
ECOS solver failed in IPCW_HAL_init, falling back to SCS: The solver ECOS is not installed.
M-step CVXPY optimize time (sec): 0.7835
ECOS solver failed:  The solver ECOS is not installed. 
Using SCS instead.
ECOS solver failed:  The solver ECOS is not installed. 
Using SCS instead.
ECOS solver failed:  The solver ECOS is not installed. 
Using SCS instead.
ECOS solver failed:  The solver ECOS is not installed. 
Using SCS instead.
ECOS solver failed:  The solver ECOS is not installed. 
Using SCS instead.
ECOS solver failed:  The solver ECOS is not installed. 
Using SCS instead.
ECOS solver failed:  The solver ECOS is not installed. 
Using SCS instead.
ECOS solver failed:  The solver ECOS is not installed. 
Using SCS instead.
ECOS solver failed:  The solver ECOS is not installed. 
Using SCS instead.
ECOS solver failed:  The solver ECOS is not installed. 
Using SCS instead.
ECOS solver failed:  The solver ECOS is not installed. 
Using SCS instead.
ECOS solver failed:  The solver ECOS is not installed. 
Using SCS instead.
ECOS solver failed:  The solver ECOS is not installed. 
Using SCS instead.
ECOS solver failed:  The solver ECOS is not installed. 
Using SCS instead.
ECOS solver failed:  The solver ECOS is not installed. 
Using SCS instead.
ECOS solver failed:  The solver ECOS is not installed. 
Using SCS instead.
ECOS solver failed:  The solver ECOS is not installed. 
Using SCS instead.
ECOS solver failed:  The solver ECOS is not installed. 
Using SCS instead.
ECOS solver failed:  The solver ECOS is not installed. 
Using SCS instead.
ECOS solver failed:  The solver ECOS is not installed. 
Using SCS instead.
ECOS solver failed:  The solver ECOS is not installed. 
Using SCS instead.
M-step Design Matrix Calculation time (sec): 0.0849
ECOS solver failed in IPCW_HAL_init, falling back to SCS: The solver ECOS is not installed.
M-step CVXPY optimize time (sec): 0.4576
ECOS solver failed:  The solver ECOS is not installed. 
Using SCS instead.
ECOS solver failed:  The solver ECOS is not installed. 
Using SCS instead.
ECOS solver failed:  The solver ECOS is not installed. 
Using SCS instead.
ECOS solver failed:  The solver ECOS is not installed. 
Using SCS instead.
ECOS solver failed:  The solver ECOS is not installed. 
Using SCS instead.
ECOS solver failed:  The solver ECOS is not installed. 
Using SCS instead.
ECOS solver failed:  The solver ECOS is not installed. 
Using SCS instead.
ECOS solver failed:  The solver ECOS is not installed. 
Using SCS instead.
ECOS solver failed:  The solver ECOS is not installed. 
Using SCS instead.
ECOS solver failed:  The solver ECOS is not installed. 
Using SCS instead.
ECOS solver failed:  The solver ECOS is not installed. 
Using SCS instead.
ECOS solver failed:  The solver ECOS is not installed. 
Using SCS instead.
ECOS solver failed:  The solver ECOS is not installed. 
Using SCS instead.
ECOS solver failed:  The solver ECOS is not installed. 
Using SCS instead.
ECOS solver failed:  The solver ECOS is not installed. 
Using SCS instead.
ECOS solver failed:  The solver ECOS is not installed. 
Using SCS instead.
ECOS solver failed:  The solver ECOS is not installed. 
Using SCS instead.
ECOS solver failed:  The solver ECOS is not installed. 
Using SCS instead.
ECOS solver failed:  The solver ECOS is not installed. 
Using SCS instead.
ECOS solver failed:  The solver ECOS is not installed. 
Using SCS instead.
ECOS solver failed:  The solver ECOS is not installed. 
Using SCS instead.
M-step Design Matrix Calculation time (sec): 0.1893
ECOS solver failed in IPCW_HAL_init, falling back to SCS: The solver ECOS is not installed.
M-step CVXPY optimize time (sec): 0.6040
ECOS solver failed:  The solver ECOS is not installed. 
Using SCS instead.
ECOS solver failed:  The solver ECOS is not installed. 
Using SCS instead.
ECOS solver failed:  The solver ECOS is not installed. 
Using SCS instead.
ECOS solver failed:  The solver ECOS is not installed. 
Using SCS instead.
ECOS solver failed:  The solver ECOS is not installed. 
Using SCS instead.
ECOS solver failed:  The solver ECOS is not installed. 
Using SCS instead.
ECOS solver failed:  The solver ECOS is not installed. 
Using SCS instead.
ECOS solver failed:  The solver ECOS is not installed. 
Using SCS instead.
ECOS solver failed:  The solver ECOS is not installed. 
Using SCS instead.
ECOS solver failed:  The solver ECOS is not installed. 
Using SCS instead.
ECOS solver failed:  The solver ECOS is not installed. 
Using SCS instead.
ECOS solver failed:  The solver ECOS is not installed. 
Using SCS instead.
ECOS solver failed:  The solver ECOS is not installed. 
Using SCS instead.
ECOS solver failed:  The solver ECOS is not installed. 
Using SCS instead.
ECOS solver failed:  The solver ECOS is not installed. 
Using SCS instead.
ECOS solver failed:  The solver ECOS is not installed. 
Using SCS instead.
ECOS solver failed:  The solver ECOS is not installed. 
Using SCS instead.
ECOS solver failed:  The solver ECOS is not installed. 
Using SCS instead.
ECOS solver failed:  The solver ECOS is not installed. 
Using SCS instead.
ECOS solver failed:  The solver ECOS is not installed. 
Using SCS instead.
ECOS solver failed:  The solver ECOS is not installed. 
Using SCS instead.
M-step Design Matrix Calculation time (sec): 0.0343
ECOS solver failed in IPCW_HAL_init, falling back to SCS: The solver ECOS is not installed.
M-step CVXPY optimize time (sec): 0.8382
ECOS solver failed:  The solver ECOS is not installed. 
Using SCS instead.
ECOS solver failed:  The solver ECOS is not installed. 
Using SCS instead.
ECOS solver failed:  The solver ECOS is not installed. 
Using SCS instead.
ECOS solver failed:  The solver ECOS is not installed. 
Using SCS instead.
ECOS solver failed:  The solver ECOS is not installed. 
Using SCS instead.
ECOS solver failed:  The solver ECOS is not installed. 
Using SCS instead.
ECOS solver failed:  The solver ECOS is not installed. 
Using SCS instead.
ECOS solver failed:  The solver ECOS is not installed. 
Using SCS instead.
ECOS solver failed:  The solver ECOS is not installed. 
Using SCS instead.
ECOS solver failed:  The solver ECOS is not installed. 
Using SCS instead.
ECOS solver failed:  The solver ECOS is not installed. 
Using SCS instead.
ECOS solver failed:  The solver ECOS is not installed. 
Using SCS instead.
ECOS solver failed:  The solver ECOS is not installed. 
Using SCS instead.
ECOS solver failed:  The solver ECOS is not installed. 
Using SCS instead.
ECOS solver failed:  The solver ECOS is not installed. 
Using SCS instead.
ECOS solver failed:  The solver ECOS is not installed. 
Using SCS instead.
ECOS solver failed:  The solver ECOS is not installed. 
Using SCS instead.
ECOS solver failed:  The solver ECOS is not installed. 
Using SCS instead.
ECOS solver failed:  The solver ECOS is not installed. 
Using SCS instead.
ECOS solver failed:  The solver ECOS is not installed. 
Using SCS instead.
ECOS solver failed:  The solver ECOS is not installed. 
Using SCS instead.
M-step Design Matrix Calculation time (sec): 0.0193
ECOS solver failed in IPCW_HAL_init, falling back to SCS: The solver ECOS is not installed.
M-step CVXPY optimize time (sec): 1.4200
ECOS solver failed:  The solver ECOS is not installed. 
Using SCS instead.
ECOS solver failed:  The solver ECOS is not installed. 
Using SCS instead.
ECOS solver failed:  The solver ECOS is not installed. 
Using SCS instead.
ECOS solver failed:  The solver ECOS is not installed. 
Using SCS instead.
ECOS solver failed:  The solver ECOS is not installed. 
Using SCS instead.
ECOS solver failed:  The solver ECOS is not installed. 
Using SCS instead.
ECOS solver failed:  The solver ECOS is not installed. 
Using SCS instead.
ECOS solver failed:  The solver ECOS is not installed. 
Using SCS instead.
ECOS solver failed:  The solver ECOS is not installed. 
Using SCS instead.
ECOS solver failed:  The solver ECOS is not installed. 
Using SCS instead.
ECOS solver failed:  The solver ECOS is not installed. 
Using SCS instead.
ECOS solver failed:  The solver ECOS is not installed. 
Using SCS instead.
ECOS solver failed:  The solver ECOS is not installed. 
Using SCS instead.
ECOS solver failed:  The solver ECOS is not installed. 
Using SCS instead.
ECOS solver failed:  The solver ECOS is not installed. 
Using SCS instead.
ECOS solver failed:  The solver ECOS is not installed. 
Using SCS instead.
ECOS solver failed:  The solver ECOS is not installed. 
Using SCS instead.
ECOS solver failed:  The solver ECOS is not installed. 
Using SCS instead.
ECOS solver failed:  The solver ECOS is not installed. 
Using SCS instead.
ECOS solver failed:  The solver ECOS is not installed. 
Using SCS instead.
ECOS solver failed:  The solver ECOS is not installed. 
Using SCS instead.
M-step Design Matrix Calculation time (sec): 0.0403
ECOS solver failed in IPCW_HAL_init, falling back to SCS: The solver ECOS is not installed.
WARNING - large complementary slackness residual: 0.011116
M-step CVXPY optimize time (sec): 2.0064
ECOS solver failed:  The solver ECOS is not installed. 
Using SCS instead.
ECOS solver failed:  The solver ECOS is not installed. 
Using SCS instead.
ECOS solver failed:  The solver ECOS is not installed. 
Using SCS instead.
ECOS solver failed:  The solver ECOS is not installed. 
Using SCS instead.
ECOS solver failed:  The solver ECOS is not installed. 
Using SCS instead.
ECOS solver failed:  The solver ECOS is not installed. 
Using SCS instead.
ECOS solver failed:  The solver ECOS is not installed. 
Using SCS instead.
ECOS solver failed:  The solver ECOS is not installed. 
Using SCS instead.
ECOS solver failed:  The solver ECOS is not installed. 
Using SCS instead.
ECOS solver failed:  The solver ECOS is not installed. 
Using SCS instead.
ECOS solver failed:  The solver ECOS is not installed. 
Using SCS instead.
ECOS solver failed:  The solver ECOS is not installed. 
Using SCS instead.
ECOS solver failed:  The solver ECOS is not installed. 
Using SCS instead.
ECOS solver failed:  The solver ECOS is not installed. 
Using SCS instead.
ECOS solver failed:  The solver ECOS is not installed. 
Using SCS instead.
ECOS solver failed:  The solver ECOS is not installed. 
Using SCS instead.
ECOS solver failed:  The solver ECOS is not installed. 
Using SCS instead.
ECOS solver failed:  The solver ECOS is not installed. 
Using SCS instead.
ECOS solver failed:  The solver ECOS is not installed. 
Using SCS instead.
ECOS solver failed:  The solver ECOS is not installed. 
Using SCS instead.
ECOS solver failed:  The solver ECOS is not installed. 
Using SCS instead.
M-step Design Matrix Calculation time (sec): 0.0373
ECOS solver failed in IPCW_HAL_init, falling back to SCS: The solver ECOS is not installed.
WARNING - large complementary slackness residual: 0.019508
M-step CVXPY optimize time (sec): 1.8333
ECOS solver failed:  The solver ECOS is not installed. 
Using SCS instead.
ECOS solver failed:  The solver ECOS is not installed. 
Using SCS instead.
ECOS solver failed:  The solver ECOS is not installed. 
Using SCS instead.
ECOS solver failed:  The solver ECOS is not installed. 
Using SCS instead.
ECOS solver failed:  The solver ECOS is not installed. 
Using SCS instead.
ECOS solver failed:  The solver ECOS is not installed. 
Using SCS instead.
ECOS solver failed:  The solver ECOS is not installed. 
Using SCS instead.
ECOS solver failed:  The solver ECOS is not installed. 
Using SCS instead.
ECOS solver failed:  The solver ECOS is not installed. 
Using SCS instead.
ECOS solver failed:  The solver ECOS is not installed. 
Using SCS instead.
ECOS solver failed:  The solver ECOS is not installed. 
Using SCS instead.
ECOS solver failed:  The solver ECOS is not installed. 
Using SCS instead.
ECOS solver failed:  The solver ECOS is not installed. 
Using SCS instead.
ECOS solver failed:  The solver ECOS is not installed. 
Using SCS instead.
ECOS solver failed:  The solver ECOS is not installed. 
Using SCS instead.
ECOS solver failed:  The solver ECOS is not installed. 
Using SCS instead.
ECOS solver failed:  The solver ECOS is not installed. 
Using SCS instead.
ECOS solver failed:  The solver ECOS is not installed. 
Using SCS instead.
ECOS solver failed:  The solver ECOS is not installed. 
Using SCS instead.
ECOS solver failed:  The solver ECOS is not installed. 
Using SCS instead.
ECOS solver failed:  The solver ECOS is not installed. 
Using SCS instead.
M-step Design Matrix Calculation time (sec): 0.0351
ECOS solver failed in IPCW_HAL_init, falling back to SCS: The solver ECOS is not installed.
WARNING - large complementary slackness residual: 0.007711
M-step CVXPY optimize time (sec): 1.2267
ECOS solver failed:  The solver ECOS is not installed. 
Using SCS instead.
ECOS solver failed:  The solver ECOS is not installed. 
Using SCS instead.
ECOS solver failed:  The solver ECOS is not installed. 
Using SCS instead.
ECOS solver failed:  The solver ECOS is not installed. 
Using SCS instead.
ECOS solver failed:  The solver ECOS is not installed. 
Using SCS instead.
ECOS solver failed:  The solver ECOS is not installed. 
Using SCS instead.
ECOS solver failed:  The solver ECOS is not installed. 
Using SCS instead.
ECOS solver failed:  The solver ECOS is not installed. 
Using SCS instead.
ECOS solver failed:  The solver ECOS is not installed. 
Using SCS instead.
ECOS solver failed:  The solver ECOS is not installed. 
Using SCS instead.
ECOS solver failed:  The solver ECOS is not installed. 
Using SCS instead.
ECOS solver failed:  The solver ECOS is not installed. 
Using SCS instead.
ECOS solver failed:  The solver ECOS is not installed. 
Using SCS instead.
ECOS solver failed:  The solver ECOS is not installed. 
Using SCS instead.
ECOS solver failed:  The solver ECOS is not installed. 
Using SCS instead.
ECOS solver failed:  The solver ECOS is not installed. 
Using SCS instead.
ECOS solver failed:  The solver ECOS is not installed. 
Using SCS instead.
ECOS solver failed:  The solver ECOS is not installed. 
Using SCS instead.
ECOS solver failed:  The solver ECOS is not installed. 
Using SCS instead.
ECOS solver failed:  The solver ECOS is not installed. 
Using SCS instead.
ECOS solver failed:  The solver ECOS is not installed. 
Using SCS instead.
M-step Design Matrix Calculation time (sec): 0.0411
ECOS solver failed in IPCW_HAL_init, falling back to SCS: The solver ECOS is not installed.
WARNING - large complementary slackness residual: 0.011414
M-step CVXPY optimize time (sec): 2.3453
ECOS solver failed:  The solver ECOS is not installed. 
Using SCS instead.
ECOS solver failed:  The solver ECOS is not installed. 
Using SCS instead.
ECOS solver failed:  The solver ECOS is not installed. 
Using SCS instead.
ECOS solver failed:  The solver ECOS is not installed. 
Using SCS instead.
ECOS solver failed:  The solver ECOS is not installed. 
Using SCS instead.
ECOS solver failed:  The solver ECOS is not installed. 
Using SCS instead.
ECOS solver failed:  The solver ECOS is not installed. 
Using SCS instead.
ECOS solver failed:  The solver ECOS is not installed. 
Using SCS instead.
ECOS solver failed:  The solver ECOS is not installed. 
Using SCS instead.
ECOS solver failed:  The solver ECOS is not installed. 
Using SCS instead.
ECOS solver failed:  The solver ECOS is not installed. 
Using SCS instead.
ECOS solver failed:  The solver ECOS is not installed. 
Using SCS instead.
ECOS solver failed:  The solver ECOS is not installed. 
Using SCS instead.
ECOS solver failed:  The solver ECOS is not installed. 
Using SCS instead.
ECOS solver failed:  The solver ECOS is not installed. 
Using SCS instead.
ECOS solver failed:  The solver ECOS is not installed. 
Using SCS instead.
ECOS solver failed:  The solver ECOS is not installed. 
Using SCS instead.
ECOS solver failed:  The solver ECOS is not installed. 
Using SCS instead.
ECOS solver failed:  The solver ECOS is not installed. 
Using SCS instead.
ECOS solver failed:  The solver ECOS is not installed. 
Using SCS instead.
ECOS solver failed:  The solver ECOS is not installed. 
Using SCS instead.
M-step Design Matrix Calculation time (sec): 0.0551
ECOS solver failed in IPCW_HAL_init, falling back to SCS: The solver ECOS is not installed.
M-step CVXPY optimize time (sec): 0.6285
ECOS solver failed:  The solver ECOS is not installed. 
Using SCS instead.
ECOS solver failed:  The solver ECOS is not installed. 
Using SCS instead.
ECOS solver failed:  The solver ECOS is not installed. 
Using SCS instead.
ECOS solver failed:  The solver ECOS is not installed. 
Using SCS instead.
ECOS solver failed:  The solver ECOS is not installed. 
Using SCS instead.
ECOS solver failed:  The solver ECOS is not installed. 
Using SCS instead.
ECOS solver failed:  The solver ECOS is not installed. 
Using SCS instead.
ECOS solver failed:  The solver ECOS is not installed. 
Using SCS instead.
ECOS solver failed:  The solver ECOS is not installed. 
Using SCS instead.
ECOS solver failed:  The solver ECOS is not installed. 
Using SCS instead.
ECOS solver failed:  The solver ECOS is not installed. 
Using SCS instead.
ECOS solver failed:  The solver ECOS is not installed. 
Using SCS instead.
ECOS solver failed:  The solver ECOS is not installed. 
Using SCS instead.
ECOS solver failed:  The solver ECOS is not installed. 
Using SCS instead.
ECOS solver failed:  The solver ECOS is not installed. 
Using SCS instead.
ECOS solver failed:  The solver ECOS is not installed. 
Using SCS instead.
ECOS solver failed:  The solver ECOS is not installed. 
Using SCS instead.
ECOS solver failed:  The solver ECOS is not installed. 
Using SCS instead.
ECOS solver failed:  The solver ECOS is not installed. 
Using SCS instead.
ECOS solver failed:  The solver ECOS is not installed. 
Using SCS instead.
ECOS solver failed:  The solver ECOS is not installed. 
Using SCS instead.
M-step Design Matrix Calculation time (sec): 0.0176
ECOS solver failed in IPCW_HAL_init, falling back to SCS: The solver ECOS is not installed.
WARNING - large complementary slackness residual: 0.010820
M-step CVXPY optimize time (sec): 1.2527
ECOS solver failed:  The solver ECOS is not installed. 
Using SCS instead.
ECOS solver failed:  The solver ECOS is not installed. 
Using SCS instead.
ECOS solver failed:  The solver ECOS is not installed. 
Using SCS instead.
ECOS solver failed:  The solver ECOS is not installed. 
Using SCS instead.
ECOS solver failed:  The solver ECOS is not installed. 
Using SCS instead.
ECOS solver failed:  The solver ECOS is not installed. 
Using SCS instead.
ECOS solver failed:  The solver ECOS is not installed. 
Using SCS instead.
ECOS solver failed:  The solver ECOS is not installed. 
Using SCS instead.
ECOS solver failed:  The solver ECOS is not installed. 
Using SCS instead.
ECOS solver failed:  The solver ECOS is not installed. 
Using SCS instead.
ECOS solver failed:  The solver ECOS is not installed. 
Using SCS instead.
ECOS solver failed:  The solver ECOS is not installed. 
Using SCS instead.
ECOS solver failed:  The solver ECOS is not installed. 
Using SCS instead.
ECOS solver failed:  The solver ECOS is not installed. 
Using SCS instead.
ECOS solver failed:  The solver ECOS is not installed. 
Using SCS instead.
ECOS solver failed:  The solver ECOS is not installed. 
Using SCS instead.
ECOS solver failed:  The solver ECOS is not installed. 
Using SCS instead.
ECOS solver failed:  The solver ECOS is not installed. 
Using SCS instead.
ECOS solver failed:  The solver ECOS is not installed. 
Using SCS instead.
ECOS solver failed:  The solver ECOS is not installed. 
Using SCS instead.
ECOS solver failed:  The solver ECOS is not installed. 
Using SCS instead.
M-step Design Matrix Calculation time (sec): 0.0512
ECOS solver failed in IPCW_HAL_init, falling back to SCS: The solver ECOS is not installed.
WARNING - large complementary slackness residual: 0.034228
M-step CVXPY optimize time (sec): 0.8765
ECOS solver failed:  The solver ECOS is not installed. 
Using SCS instead.
ECOS solver failed:  The solver ECOS is not installed. 
Using SCS instead.
ECOS solver failed:  The solver ECOS is not installed. 
Using SCS instead.
ECOS solver failed:  The solver ECOS is not installed. 
Using SCS instead.
ECOS solver failed:  The solver ECOS is not installed. 
Using SCS instead.
ECOS solver failed:  The solver ECOS is not installed. 
Using SCS instead.
ECOS solver failed:  The solver ECOS is not installed. 
Using SCS instead.
ECOS solver failed:  The solver ECOS is not installed. 
Using SCS instead.
ECOS solver failed:  The solver ECOS is not installed. 
Using SCS instead.
ECOS solver failed:  The solver ECOS is not installed. 
Using SCS instead.
ECOS solver failed:  The solver ECOS is not installed. 
Using SCS instead.
ECOS solver failed:  The solver ECOS is not installed. 
Using SCS instead.
ECOS solver failed:  The solver ECOS is not installed. 
Using SCS instead.
ECOS solver failed:  The solver ECOS is not installed. 
Using SCS instead.
ECOS solver failed:  The solver ECOS is not installed. 
Using SCS instead.
ECOS solver failed:  The solver ECOS is not installed. 
Using SCS instead.
ECOS solver failed:  The solver ECOS is not installed. 
Using SCS instead.
ECOS solver failed:  The solver ECOS is not installed. 
Using SCS instead.
ECOS solver failed:  The solver ECOS is not installed. 
Using SCS instead.
ECOS solver failed:  The solver ECOS is not installed. 
Using SCS instead.
ECOS solver failed:  The solver ECOS is not installed. 
Using SCS instead.
M-step Design Matrix Calculation time (sec): 0.0477
ECOS solver failed in IPCW_HAL_init, falling back to SCS: The solver ECOS is not installed.
M-step CVXPY optimize time (sec): 0.5547
ECOS solver failed:  The solver ECOS is not installed. 
Using SCS instead.
ECOS solver failed:  The solver ECOS is not installed. 
Using SCS instead.
ECOS solver failed:  The solver ECOS is not installed. 
Using SCS instead.
ECOS solver failed:  The solver ECOS is not installed. 
Using SCS instead.
ECOS solver failed:  The solver ECOS is not installed. 
Using SCS instead.
ECOS solver failed:  The solver ECOS is not installed. 
Using SCS instead.
ECOS solver failed:  The solver ECOS is not installed. 
Using SCS instead.
ECOS solver failed:  The solver ECOS is not installed. 
Using SCS instead.
ECOS solver failed:  The solver ECOS is not installed. 
Using SCS instead.
ECOS solver failed:  The solver ECOS is not installed. 
Using SCS instead.
ECOS solver failed:  The solver ECOS is not installed. 
Using SCS instead.
ECOS solver failed:  The solver ECOS is not installed. 
Using SCS instead.
ECOS solver failed:  The solver ECOS is not installed. 
Using SCS instead.
ECOS solver failed:  The solver ECOS is not installed. 
Using SCS instead.
ECOS solver failed:  The solver ECOS is not installed. 
Using SCS instead.
ECOS solver failed:  The solver ECOS is not installed. 
Using SCS instead.
ECOS solver failed:  The solver ECOS is not installed. 
Using SCS instead.
ECOS solver failed:  The solver ECOS is not installed. 
Using SCS instead.
ECOS solver failed:  The solver ECOS is not installed. 
Using SCS instead.
ECOS solver failed:  The solver ECOS is not installed. 
Using SCS instead.
ECOS solver failed:  The solver ECOS is not installed. 
Using SCS instead.
M-step Design Matrix Calculation time (sec): 0.0178
ECOS solver failed in IPCW_HAL_init, falling back to SCS: The solver ECOS is not installed.
WARNING - large complementary slackness residual: 0.033896
M-step CVXPY optimize time (sec): 0.7002
ECOS solver failed:  The solver ECOS is not installed. 
Using SCS instead.
ECOS solver failed:  The solver ECOS is not installed. 
Using SCS instead.
ECOS solver failed:  The solver ECOS is not installed. 
Using SCS instead.
ECOS solver failed:  The solver ECOS is not installed. 
Using SCS instead.
ECOS solver failed:  The solver ECOS is not installed. 
Using SCS instead.
ECOS solver failed:  The solver ECOS is not installed. 
Using SCS instead.
ECOS solver failed:  The solver ECOS is not installed. 
Using SCS instead.
ECOS solver failed:  The solver ECOS is not installed. 
Using SCS instead.
ECOS solver failed:  The solver ECOS is not installed. 
Using SCS instead.
ECOS solver failed:  The solver ECOS is not installed. 
Using SCS instead.
ECOS solver failed:  The solver ECOS is not installed. 
Using SCS instead.
ECOS solver failed:  The solver ECOS is not installed. 
Using SCS instead.
ECOS solver failed:  The solver ECOS is not installed. 
Using SCS instead.
ECOS solver failed:  The solver ECOS is not installed. 
Using SCS instead.
ECOS solver failed:  The solver ECOS is not installed. 
Using SCS instead.
ECOS solver failed:  The solver ECOS is not installed. 
Using SCS instead.
ECOS solver failed:  The solver ECOS is not installed. 
Using SCS instead.
ECOS solver failed:  The solver ECOS is not installed. 
Using SCS instead.
ECOS solver failed:  The solver ECOS is not installed. 
Using SCS instead.
ECOS solver failed:  The solver ECOS is not installed. 
Using SCS instead.
ECOS solver failed:  The solver ECOS is not installed. 
Using SCS instead.
M-step Design Matrix Calculation time (sec): 0.0162
ECOS solver failed in IPCW_HAL_init, falling back to SCS: The solver ECOS is not installed.
WARNING - large complementary slackness residual: 0.033492
M-step CVXPY optimize time (sec): 0.5459
ECOS solver failed:  The solver ECOS is not installed. 
Using SCS instead.
ECOS solver failed:  The solver ECOS is not installed. 
Using SCS instead.
ECOS solver failed:  The solver ECOS is not installed. 
Using SCS instead.
ECOS solver failed:  The solver ECOS is not installed. 
Using SCS instead.
ECOS solver failed:  The solver ECOS is not installed. 
Using SCS instead.
ECOS solver failed:  The solver ECOS is not installed. 
Using SCS instead.
ECOS solver failed:  The solver ECOS is not installed. 
Using SCS instead.
ECOS solver failed:  The solver ECOS is not installed. 
Using SCS instead.
ECOS solver failed:  The solver ECOS is not installed. 
Using SCS instead.
ECOS solver failed:  The solver ECOS is not installed. 
Using SCS instead.
ECOS solver failed:  The solver ECOS is not installed. 
Using SCS instead.
ECOS solver failed:  The solver ECOS is not installed. 
Using SCS instead.
ECOS solver failed:  The solver ECOS is not installed. 
Using SCS instead.
ECOS solver failed:  The solver ECOS is not installed. 
Using SCS instead.
ECOS solver failed:  The solver ECOS is not installed. 
Using SCS instead.
ECOS solver failed:  The solver ECOS is not installed. 
Using SCS instead.
ECOS solver failed:  The solver ECOS is not installed. 
Using SCS instead.
ECOS solver failed:  The solver ECOS is not installed. 
Using SCS instead.
ECOS solver failed:  The solver ECOS is not installed. 
Using SCS instead.
ECOS solver failed:  The solver ECOS is not installed. 
Using SCS instead.
ECOS solver failed:  The solver ECOS is not installed. 
Using SCS instead.
M-step Design Matrix Calculation time (sec): 0.0178
ECOS solver failed in IPCW_HAL_init, falling back to SCS: The solver ECOS is not installed.
WARNING - large complementary slackness residual: 0.019928
M-step CVXPY optimize time (sec): 0.8908
ECOS solver failed:  The solver ECOS is not installed. 
Using SCS instead.
ECOS solver failed:  The solver ECOS is not installed. 
Using SCS instead.
ECOS solver failed:  The solver ECOS is not installed. 
Using SCS instead.
ECOS solver failed:  The solver ECOS is not installed. 
Using SCS instead.
ECOS solver failed:  The solver ECOS is not installed. 
Using SCS instead.
ECOS solver failed:  The solver ECOS is not installed. 
Using SCS instead.
ECOS solver failed:  The solver ECOS is not installed. 
Using SCS instead.
ECOS solver failed:  The solver ECOS is not installed. 
Using SCS instead.
ECOS solver failed:  The solver ECOS is not installed. 
Using SCS instead.
ECOS solver failed:  The solver ECOS is not installed. 
Using SCS instead.
ECOS solver failed:  The solver ECOS is not installed. 
Using SCS instead.
ECOS solver failed:  The solver ECOS is not installed. 
Using SCS instead.
ECOS solver failed:  The solver ECOS is not installed. 
Using SCS instead.
ECOS solver failed:  The solver ECOS is not installed. 
Using SCS instead.
ECOS solver failed:  The solver ECOS is not installed. 
Using SCS instead.
ECOS solver failed:  The solver ECOS is not installed. 
Using SCS instead.
ECOS solver failed:  The solver ECOS is not installed. 
Using SCS instead.
ECOS solver failed:  The solver ECOS is not installed. 
Using SCS instead.
ECOS solver failed:  The solver ECOS is not installed. 
Using SCS instead.
ECOS solver failed:  The solver ECOS is not installed. 
Using SCS instead.
ECOS solver failed:  The solver ECOS is not installed. 
Using SCS instead.
M-step Design Matrix Calculation time (sec): 0.0234
ECOS solver failed in IPCW_HAL_init, falling back to SCS: The solver ECOS is not installed.
WARNING - large complementary slackness residual: 0.008081
M-step CVXPY optimize time (sec): 1.0504
ECOS solver failed:  The solver ECOS is not installed. 
Using SCS instead.
ECOS solver failed:  The solver ECOS is not installed. 
Using SCS instead.
ECOS solver failed:  The solver ECOS is not installed. 
Using SCS instead.
ECOS solver failed:  The solver ECOS is not installed. 
Using SCS instead.
ECOS solver failed:  The solver ECOS is not installed. 
Using SCS instead.
ECOS solver failed:  The solver ECOS is not installed. 
Using SCS instead.
ECOS solver failed:  The solver ECOS is not installed. 
Using SCS instead.
ECOS solver failed:  The solver ECOS is not installed. 
Using SCS instead.
ECOS solver failed:  The solver ECOS is not installed. 
Using SCS instead.
ECOS solver failed:  The solver ECOS is not installed. 
Using SCS instead.
ECOS solver failed:  The solver ECOS is not installed. 
Using SCS instead.
ECOS solver failed:  The solver ECOS is not installed. 
Using SCS instead.
ECOS solver failed:  The solver ECOS is not installed. 
Using SCS instead.
ECOS solver failed:  The solver ECOS is not installed. 
Using SCS instead.
ECOS solver failed:  The solver ECOS is not installed. 
Using SCS instead.
ECOS solver failed:  The solver ECOS is not installed. 
Using SCS instead.
ECOS solver failed:  The solver ECOS is not installed. 
Using SCS instead.
ECOS solver failed:  The solver ECOS is not installed. 
Using SCS instead.
ECOS solver failed:  The solver ECOS is not installed. 
Using SCS instead.
ECOS solver failed:  The solver ECOS is not installed. 
Using SCS instead.
ECOS solver failed:  The solver ECOS is not installed. 
Using SCS instead.
M-step Design Matrix Calculation time (sec): 0.0189
ECOS solver failed in IPCW_HAL_init, falling back to SCS: The solver ECOS is not installed.
WARNING - large complementary slackness residual: 0.012675
M-step CVXPY optimize time (sec): 1.8319
ECOS solver failed:  The solver ECOS is not installed. 
Using SCS instead.
ECOS solver failed:  The solver ECOS is not installed. 
Using SCS instead.
ECOS solver failed:  The solver ECOS is not installed. 
Using SCS instead.
ECOS solver failed:  The solver ECOS is not installed. 
Using SCS instead.
ECOS solver failed:  The solver ECOS is not installed. 
Using SCS instead.
ECOS solver failed:  The solver ECOS is not installed. 
Using SCS instead.
ECOS solver failed:  The solver ECOS is not installed. 
Using SCS instead.
ECOS solver failed:  The solver ECOS is not installed. 
Using SCS instead.
ECOS solver failed:  The solver ECOS is not installed. 
Using SCS instead.
ECOS solver failed:  The solver ECOS is not installed. 
Using SCS instead.
ECOS solver failed:  The solver ECOS is not installed. 
Using SCS instead.
ECOS solver failed:  The solver ECOS is not installed. 
Using SCS instead.
ECOS solver failed:  The solver ECOS is not installed. 
Using SCS instead.
ECOS solver failed:  The solver ECOS is not installed. 
Using SCS instead.
ECOS solver failed:  The solver ECOS is not installed. 
Using SCS instead.
ECOS solver failed:  The solver ECOS is not installed. 
Using SCS instead.
ECOS solver failed:  The solver ECOS is not installed. 
Using SCS instead.
ECOS solver failed:  The solver ECOS is not installed. 
Using SCS instead.
ECOS solver failed:  The solver ECOS is not installed. 
Using SCS instead.
ECOS solver failed:  The solver ECOS is not installed. 
Using SCS instead.
ECOS solver failed:  The solver ECOS is not installed. 
Using SCS instead.
M-step Design Matrix Calculation time (sec): 0.0202
ECOS solver failed in IPCW_HAL_init, falling back to SCS: The solver ECOS is not installed.
WARNING - large complementary slackness residual: 0.008189
M-step CVXPY optimize time (sec): 1.1569
ECOS solver failed:  The solver ECOS is not installed. 
Using SCS instead.
ECOS solver failed:  The solver ECOS is not installed. 
Using SCS instead.
ECOS solver failed:  The solver ECOS is not installed. 
Using SCS instead.
ECOS solver failed:  The solver ECOS is not installed. 
Using SCS instead.
ECOS solver failed:  The solver ECOS is not installed. 
Using SCS instead.
ECOS solver failed:  The solver ECOS is not installed. 
Using SCS instead.
ECOS solver failed:  The solver ECOS is not installed. 
Using SCS instead.
ECOS solver failed:  The solver ECOS is not installed. 
Using SCS instead.
ECOS solver failed:  The solver ECOS is not installed. 
Using SCS instead.
ECOS solver failed:  The solver ECOS is not installed. 
Using SCS instead.
ECOS solver failed:  The solver ECOS is not installed. 
Using SCS instead.
ECOS solver failed:  The solver ECOS is not installed. 
Using SCS instead.
ECOS solver failed:  The solver ECOS is not installed. 
Using SCS instead.
ECOS solver failed:  The solver ECOS is not installed. 
Using SCS instead.
ECOS solver failed:  The solver ECOS is not installed. 
Using SCS instead.
ECOS solver failed:  The solver ECOS is not installed. 
Using SCS instead.
ECOS solver failed:  The solver ECOS is not installed. 
Using SCS instead.
ECOS solver failed:  The solver ECOS is not installed. 
Using SCS instead.
ECOS solver failed:  The solver ECOS is not installed. 
Using SCS instead.
ECOS solver failed:  The solver ECOS is not installed. 
Using SCS instead.
ECOS solver failed:  The solver ECOS is not installed. 
Using SCS instead.
M-step Design Matrix Calculation time (sec): 0.0207
ECOS solver failed in IPCW_HAL_init, falling back to SCS: The solver ECOS is not installed.
M-step CVXPY optimize time (sec): 0.7039
ECOS solver failed:  The solver ECOS is not installed. 
Using SCS instead.
ECOS solver failed:  The solver ECOS is not installed. 
Using SCS instead.
ECOS solver failed:  The solver ECOS is not installed. 
Using SCS instead.
ECOS solver failed:  The solver ECOS is not installed. 
Using SCS instead.
ECOS solver failed:  The solver ECOS is not installed. 
Using SCS instead.
ECOS solver failed:  The solver ECOS is not installed. 
Using SCS instead.
ECOS solver failed:  The solver ECOS is not installed. 
Using SCS instead.
ECOS solver failed:  The solver ECOS is not installed. 
Using SCS instead.
ECOS solver failed:  The solver ECOS is not installed. 
Using SCS instead.
ECOS solver failed:  The solver ECOS is not installed. 
Using SCS instead.
ECOS solver failed:  The solver ECOS is not installed. 
Using SCS instead.
ECOS solver failed:  The solver ECOS is not installed. 
Using SCS instead.
ECOS solver failed:  The solver ECOS is not installed. 
Using SCS instead.
ECOS solver failed:  The solver ECOS is not installed. 
Using SCS instead.
ECOS solver failed:  The solver ECOS is not installed. 
Using SCS instead.
ECOS solver failed:  The solver ECOS is not installed. 
Using SCS instead.
ECOS solver failed:  The solver ECOS is not installed. 
Using SCS instead.
ECOS solver failed:  The solver ECOS is not installed. 
Using SCS instead.
ECOS solver failed:  The solver ECOS is not installed. 
Using SCS instead.
ECOS solver failed:  The solver ECOS is not installed. 
Using SCS instead.
ECOS solver failed:  The solver ECOS is not installed. 
Using SCS instead.
M-step Design Matrix Calculation time (sec): 0.0165
ECOS solver failed in IPCW_HAL_init, falling back to SCS: The solver ECOS is not installed.
WARNING - large complementary slackness residual: 0.013202
M-step CVXPY optimize time (sec): 2.6127
ECOS solver failed:  The solver ECOS is not installed. 
Using SCS instead.
ECOS solver failed:  The solver ECOS is not installed. 
Using SCS instead.
ECOS solver failed:  The solver ECOS is not installed. 
Using SCS instead.
ECOS solver failed:  The solver ECOS is not installed. 
Using SCS instead.
ECOS solver failed:  The solver ECOS is not installed. 
Using SCS instead.
ECOS solver failed:  The solver ECOS is not installed. 
Using SCS instead.
ECOS solver failed:  The solver ECOS is not installed. 
Using SCS instead.
ECOS solver failed:  The solver ECOS is not installed. 
Using SCS instead.
ECOS solver failed:  The solver ECOS is not installed. 
Using SCS instead.
ECOS solver failed:  The solver ECOS is not installed. 
Using SCS instead.
ECOS solver failed:  The solver ECOS is not installed. 
Using SCS instead.
ECOS solver failed:  The solver ECOS is not installed. 
Using SCS instead.
ECOS solver failed:  The solver ECOS is not installed. 
Using SCS instead.
ECOS solver failed:  The solver ECOS is not installed. 
Using SCS instead.
ECOS solver failed:  The solver ECOS is not installed. 
Using SCS instead.
ECOS solver failed:  The solver ECOS is not installed. 
Using SCS instead.
ECOS solver failed:  The solver ECOS is not installed. 
Using SCS instead.
ECOS solver failed:  The solver ECOS is not installed. 
Using SCS instead.
ECOS solver failed:  The solver ECOS is not installed. 
Using SCS instead.
ECOS solver failed:  The solver ECOS is not installed. 
Using SCS instead.
ECOS solver failed:  The solver ECOS is not installed. 
Using SCS instead.
M-step Design Matrix Calculation time (sec): 0.0219
ECOS solver failed in IPCW_HAL_init, falling back to SCS: The solver ECOS is not installed.
WARNING - large complementary slackness residual: 0.007208
M-step CVXPY optimize time (sec): 1.6273
ECOS solver failed:  The solver ECOS is not installed. 
Using SCS instead.
ECOS solver failed:  The solver ECOS is not installed. 
Using SCS instead.
ECOS solver failed:  The solver ECOS is not installed. 
Using SCS instead.
ECOS solver failed:  The solver ECOS is not installed. 
Using SCS instead.
ECOS solver failed:  The solver ECOS is not installed. 
Using SCS instead.
ECOS solver failed:  The solver ECOS is not installed. 
Using SCS instead.
ECOS solver failed:  The solver ECOS is not installed. 
Using SCS instead.
ECOS solver failed:  The solver ECOS is not installed. 
Using SCS instead.
ECOS solver failed:  The solver ECOS is not installed. 
Using SCS instead.
ECOS solver failed:  The solver ECOS is not installed. 
Using SCS instead.
ECOS solver failed:  The solver ECOS is not installed. 
Using SCS instead.
ECOS solver failed:  The solver ECOS is not installed. 
Using SCS instead.
ECOS solver failed:  The solver ECOS is not installed. 
Using SCS instead.
ECOS solver failed:  The solver ECOS is not installed. 
Using SCS instead.
ECOS solver failed:  The solver ECOS is not installed. 
Using SCS instead.
ECOS solver failed:  The solver ECOS is not installed. 
Using SCS instead.
ECOS solver failed:  The solver ECOS is not installed. 
Using SCS instead.
ECOS solver failed:  The solver ECOS is not installed. 
Using SCS instead.
ECOS solver failed:  The solver ECOS is not installed. 
Using SCS instead.
ECOS solver failed:  The solver ECOS is not installed. 
Using SCS instead.
ECOS solver failed:  The solver ECOS is not installed. 
Using SCS instead.
M-step Design Matrix Calculation time (sec): 0.0176
ECOS solver failed in IPCW_HAL_init, falling back to SCS: The solver ECOS is not installed.
M-step CVXPY optimize time (sec): 0.7655
ECOS solver failed:  The solver ECOS is not installed. 
Using SCS instead.
ECOS solver failed:  The solver ECOS is not installed. 
Using SCS instead.
ECOS solver failed:  The solver ECOS is not installed. 
Using SCS instead.
ECOS solver failed:  The solver ECOS is not installed. 
Using SCS instead.
ECOS solver failed:  The solver ECOS is not installed. 
Using SCS instead.
ECOS solver failed:  The solver ECOS is not installed. 
Using SCS instead.
ECOS solver failed:  The solver ECOS is not installed. 
Using SCS instead.
ECOS solver failed:  The solver ECOS is not installed. 
Using SCS instead.
ECOS solver failed:  The solver ECOS is not installed. 
Using SCS instead.
ECOS solver failed:  The solver ECOS is not installed. 
Using SCS instead.
ECOS solver failed:  The solver ECOS is not installed. 
Using SCS instead.
ECOS solver failed:  The solver ECOS is not installed. 
Using SCS instead.
ECOS solver failed:  The solver ECOS is not installed. 
Using SCS instead.
ECOS solver failed:  The solver ECOS is not installed. 
Using SCS instead.
ECOS solver failed:  The solver ECOS is not installed. 
Using SCS instead.
ECOS solver failed:  The solver ECOS is not installed. 
Using SCS instead.
ECOS solver failed:  The solver ECOS is not installed. 
Using SCS instead.
ECOS solver failed:  The solver ECOS is not installed. 
Using SCS instead.
ECOS solver failed:  The solver ECOS is not installed. 
Using SCS instead.
ECOS solver failed:  The solver ECOS is not installed. 
Using SCS instead.
ECOS solver failed:  The solver ECOS is not installed. 
Using SCS instead.
M-step Design Matrix Calculation time (sec): 0.0169
ECOS solver failed in IPCW_HAL_init, falling back to SCS: The solver ECOS is not installed.
WARNING - large complementary slackness residual: 0.026629
M-step CVXPY optimize time (sec): 2.1998
ECOS solver failed:  The solver ECOS is not installed. 
Using SCS instead.
ECOS solver failed:  The solver ECOS is not installed. 
Using SCS instead.
ECOS solver failed:  The solver ECOS is not installed. 
Using SCS instead.
ECOS solver failed:  The solver ECOS is not installed. 
Using SCS instead.
ECOS solver failed:  The solver ECOS is not installed. 
Using SCS instead.
ECOS solver failed:  The solver ECOS is not installed. 
Using SCS instead.
ECOS solver failed:  The solver ECOS is not installed. 
Using SCS instead.
ECOS solver failed:  The solver ECOS is not installed. 
Using SCS instead.
ECOS solver failed:  The solver ECOS is not installed. 
Using SCS instead.
ECOS solver failed:  The solver ECOS is not installed. 
Using SCS instead.
ECOS solver failed:  The solver ECOS is not installed. 
Using SCS instead.
ECOS solver failed:  The solver ECOS is not installed. 
Using SCS instead.
ECOS solver failed:  The solver ECOS is not installed. 
Using SCS instead.
ECOS solver failed:  The solver ECOS is not installed. 
Using SCS instead.
ECOS solver failed:  The solver ECOS is not installed. 
Using SCS instead.
ECOS solver failed:  The solver ECOS is not installed. 
Using SCS instead.
ECOS solver failed:  The solver ECOS is not installed. 
Using SCS instead.
ECOS solver failed:  The solver ECOS is not installed. 
Using SCS instead.
ECOS solver failed:  The solver ECOS is not installed. 
Using SCS instead.
ECOS solver failed:  The solver ECOS is not installed. 
Using SCS instead.
ECOS solver failed:  The solver ECOS is not installed. 
Using SCS instead.
M-step Design Matrix Calculation time (sec): 0.0178
ECOS solver failed in IPCW_HAL_init, falling back to SCS: The solver ECOS is not installed.
M-step CVXPY optimize time (sec): 1.3815
ECOS solver failed:  The solver ECOS is not installed. 
Using SCS instead.
ECOS solver failed:  The solver ECOS is not installed. 
Using SCS instead.
ECOS solver failed:  The solver ECOS is not installed. 
Using SCS instead.
ECOS solver failed:  The solver ECOS is not installed. 
Using SCS instead.
ECOS solver failed:  The solver ECOS is not installed. 
Using SCS instead.
ECOS solver failed:  The solver ECOS is not installed. 
Using SCS instead.
ECOS solver failed:  The solver ECOS is not installed. 
Using SCS instead.
ECOS solver failed:  The solver ECOS is not installed. 
Using SCS instead.
ECOS solver failed:  The solver ECOS is not installed. 
Using SCS instead.
ECOS solver failed:  The solver ECOS is not installed. 
Using SCS instead.
ECOS solver failed:  The solver ECOS is not installed. 
Using SCS instead.
ECOS solver failed:  The solver ECOS is not installed. 
Using SCS instead.
ECOS solver failed:  The solver ECOS is not installed. 
Using SCS instead.
ECOS solver failed:  The solver ECOS is not installed. 
Using SCS instead.
ECOS solver failed:  The solver ECOS is not installed. 
Using SCS instead.
ECOS solver failed:  The solver ECOS is not installed. 
Using SCS instead.
ECOS solver failed:  The solver ECOS is not installed. 
Using SCS instead.
ECOS solver failed:  The solver ECOS is not installed. 
Using SCS instead.
ECOS solver failed:  The solver ECOS is not installed. 
Using SCS instead.
ECOS solver failed:  The solver ECOS is not installed. 
Using SCS instead.
ECOS solver failed:  The solver ECOS is not installed. 
Using SCS instead.
M-step Design Matrix Calculation time (sec): 0.0390
ECOS solver failed in IPCW_HAL_init, falling back to SCS: The solver ECOS is not installed.
WARNING - large complementary slackness residual: 0.005111
M-step CVXPY optimize time (sec): 1.0652
ECOS solver failed:  The solver ECOS is not installed. 
Using SCS instead.
ECOS solver failed:  The solver ECOS is not installed. 
Using SCS instead.
ECOS solver failed:  The solver ECOS is not installed. 
Using SCS instead.
ECOS solver failed:  The solver ECOS is not installed. 
Using SCS instead.
ECOS solver failed:  The solver ECOS is not installed. 
Using SCS instead.
ECOS solver failed:  The solver ECOS is not installed. 
Using SCS instead.
ECOS solver failed:  The solver ECOS is not installed. 
Using SCS instead.
ECOS solver failed:  The solver ECOS is not installed. 
Using SCS instead.
ECOS solver failed:  The solver ECOS is not installed. 
Using SCS instead.
ECOS solver failed:  The solver ECOS is not installed. 
Using SCS instead.
ECOS solver failed:  The solver ECOS is not installed. 
Using SCS instead.
ECOS solver failed:  The solver ECOS is not installed. 
Using SCS instead.
ECOS solver failed:  The solver ECOS is not installed. 
Using SCS instead.
ECOS solver failed:  The solver ECOS is not installed. 
Using SCS instead.
ECOS solver failed:  The solver ECOS is not installed. 
Using SCS instead.
ECOS solver failed:  The solver ECOS is not installed. 
Using SCS instead.
ECOS solver failed:  The solver ECOS is not installed. 
Using SCS instead.
ECOS solver failed:  The solver ECOS is not installed. 
Using SCS instead.
ECOS solver failed:  The solver ECOS is not installed. 
Using SCS instead.
ECOS solver failed:  The solver ECOS is not installed. 
Using SCS instead.
ECOS solver failed:  The solver ECOS is not installed. 
Using SCS instead.
M-step Design Matrix Calculation time (sec): 0.0172
ECOS solver failed in IPCW_HAL_init, falling back to SCS: The solver ECOS is not installed.
WARNING - large complementary slackness residual: 0.015261
M-step CVXPY optimize time (sec): 1.3361
ECOS solver failed:  The solver ECOS is not installed. 
Using SCS instead.
ECOS solver failed:  The solver ECOS is not installed. 
Using SCS instead.
ECOS solver failed:  The solver ECOS is not installed. 
Using SCS instead.
ECOS solver failed:  The solver ECOS is not installed. 
Using SCS instead.
ECOS solver failed:  The solver ECOS is not installed. 
Using SCS instead.
ECOS solver failed:  The solver ECOS is not installed. 
Using SCS instead.
ECOS solver failed:  The solver ECOS is not installed. 
Using SCS instead.
ECOS solver failed:  The solver ECOS is not installed. 
Using SCS instead.
ECOS solver failed:  The solver ECOS is not installed. 
Using SCS instead.
ECOS solver failed:  The solver ECOS is not installed. 
Using SCS instead.
ECOS solver failed:  The solver ECOS is not installed. 
Using SCS instead.
ECOS solver failed:  The solver ECOS is not installed. 
Using SCS instead.
ECOS solver failed:  The solver ECOS is not installed. 
Using SCS instead.
ECOS solver failed:  The solver ECOS is not installed. 
Using SCS instead.
ECOS solver failed:  The solver ECOS is not installed. 
Using SCS instead.
ECOS solver failed:  The solver ECOS is not installed. 
Using SCS instead.
ECOS solver failed:  The solver ECOS is not installed. 
Using SCS instead.
ECOS solver failed:  The solver ECOS is not installed. 
Using SCS instead.
ECOS solver failed:  The solver ECOS is not installed. 
Using SCS instead.
ECOS solver failed:  The solver ECOS is not installed. 
Using SCS instead.
ECOS solver failed:  The solver ECOS is not installed. 
Using SCS instead.
M-step Design Matrix Calculation time (sec): 0.0167
ECOS solver failed in IPCW_HAL_init, falling back to SCS: The solver ECOS is not installed.
WARNING - large complementary slackness residual: 0.023094
M-step CVXPY optimize time (sec): 0.4246
ECOS solver failed:  The solver ECOS is not installed. 
Using SCS instead.
ECOS solver failed:  The solver ECOS is not installed. 
Using SCS instead.
ECOS solver failed:  The solver ECOS is not installed. 
Using SCS instead.
ECOS solver failed:  The solver ECOS is not installed. 
Using SCS instead.
ECOS solver failed:  The solver ECOS is not installed. 
Using SCS instead.
ECOS solver failed:  The solver ECOS is not installed. 
Using SCS instead.
ECOS solver failed:  The solver ECOS is not installed. 
Using SCS instead.
ECOS solver failed:  The solver ECOS is not installed. 
Using SCS instead.
ECOS solver failed:  The solver ECOS is not installed. 
Using SCS instead.
ECOS solver failed:  The solver ECOS is not installed. 
Using SCS instead.
ECOS solver failed:  The solver ECOS is not installed. 
Using SCS instead.
ECOS solver failed:  The solver ECOS is not installed. 
Using SCS instead.
ECOS solver failed:  The solver ECOS is not installed. 
Using SCS instead.
ECOS solver failed:  The solver ECOS is not installed. 
Using SCS instead.
ECOS solver failed:  The solver ECOS is not installed. 
Using SCS instead.
ECOS solver failed:  The solver ECOS is not installed. 
Using SCS instead.
ECOS solver failed:  The solver ECOS is not installed. 
Using SCS instead.
ECOS solver failed:  The solver ECOS is not installed. 
Using SCS instead.
ECOS solver failed:  The solver ECOS is not installed. 
Using SCS instead.
ECOS solver failed:  The solver ECOS is not installed. 
Using SCS instead.
ECOS solver failed:  The solver ECOS is not installed. 
Using SCS instead.
M-step Design Matrix Calculation time (sec): 0.1336
ECOS solver failed in IPCW_HAL_init, falling back to SCS: The solver ECOS is not installed.
WARNING - large complementary slackness residual: 0.032908
M-step CVXPY optimize time (sec): 1.2282
ECOS solver failed:  The solver ECOS is not installed. 
Using SCS instead.
ECOS solver failed:  The solver ECOS is not installed. 
Using SCS instead.
ECOS solver failed:  The solver ECOS is not installed. 
Using SCS instead.
ECOS solver failed:  The solver ECOS is not installed. 
Using SCS instead.
ECOS solver failed:  The solver ECOS is not installed. 
Using SCS instead.
ECOS solver failed:  The solver ECOS is not installed. 
Using SCS instead.
ECOS solver failed:  The solver ECOS is not installed. 
Using SCS instead.
ECOS solver failed:  The solver ECOS is not installed. 
Using SCS instead.
ECOS solver failed:  The solver ECOS is not installed. 
Using SCS instead.
ECOS solver failed:  The solver ECOS is not installed. 
Using SCS instead.
ECOS solver failed:  The solver ECOS is not installed. 
Using SCS instead.
ECOS solver failed:  The solver ECOS is not installed. 
Using SCS instead.
ECOS solver failed:  The solver ECOS is not installed. 
Using SCS instead.
ECOS solver failed:  The solver ECOS is not installed. 
Using SCS instead.
ECOS solver failed:  The solver ECOS is not installed. 
Using SCS instead.
ECOS solver failed:  The solver ECOS is not installed. 
Using SCS instead.
ECOS solver failed:  The solver ECOS is not installed. 
Using SCS instead.
ECOS solver failed:  The solver ECOS is not installed. 
Using SCS instead.
ECOS solver failed:  The solver ECOS is not installed. 
Using SCS instead.
ECOS solver failed:  The solver ECOS is not installed. 
Using SCS instead.
ECOS solver failed:  The solver ECOS is not installed. 
Using SCS instead.
M-step Design Matrix Calculation time (sec): 0.0193
ECOS solver failed in IPCW_HAL_init, falling back to SCS: The solver ECOS is not installed.
M-step CVXPY optimize time (sec): 0.9335
ECOS solver failed:  The solver ECOS is not installed. 
Using SCS instead.
ECOS solver failed:  The solver ECOS is not installed. 
Using SCS instead.
ECOS solver failed:  The solver ECOS is not installed. 
Using SCS instead.
ECOS solver failed:  The solver ECOS is not installed. 
Using SCS instead.
ECOS solver failed:  The solver ECOS is not installed. 
Using SCS instead.
ECOS solver failed:  The solver ECOS is not installed. 
Using SCS instead.
ECOS solver failed:  The solver ECOS is not installed. 
Using SCS instead.
ECOS solver failed:  The solver ECOS is not installed. 
Using SCS instead.
ECOS solver failed:  The solver ECOS is not installed. 
Using SCS instead.
ECOS solver failed:  The solver ECOS is not installed. 
Using SCS instead.
ECOS solver failed:  The solver ECOS is not installed. 
Using SCS instead.
ECOS solver failed:  The solver ECOS is not installed. 
Using SCS instead.
ECOS solver failed:  The solver ECOS is not installed. 
Using SCS instead.
ECOS solver failed:  The solver ECOS is not installed. 
Using SCS instead.
ECOS solver failed:  The solver ECOS is not installed. 
Using SCS instead.
ECOS solver failed:  The solver ECOS is not installed. 
Using SCS instead.
ECOS solver failed:  The solver ECOS is not installed. 
Using SCS instead.
ECOS solver failed:  The solver ECOS is not installed. 
Using SCS instead.
ECOS solver failed:  The solver ECOS is not installed. 
Using SCS instead.
ECOS solver failed:  The solver ECOS is not installed. 
Using SCS instead.
ECOS solver failed:  The solver ECOS is not installed. 
Using SCS instead.
M-step Design Matrix Calculation time (sec): 0.0318
ECOS solver failed in IPCW_HAL_init, falling back to SCS: The solver ECOS is not installed.
WARNING - large complementary slackness residual: 0.005354
M-step CVXPY optimize time (sec): 2.4506
ECOS solver failed:  The solver ECOS is not installed. 
Using SCS instead.
ECOS solver failed:  The solver ECOS is not installed. 
Using SCS instead.
ECOS solver failed:  The solver ECOS is not installed. 
Using SCS instead.
ECOS solver failed:  The solver ECOS is not installed. 
Using SCS instead.
ECOS solver failed:  The solver ECOS is not installed. 
Using SCS instead.
ECOS solver failed:  The solver ECOS is not installed. 
Using SCS instead.
ECOS solver failed:  The solver ECOS is not installed. 
Using SCS instead.
ECOS solver failed:  The solver ECOS is not installed. 
Using SCS instead.
ECOS solver failed:  The solver ECOS is not installed. 
Using SCS instead.
ECOS solver failed:  The solver ECOS is not installed. 
Using SCS instead.
ECOS solver failed:  The solver ECOS is not installed. 
Using SCS instead.
ECOS solver failed:  The solver ECOS is not installed. 
Using SCS instead.
ECOS solver failed:  The solver ECOS is not installed. 
Using SCS instead.
ECOS solver failed:  The solver ECOS is not installed. 
Using SCS instead.
ECOS solver failed:  The solver ECOS is not installed. 
Using SCS instead.
ECOS solver failed:  The solver ECOS is not installed. 
Using SCS instead.
ECOS solver failed:  The solver ECOS is not installed. 
Using SCS instead.
ECOS solver failed:  The solver ECOS is not installed. 
Using SCS instead.
ECOS solver failed:  The solver ECOS is not installed. 
Using SCS instead.
ECOS solver failed:  The solver ECOS is not installed. 
Using SCS instead.
ECOS solver failed:  The solver ECOS is not installed. 
Using SCS instead.
M-step Design Matrix Calculation time (sec): 0.0710
ECOS solver failed in IPCW_HAL_init, falling back to SCS: The solver ECOS is not installed.
WARNING - large complementary slackness residual: 0.004812
M-step CVXPY optimize time (sec): 1.5282
ECOS solver failed:  The solver ECOS is not installed. 
Using SCS instead.
ECOS solver failed:  The solver ECOS is not installed. 
Using SCS instead.
ECOS solver failed:  The solver ECOS is not installed. 
Using SCS instead.
ECOS solver failed:  The solver ECOS is not installed. 
Using SCS instead.
ECOS solver failed:  The solver ECOS is not installed. 
Using SCS instead.
ECOS solver failed:  The solver ECOS is not installed. 
Using SCS instead.
ECOS solver failed:  The solver ECOS is not installed. 
Using SCS instead.
ECOS solver failed:  The solver ECOS is not installed. 
Using SCS instead.
ECOS solver failed:  The solver ECOS is not installed. 
Using SCS instead.
ECOS solver failed:  The solver ECOS is not installed. 
Using SCS instead.
ECOS solver failed:  The solver ECOS is not installed. 
Using SCS instead.
ECOS solver failed:  The solver ECOS is not installed. 
Using SCS instead.
ECOS solver failed:  The solver ECOS is not installed. 
Using SCS instead.
ECOS solver failed:  The solver ECOS is not installed. 
Using SCS instead.
ECOS solver failed:  The solver ECOS is not installed. 
Using SCS instead.
ECOS solver failed:  The solver ECOS is not installed. 
Using SCS instead.
ECOS solver failed:  The solver ECOS is not installed. 
Using SCS instead.
ECOS solver failed:  The solver ECOS is not installed. 
Using SCS instead.
ECOS solver failed:  The solver ECOS is not installed. 
Using SCS instead.
ECOS solver failed:  The solver ECOS is not installed. 
Using SCS instead.
ECOS solver failed:  The solver ECOS is not installed. 
Using SCS instead.
M-step Design Matrix Calculation time (sec): 0.0487
ECOS solver failed in IPCW_HAL_init, falling back to SCS: The solver ECOS is not installed.
WARNING - large complementary slackness residual: 0.025675
M-step CVXPY optimize time (sec): 2.7335
ECOS solver failed:  The solver ECOS is not installed. 
Using SCS instead.
ECOS solver failed:  The solver ECOS is not installed. 
Using SCS instead.
ECOS solver failed:  The solver ECOS is not installed. 
Using SCS instead.
ECOS solver failed:  The solver ECOS is not installed. 
Using SCS instead.
ECOS solver failed:  The solver ECOS is not installed. 
Using SCS instead.
ECOS solver failed:  The solver ECOS is not installed. 
Using SCS instead.
ECOS solver failed:  The solver ECOS is not installed. 
Using SCS instead.
ECOS solver failed:  The solver ECOS is not installed. 
Using SCS instead.
ECOS solver failed:  The solver ECOS is not installed. 
Using SCS instead.
ECOS solver failed:  The solver ECOS is not installed. 
Using SCS instead.
ECOS solver failed:  The solver ECOS is not installed. 
Using SCS instead.
ECOS solver failed:  The solver ECOS is not installed. 
Using SCS instead.
ECOS solver failed:  The solver ECOS is not installed. 
Using SCS instead.
ECOS solver failed:  The solver ECOS is not installed. 
Using SCS instead.
ECOS solver failed:  The solver ECOS is not installed. 
Using SCS instead.
ECOS solver failed:  The solver ECOS is not installed. 
Using SCS instead.
ECOS solver failed:  The solver ECOS is not installed. 
Using SCS instead.
ECOS solver failed:  The solver ECOS is not installed. 
Using SCS instead.
ECOS solver failed:  The solver ECOS is not installed. 
Using SCS instead.
ECOS solver failed:  The solver ECOS is not installed. 
Using SCS instead.
ECOS solver failed:  The solver ECOS is not installed. 
Using SCS instead.
M-step Design Matrix Calculation time (sec): 0.0847
ECOS solver failed in IPCW_HAL_init, falling back to SCS: The solver ECOS is not installed.
WARNING - large complementary slackness residual: 0.004754
M-step CVXPY optimize time (sec): 0.8356
ECOS solver failed:  The solver ECOS is not installed. 
Using SCS instead.
ECOS solver failed:  The solver ECOS is not installed. 
Using SCS instead.
ECOS solver failed:  The solver ECOS is not installed. 
Using SCS instead.
ECOS solver failed:  The solver ECOS is not installed. 
Using SCS instead.
ECOS solver failed:  The solver ECOS is not installed. 
Using SCS instead.
ECOS solver failed:  The solver ECOS is not installed. 
Using SCS instead.
ECOS solver failed:  The solver ECOS is not installed. 
Using SCS instead.
ECOS solver failed:  The solver ECOS is not installed. 
Using SCS instead.
ECOS solver failed:  The solver ECOS is not installed. 
Using SCS instead.
ECOS solver failed:  The solver ECOS is not installed. 
Using SCS instead.
ECOS solver failed:  The solver ECOS is not installed. 
Using SCS instead.
ECOS solver failed:  The solver ECOS is not installed. 
Using SCS instead.
ECOS solver failed:  The solver ECOS is not installed. 
Using SCS instead.
ECOS solver failed:  The solver ECOS is not installed. 
Using SCS instead.
ECOS solver failed:  The solver ECOS is not installed. 
Using SCS instead.
ECOS solver failed:  The solver ECOS is not installed. 
Using SCS instead.
ECOS solver failed:  The solver ECOS is not installed. 
Using SCS instead.
ECOS solver failed:  The solver ECOS is not installed. 
Using SCS instead.
ECOS solver failed:  The solver ECOS is not installed. 
Using SCS instead.
ECOS solver failed:  The solver ECOS is not installed. 
Using SCS instead.
ECOS solver failed:  The solver ECOS is not installed. 
Using SCS instead.
M-step Design Matrix Calculation time (sec): 0.0184
ECOS solver failed in IPCW_HAL_init, falling back to SCS: The solver ECOS is not installed.
WARNING - large complementary slackness residual: 0.026194
M-step CVXPY optimize time (sec): 0.5331
ECOS solver failed:  The solver ECOS is not installed. 
Using SCS instead.
ECOS solver failed:  The solver ECOS is not installed. 
Using SCS instead.
ECOS solver failed:  The solver ECOS is not installed. 
Using SCS instead.
ECOS solver failed:  The solver ECOS is not installed. 
Using SCS instead.
ECOS solver failed:  The solver ECOS is not installed. 
Using SCS instead.
ECOS solver failed:  The solver ECOS is not installed. 
Using SCS instead.
ECOS solver failed:  The solver ECOS is not installed. 
Using SCS instead.
ECOS solver failed:  The solver ECOS is not installed. 
Using SCS instead.
ECOS solver failed:  The solver ECOS is not installed. 
Using SCS instead.
ECOS solver failed:  The solver ECOS is not installed. 
Using SCS instead.
ECOS solver failed:  The solver ECOS is not installed. 
Using SCS instead.
ECOS solver failed:  The solver ECOS is not installed. 
Using SCS instead.
ECOS solver failed:  The solver ECOS is not installed. 
Using SCS instead.
ECOS solver failed:  The solver ECOS is not installed. 
Using SCS instead.
ECOS solver failed:  The solver ECOS is not installed. 
Using SCS instead.
ECOS solver failed:  The solver ECOS is not installed. 
Using SCS instead.
ECOS solver failed:  The solver ECOS is not installed. 
Using SCS instead.
ECOS solver failed:  The solver ECOS is not installed. 
Using SCS instead.
ECOS solver failed:  The solver ECOS is not installed. 
Using SCS instead.
ECOS solver failed:  The solver ECOS is not installed. 
Using SCS instead.
ECOS solver failed:  The solver ECOS is not installed. 
Using SCS instead.
M-step Design Matrix Calculation time (sec): 0.0194
ECOS solver failed in IPCW_HAL_init, falling back to SCS: The solver ECOS is not installed.
M-step CVXPY optimize time (sec): 0.8239
ECOS solver failed:  The solver ECOS is not installed. 
Using SCS instead.
ECOS solver failed:  The solver ECOS is not installed. 
Using SCS instead.
ECOS solver failed:  The solver ECOS is not installed. 
Using SCS instead.
ECOS solver failed:  The solver ECOS is not installed. 
Using SCS instead.
ECOS solver failed:  The solver ECOS is not installed. 
Using SCS instead.
ECOS solver failed:  The solver ECOS is not installed. 
Using SCS instead.
ECOS solver failed:  The solver ECOS is not installed. 
Using SCS instead.
ECOS solver failed:  The solver ECOS is not installed. 
Using SCS instead.
ECOS solver failed:  The solver ECOS is not installed. 
Using SCS instead.
ECOS solver failed:  The solver ECOS is not installed. 
Using SCS instead.
ECOS solver failed:  The solver ECOS is not installed. 
Using SCS instead.
ECOS solver failed:  The solver ECOS is not installed. 
Using SCS instead.
ECOS solver failed:  The solver ECOS is not installed. 
Using SCS instead.
ECOS solver failed:  The solver ECOS is not installed. 
Using SCS instead.
ECOS solver failed:  The solver ECOS is not installed. 
Using SCS instead.
ECOS solver failed:  The solver ECOS is not installed. 
Using SCS instead.
ECOS solver failed:  The solver ECOS is not installed. 
Using SCS instead.
ECOS solver failed:  The solver ECOS is not installed. 
Using SCS instead.
ECOS solver failed:  The solver ECOS is not installed. 
Using SCS instead.
ECOS solver failed:  The solver ECOS is not installed. 
Using SCS instead.
ECOS solver failed:  The solver ECOS is not installed. 
Using SCS instead.
M-step Design Matrix Calculation time (sec): 0.2292
ECOS solver failed in IPCW_HAL_init, falling back to SCS: The solver ECOS is not installed.
WARNING - large complementary slackness residual: 0.013801
M-step CVXPY optimize time (sec): 1.8591
ECOS solver failed:  The solver ECOS is not installed. 
Using SCS instead.
ECOS solver failed:  The solver ECOS is not installed. 
Using SCS instead.
ECOS solver failed:  The solver ECOS is not installed. 
Using SCS instead.
ECOS solver failed:  The solver ECOS is not installed. 
Using SCS instead.
ECOS solver failed:  The solver ECOS is not installed. 
Using SCS instead.
ECOS solver failed:  The solver ECOS is not installed. 
Using SCS instead.
ECOS solver failed:  The solver ECOS is not installed. 
Using SCS instead.
ECOS solver failed:  The solver ECOS is not installed. 
Using SCS instead.
ECOS solver failed:  The solver ECOS is not installed. 
Using SCS instead.
ECOS solver failed:  The solver ECOS is not installed. 
Using SCS instead.
ECOS solver failed:  The solver ECOS is not installed. 
Using SCS instead.
ECOS solver failed:  The solver ECOS is not installed. 
Using SCS instead.
ECOS solver failed:  The solver ECOS is not installed. 
Using SCS instead.
ECOS solver failed:  The solver ECOS is not installed. 
Using SCS instead.
ECOS solver failed:  The solver ECOS is not installed. 
Using SCS instead.
ECOS solver failed:  The solver ECOS is not installed. 
Using SCS instead.
ECOS solver failed:  The solver ECOS is not installed. 
Using SCS instead.
ECOS solver failed:  The solver ECOS is not installed. 
Using SCS instead.
ECOS solver failed:  The solver ECOS is not installed. 
Using SCS instead.
ECOS solver failed:  The solver ECOS is not installed. 
Using SCS instead.
ECOS solver failed:  The solver ECOS is not installed. 
Using SCS instead.
M-step Design Matrix Calculation time (sec): 0.0464
ECOS solver failed in IPCW_HAL_init, falling back to SCS: The solver ECOS is not installed.
WARNING - large complementary slackness residual: 0.013159
M-step CVXPY optimize time (sec): 1.9631
ECOS solver failed:  The solver ECOS is not installed. 
Using SCS instead.
ECOS solver failed:  The solver ECOS is not installed. 
Using SCS instead.
ECOS solver failed:  The solver ECOS is not installed. 
Using SCS instead.
ECOS solver failed:  The solver ECOS is not installed. 
Using SCS instead.
ECOS solver failed:  The solver ECOS is not installed. 
Using SCS instead.
ECOS solver failed:  The solver ECOS is not installed. 
Using SCS instead.
ECOS solver failed:  The solver ECOS is not installed. 
Using SCS instead.
ECOS solver failed:  The solver ECOS is not installed. 
Using SCS instead.
ECOS solver failed:  The solver ECOS is not installed. 
Using SCS instead.
ECOS solver failed:  The solver ECOS is not installed. 
Using SCS instead.
ECOS solver failed:  The solver ECOS is not installed. 
Using SCS instead.
ECOS solver failed:  The solver ECOS is not installed. 
Using SCS instead.
ECOS solver failed:  The solver ECOS is not installed. 
Using SCS instead.
ECOS solver failed:  The solver ECOS is not installed. 
Using SCS instead.
ECOS solver failed:  The solver ECOS is not installed. 
Using SCS instead.
ECOS solver failed:  The solver ECOS is not installed. 
Using SCS instead.
ECOS solver failed:  The solver ECOS is not installed. 
Using SCS instead.
ECOS solver failed:  The solver ECOS is not installed. 
Using SCS instead.
ECOS solver failed:  The solver ECOS is not installed. 
Using SCS instead.
ECOS solver failed:  The solver ECOS is not installed. 
Using SCS instead.
ECOS solver failed:  The solver ECOS is not installed. 
Using SCS instead.
M-step Design Matrix Calculation time (sec): 0.0282
ECOS solver failed in IPCW_HAL_init, falling back to SCS: The solver ECOS is not installed.
WARNING - large complementary slackness residual: 0.006459
M-step CVXPY optimize time (sec): 1.7712
ECOS solver failed:  The solver ECOS is not installed. 
Using SCS instead.
ECOS solver failed:  The solver ECOS is not installed. 
Using SCS instead.
ECOS solver failed:  The solver ECOS is not installed. 
Using SCS instead.
ECOS solver failed:  The solver ECOS is not installed. 
Using SCS instead.
ECOS solver failed:  The solver ECOS is not installed. 
Using SCS instead.
ECOS solver failed:  The solver ECOS is not installed. 
Using SCS instead.
ECOS solver failed:  The solver ECOS is not installed. 
Using SCS instead.
ECOS solver failed:  The solver ECOS is not installed. 
Using SCS instead.
ECOS solver failed:  The solver ECOS is not installed. 
Using SCS instead.
ECOS solver failed:  The solver ECOS is not installed. 
Using SCS instead.
ECOS solver failed:  The solver ECOS is not installed. 
Using SCS instead.
ECOS solver failed:  The solver ECOS is not installed. 
Using SCS instead.
ECOS solver failed:  The solver ECOS is not installed. 
Using SCS instead.
ECOS solver failed:  The solver ECOS is not installed. 
Using SCS instead.
ECOS solver failed:  The solver ECOS is not installed. 
Using SCS instead.
ECOS solver failed:  The solver ECOS is not installed. 
Using SCS instead.
ECOS solver failed:  The solver ECOS is not installed. 
Using SCS instead.
ECOS solver failed:  The solver ECOS is not installed. 
Using SCS instead.
ECOS solver failed:  The solver ECOS is not installed. 
Using SCS instead.
ECOS solver failed:  The solver ECOS is not installed. 
Using SCS instead.
ECOS solver failed:  The solver ECOS is not installed. 
Using SCS instead.
M-step Design Matrix Calculation time (sec): 0.0452
ECOS solver failed in IPCW_HAL_init, falling back to SCS: The solver ECOS is not installed.
M-step CVXPY optimize time (sec): 0.7571
ECOS solver failed:  The solver ECOS is not installed. 
Using SCS instead.
ECOS solver failed:  The solver ECOS is not installed. 
Using SCS instead.
ECOS solver failed:  The solver ECOS is not installed. 
Using SCS instead.
ECOS solver failed:  The solver ECOS is not installed. 
Using SCS instead.
ECOS solver failed:  The solver ECOS is not installed. 
Using SCS instead.
ECOS solver failed:  The solver ECOS is not installed. 
Using SCS instead.
ECOS solver failed:  The solver ECOS is not installed. 
Using SCS instead.
ECOS solver failed:  The solver ECOS is not installed. 
Using SCS instead.
ECOS solver failed:  The solver ECOS is not installed. 
Using SCS instead.
ECOS solver failed:  The solver ECOS is not installed. 
Using SCS instead.
ECOS solver failed:  The solver ECOS is not installed. 
Using SCS instead.
ECOS solver failed:  The solver ECOS is not installed. 
Using SCS instead.
ECOS solver failed:  The solver ECOS is not installed. 
Using SCS instead.
ECOS solver failed:  The solver ECOS is not installed. 
Using SCS instead.
ECOS solver failed:  The solver ECOS is not installed. 
Using SCS instead.
ECOS solver failed:  The solver ECOS is not installed. 
Using SCS instead.
ECOS solver failed:  The solver ECOS is not installed. 
Using SCS instead.
ECOS solver failed:  The solver ECOS is not installed. 
Using SCS instead.
ECOS solver failed:  The solver ECOS is not installed. 
Using SCS instead.
ECOS solver failed:  The solver ECOS is not installed. 
Using SCS instead.
ECOS solver failed:  The solver ECOS is not installed. 
Using SCS instead.
M-step Design Matrix Calculation time (sec): 0.0181
ECOS solver failed in IPCW_HAL_init, falling back to SCS: The solver ECOS is not installed.
WARNING - large complementary slackness residual: 0.005586
M-step CVXPY optimize time (sec): 0.9939
ECOS solver failed:  The solver ECOS is not installed. 
Using SCS instead.
ECOS solver failed:  The solver ECOS is not installed. 
Using SCS instead.
ECOS solver failed:  The solver ECOS is not installed. 
Using SCS instead.
ECOS solver failed:  The solver ECOS is not installed. 
Using SCS instead.
ECOS solver failed:  The solver ECOS is not installed. 
Using SCS instead.
ECOS solver failed:  The solver ECOS is not installed. 
Using SCS instead.
ECOS solver failed:  The solver ECOS is not installed. 
Using SCS instead.
ECOS solver failed:  The solver ECOS is not installed. 
Using SCS instead.
ECOS solver failed:  The solver ECOS is not installed. 
Using SCS instead.
ECOS solver failed:  The solver ECOS is not installed. 
Using SCS instead.
ECOS solver failed:  The solver ECOS is not installed. 
Using SCS instead.
ECOS solver failed:  The solver ECOS is not installed. 
Using SCS instead.
ECOS solver failed:  The solver ECOS is not installed. 
Using SCS instead.
ECOS solver failed:  The solver ECOS is not installed. 
Using SCS instead.
ECOS solver failed:  The solver ECOS is not installed. 
Using SCS instead.
ECOS solver failed:  The solver ECOS is not installed. 
Using SCS instead.
ECOS solver failed:  The solver ECOS is not installed. 
Using SCS instead.
ECOS solver failed:  The solver ECOS is not installed. 
Using SCS instead.
ECOS solver failed:  The solver ECOS is not installed. 
Using SCS instead.
ECOS solver failed:  The solver ECOS is not installed. 
Using SCS instead.
ECOS solver failed:  The solver ECOS is not installed. 
Using SCS instead.
M-step Design Matrix Calculation time (sec): 0.0192
ECOS solver failed in IPCW_HAL_init, falling back to SCS: The solver ECOS is not installed.
M-step CVXPY optimize time (sec): 0.8889
ECOS solver failed:  The solver ECOS is not installed. 
Using SCS instead.
ECOS solver failed:  The solver ECOS is not installed. 
Using SCS instead.
ECOS solver failed:  The solver ECOS is not installed. 
Using SCS instead.
ECOS solver failed:  The solver ECOS is not installed. 
Using SCS instead.
ECOS solver failed:  The solver ECOS is not installed. 
Using SCS instead.
ECOS solver failed:  The solver ECOS is not installed. 
Using SCS instead.
ECOS solver failed:  The solver ECOS is not installed. 
Using SCS instead.
ECOS solver failed:  The solver ECOS is not installed. 
Using SCS instead.
ECOS solver failed:  The solver ECOS is not installed. 
Using SCS instead.
ECOS solver failed:  The solver ECOS is not installed. 
Using SCS instead.
ECOS solver failed:  The solver ECOS is not installed. 
Using SCS instead.
ECOS solver failed:  The solver ECOS is not installed. 
Using SCS instead.
ECOS solver failed:  The solver ECOS is not installed. 
Using SCS instead.
ECOS solver failed:  The solver ECOS is not installed. 
Using SCS instead.
ECOS solver failed:  The solver ECOS is not installed. 
Using SCS instead.
ECOS solver failed:  The solver ECOS is not installed. 
Using SCS instead.
ECOS solver failed:  The solver ECOS is not installed. 
Using SCS instead.
ECOS solver failed:  The solver ECOS is not installed. 
Using SCS instead.
ECOS solver failed:  The solver ECOS is not installed. 
Using SCS instead.
ECOS solver failed:  The solver ECOS is not installed. 
Using SCS instead.
ECOS solver failed:  The solver ECOS is not installed. 
Using SCS instead.
M-step Design Matrix Calculation time (sec): 0.1324
ECOS solver failed in IPCW_HAL_init, falling back to SCS: The solver ECOS is not installed.
M-step CVXPY optimize time (sec): 2.0888
ECOS solver failed:  The solver ECOS is not installed. 
Using SCS instead.
ECOS solver failed:  The solver ECOS is not installed. 
Using SCS instead.
ECOS solver failed:  The solver ECOS is not installed. 
Using SCS instead.
ECOS solver failed:  The solver ECOS is not installed. 
Using SCS instead.
ECOS solver failed:  The solver ECOS is not installed. 
Using SCS instead.
ECOS solver failed:  The solver ECOS is not installed. 
Using SCS instead.
ECOS solver failed:  The solver ECOS is not installed. 
Using SCS instead.
ECOS solver failed:  The solver ECOS is not installed. 
Using SCS instead.
ECOS solver failed:  The solver ECOS is not installed. 
Using SCS instead.
ECOS solver failed:  The solver ECOS is not installed. 
Using SCS instead.
ECOS solver failed:  The solver ECOS is not installed. 
Using SCS instead.
ECOS solver failed:  The solver ECOS is not installed. 
Using SCS instead.
ECOS solver failed:  The solver ECOS is not installed. 
Using SCS instead.
ECOS solver failed:  The solver ECOS is not installed. 
Using SCS instead.
ECOS solver failed:  The solver ECOS is not installed. 
Using SCS instead.
ECOS solver failed:  The solver ECOS is not installed. 
Using SCS instead.
ECOS solver failed:  The solver ECOS is not installed. 
Using SCS instead.
ECOS solver failed:  The solver ECOS is not installed. 
Using SCS instead.
ECOS solver failed:  The solver ECOS is not installed. 
Using SCS instead.
ECOS solver failed:  The solver ECOS is not installed. 
Using SCS instead.
ECOS solver failed:  The solver ECOS is not installed. 
Using SCS instead.
M-step Design Matrix Calculation time (sec): 0.0172
ECOS solver failed in IPCW_HAL_init, falling back to SCS: The solver ECOS is not installed.
WARNING - large complementary slackness residual: 0.003804
M-step CVXPY optimize time (sec): 0.7714
ECOS solver failed:  The solver ECOS is not installed. 
Using SCS instead.
ECOS solver failed:  The solver ECOS is not installed. 
Using SCS instead.
ECOS solver failed:  The solver ECOS is not installed. 
Using SCS instead.
ECOS solver failed:  The solver ECOS is not installed. 
Using SCS instead.
ECOS solver failed:  The solver ECOS is not installed. 
Using SCS instead.
ECOS solver failed:  The solver ECOS is not installed. 
Using SCS instead.
ECOS solver failed:  The solver ECOS is not installed. 
Using SCS instead.
ECOS solver failed:  The solver ECOS is not installed. 
Using SCS instead.
ECOS solver failed:  The solver ECOS is not installed. 
Using SCS instead.
ECOS solver failed:  The solver ECOS is not installed. 
Using SCS instead.
ECOS solver failed:  The solver ECOS is not installed. 
Using SCS instead.
ECOS solver failed:  The solver ECOS is not installed. 
Using SCS instead.
ECOS solver failed:  The solver ECOS is not installed. 
Using SCS instead.
ECOS solver failed:  The solver ECOS is not installed. 
Using SCS instead.
ECOS solver failed:  The solver ECOS is not installed. 
Using SCS instead.
ECOS solver failed:  The solver ECOS is not installed. 
Using SCS instead.
ECOS solver failed:  The solver ECOS is not installed. 
Using SCS instead.
ECOS solver failed:  The solver ECOS is not installed. 
Using SCS instead.
ECOS solver failed:  The solver ECOS is not installed. 
Using SCS instead.
ECOS solver failed:  The solver ECOS is not installed. 
Using SCS instead.
ECOS solver failed:  The solver ECOS is not installed. 
Using SCS instead.
M-step Design Matrix Calculation time (sec): 0.0347
ECOS solver failed in IPCW_HAL_init, falling back to SCS: The solver ECOS is not installed.
WARNING - large complementary slackness residual: 0.032619
M-step CVXPY optimize time (sec): 0.5763
ECOS solver failed:  The solver ECOS is not installed. 
Using SCS instead.
ECOS solver failed:  The solver ECOS is not installed. 
Using SCS instead.
ECOS solver failed:  The solver ECOS is not installed. 
Using SCS instead.
ECOS solver failed:  The solver ECOS is not installed. 
Using SCS instead.
ECOS solver failed:  The solver ECOS is not installed. 
Using SCS instead.
ECOS solver failed:  The solver ECOS is not installed. 
Using SCS instead.
ECOS solver failed:  The solver ECOS is not installed. 
Using SCS instead.
ECOS solver failed:  The solver ECOS is not installed. 
Using SCS instead.
ECOS solver failed:  The solver ECOS is not installed. 
Using SCS instead.
ECOS solver failed:  The solver ECOS is not installed. 
Using SCS instead.
ECOS solver failed:  The solver ECOS is not installed. 
Using SCS instead.
ECOS solver failed:  The solver ECOS is not installed. 
Using SCS instead.
ECOS solver failed:  The solver ECOS is not installed. 
Using SCS instead.
ECOS solver failed:  The solver ECOS is not installed. 
Using SCS instead.
ECOS solver failed:  The solver ECOS is not installed. 
Using SCS instead.
ECOS solver failed:  The solver ECOS is not installed. 
Using SCS instead.
ECOS solver failed:  The solver ECOS is not installed. 
Using SCS instead.
ECOS solver failed:  The solver ECOS is not installed. 
Using SCS instead.
ECOS solver failed:  The solver ECOS is not installed. 
Using SCS instead.
ECOS solver failed:  The solver ECOS is not installed. 
Using SCS instead.
ECOS solver failed:  The solver ECOS is not installed. 
Using SCS instead.
M-step Design Matrix Calculation time (sec): 0.0365
ECOS solver failed in IPCW_HAL_init, falling back to SCS: The solver ECOS is not installed.
M-step CVXPY optimize time (sec): 0.8786
ECOS solver failed:  The solver ECOS is not installed. 
Using SCS instead.
ECOS solver failed:  The solver ECOS is not installed. 
Using SCS instead.
ECOS solver failed:  The solver ECOS is not installed. 
Using SCS instead.
ECOS solver failed:  The solver ECOS is not installed. 
Using SCS instead.
ECOS solver failed:  The solver ECOS is not installed. 
Using SCS instead.
ECOS solver failed:  The solver ECOS is not installed. 
Using SCS instead.
ECOS solver failed:  The solver ECOS is not installed. 
Using SCS instead.
ECOS solver failed:  The solver ECOS is not installed. 
Using SCS instead.
ECOS solver failed:  The solver ECOS is not installed. 
Using SCS instead.
ECOS solver failed:  The solver ECOS is not installed. 
Using SCS instead.
ECOS solver failed:  The solver ECOS is not installed. 
Using SCS instead.
ECOS solver failed:  The solver ECOS is not installed. 
Using SCS instead.
ECOS solver failed:  The solver ECOS is not installed. 
Using SCS instead.
ECOS solver failed:  The solver ECOS is not installed. 
Using SCS instead.
ECOS solver failed:  The solver ECOS is not installed. 
Using SCS instead.
ECOS solver failed:  The solver ECOS is not installed. 
Using SCS instead.
ECOS solver failed:  The solver ECOS is not installed. 
Using SCS instead.
ECOS solver failed:  The solver ECOS is not installed. 
Using SCS instead.
ECOS solver failed:  The solver ECOS is not installed. 
Using SCS instead.
ECOS solver failed:  The solver ECOS is not installed. 
Using SCS instead.
ECOS solver failed:  The solver ECOS is not installed. 
Using SCS instead.
M-step Design Matrix Calculation time (sec): 0.1043
ECOS solver failed in IPCW_HAL_init, falling back to SCS: The solver ECOS is not installed.
WARNING - large complementary slackness residual: 0.016226
M-step CVXPY optimize time (sec): 2.3133
ECOS solver failed:  The solver ECOS is not installed. 
Using SCS instead.
ECOS solver failed:  The solver ECOS is not installed. 
Using SCS instead.
ECOS solver failed:  The solver ECOS is not installed. 
Using SCS instead.
ECOS solver failed:  The solver ECOS is not installed. 
Using SCS instead.
ECOS solver failed:  The solver ECOS is not installed. 
Using SCS instead.
ECOS solver failed:  The solver ECOS is not installed. 
Using SCS instead.
ECOS solver failed:  The solver ECOS is not installed. 
Using SCS instead.
ECOS solver failed:  The solver ECOS is not installed. 
Using SCS instead.
ECOS solver failed:  The solver ECOS is not installed. 
Using SCS instead.
ECOS solver failed:  The solver ECOS is not installed. 
Using SCS instead.
ECOS solver failed:  The solver ECOS is not installed. 
Using SCS instead.
ECOS solver failed:  The solver ECOS is not installed. 
Using SCS instead.
ECOS solver failed:  The solver ECOS is not installed. 
Using SCS instead.
ECOS solver failed:  The solver ECOS is not installed. 
Using SCS instead.
ECOS solver failed:  The solver ECOS is not installed. 
Using SCS instead.
ECOS solver failed:  The solver ECOS is not installed. 
Using SCS instead.
ECOS solver failed:  The solver ECOS is not installed. 
Using SCS instead.
ECOS solver failed:  The solver ECOS is not installed. 
Using SCS instead.
ECOS solver failed:  The solver ECOS is not installed. 
Using SCS instead.
ECOS solver failed:  The solver ECOS is not installed. 
Using SCS instead.
ECOS solver failed:  The solver ECOS is not installed. 
Using SCS instead.
M-step Design Matrix Calculation time (sec): 0.0284
ECOS solver failed in IPCW_HAL_init, falling back to SCS: The solver ECOS is not installed.
M-step CVXPY optimize time (sec): 0.8614
ECOS solver failed:  The solver ECOS is not installed. 
Using SCS instead.
ECOS solver failed:  The solver ECOS is not installed. 
Using SCS instead.
ECOS solver failed:  The solver ECOS is not installed. 
Using SCS instead.
ECOS solver failed:  The solver ECOS is not installed. 
Using SCS instead.
ECOS solver failed:  The solver ECOS is not installed. 
Using SCS instead.
ECOS solver failed:  The solver ECOS is not installed. 
Using SCS instead.
ECOS solver failed:  The solver ECOS is not installed. 
Using SCS instead.
ECOS solver failed:  The solver ECOS is not installed. 
Using SCS instead.
ECOS solver failed:  The solver ECOS is not installed. 
Using SCS instead.
ECOS solver failed:  The solver ECOS is not installed. 
Using SCS instead.
ECOS solver failed:  The solver ECOS is not installed. 
Using SCS instead.
ECOS solver failed:  The solver ECOS is not installed. 
Using SCS instead.
ECOS solver failed:  The solver ECOS is not installed. 
Using SCS instead.
ECOS solver failed:  The solver ECOS is not installed. 
Using SCS instead.
ECOS solver failed:  The solver ECOS is not installed. 
Using SCS instead.
ECOS solver failed:  The solver ECOS is not installed. 
Using SCS instead.
ECOS solver failed:  The solver ECOS is not installed. 
Using SCS instead.
ECOS solver failed:  The solver ECOS is not installed. 
Using SCS instead.
ECOS solver failed:  The solver ECOS is not installed. 
Using SCS instead.
ECOS solver failed:  The solver ECOS is not installed. 
Using SCS instead.
ECOS solver failed:  The solver ECOS is not installed. 
Using SCS instead.
M-step Design Matrix Calculation time (sec): 0.0322
ECOS solver failed in IPCW_HAL_init, falling back to SCS: The solver ECOS is not installed.
M-step CVXPY optimize time (sec): 0.8623
ECOS solver failed:  The solver ECOS is not installed. 
Using SCS instead.
ECOS solver failed:  The solver ECOS is not installed. 
Using SCS instead.
ECOS solver failed:  The solver ECOS is not installed. 
Using SCS instead.
ECOS solver failed:  The solver ECOS is not installed. 
Using SCS instead.
ECOS solver failed:  The solver ECOS is not installed. 
Using SCS instead.
ECOS solver failed:  The solver ECOS is not installed. 
Using SCS instead.
ECOS solver failed:  The solver ECOS is not installed. 
Using SCS instead.
ECOS solver failed:  The solver ECOS is not installed. 
Using SCS instead.
ECOS solver failed:  The solver ECOS is not installed. 
Using SCS instead.
ECOS solver failed:  The solver ECOS is not installed. 
Using SCS instead.
ECOS solver failed:  The solver ECOS is not installed. 
Using SCS instead.
ECOS solver failed:  The solver ECOS is not installed. 
Using SCS instead.
ECOS solver failed:  The solver ECOS is not installed. 
Using SCS instead.
ECOS solver failed:  The solver ECOS is not installed. 
Using SCS instead.
ECOS solver failed:  The solver ECOS is not installed. 
Using SCS instead.
ECOS solver failed:  The solver ECOS is not installed. 
Using SCS instead.
ECOS solver failed:  The solver ECOS is not installed. 
Using SCS instead.
ECOS solver failed:  The solver ECOS is not installed. 
Using SCS instead.
ECOS solver failed:  The solver ECOS is not installed. 
Using SCS instead.
ECOS solver failed:  The solver ECOS is not installed. 
Using SCS instead.
ECOS solver failed:  The solver ECOS is not installed. 
Using SCS instead.
M-step Design Matrix Calculation time (sec): 0.0181
ECOS solver failed in IPCW_HAL_init, falling back to SCS: The solver ECOS is not installed.
WARNING - large complementary slackness residual: 0.026968
M-step CVXPY optimize time (sec): 0.6628
ECOS solver failed:  The solver ECOS is not installed. 
Using SCS instead.
ECOS solver failed:  The solver ECOS is not installed. 
Using SCS instead.
ECOS solver failed:  The solver ECOS is not installed. 
Using SCS instead.
ECOS solver failed:  The solver ECOS is not installed. 
Using SCS instead.
ECOS solver failed:  The solver ECOS is not installed. 
Using SCS instead.
ECOS solver failed:  The solver ECOS is not installed. 
Using SCS instead.
ECOS solver failed:  The solver ECOS is not installed. 
Using SCS instead.
ECOS solver failed:  The solver ECOS is not installed. 
Using SCS instead.
ECOS solver failed:  The solver ECOS is not installed. 
Using SCS instead.
ECOS solver failed:  The solver ECOS is not installed. 
Using SCS instead.
ECOS solver failed:  The solver ECOS is not installed. 
Using SCS instead.
ECOS solver failed:  The solver ECOS is not installed. 
Using SCS instead.
ECOS solver failed:  The solver ECOS is not installed. 
Using SCS instead.
ECOS solver failed:  The solver ECOS is not installed. 
Using SCS instead.
ECOS solver failed:  The solver ECOS is not installed. 
Using SCS instead.
ECOS solver failed:  The solver ECOS is not installed. 
Using SCS instead.
ECOS solver failed:  The solver ECOS is not installed. 
Using SCS instead.
ECOS solver failed:  The solver ECOS is not installed. 
Using SCS instead.
ECOS solver failed:  The solver ECOS is not installed. 
Using SCS instead.
ECOS solver failed:  The solver ECOS is not installed. 
Using SCS instead.
ECOS solver failed:  The solver ECOS is not installed. 
Using SCS instead.
M-step Design Matrix Calculation time (sec): 0.0574
ECOS solver failed in IPCW_HAL_init, falling back to SCS: The solver ECOS is not installed.
WARNING - large complementary slackness residual: 0.005994
M-step CVXPY optimize time (sec): 1.6553
ECOS solver failed:  The solver ECOS is not installed. 
Using SCS instead.
ECOS solver failed:  The solver ECOS is not installed. 
Using SCS instead.
ECOS solver failed:  The solver ECOS is not installed. 
Using SCS instead.
ECOS solver failed:  The solver ECOS is not installed. 
Using SCS instead.
ECOS solver failed:  The solver ECOS is not installed. 
Using SCS instead.
ECOS solver failed:  The solver ECOS is not installed. 
Using SCS instead.
ECOS solver failed:  The solver ECOS is not installed. 
Using SCS instead.
ECOS solver failed:  The solver ECOS is not installed. 
Using SCS instead.
ECOS solver failed:  The solver ECOS is not installed. 
Using SCS instead.
ECOS solver failed:  The solver ECOS is not installed. 
Using SCS instead.
ECOS solver failed:  The solver ECOS is not installed. 
Using SCS instead.
ECOS solver failed:  The solver ECOS is not installed. 
Using SCS instead.
ECOS solver failed:  The solver ECOS is not installed. 
Using SCS instead.
ECOS solver failed:  The solver ECOS is not installed. 
Using SCS instead.
ECOS solver failed:  The solver ECOS is not installed. 
Using SCS instead.
ECOS solver failed:  The solver ECOS is not installed. 
Using SCS instead.
ECOS solver failed:  The solver ECOS is not installed. 
Using SCS instead.
ECOS solver failed:  The solver ECOS is not installed. 
Using SCS instead.
ECOS solver failed:  The solver ECOS is not installed. 
Using SCS instead.
ECOS solver failed:  The solver ECOS is not installed. 
Using SCS instead.
ECOS solver failed:  The solver ECOS is not installed. 
Using SCS instead.
M-step Design Matrix Calculation time (sec): 0.0497
ECOS solver failed in IPCW_HAL_init, falling back to SCS: The solver ECOS is not installed.
WARNING - large complementary slackness residual: 0.013291
M-step CVXPY optimize time (sec): 2.6246
ECOS solver failed:  The solver ECOS is not installed. 
Using SCS instead.
ECOS solver failed:  The solver ECOS is not installed. 
Using SCS instead.
ECOS solver failed:  The solver ECOS is not installed. 
Using SCS instead.
ECOS solver failed:  The solver ECOS is not installed. 
Using SCS instead.
ECOS solver failed:  The solver ECOS is not installed. 
Using SCS instead.
ECOS solver failed:  The solver ECOS is not installed. 
Using SCS instead.
ECOS solver failed:  The solver ECOS is not installed. 
Using SCS instead.
ECOS solver failed:  The solver ECOS is not installed. 
Using SCS instead.
ECOS solver failed:  The solver ECOS is not installed. 
Using SCS instead.
ECOS solver failed:  The solver ECOS is not installed. 
Using SCS instead.
ECOS solver failed:  The solver ECOS is not installed. 
Using SCS instead.
ECOS solver failed:  The solver ECOS is not installed. 
Using SCS instead.
ECOS solver failed:  The solver ECOS is not installed. 
Using SCS instead.
ECOS solver failed:  The solver ECOS is not installed. 
Using SCS instead.
ECOS solver failed:  The solver ECOS is not installed. 
Using SCS instead.
ECOS solver failed:  The solver ECOS is not installed. 
Using SCS instead.
ECOS solver failed:  The solver ECOS is not installed. 
Using SCS instead.
ECOS solver failed:  The solver ECOS is not installed. 
Using SCS instead.
ECOS solver failed:  The solver ECOS is not installed. 
Using SCS instead.
ECOS solver failed:  The solver ECOS is not installed. 
Using SCS instead.
ECOS solver failed:  The solver ECOS is not installed. 
Using SCS instead.
M-step Design Matrix Calculation time (sec): 0.0171
ECOS solver failed in IPCW_HAL_init, falling back to SCS: The solver ECOS is not installed.
WARNING - large complementary slackness residual: 0.026026
M-step CVXPY optimize time (sec): 0.7916
ECOS solver failed:  The solver ECOS is not installed. 
Using SCS instead.
ECOS solver failed:  The solver ECOS is not installed. 
Using SCS instead.
ECOS solver failed:  The solver ECOS is not installed. 
Using SCS instead.
ECOS solver failed:  The solver ECOS is not installed. 
Using SCS instead.
ECOS solver failed:  The solver ECOS is not installed. 
Using SCS instead.
ECOS solver failed:  The solver ECOS is not installed. 
Using SCS instead.
ECOS solver failed:  The solver ECOS is not installed. 
Using SCS instead.
ECOS solver failed:  The solver ECOS is not installed. 
Using SCS instead.
ECOS solver failed:  The solver ECOS is not installed. 
Using SCS instead.
ECOS solver failed:  The solver ECOS is not installed. 
Using SCS instead.
ECOS solver failed:  The solver ECOS is not installed. 
Using SCS instead.
ECOS solver failed:  The solver ECOS is not installed. 
Using SCS instead.
ECOS solver failed:  The solver ECOS is not installed. 
Using SCS instead.
ECOS solver failed:  The solver ECOS is not installed. 
Using SCS instead.
ECOS solver failed:  The solver ECOS is not installed. 
Using SCS instead.
ECOS solver failed:  The solver ECOS is not installed. 
Using SCS instead.
ECOS solver failed:  The solver ECOS is not installed. 
Using SCS instead.
ECOS solver failed:  The solver ECOS is not installed. 
Using SCS instead.
ECOS solver failed:  The solver ECOS is not installed. 
Using SCS instead.
ECOS solver failed:  The solver ECOS is not installed. 
Using SCS instead.
ECOS solver failed:  The solver ECOS is not installed. 
Using SCS instead.
M-step Design Matrix Calculation time (sec): 0.0447
ECOS solver failed in IPCW_HAL_init, falling back to SCS: The solver ECOS is not installed.
WARNING - large complementary slackness residual: 0.016592
M-step CVXPY optimize time (sec): 0.9664
ECOS solver failed:  The solver ECOS is not installed. 
Using SCS instead.
ECOS solver failed:  The solver ECOS is not installed. 
Using SCS instead.
ECOS solver failed:  The solver ECOS is not installed. 
Using SCS instead.
ECOS solver failed:  The solver ECOS is not installed. 
Using SCS instead.
ECOS solver failed:  The solver ECOS is not installed. 
Using SCS instead.
ECOS solver failed:  The solver ECOS is not installed. 
Using SCS instead.
ECOS solver failed:  The solver ECOS is not installed. 
Using SCS instead.
ECOS solver failed:  The solver ECOS is not installed. 
Using SCS instead.
ECOS solver failed:  The solver ECOS is not installed. 
Using SCS instead.
ECOS solver failed:  The solver ECOS is not installed. 
Using SCS instead.
ECOS solver failed:  The solver ECOS is not installed. 
Using SCS instead.
ECOS solver failed:  The solver ECOS is not installed. 
Using SCS instead.
ECOS solver failed:  The solver ECOS is not installed. 
Using SCS instead.
ECOS solver failed:  The solver ECOS is not installed. 
Using SCS instead.
ECOS solver failed:  The solver ECOS is not installed. 
Using SCS instead.
ECOS solver failed:  The solver ECOS is not installed. 
Using SCS instead.
ECOS solver failed:  The solver ECOS is not installed. 
Using SCS instead.
ECOS solver failed:  The solver ECOS is not installed. 
Using SCS instead.
ECOS solver failed:  The solver ECOS is not installed. 
Using SCS instead.
ECOS solver failed:  The solver ECOS is not installed. 
Using SCS instead.
ECOS solver failed:  The solver ECOS is not installed. 
Using SCS instead.
M-step Design Matrix Calculation time (sec): 0.0204
ECOS solver failed in IPCW_HAL_init, falling back to SCS: The solver ECOS is not installed.
WARNING - large complementary slackness residual: 0.021003
M-step CVXPY optimize time (sec): 1.1656
ECOS solver failed:  The solver ECOS is not installed. 
Using SCS instead.
ECOS solver failed:  The solver ECOS is not installed. 
Using SCS instead.
ECOS solver failed:  The solver ECOS is not installed. 
Using SCS instead.
ECOS solver failed:  The solver ECOS is not installed. 
Using SCS instead.
ECOS solver failed:  The solver ECOS is not installed. 
Using SCS instead.
ECOS solver failed:  The solver ECOS is not installed. 
Using SCS instead.
ECOS solver failed:  The solver ECOS is not installed. 
Using SCS instead.
ECOS solver failed:  The solver ECOS is not installed. 
Using SCS instead.
ECOS solver failed:  The solver ECOS is not installed. 
Using SCS instead.
ECOS solver failed:  The solver ECOS is not installed. 
Using SCS instead.
ECOS solver failed:  The solver ECOS is not installed. 
Using SCS instead.
ECOS solver failed:  The solver ECOS is not installed. 
Using SCS instead.
ECOS solver failed:  The solver ECOS is not installed. 
Using SCS instead.
ECOS solver failed:  The solver ECOS is not installed. 
Using SCS instead.
ECOS solver failed:  The solver ECOS is not installed. 
Using SCS instead.
ECOS solver failed:  The solver ECOS is not installed. 
Using SCS instead.
ECOS solver failed:  The solver ECOS is not installed. 
Using SCS instead.
ECOS solver failed:  The solver ECOS is not installed. 
Using SCS instead.
ECOS solver failed:  The solver ECOS is not installed. 
Using SCS instead.
ECOS solver failed:  The solver ECOS is not installed. 
Using SCS instead.
ECOS solver failed:  The solver ECOS is not installed. 
Using SCS instead.
M-step Design Matrix Calculation time (sec): 0.0198
ECOS solver failed in IPCW_HAL_init, falling back to SCS: The solver ECOS is not installed.
WARNING - large complementary slackness residual: 0.014884
M-step CVXPY optimize time (sec): 1.7463
ECOS solver failed:  The solver ECOS is not installed. 
Using SCS instead.
ECOS solver failed:  The solver ECOS is not installed. 
Using SCS instead.
ECOS solver failed:  The solver ECOS is not installed. 
Using SCS instead.
ECOS solver failed:  The solver ECOS is not installed. 
Using SCS instead.
ECOS solver failed:  The solver ECOS is not installed. 
Using SCS instead.
ECOS solver failed:  The solver ECOS is not installed. 
Using SCS instead.
ECOS solver failed:  The solver ECOS is not installed. 
Using SCS instead.
ECOS solver failed:  The solver ECOS is not installed. 
Using SCS instead.
ECOS solver failed:  The solver ECOS is not installed. 
Using SCS instead.
ECOS solver failed:  The solver ECOS is not installed. 
Using SCS instead.
ECOS solver failed:  The solver ECOS is not installed. 
Using SCS instead.
ECOS solver failed:  The solver ECOS is not installed. 
Using SCS instead.
ECOS solver failed:  The solver ECOS is not installed. 
Using SCS instead.
ECOS solver failed:  The solver ECOS is not installed. 
Using SCS instead.
ECOS solver failed:  The solver ECOS is not installed. 
Using SCS instead.
ECOS solver failed:  The solver ECOS is not installed. 
Using SCS instead.
ECOS solver failed:  The solver ECOS is not installed. 
Using SCS instead.
ECOS solver failed:  The solver ECOS is not installed. 
Using SCS instead.
ECOS solver failed:  The solver ECOS is not installed. 
Using SCS instead.
ECOS solver failed:  The solver ECOS is not installed. 
Using SCS instead.
ECOS solver failed:  The solver ECOS is not installed. 
Using SCS instead.
M-step Design Matrix Calculation time (sec): 0.0655
ECOS solver failed in IPCW_HAL_init, falling back to SCS: The solver ECOS is not installed.
WARNING - large complementary slackness residual: 0.026354
M-step CVXPY optimize time (sec): 2.6904
ECOS solver failed:  The solver ECOS is not installed. 
Using SCS instead.
ECOS solver failed:  The solver ECOS is not installed. 
Using SCS instead.
ECOS solver failed:  The solver ECOS is not installed. 
Using SCS instead.
ECOS solver failed:  The solver ECOS is not installed. 
Using SCS instead.
ECOS solver failed:  The solver ECOS is not installed. 
Using SCS instead.
ECOS solver failed:  The solver ECOS is not installed. 
Using SCS instead.
ECOS solver failed:  The solver ECOS is not installed. 
Using SCS instead.
ECOS solver failed:  The solver ECOS is not installed. 
Using SCS instead.
ECOS solver failed:  The solver ECOS is not installed. 
Using SCS instead.
ECOS solver failed:  The solver ECOS is not installed. 
Using SCS instead.
ECOS solver failed:  The solver ECOS is not installed. 
Using SCS instead.
ECOS solver failed:  The solver ECOS is not installed. 
Using SCS instead.
ECOS solver failed:  The solver ECOS is not installed. 
Using SCS instead.
ECOS solver failed:  The solver ECOS is not installed. 
Using SCS instead.
ECOS solver failed:  The solver ECOS is not installed. 
Using SCS instead.
ECOS solver failed:  The solver ECOS is not installed. 
Using SCS instead.
ECOS solver failed:  The solver ECOS is not installed. 
Using SCS instead.
ECOS solver failed:  The solver ECOS is not installed. 
Using SCS instead.
ECOS solver failed:  The solver ECOS is not installed. 
Using SCS instead.
ECOS solver failed:  The solver ECOS is not installed. 
Using SCS instead.
ECOS solver failed:  The solver ECOS is not installed. 
Using SCS instead.
M-step Design Matrix Calculation time (sec): 0.0930
ECOS solver failed in IPCW_HAL_init, falling back to SCS: The solver ECOS is not installed.
WARNING - large complementary slackness residual: 0.012366
M-step CVXPY optimize time (sec): 2.6851
ECOS solver failed:  The solver ECOS is not installed. 
Using SCS instead.
ECOS solver failed:  The solver ECOS is not installed. 
Using SCS instead.
ECOS solver failed:  The solver ECOS is not installed. 
Using SCS instead.
ECOS solver failed:  The solver ECOS is not installed. 
Using SCS instead.
ECOS solver failed:  The solver ECOS is not installed. 
Using SCS instead.
ECOS solver failed:  The solver ECOS is not installed. 
Using SCS instead.
ECOS solver failed:  The solver ECOS is not installed. 
Using SCS instead.
ECOS solver failed:  The solver ECOS is not installed. 
Using SCS instead.
ECOS solver failed:  The solver ECOS is not installed. 
Using SCS instead.
ECOS solver failed:  The solver ECOS is not installed. 
Using SCS instead.
ECOS solver failed:  The solver ECOS is not installed. 
Using SCS instead.
ECOS solver failed:  The solver ECOS is not installed. 
Using SCS instead.
ECOS solver failed:  The solver ECOS is not installed. 
Using SCS instead.
ECOS solver failed:  The solver ECOS is not installed. 
Using SCS instead.
ECOS solver failed:  The solver ECOS is not installed. 
Using SCS instead.
ECOS solver failed:  The solver ECOS is not installed. 
Using SCS instead.
ECOS solver failed:  The solver ECOS is not installed. 
Using SCS instead.
ECOS solver failed:  The solver ECOS is not installed. 
Using SCS instead.
ECOS solver failed:  The solver ECOS is not installed. 
Using SCS instead.
ECOS solver failed:  The solver ECOS is not installed. 
Using SCS instead.
ECOS solver failed:  The solver ECOS is not installed. 
Using SCS instead.
M-step Design Matrix Calculation time (sec): 0.0526
ECOS solver failed in IPCW_HAL_init, falling back to SCS: The solver ECOS is not installed.
M-step CVXPY optimize time (sec): 1.1996
ECOS solver failed:  The solver ECOS is not installed. 
Using SCS instead.
ECOS solver failed:  The solver ECOS is not installed. 
Using SCS instead.
ECOS solver failed:  The solver ECOS is not installed. 
Using SCS instead.
ECOS solver failed:  The solver ECOS is not installed. 
Using SCS instead.
ECOS solver failed:  The solver ECOS is not installed. 
Using SCS instead.
ECOS solver failed:  The solver ECOS is not installed. 
Using SCS instead.
ECOS solver failed:  The solver ECOS is not installed. 
Using SCS instead.
ECOS solver failed:  The solver ECOS is not installed. 
Using SCS instead.
ECOS solver failed:  The solver ECOS is not installed. 
Using SCS instead.
ECOS solver failed:  The solver ECOS is not installed. 
Using SCS instead.
ECOS solver failed:  The solver ECOS is not installed. 
Using SCS instead.
ECOS solver failed:  The solver ECOS is not installed. 
Using SCS instead.
ECOS solver failed:  The solver ECOS is not installed. 
Using SCS instead.
ECOS solver failed:  The solver ECOS is not installed. 
Using SCS instead.
ECOS solver failed:  The solver ECOS is not installed. 
Using SCS instead.
ECOS solver failed:  The solver ECOS is not installed. 
Using SCS instead.
ECOS solver failed:  The solver ECOS is not installed. 
Using SCS instead.
ECOS solver failed:  The solver ECOS is not installed. 
Using SCS instead.
ECOS solver failed:  The solver ECOS is not installed. 
Using SCS instead.
ECOS solver failed:  The solver ECOS is not installed. 
Using SCS instead.
ECOS solver failed:  The solver ECOS is not installed. 
Using SCS instead.
M-step Design Matrix Calculation time (sec): 0.0193
ECOS solver failed in IPCW_HAL_init, falling back to SCS: The solver ECOS is not installed.
WARNING - large complementary slackness residual: 0.025976
M-step CVXPY optimize time (sec): 1.8098
ECOS solver failed:  The solver ECOS is not installed. 
Using SCS instead.
ECOS solver failed:  The solver ECOS is not installed. 
Using SCS instead.
ECOS solver failed:  The solver ECOS is not installed. 
Using SCS instead.
ECOS solver failed:  The solver ECOS is not installed. 
Using SCS instead.
ECOS solver failed:  The solver ECOS is not installed. 
Using SCS instead.
ECOS solver failed:  The solver ECOS is not installed. 
Using SCS instead.
ECOS solver failed:  The solver ECOS is not installed. 
Using SCS instead.
ECOS solver failed:  The solver ECOS is not installed. 
Using SCS instead.
ECOS solver failed:  The solver ECOS is not installed. 
Using SCS instead.
ECOS solver failed:  The solver ECOS is not installed. 
Using SCS instead.
ECOS solver failed:  The solver ECOS is not installed. 
Using SCS instead.
ECOS solver failed:  The solver ECOS is not installed. 
Using SCS instead.
ECOS solver failed:  The solver ECOS is not installed. 
Using SCS instead.
ECOS solver failed:  The solver ECOS is not installed. 
Using SCS instead.
ECOS solver failed:  The solver ECOS is not installed. 
Using SCS instead.
ECOS solver failed:  The solver ECOS is not installed. 
Using SCS instead.
ECOS solver failed:  The solver ECOS is not installed. 
Using SCS instead.
ECOS solver failed:  The solver ECOS is not installed. 
Using SCS instead.
ECOS solver failed:  The solver ECOS is not installed. 
Using SCS instead.
ECOS solver failed:  The solver ECOS is not installed. 
Using SCS instead.
ECOS solver failed:  The solver ECOS is not installed. 
Using SCS instead.
M-step Design Matrix Calculation time (sec): 0.0186
ECOS solver failed in IPCW_HAL_init, falling back to SCS: The solver ECOS is not installed.
M-step CVXPY optimize time (sec): 0.8217
ECOS solver failed:  The solver ECOS is not installed. 
Using SCS instead.
ECOS solver failed:  The solver ECOS is not installed. 
Using SCS instead.
ECOS solver failed:  The solver ECOS is not installed. 
Using SCS instead.
ECOS solver failed:  The solver ECOS is not installed. 
Using SCS instead.
ECOS solver failed:  The solver ECOS is not installed. 
Using SCS instead.
ECOS solver failed:  The solver ECOS is not installed. 
Using SCS instead.
ECOS solver failed:  The solver ECOS is not installed. 
Using SCS instead.
ECOS solver failed:  The solver ECOS is not installed. 
Using SCS instead.
ECOS solver failed:  The solver ECOS is not installed. 
Using SCS instead.
ECOS solver failed:  The solver ECOS is not installed. 
Using SCS instead.
ECOS solver failed:  The solver ECOS is not installed. 
Using SCS instead.
ECOS solver failed:  The solver ECOS is not installed. 
Using SCS instead.
ECOS solver failed:  The solver ECOS is not installed. 
Using SCS instead.
ECOS solver failed:  The solver ECOS is not installed. 
Using SCS instead.
ECOS solver failed:  The solver ECOS is not installed. 
Using SCS instead.
ECOS solver failed:  The solver ECOS is not installed. 
Using SCS instead.
ECOS solver failed:  The solver ECOS is not installed. 
Using SCS instead.
ECOS solver failed:  The solver ECOS is not installed. 
Using SCS instead.
ECOS solver failed:  The solver ECOS is not installed. 
Using SCS instead.
ECOS solver failed:  The solver ECOS is not installed. 
Using SCS instead.
ECOS solver failed:  The solver ECOS is not installed. 
Using SCS instead.
M-step Design Matrix Calculation time (sec): 0.0394
ECOS solver failed in IPCW_HAL_init, falling back to SCS: The solver ECOS is not installed.
WARNING - large complementary slackness residual: 0.021956
M-step CVXPY optimize time (sec): 1.8763
ECOS solver failed:  The solver ECOS is not installed. 
Using SCS instead.
ECOS solver failed:  The solver ECOS is not installed. 
Using SCS instead.
ECOS solver failed:  The solver ECOS is not installed. 
Using SCS instead.
ECOS solver failed:  The solver ECOS is not installed. 
Using SCS instead.
ECOS solver failed:  The solver ECOS is not installed. 
Using SCS instead.
ECOS solver failed:  The solver ECOS is not installed. 
Using SCS instead.
ECOS solver failed:  The solver ECOS is not installed. 
Using SCS instead.
ECOS solver failed:  The solver ECOS is not installed. 
Using SCS instead.
ECOS solver failed:  The solver ECOS is not installed. 
Using SCS instead.
ECOS solver failed:  The solver ECOS is not installed. 
Using SCS instead.
ECOS solver failed:  The solver ECOS is not installed. 
Using SCS instead.
ECOS solver failed:  The solver ECOS is not installed. 
Using SCS instead.
ECOS solver failed:  The solver ECOS is not installed. 
Using SCS instead.
ECOS solver failed:  The solver ECOS is not installed. 
Using SCS instead.
ECOS solver failed:  The solver ECOS is not installed. 
Using SCS instead.
ECOS solver failed:  The solver ECOS is not installed. 
Using SCS instead.
ECOS solver failed:  The solver ECOS is not installed. 
Using SCS instead.
ECOS solver failed:  The solver ECOS is not installed. 
Using SCS instead.
ECOS solver failed:  The solver ECOS is not installed. 
Using SCS instead.
ECOS solver failed:  The solver ECOS is not installed. 
Using SCS instead.
ECOS solver failed:  The solver ECOS is not installed. 
Using SCS instead.
M-step Design Matrix Calculation time (sec): 0.1262
ECOS solver failed in IPCW_HAL_init, falling back to SCS: The solver ECOS is not installed.
WARNING - large complementary slackness residual: 0.013810
M-step CVXPY optimize time (sec): 3.2129
ECOS solver failed:  The solver ECOS is not installed. 
Using SCS instead.
ECOS solver failed:  The solver ECOS is not installed. 
Using SCS instead.
ECOS solver failed:  The solver ECOS is not installed. 
Using SCS instead.
ECOS solver failed:  The solver ECOS is not installed. 
Using SCS instead.
ECOS solver failed:  The solver ECOS is not installed. 
Using SCS instead.
ECOS solver failed:  The solver ECOS is not installed. 
Using SCS instead.
ECOS solver failed:  The solver ECOS is not installed. 
Using SCS instead.
ECOS solver failed:  The solver ECOS is not installed. 
Using SCS instead.
ECOS solver failed:  The solver ECOS is not installed. 
Using SCS instead.
ECOS solver failed:  The solver ECOS is not installed. 
Using SCS instead.
ECOS solver failed:  The solver ECOS is not installed. 
Using SCS instead.
ECOS solver failed:  The solver ECOS is not installed. 
Using SCS instead.
ECOS solver failed:  The solver ECOS is not installed. 
Using SCS instead.
ECOS solver failed:  The solver ECOS is not installed. 
Using SCS instead.
ECOS solver failed:  The solver ECOS is not installed. 
Using SCS instead.
ECOS solver failed:  The solver ECOS is not installed. 
Using SCS instead.
ECOS solver failed:  The solver ECOS is not installed. 
Using SCS instead.
ECOS solver failed:  The solver ECOS is not installed. 
Using SCS instead.
ECOS solver failed:  The solver ECOS is not installed. 
Using SCS instead.
ECOS solver failed:  The solver ECOS is not installed. 
Using SCS instead.
ECOS solver failed:  The solver ECOS is not installed. 
Using SCS instead.
M-step Design Matrix Calculation time (sec): 0.0189
ECOS solver failed in IPCW_HAL_init, falling back to SCS: The solver ECOS is not installed.
WARNING - large complementary slackness residual: 0.032568
M-step CVXPY optimize time (sec): 0.6422
ECOS solver failed:  The solver ECOS is not installed. 
Using SCS instead.
ECOS solver failed:  The solver ECOS is not installed. 
Using SCS instead.
ECOS solver failed:  The solver ECOS is not installed. 
Using SCS instead.
ECOS solver failed:  The solver ECOS is not installed. 
Using SCS instead.
ECOS solver failed:  The solver ECOS is not installed. 
Using SCS instead.
ECOS solver failed:  The solver ECOS is not installed. 
Using SCS instead.
ECOS solver failed:  The solver ECOS is not installed. 
Using SCS instead.
ECOS solver failed:  The solver ECOS is not installed. 
Using SCS instead.
ECOS solver failed:  The solver ECOS is not installed. 
Using SCS instead.
ECOS solver failed:  The solver ECOS is not installed. 
Using SCS instead.
ECOS solver failed:  The solver ECOS is not installed. 
Using SCS instead.
ECOS solver failed:  The solver ECOS is not installed. 
Using SCS instead.
ECOS solver failed:  The solver ECOS is not installed. 
Using SCS instead.
ECOS solver failed:  The solver ECOS is not installed. 
Using SCS instead.
ECOS solver failed:  The solver ECOS is not installed. 
Using SCS instead.
ECOS solver failed:  The solver ECOS is not installed. 
Using SCS instead.
ECOS solver failed:  The solver ECOS is not installed. 
Using SCS instead.
ECOS solver failed:  The solver ECOS is not installed. 
Using SCS instead.
ECOS solver failed:  The solver ECOS is not installed. 
Using SCS instead.
ECOS solver failed:  The solver ECOS is not installed. 
Using SCS instead.
ECOS solver failed:  The solver ECOS is not installed. 
Using SCS instead.
M-step Design Matrix Calculation time (sec): 0.0243
ECOS solver failed in IPCW_HAL_init, falling back to SCS: The solver ECOS is not installed.
WARNING - large complementary slackness residual: 0.039309
M-step CVXPY optimize time (sec): 0.5697
ECOS solver failed:  The solver ECOS is not installed. 
Using SCS instead.
ECOS solver failed:  The solver ECOS is not installed. 
Using SCS instead.
ECOS solver failed:  The solver ECOS is not installed. 
Using SCS instead.
ECOS solver failed:  The solver ECOS is not installed. 
Using SCS instead.
ECOS solver failed:  The solver ECOS is not installed. 
Using SCS instead.
ECOS solver failed:  The solver ECOS is not installed. 
Using SCS instead.
ECOS solver failed:  The solver ECOS is not installed. 
Using SCS instead.
ECOS solver failed:  The solver ECOS is not installed. 
Using SCS instead.
ECOS solver failed:  The solver ECOS is not installed. 
Using SCS instead.
ECOS solver failed:  The solver ECOS is not installed. 
Using SCS instead.
ECOS solver failed:  The solver ECOS is not installed. 
Using SCS instead.
ECOS solver failed:  The solver ECOS is not installed. 
Using SCS instead.
ECOS solver failed:  The solver ECOS is not installed. 
Using SCS instead.
ECOS solver failed:  The solver ECOS is not installed. 
Using SCS instead.
ECOS solver failed:  The solver ECOS is not installed. 
Using SCS instead.
ECOS solver failed:  The solver ECOS is not installed. 
Using SCS instead.
ECOS solver failed:  The solver ECOS is not installed. 
Using SCS instead.
ECOS solver failed:  The solver ECOS is not installed. 
Using SCS instead.
ECOS solver failed:  The solver ECOS is not installed. 
Using SCS instead.
ECOS solver failed:  The solver ECOS is not installed. 
Using SCS instead.
ECOS solver failed:  The solver ECOS is not installed. 
Using SCS instead.
M-step Design Matrix Calculation time (sec): 0.0223
ECOS solver failed in IPCW_HAL_init, falling back to SCS: The solver ECOS is not installed.
WARNING - large complementary slackness residual: 0.020059
M-step CVXPY optimize time (sec): 1.2802
ECOS solver failed:  The solver ECOS is not installed. 
Using SCS instead.
ECOS solver failed:  The solver ECOS is not installed. 
Using SCS instead.
ECOS solver failed:  The solver ECOS is not installed. 
Using SCS instead.
ECOS solver failed:  The solver ECOS is not installed. 
Using SCS instead.
ECOS solver failed:  The solver ECOS is not installed. 
Using SCS instead.
ECOS solver failed:  The solver ECOS is not installed. 
Using SCS instead.
ECOS solver failed:  The solver ECOS is not installed. 
Using SCS instead.
ECOS solver failed:  The solver ECOS is not installed. 
Using SCS instead.
ECOS solver failed:  The solver ECOS is not installed. 
Using SCS instead.
ECOS solver failed:  The solver ECOS is not installed. 
Using SCS instead.
ECOS solver failed:  The solver ECOS is not installed. 
Using SCS instead.
ECOS solver failed:  The solver ECOS is not installed. 
Using SCS instead.
ECOS solver failed:  The solver ECOS is not installed. 
Using SCS instead.
ECOS solver failed:  The solver ECOS is not installed. 
Using SCS instead.
ECOS solver failed:  The solver ECOS is not installed. 
Using SCS instead.
ECOS solver failed:  The solver ECOS is not installed. 
Using SCS instead.
ECOS solver failed:  The solver ECOS is not installed. 
Using SCS instead.
ECOS solver failed:  The solver ECOS is not installed. 
Using SCS instead.
ECOS solver failed:  The solver ECOS is not installed. 
Using SCS instead.
ECOS solver failed:  The solver ECOS is not installed. 
Using SCS instead.
ECOS solver failed:  The solver ECOS is not installed. 
Using SCS instead.
M-step Design Matrix Calculation time (sec): 0.0168
ECOS solver failed in IPCW_HAL_init, falling back to SCS: The solver ECOS is not installed.
WARNING - large complementary slackness residual: 0.006767
M-step CVXPY optimize time (sec): 1.8679
ECOS solver failed:  The solver ECOS is not installed. 
Using SCS instead.
ECOS solver failed:  The solver ECOS is not installed. 
Using SCS instead.
ECOS solver failed:  The solver ECOS is not installed. 
Using SCS instead.
ECOS solver failed:  The solver ECOS is not installed. 
Using SCS instead.
ECOS solver failed:  The solver ECOS is not installed. 
Using SCS instead.
ECOS solver failed:  The solver ECOS is not installed. 
Using SCS instead.
ECOS solver failed:  The solver ECOS is not installed. 
Using SCS instead.
ECOS solver failed:  The solver ECOS is not installed. 
Using SCS instead.
ECOS solver failed:  The solver ECOS is not installed. 
Using SCS instead.
ECOS solver failed:  The solver ECOS is not installed. 
Using SCS instead.
ECOS solver failed:  The solver ECOS is not installed. 
Using SCS instead.
ECOS solver failed:  The solver ECOS is not installed. 
Using SCS instead.
ECOS solver failed:  The solver ECOS is not installed. 
Using SCS instead.
ECOS solver failed:  The solver ECOS is not installed. 
Using SCS instead.
ECOS solver failed:  The solver ECOS is not installed. 
Using SCS instead.
ECOS solver failed:  The solver ECOS is not installed. 
Using SCS instead.
ECOS solver failed:  The solver ECOS is not installed. 
Using SCS instead.
ECOS solver failed:  The solver ECOS is not installed. 
Using SCS instead.
ECOS solver failed:  The solver ECOS is not installed. 
Using SCS instead.
ECOS solver failed:  The solver ECOS is not installed. 
Using SCS instead.
ECOS solver failed:  The solver ECOS is not installed. 
Using SCS instead.
M-step Design Matrix Calculation time (sec): 0.1210
ECOS solver failed in IPCW_HAL_init, falling back to SCS: The solver ECOS is not installed.
M-step CVXPY optimize time (sec): 1.0748
ECOS solver failed:  The solver ECOS is not installed. 
Using SCS instead.
ECOS solver failed:  The solver ECOS is not installed. 
Using SCS instead.
ECOS solver failed:  The solver ECOS is not installed. 
Using SCS instead.
ECOS solver failed:  The solver ECOS is not installed. 
Using SCS instead.
ECOS solver failed:  The solver ECOS is not installed. 
Using SCS instead.
ECOS solver failed:  The solver ECOS is not installed. 
Using SCS instead.
ECOS solver failed:  The solver ECOS is not installed. 
Using SCS instead.
ECOS solver failed:  The solver ECOS is not installed. 
Using SCS instead.
ECOS solver failed:  The solver ECOS is not installed. 
Using SCS instead.
ECOS solver failed:  The solver ECOS is not installed. 
Using SCS instead.
ECOS solver failed:  The solver ECOS is not installed. 
Using SCS instead.
ECOS solver failed:  The solver ECOS is not installed. 
Using SCS instead.
ECOS solver failed:  The solver ECOS is not installed. 
Using SCS instead.
ECOS solver failed:  The solver ECOS is not installed. 
Using SCS instead.
ECOS solver failed:  The solver ECOS is not installed. 
Using SCS instead.
ECOS solver failed:  The solver ECOS is not installed. 
Using SCS instead.
ECOS solver failed:  The solver ECOS is not installed. 
Using SCS instead.
ECOS solver failed:  The solver ECOS is not installed. 
Using SCS instead.
ECOS solver failed:  The solver ECOS is not installed. 
Using SCS instead.
ECOS solver failed:  The solver ECOS is not installed. 
Using SCS instead.
ECOS solver failed:  The solver ECOS is not installed. 
Using SCS instead.
M-step Design Matrix Calculation time (sec): 0.0546
ECOS solver failed in IPCW_HAL_init, falling back to SCS: The solver ECOS is not installed.
WARNING - large complementary slackness residual: 0.012799
M-step CVXPY optimize time (sec): 1.6191
ECOS solver failed:  The solver ECOS is not installed. 
Using SCS instead.
ECOS solver failed:  The solver ECOS is not installed. 
Using SCS instead.
ECOS solver failed:  The solver ECOS is not installed. 
Using SCS instead.
ECOS solver failed:  The solver ECOS is not installed. 
Using SCS instead.
ECOS solver failed:  The solver ECOS is not installed. 
Using SCS instead.
ECOS solver failed:  The solver ECOS is not installed. 
Using SCS instead.
ECOS solver failed:  The solver ECOS is not installed. 
Using SCS instead.
ECOS solver failed:  The solver ECOS is not installed. 
Using SCS instead.
ECOS solver failed:  The solver ECOS is not installed. 
Using SCS instead.
ECOS solver failed:  The solver ECOS is not installed. 
Using SCS instead.
ECOS solver failed:  The solver ECOS is not installed. 
Using SCS instead.
ECOS solver failed:  The solver ECOS is not installed. 
Using SCS instead.
ECOS solver failed:  The solver ECOS is not installed. 
Using SCS instead.
ECOS solver failed:  The solver ECOS is not installed. 
Using SCS instead.
ECOS solver failed:  The solver ECOS is not installed. 
Using SCS instead.
ECOS solver failed:  The solver ECOS is not installed. 
Using SCS instead.
ECOS solver failed:  The solver ECOS is not installed. 
Using SCS instead.
ECOS solver failed:  The solver ECOS is not installed. 
Using SCS instead.
ECOS solver failed:  The solver ECOS is not installed. 
Using SCS instead.
ECOS solver failed:  The solver ECOS is not installed. 
Using SCS instead.
ECOS solver failed:  The solver ECOS is not installed. 
Using SCS instead.
M-step Design Matrix Calculation time (sec): 0.0657
ECOS solver failed in IPCW_HAL_init, falling back to SCS: The solver ECOS is not installed.
WARNING - large complementary slackness residual: 0.007556
M-step CVXPY optimize time (sec): 1.1310
ECOS solver failed:  The solver ECOS is not installed. 
Using SCS instead.
ECOS solver failed:  The solver ECOS is not installed. 
Using SCS instead.
ECOS solver failed:  The solver ECOS is not installed. 
Using SCS instead.
ECOS solver failed:  The solver ECOS is not installed. 
Using SCS instead.
ECOS solver failed:  The solver ECOS is not installed. 
Using SCS instead.
ECOS solver failed:  The solver ECOS is not installed. 
Using SCS instead.
ECOS solver failed:  The solver ECOS is not installed. 
Using SCS instead.
ECOS solver failed:  The solver ECOS is not installed. 
Using SCS instead.
ECOS solver failed:  The solver ECOS is not installed. 
Using SCS instead.
ECOS solver failed:  The solver ECOS is not installed. 
Using SCS instead.
ECOS solver failed:  The solver ECOS is not installed. 
Using SCS instead.
ECOS solver failed:  The solver ECOS is not installed. 
Using SCS instead.
ECOS solver failed:  The solver ECOS is not installed. 
Using SCS instead.
ECOS solver failed:  The solver ECOS is not installed. 
Using SCS instead.
ECOS solver failed:  The solver ECOS is not installed. 
Using SCS instead.
ECOS solver failed:  The solver ECOS is not installed. 
Using SCS instead.
ECOS solver failed:  The solver ECOS is not installed. 
Using SCS instead.
ECOS solver failed:  The solver ECOS is not installed. 
Using SCS instead.
ECOS solver failed:  The solver ECOS is not installed. 
Using SCS instead.
ECOS solver failed:  The solver ECOS is not installed. 
Using SCS instead.
ECOS solver failed:  The solver ECOS is not installed. 
Using SCS instead.
M-step Design Matrix Calculation time (sec): 0.0161
ECOS solver failed in IPCW_HAL_init, falling back to SCS: The solver ECOS is not installed.
M-step CVXPY optimize time (sec): 0.5018
ECOS solver failed:  The solver ECOS is not installed. 
Using SCS instead.
ECOS solver failed:  The solver ECOS is not installed. 
Using SCS instead.
ECOS solver failed:  The solver ECOS is not installed. 
Using SCS instead.
ECOS solver failed:  The solver ECOS is not installed. 
Using SCS instead.
ECOS solver failed:  The solver ECOS is not installed. 
Using SCS instead.
ECOS solver failed:  The solver ECOS is not installed. 
Using SCS instead.
ECOS solver failed:  The solver ECOS is not installed. 
Using SCS instead.
ECOS solver failed:  The solver ECOS is not installed. 
Using SCS instead.
ECOS solver failed:  The solver ECOS is not installed. 
Using SCS instead.
ECOS solver failed:  The solver ECOS is not installed. 
Using SCS instead.
ECOS solver failed:  The solver ECOS is not installed. 
Using SCS instead.
ECOS solver failed:  The solver ECOS is not installed. 
Using SCS instead.
ECOS solver failed:  The solver ECOS is not installed. 
Using SCS instead.
ECOS solver failed:  The solver ECOS is not installed. 
Using SCS instead.
ECOS solver failed:  The solver ECOS is not installed. 
Using SCS instead.
ECOS solver failed:  The solver ECOS is not installed. 
Using SCS instead.
ECOS solver failed:  The solver ECOS is not installed. 
Using SCS instead.
ECOS solver failed:  The solver ECOS is not installed. 
Using SCS instead.
ECOS solver failed:  The solver ECOS is not installed. 
Using SCS instead.
ECOS solver failed:  The solver ECOS is not installed. 
Using SCS instead.
ECOS solver failed:  The solver ECOS is not installed. 
Using SCS instead.
M-step Design Matrix Calculation time (sec): 0.0341
ECOS solver failed in IPCW_HAL_init, falling back to SCS: The solver ECOS is not installed.
WARNING - large complementary slackness residual: 0.005735
M-step CVXPY optimize time (sec): 1.4825
ECOS solver failed:  The solver ECOS is not installed. 
Using SCS instead.
ECOS solver failed:  The solver ECOS is not installed. 
Using SCS instead.
ECOS solver failed:  The solver ECOS is not installed. 
Using SCS instead.
ECOS solver failed:  The solver ECOS is not installed. 
Using SCS instead.
ECOS solver failed:  The solver ECOS is not installed. 
Using SCS instead.
ECOS solver failed:  The solver ECOS is not installed. 
Using SCS instead.
ECOS solver failed:  The solver ECOS is not installed. 
Using SCS instead.
ECOS solver failed:  The solver ECOS is not installed. 
Using SCS instead.
ECOS solver failed:  The solver ECOS is not installed. 
Using SCS instead.
ECOS solver failed:  The solver ECOS is not installed. 
Using SCS instead.
ECOS solver failed:  The solver ECOS is not installed. 
Using SCS instead.
ECOS solver failed:  The solver ECOS is not installed. 
Using SCS instead.
ECOS solver failed:  The solver ECOS is not installed. 
Using SCS instead.
ECOS solver failed:  The solver ECOS is not installed. 
Using SCS instead.
ECOS solver failed:  The solver ECOS is not installed. 
Using SCS instead.
ECOS solver failed:  The solver ECOS is not installed. 
Using SCS instead.
ECOS solver failed:  The solver ECOS is not installed. 
Using SCS instead.
ECOS solver failed:  The solver ECOS is not installed. 
Using SCS instead.
ECOS solver failed:  The solver ECOS is not installed. 
Using SCS instead.
ECOS solver failed:  The solver ECOS is not installed. 
Using SCS instead.
ECOS solver failed:  The solver ECOS is not installed. 
Using SCS instead.
M-step Design Matrix Calculation time (sec): 0.0281
ECOS solver failed in IPCW_HAL_init, falling back to SCS: The solver ECOS is not installed.
M-step CVXPY optimize time (sec): 0.8041
ECOS solver failed:  The solver ECOS is not installed. 
Using SCS instead.
ECOS solver failed:  The solver ECOS is not installed. 
Using SCS instead.
ECOS solver failed:  The solver ECOS is not installed. 
Using SCS instead.
ECOS solver failed:  The solver ECOS is not installed. 
Using SCS instead.
ECOS solver failed:  The solver ECOS is not installed. 
Using SCS instead.
ECOS solver failed:  The solver ECOS is not installed. 
Using SCS instead.
ECOS solver failed:  The solver ECOS is not installed. 
Using SCS instead.
ECOS solver failed:  The solver ECOS is not installed. 
Using SCS instead.
ECOS solver failed:  The solver ECOS is not installed. 
Using SCS instead.
ECOS solver failed:  The solver ECOS is not installed. 
Using SCS instead.
ECOS solver failed:  The solver ECOS is not installed. 
Using SCS instead.
ECOS solver failed:  The solver ECOS is not installed. 
Using SCS instead.
ECOS solver failed:  The solver ECOS is not installed. 
Using SCS instead.
ECOS solver failed:  The solver ECOS is not installed. 
Using SCS instead.
ECOS solver failed:  The solver ECOS is not installed. 
Using SCS instead.
ECOS solver failed:  The solver ECOS is not installed. 
Using SCS instead.
ECOS solver failed:  The solver ECOS is not installed. 
Using SCS instead.
ECOS solver failed:  The solver ECOS is not installed. 
Using SCS instead.
ECOS solver failed:  The solver ECOS is not installed. 
Using SCS instead.
ECOS solver failed:  The solver ECOS is not installed. 
Using SCS instead.
ECOS solver failed:  The solver ECOS is not installed. 
Using SCS instead.
M-step Design Matrix Calculation time (sec): 0.0194
ECOS solver failed in IPCW_HAL_init, falling back to SCS: The solver ECOS is not installed.
M-step CVXPY optimize time (sec): 0.7837
ECOS solver failed:  The solver ECOS is not installed. 
Using SCS instead.
ECOS solver failed:  The solver ECOS is not installed. 
Using SCS instead.
ECOS solver failed:  The solver ECOS is not installed. 
Using SCS instead.
ECOS solver failed:  The solver ECOS is not installed. 
Using SCS instead.
ECOS solver failed:  The solver ECOS is not installed. 
Using SCS instead.
ECOS solver failed:  The solver ECOS is not installed. 
Using SCS instead.
ECOS solver failed:  The solver ECOS is not installed. 
Using SCS instead.
ECOS solver failed:  The solver ECOS is not installed. 
Using SCS instead.
ECOS solver failed:  The solver ECOS is not installed. 
Using SCS instead.
ECOS solver failed:  The solver ECOS is not installed. 
Using SCS instead.
ECOS solver failed:  The solver ECOS is not installed. 
Using SCS instead.
ECOS solver failed:  The solver ECOS is not installed. 
Using SCS instead.
ECOS solver failed:  The solver ECOS is not installed. 
Using SCS instead.
ECOS solver failed:  The solver ECOS is not installed. 
Using SCS instead.
ECOS solver failed:  The solver ECOS is not installed. 
Using SCS instead.
ECOS solver failed:  The solver ECOS is not installed. 
Using SCS instead.
ECOS solver failed:  The solver ECOS is not installed. 
Using SCS instead.
ECOS solver failed:  The solver ECOS is not installed. 
Using SCS instead.
ECOS solver failed:  The solver ECOS is not installed. 
Using SCS instead.
ECOS solver failed:  The solver ECOS is not installed. 
Using SCS instead.
ECOS solver failed:  The solver ECOS is not installed. 
Using SCS instead.
M-step Design Matrix Calculation time (sec): 0.0515
ECOS solver failed in IPCW_HAL_init, falling back to SCS: The solver ECOS is not installed.
WARNING - large complementary slackness residual: 0.017144
M-step CVXPY optimize time (sec): 2.3321
ECOS solver failed:  The solver ECOS is not installed. 
Using SCS instead.
ECOS solver failed:  The solver ECOS is not installed. 
Using SCS instead.
ECOS solver failed:  The solver ECOS is not installed. 
Using SCS instead.
ECOS solver failed:  The solver ECOS is not installed. 
Using SCS instead.
ECOS solver failed:  The solver ECOS is not installed. 
Using SCS instead.
ECOS solver failed:  The solver ECOS is not installed. 
Using SCS instead.
ECOS solver failed:  The solver ECOS is not installed. 
Using SCS instead.
ECOS solver failed:  The solver ECOS is not installed. 
Using SCS instead.
ECOS solver failed:  The solver ECOS is not installed. 
Using SCS instead.
ECOS solver failed:  The solver ECOS is not installed. 
Using SCS instead.
ECOS solver failed:  The solver ECOS is not installed. 
Using SCS instead.
ECOS solver failed:  The solver ECOS is not installed. 
Using SCS instead.
ECOS solver failed:  The solver ECOS is not installed. 
Using SCS instead.
ECOS solver failed:  The solver ECOS is not installed. 
Using SCS instead.
ECOS solver failed:  The solver ECOS is not installed. 
Using SCS instead.
ECOS solver failed:  The solver ECOS is not installed. 
Using SCS instead.
ECOS solver failed:  The solver ECOS is not installed. 
Using SCS instead.
ECOS solver failed:  The solver ECOS is not installed. 
Using SCS instead.
ECOS solver failed:  The solver ECOS is not installed. 
Using SCS instead.
ECOS solver failed:  The solver ECOS is not installed. 
Using SCS instead.
ECOS solver failed:  The solver ECOS is not installed. 
Using SCS instead.
M-step Design Matrix Calculation time (sec): 0.1080
ECOS solver failed in IPCW_HAL_init, falling back to SCS: The solver ECOS is not installed.
M-step CVXPY optimize time (sec): 2.0726
ECOS solver failed:  The solver ECOS is not installed. 
Using SCS instead.
ECOS solver failed:  The solver ECOS is not installed. 
Using SCS instead.
ECOS solver failed:  The solver ECOS is not installed. 
Using SCS instead.
ECOS solver failed:  The solver ECOS is not installed. 
Using SCS instead.
ECOS solver failed:  The solver ECOS is not installed. 
Using SCS instead.
ECOS solver failed:  The solver ECOS is not installed. 
Using SCS instead.
ECOS solver failed:  The solver ECOS is not installed. 
Using SCS instead.
ECOS solver failed:  The solver ECOS is not installed. 
Using SCS instead.
ECOS solver failed:  The solver ECOS is not installed. 
Using SCS instead.
ECOS solver failed:  The solver ECOS is not installed. 
Using SCS instead.
ECOS solver failed:  The solver ECOS is not installed. 
Using SCS instead.
ECOS solver failed:  The solver ECOS is not installed. 
Using SCS instead.
ECOS solver failed:  The solver ECOS is not installed. 
Using SCS instead.
ECOS solver failed:  The solver ECOS is not installed. 
Using SCS instead.
ECOS solver failed:  The solver ECOS is not installed. 
Using SCS instead.
ECOS solver failed:  The solver ECOS is not installed. 
Using SCS instead.
ECOS solver failed:  The solver ECOS is not installed. 
Using SCS instead.
ECOS solver failed:  The solver ECOS is not installed. 
Using SCS instead.
ECOS solver failed:  The solver ECOS is not installed. 
Using SCS instead.
ECOS solver failed:  The solver ECOS is not installed. 
Using SCS instead.
ECOS solver failed:  The solver ECOS is not installed. 
Using SCS instead.
M-step Design Matrix Calculation time (sec): 0.0375
ECOS solver failed in IPCW_HAL_init, falling back to SCS: The solver ECOS is not installed.
WARNING - large complementary slackness residual: 0.007088
M-step CVXPY optimize time (sec): 1.9027
ECOS solver failed:  The solver ECOS is not installed. 
Using SCS instead.
ECOS solver failed:  The solver ECOS is not installed. 
Using SCS instead.
ECOS solver failed:  The solver ECOS is not installed. 
Using SCS instead.
ECOS solver failed:  The solver ECOS is not installed. 
Using SCS instead.
ECOS solver failed:  The solver ECOS is not installed. 
Using SCS instead.
ECOS solver failed:  The solver ECOS is not installed. 
Using SCS instead.
ECOS solver failed:  The solver ECOS is not installed. 
Using SCS instead.
ECOS solver failed:  The solver ECOS is not installed. 
Using SCS instead.
ECOS solver failed:  The solver ECOS is not installed. 
Using SCS instead.
ECOS solver failed:  The solver ECOS is not installed. 
Using SCS instead.
ECOS solver failed:  The solver ECOS is not installed. 
Using SCS instead.
ECOS solver failed:  The solver ECOS is not installed. 
Using SCS instead.
ECOS solver failed:  The solver ECOS is not installed. 
Using SCS instead.
ECOS solver failed:  The solver ECOS is not installed. 
Using SCS instead.
ECOS solver failed:  The solver ECOS is not installed. 
Using SCS instead.
ECOS solver failed:  The solver ECOS is not installed. 
Using SCS instead.
ECOS solver failed:  The solver ECOS is not installed. 
Using SCS instead.
ECOS solver failed:  The solver ECOS is not installed. 
Using SCS instead.
ECOS solver failed:  The solver ECOS is not installed. 
Using SCS instead.
ECOS solver failed:  The solver ECOS is not installed. 
Using SCS instead.
ECOS solver failed:  The solver ECOS is not installed. 
Using SCS instead.
M-step Design Matrix Calculation time (sec): 0.0179
ECOS solver failed in IPCW_HAL_init, falling back to SCS: The solver ECOS is not installed.
WARNING - large complementary slackness residual: 0.004485
M-step CVXPY optimize time (sec): 0.9850
ECOS solver failed:  The solver ECOS is not installed. 
Using SCS instead.
ECOS solver failed:  The solver ECOS is not installed. 
Using SCS instead.
ECOS solver failed:  The solver ECOS is not installed. 
Using SCS instead.
ECOS solver failed:  The solver ECOS is not installed. 
Using SCS instead.
ECOS solver failed:  The solver ECOS is not installed. 
Using SCS instead.
ECOS solver failed:  The solver ECOS is not installed. 
Using SCS instead.
ECOS solver failed:  The solver ECOS is not installed. 
Using SCS instead.
ECOS solver failed:  The solver ECOS is not installed. 
Using SCS instead.
ECOS solver failed:  The solver ECOS is not installed. 
Using SCS instead.
ECOS solver failed:  The solver ECOS is not installed. 
Using SCS instead.
ECOS solver failed:  The solver ECOS is not installed. 
Using SCS instead.
ECOS solver failed:  The solver ECOS is not installed. 
Using SCS instead.
ECOS solver failed:  The solver ECOS is not installed. 
Using SCS instead.
ECOS solver failed:  The solver ECOS is not installed. 
Using SCS instead.
ECOS solver failed:  The solver ECOS is not installed. 
Using SCS instead.
ECOS solver failed:  The solver ECOS is not installed. 
Using SCS instead.
ECOS solver failed:  The solver ECOS is not installed. 
Using SCS instead.
ECOS solver failed:  The solver ECOS is not installed. 
Using SCS instead.
ECOS solver failed:  The solver ECOS is not installed. 
Using SCS instead.
ECOS solver failed:  The solver ECOS is not installed. 
Using SCS instead.
ECOS solver failed:  The solver ECOS is not installed. 
Using SCS instead.
M-step Design Matrix Calculation time (sec): 0.0216
ECOS solver failed in IPCW_HAL_init, falling back to SCS: The solver ECOS is not installed.
M-step CVXPY optimize time (sec): 0.4991
ECOS solver failed:  The solver ECOS is not installed. 
Using SCS instead.
ECOS solver failed:  The solver ECOS is not installed. 
Using SCS instead.
ECOS solver failed:  The solver ECOS is not installed. 
Using SCS instead.
ECOS solver failed:  The solver ECOS is not installed. 
Using SCS instead.
ECOS solver failed:  The solver ECOS is not installed. 
Using SCS instead.
ECOS solver failed:  The solver ECOS is not installed. 
Using SCS instead.
ECOS solver failed:  The solver ECOS is not installed. 
Using SCS instead.
ECOS solver failed:  The solver ECOS is not installed. 
Using SCS instead.
ECOS solver failed:  The solver ECOS is not installed. 
Using SCS instead.
ECOS solver failed:  The solver ECOS is not installed. 
Using SCS instead.
ECOS solver failed:  The solver ECOS is not installed. 
Using SCS instead.
ECOS solver failed:  The solver ECOS is not installed. 
Using SCS instead.
ECOS solver failed:  The solver ECOS is not installed. 
Using SCS instead.
ECOS solver failed:  The solver ECOS is not installed. 
Using SCS instead.
ECOS solver failed:  The solver ECOS is not installed. 
Using SCS instead.
ECOS solver failed:  The solver ECOS is not installed. 
Using SCS instead.
ECOS solver failed:  The solver ECOS is not installed. 
Using SCS instead.
ECOS solver failed:  The solver ECOS is not installed. 
Using SCS instead.
ECOS solver failed:  The solver ECOS is not installed. 
Using SCS instead.
ECOS solver failed:  The solver ECOS is not installed. 
Using SCS instead.
ECOS solver failed:  The solver ECOS is not installed. 
Using SCS instead.
M-step Design Matrix Calculation time (sec): 0.0620
ECOS solver failed in IPCW_HAL_init, falling back to SCS: The solver ECOS is not installed.
WARNING - large complementary slackness residual: 0.004552
M-step CVXPY optimize time (sec): 0.8956
ECOS solver failed:  The solver ECOS is not installed. 
Using SCS instead.
ECOS solver failed:  The solver ECOS is not installed. 
Using SCS instead.
ECOS solver failed:  The solver ECOS is not installed. 
Using SCS instead.
ECOS solver failed:  The solver ECOS is not installed. 
Using SCS instead.
ECOS solver failed:  The solver ECOS is not installed. 
Using SCS instead.
ECOS solver failed:  The solver ECOS is not installed. 
Using SCS instead.
ECOS solver failed:  The solver ECOS is not installed. 
Using SCS instead.
ECOS solver failed:  The solver ECOS is not installed. 
Using SCS instead.
ECOS solver failed:  The solver ECOS is not installed. 
Using SCS instead.
ECOS solver failed:  The solver ECOS is not installed. 
Using SCS instead.
ECOS solver failed:  The solver ECOS is not installed. 
Using SCS instead.
ECOS solver failed:  The solver ECOS is not installed. 
Using SCS instead.
ECOS solver failed:  The solver ECOS is not installed. 
Using SCS instead.
ECOS solver failed:  The solver ECOS is not installed. 
Using SCS instead.
ECOS solver failed:  The solver ECOS is not installed. 
Using SCS instead.
ECOS solver failed:  The solver ECOS is not installed. 
Using SCS instead.
ECOS solver failed:  The solver ECOS is not installed. 
Using SCS instead.
ECOS solver failed:  The solver ECOS is not installed. 
Using SCS instead.
ECOS solver failed:  The solver ECOS is not installed. 
Using SCS instead.
ECOS solver failed:  The solver ECOS is not installed. 
Using SCS instead.
ECOS solver failed:  The solver ECOS is not installed. 
Using SCS instead.
M-step Design Matrix Calculation time (sec): 0.0516
ECOS solver failed in IPCW_HAL_init, falling back to SCS: The solver ECOS is not installed.
WARNING - large complementary slackness residual: 0.009009
M-step CVXPY optimize time (sec): 1.0985
ECOS solver failed:  The solver ECOS is not installed. 
Using SCS instead.
ECOS solver failed:  The solver ECOS is not installed. 
Using SCS instead.
ECOS solver failed:  The solver ECOS is not installed. 
Using SCS instead.
ECOS solver failed:  The solver ECOS is not installed. 
Using SCS instead.
ECOS solver failed:  The solver ECOS is not installed. 
Using SCS instead.
ECOS solver failed:  The solver ECOS is not installed. 
Using SCS instead.
ECOS solver failed:  The solver ECOS is not installed. 
Using SCS instead.
ECOS solver failed:  The solver ECOS is not installed. 
Using SCS instead.
ECOS solver failed:  The solver ECOS is not installed. 
Using SCS instead.
ECOS solver failed:  The solver ECOS is not installed. 
Using SCS instead.
ECOS solver failed:  The solver ECOS is not installed. 
Using SCS instead.
ECOS solver failed:  The solver ECOS is not installed. 
Using SCS instead.
ECOS solver failed:  The solver ECOS is not installed. 
Using SCS instead.
ECOS solver failed:  The solver ECOS is not installed. 
Using SCS instead.
ECOS solver failed:  The solver ECOS is not installed. 
Using SCS instead.
ECOS solver failed:  The solver ECOS is not installed. 
Using SCS instead.
ECOS solver failed:  The solver ECOS is not installed. 
Using SCS instead.
ECOS solver failed:  The solver ECOS is not installed. 
Using SCS instead.
ECOS solver failed:  The solver ECOS is not installed. 
Using SCS instead.
ECOS solver failed:  The solver ECOS is not installed. 
Using SCS instead.
ECOS solver failed:  The solver ECOS is not installed. 
Using SCS instead.
M-step Design Matrix Calculation time (sec): 0.1137
ECOS solver failed in IPCW_HAL_init, falling back to SCS: The solver ECOS is not installed.
M-step CVXPY optimize time (sec): 0.8966
ECOS solver failed:  The solver ECOS is not installed. 
Using SCS instead.
ECOS solver failed:  The solver ECOS is not installed. 
Using SCS instead.
ECOS solver failed:  The solver ECOS is not installed. 
Using SCS instead.
ECOS solver failed:  The solver ECOS is not installed. 
Using SCS instead.
ECOS solver failed:  The solver ECOS is not installed. 
Using SCS instead.
ECOS solver failed:  The solver ECOS is not installed. 
Using SCS instead.
ECOS solver failed:  The solver ECOS is not installed. 
Using SCS instead.
ECOS solver failed:  The solver ECOS is not installed. 
Using SCS instead.
ECOS solver failed:  The solver ECOS is not installed. 
Using SCS instead.
ECOS solver failed:  The solver ECOS is not installed. 
Using SCS instead.
ECOS solver failed:  The solver ECOS is not installed. 
Using SCS instead.
ECOS solver failed:  The solver ECOS is not installed. 
Using SCS instead.
ECOS solver failed:  The solver ECOS is not installed. 
Using SCS instead.
ECOS solver failed:  The solver ECOS is not installed. 
Using SCS instead.
ECOS solver failed:  The solver ECOS is not installed. 
Using SCS instead.
ECOS solver failed:  The solver ECOS is not installed. 
Using SCS instead.
ECOS solver failed:  The solver ECOS is not installed. 
Using SCS instead.
ECOS solver failed:  The solver ECOS is not installed. 
Using SCS instead.
ECOS solver failed:  The solver ECOS is not installed. 
Using SCS instead.
ECOS solver failed:  The solver ECOS is not installed. 
Using SCS instead.
ECOS solver failed:  The solver ECOS is not installed. 
Using SCS instead.
M-step Design Matrix Calculation time (sec): 0.0175
ECOS solver failed in IPCW_HAL_init, falling back to SCS: The solver ECOS is not installed.
M-step CVXPY optimize time (sec): 0.6312
ECOS solver failed:  The solver ECOS is not installed. 
Using SCS instead.
ECOS solver failed:  The solver ECOS is not installed. 
Using SCS instead.
ECOS solver failed:  The solver ECOS is not installed. 
Using SCS instead.
ECOS solver failed:  The solver ECOS is not installed. 
Using SCS instead.
ECOS solver failed:  The solver ECOS is not installed. 
Using SCS instead.
ECOS solver failed:  The solver ECOS is not installed. 
Using SCS instead.
ECOS solver failed:  The solver ECOS is not installed. 
Using SCS instead.
ECOS solver failed:  The solver ECOS is not installed. 
Using SCS instead.
ECOS solver failed:  The solver ECOS is not installed. 
Using SCS instead.
ECOS solver failed:  The solver ECOS is not installed. 
Using SCS instead.
ECOS solver failed:  The solver ECOS is not installed. 
Using SCS instead.
ECOS solver failed:  The solver ECOS is not installed. 
Using SCS instead.
ECOS solver failed:  The solver ECOS is not installed. 
Using SCS instead.
ECOS solver failed:  The solver ECOS is not installed. 
Using SCS instead.
ECOS solver failed:  The solver ECOS is not installed. 
Using SCS instead.
ECOS solver failed:  The solver ECOS is not installed. 
Using SCS instead.
ECOS solver failed:  The solver ECOS is not installed. 
Using SCS instead.
ECOS solver failed:  The solver ECOS is not installed. 
Using SCS instead.
ECOS solver failed:  The solver ECOS is not installed. 
Using SCS instead.
ECOS solver failed:  The solver ECOS is not installed. 
Using SCS instead.
ECOS solver failed:  The solver ECOS is not installed. 
Using SCS instead.
M-step Design Matrix Calculation time (sec): 0.0207
ECOS solver failed in IPCW_HAL_init, falling back to SCS: The solver ECOS is not installed.
WARNING - large complementary slackness residual: 0.016361
M-step CVXPY optimize time (sec): 2.7269
ECOS solver failed:  The solver ECOS is not installed. 
Using SCS instead.
ECOS solver failed:  The solver ECOS is not installed. 
Using SCS instead.
ECOS solver failed:  The solver ECOS is not installed. 
Using SCS instead.
ECOS solver failed:  The solver ECOS is not installed. 
Using SCS instead.
ECOS solver failed:  The solver ECOS is not installed. 
Using SCS instead.
ECOS solver failed:  The solver ECOS is not installed. 
Using SCS instead.
ECOS solver failed:  The solver ECOS is not installed. 
Using SCS instead.
ECOS solver failed:  The solver ECOS is not installed. 
Using SCS instead.
ECOS solver failed:  The solver ECOS is not installed. 
Using SCS instead.
ECOS solver failed:  The solver ECOS is not installed. 
Using SCS instead.
ECOS solver failed:  The solver ECOS is not installed. 
Using SCS instead.
ECOS solver failed:  The solver ECOS is not installed. 
Using SCS instead.
ECOS solver failed:  The solver ECOS is not installed. 
Using SCS instead.
ECOS solver failed:  The solver ECOS is not installed. 
Using SCS instead.
ECOS solver failed:  The solver ECOS is not installed. 
Using SCS instead.
ECOS solver failed:  The solver ECOS is not installed. 
Using SCS instead.
ECOS solver failed:  The solver ECOS is not installed. 
Using SCS instead.
ECOS solver failed:  The solver ECOS is not installed. 
Using SCS instead.
ECOS solver failed:  The solver ECOS is not installed. 
Using SCS instead.
ECOS solver failed:  The solver ECOS is not installed. 
Using SCS instead.
ECOS solver failed:  The solver ECOS is not installed. 
Using SCS instead.
M-step Design Matrix Calculation time (sec): 0.0443
ECOS solver failed in IPCW_HAL_init, falling back to SCS: The solver ECOS is not installed.
WARNING - large complementary slackness residual: 0.011585
M-step CVXPY optimize time (sec): 0.8451
ECOS solver failed:  The solver ECOS is not installed. 
Using SCS instead.
ECOS solver failed:  The solver ECOS is not installed. 
Using SCS instead.
ECOS solver failed:  The solver ECOS is not installed. 
Using SCS instead.
ECOS solver failed:  The solver ECOS is not installed. 
Using SCS instead.
ECOS solver failed:  The solver ECOS is not installed. 
Using SCS instead.
ECOS solver failed:  The solver ECOS is not installed. 
Using SCS instead.
ECOS solver failed:  The solver ECOS is not installed. 
Using SCS instead.
ECOS solver failed:  The solver ECOS is not installed. 
Using SCS instead.
ECOS solver failed:  The solver ECOS is not installed. 
Using SCS instead.
ECOS solver failed:  The solver ECOS is not installed. 
Using SCS instead.
ECOS solver failed:  The solver ECOS is not installed. 
Using SCS instead.
ECOS solver failed:  The solver ECOS is not installed. 
Using SCS instead.
ECOS solver failed:  The solver ECOS is not installed. 
Using SCS instead.
ECOS solver failed:  The solver ECOS is not installed. 
Using SCS instead.
ECOS solver failed:  The solver ECOS is not installed. 
Using SCS instead.
ECOS solver failed:  The solver ECOS is not installed. 
Using SCS instead.
ECOS solver failed:  The solver ECOS is not installed. 
Using SCS instead.
ECOS solver failed:  The solver ECOS is not installed. 
Using SCS instead.
ECOS solver failed:  The solver ECOS is not installed. 
Using SCS instead.
ECOS solver failed:  The solver ECOS is not installed. 
Using SCS instead.
ECOS solver failed:  The solver ECOS is not installed. 
Using SCS instead.
M-step Design Matrix Calculation time (sec): 0.0175
ECOS solver failed in IPCW_HAL_init, falling back to SCS: The solver ECOS is not installed.
WARNING - large complementary slackness residual: 0.026280
M-step CVXPY optimize time (sec): 1.7703
ECOS solver failed:  The solver ECOS is not installed. 
Using SCS instead.
ECOS solver failed:  The solver ECOS is not installed. 
Using SCS instead.
ECOS solver failed:  The solver ECOS is not installed. 
Using SCS instead.
ECOS solver failed:  The solver ECOS is not installed. 
Using SCS instead.
ECOS solver failed:  The solver ECOS is not installed. 
Using SCS instead.
ECOS solver failed:  The solver ECOS is not installed. 
Using SCS instead.
ECOS solver failed:  The solver ECOS is not installed. 
Using SCS instead.
ECOS solver failed:  The solver ECOS is not installed. 
Using SCS instead.
ECOS solver failed:  The solver ECOS is not installed. 
Using SCS instead.
ECOS solver failed:  The solver ECOS is not installed. 
Using SCS instead.
ECOS solver failed:  The solver ECOS is not installed. 
Using SCS instead.
ECOS solver failed:  The solver ECOS is not installed. 
Using SCS instead.
ECOS solver failed:  The solver ECOS is not installed. 
Using SCS instead.
ECOS solver failed:  The solver ECOS is not installed. 
Using SCS instead.
ECOS solver failed:  The solver ECOS is not installed. 
Using SCS instead.
ECOS solver failed:  The solver ECOS is not installed. 
Using SCS instead.
ECOS solver failed:  The solver ECOS is not installed. 
Using SCS instead.
ECOS solver failed:  The solver ECOS is not installed. 
Using SCS instead.
ECOS solver failed:  The solver ECOS is not installed. 
Using SCS instead.
ECOS solver failed:  The solver ECOS is not installed. 
Using SCS instead.
ECOS solver failed:  The solver ECOS is not installed. 
Using SCS instead.
M-step Design Matrix Calculation time (sec): 0.0192
ECOS solver failed in IPCW_HAL_init, falling back to SCS: The solver ECOS is not installed.
WARNING - large complementary slackness residual: 0.014247
M-step CVXPY optimize time (sec): 0.9012
ECOS solver failed:  The solver ECOS is not installed. 
Using SCS instead.
ECOS solver failed:  The solver ECOS is not installed. 
Using SCS instead.
ECOS solver failed:  The solver ECOS is not installed. 
Using SCS instead.
ECOS solver failed:  The solver ECOS is not installed. 
Using SCS instead.
ECOS solver failed:  The solver ECOS is not installed. 
Using SCS instead.
ECOS solver failed:  The solver ECOS is not installed. 
Using SCS instead.
ECOS solver failed:  The solver ECOS is not installed. 
Using SCS instead.
ECOS solver failed:  The solver ECOS is not installed. 
Using SCS instead.
ECOS solver failed:  The solver ECOS is not installed. 
Using SCS instead.
ECOS solver failed:  The solver ECOS is not installed. 
Using SCS instead.
ECOS solver failed:  The solver ECOS is not installed. 
Using SCS instead.
ECOS solver failed:  The solver ECOS is not installed. 
Using SCS instead.
ECOS solver failed:  The solver ECOS is not installed. 
Using SCS instead.
ECOS solver failed:  The solver ECOS is not installed. 
Using SCS instead.
ECOS solver failed:  The solver ECOS is not installed. 
Using SCS instead.
ECOS solver failed:  The solver ECOS is not installed. 
Using SCS instead.
ECOS solver failed:  The solver ECOS is not installed. 
Using SCS instead.
ECOS solver failed:  The solver ECOS is not installed. 
Using SCS instead.
ECOS solver failed:  The solver ECOS is not installed. 
Using SCS instead.
ECOS solver failed:  The solver ECOS is not installed. 
Using SCS instead.
ECOS solver failed:  The solver ECOS is not installed. 
Using SCS instead.
M-step Design Matrix Calculation time (sec): 0.0164
ECOS solver failed in IPCW_HAL_init, falling back to SCS: The solver ECOS is not installed.
WARNING - large complementary slackness residual: 0.014899
M-step CVXPY optimize time (sec): 2.1073
ECOS solver failed:  The solver ECOS is not installed. 
Using SCS instead.
ECOS solver failed:  The solver ECOS is not installed. 
Using SCS instead.
ECOS solver failed:  The solver ECOS is not installed. 
Using SCS instead.
ECOS solver failed:  The solver ECOS is not installed. 
Using SCS instead.
ECOS solver failed:  The solver ECOS is not installed. 
Using SCS instead.
ECOS solver failed:  The solver ECOS is not installed. 
Using SCS instead.
ECOS solver failed:  The solver ECOS is not installed. 
Using SCS instead.
ECOS solver failed:  The solver ECOS is not installed. 
Using SCS instead.
ECOS solver failed:  The solver ECOS is not installed. 
Using SCS instead.
ECOS solver failed:  The solver ECOS is not installed. 
Using SCS instead.
ECOS solver failed:  The solver ECOS is not installed. 
Using SCS instead.
ECOS solver failed:  The solver ECOS is not installed. 
Using SCS instead.
ECOS solver failed:  The solver ECOS is not installed. 
Using SCS instead.
ECOS solver failed:  The solver ECOS is not installed. 
Using SCS instead.
ECOS solver failed:  The solver ECOS is not installed. 
Using SCS instead.
ECOS solver failed:  The solver ECOS is not installed. 
Using SCS instead.
ECOS solver failed:  The solver ECOS is not installed. 
Using SCS instead.
ECOS solver failed:  The solver ECOS is not installed. 
Using SCS instead.
ECOS solver failed:  The solver ECOS is not installed. 
Using SCS instead.
ECOS solver failed:  The solver ECOS is not installed. 
Using SCS instead.
ECOS solver failed:  The solver ECOS is not installed. 
Using SCS instead.
M-step Design Matrix Calculation time (sec): 0.0655
ECOS solver failed in IPCW_HAL_init, falling back to SCS: The solver ECOS is not installed.
M-step CVXPY optimize time (sec): 0.5544
ECOS solver failed:  The solver ECOS is not installed. 
Using SCS instead.
ECOS solver failed:  The solver ECOS is not installed. 
Using SCS instead.
ECOS solver failed:  The solver ECOS is not installed. 
Using SCS instead.
ECOS solver failed:  The solver ECOS is not installed. 
Using SCS instead.
ECOS solver failed:  The solver ECOS is not installed. 
Using SCS instead.
ECOS solver failed:  The solver ECOS is not installed. 
Using SCS instead.
ECOS solver failed:  The solver ECOS is not installed. 
Using SCS instead.
ECOS solver failed:  The solver ECOS is not installed. 
Using SCS instead.
ECOS solver failed:  The solver ECOS is not installed. 
Using SCS instead.
ECOS solver failed:  The solver ECOS is not installed. 
Using SCS instead.
ECOS solver failed:  The solver ECOS is not installed. 
Using SCS instead.
ECOS solver failed:  The solver ECOS is not installed. 
Using SCS instead.
ECOS solver failed:  The solver ECOS is not installed. 
Using SCS instead.
ECOS solver failed:  The solver ECOS is not installed. 
Using SCS instead.
ECOS solver failed:  The solver ECOS is not installed. 
Using SCS instead.
ECOS solver failed:  The solver ECOS is not installed. 
Using SCS instead.
ECOS solver failed:  The solver ECOS is not installed. 
Using SCS instead.
ECOS solver failed:  The solver ECOS is not installed. 
Using SCS instead.
ECOS solver failed:  The solver ECOS is not installed. 
Using SCS instead.
ECOS solver failed:  The solver ECOS is not installed. 
Using SCS instead.
ECOS solver failed:  The solver ECOS is not installed. 
Using SCS instead.
M-step Design Matrix Calculation time (sec): 0.0169
ECOS solver failed in IPCW_HAL_init, falling back to SCS: The solver ECOS is not installed.
WARNING - large complementary slackness residual: 0.008805
M-step CVXPY optimize time (sec): 0.3721
ECOS solver failed:  The solver ECOS is not installed. 
Using SCS instead.
ECOS solver failed:  The solver ECOS is not installed. 
Using SCS instead.
ECOS solver failed:  The solver ECOS is not installed. 
Using SCS instead.
ECOS solver failed:  The solver ECOS is not installed. 
Using SCS instead.
ECOS solver failed:  The solver ECOS is not installed. 
Using SCS instead.
ECOS solver failed:  The solver ECOS is not installed. 
Using SCS instead.
ECOS solver failed:  The solver ECOS is not installed. 
Using SCS instead.
ECOS solver failed:  The solver ECOS is not installed. 
Using SCS instead.
ECOS solver failed:  The solver ECOS is not installed. 
Using SCS instead.
ECOS solver failed:  The solver ECOS is not installed. 
Using SCS instead.
ECOS solver failed:  The solver ECOS is not installed. 
Using SCS instead.
ECOS solver failed:  The solver ECOS is not installed. 
Using SCS instead.
ECOS solver failed:  The solver ECOS is not installed. 
Using SCS instead.
ECOS solver failed:  The solver ECOS is not installed. 
Using SCS instead.
ECOS solver failed:  The solver ECOS is not installed. 
Using SCS instead.
ECOS solver failed:  The solver ECOS is not installed. 
Using SCS instead.
ECOS solver failed:  The solver ECOS is not installed. 
Using SCS instead.
ECOS solver failed:  The solver ECOS is not installed. 
Using SCS instead.
ECOS solver failed:  The solver ECOS is not installed. 
Using SCS instead.
ECOS solver failed:  The solver ECOS is not installed. 
Using SCS instead.
ECOS solver failed:  The solver ECOS is not installed. 
Using SCS instead.
M-step Design Matrix Calculation time (sec): 0.0352
ECOS solver failed in IPCW_HAL_init, falling back to SCS: The solver ECOS is not installed.
WARNING - large complementary slackness residual: 0.021623
M-step CVXPY optimize time (sec): 1.4447
ECOS solver failed:  The solver ECOS is not installed. 
Using SCS instead.
ECOS solver failed:  The solver ECOS is not installed. 
Using SCS instead.
ECOS solver failed:  The solver ECOS is not installed. 
Using SCS instead.
ECOS solver failed:  The solver ECOS is not installed. 
Using SCS instead.
ECOS solver failed:  The solver ECOS is not installed. 
Using SCS instead.
ECOS solver failed:  The solver ECOS is not installed. 
Using SCS instead.
ECOS solver failed:  The solver ECOS is not installed. 
Using SCS instead.
ECOS solver failed:  The solver ECOS is not installed. 
Using SCS instead.
ECOS solver failed:  The solver ECOS is not installed. 
Using SCS instead.
ECOS solver failed:  The solver ECOS is not installed. 
Using SCS instead.
ECOS solver failed:  The solver ECOS is not installed. 
Using SCS instead.
ECOS solver failed:  The solver ECOS is not installed. 
Using SCS instead.
ECOS solver failed:  The solver ECOS is not installed. 
Using SCS instead.
ECOS solver failed:  The solver ECOS is not installed. 
Using SCS instead.
ECOS solver failed:  The solver ECOS is not installed. 
Using SCS instead.
ECOS solver failed:  The solver ECOS is not installed. 
Using SCS instead.
ECOS solver failed:  The solver ECOS is not installed. 
Using SCS instead.
ECOS solver failed:  The solver ECOS is not installed. 
Using SCS instead.
ECOS solver failed:  The solver ECOS is not installed. 
Using SCS instead.
ECOS solver failed:  The solver ECOS is not installed. 
Using SCS instead.
ECOS solver failed:  The solver ECOS is not installed. 
Using SCS instead.
M-step Design Matrix Calculation time (sec): 0.0194
ECOS solver failed in IPCW_HAL_init, falling back to SCS: The solver ECOS is not installed.
WARNING - large complementary slackness residual: 0.023499
M-step CVXPY optimize time (sec): 1.0252
ECOS solver failed:  The solver ECOS is not installed. 
Using SCS instead.
ECOS solver failed:  The solver ECOS is not installed. 
Using SCS instead.
ECOS solver failed:  The solver ECOS is not installed. 
Using SCS instead.
ECOS solver failed:  The solver ECOS is not installed. 
Using SCS instead.
ECOS solver failed:  The solver ECOS is not installed. 
Using SCS instead.
ECOS solver failed:  The solver ECOS is not installed. 
Using SCS instead.
ECOS solver failed:  The solver ECOS is not installed. 
Using SCS instead.
ECOS solver failed:  The solver ECOS is not installed. 
Using SCS instead.
ECOS solver failed:  The solver ECOS is not installed. 
Using SCS instead.
ECOS solver failed:  The solver ECOS is not installed. 
Using SCS instead.
ECOS solver failed:  The solver ECOS is not installed. 
Using SCS instead.
ECOS solver failed:  The solver ECOS is not installed. 
Using SCS instead.
ECOS solver failed:  The solver ECOS is not installed. 
Using SCS instead.
ECOS solver failed:  The solver ECOS is not installed. 
Using SCS instead.
ECOS solver failed:  The solver ECOS is not installed. 
Using SCS instead.
ECOS solver failed:  The solver ECOS is not installed. 
Using SCS instead.
ECOS solver failed:  The solver ECOS is not installed. 
Using SCS instead.
ECOS solver failed:  The solver ECOS is not installed. 
Using SCS instead.
ECOS solver failed:  The solver ECOS is not installed. 
Using SCS instead.
ECOS solver failed:  The solver ECOS is not installed. 
Using SCS instead.
ECOS solver failed:  The solver ECOS is not installed. 
Using SCS instead.
M-step Design Matrix Calculation time (sec): 0.0176
ECOS solver failed in IPCW_HAL_init, falling back to SCS: The solver ECOS is not installed.
WARNING - large complementary slackness residual: 0.008146
M-step CVXPY optimize time (sec): 0.8072
ECOS solver failed:  The solver ECOS is not installed. 
Using SCS instead.
ECOS solver failed:  The solver ECOS is not installed. 
Using SCS instead.
ECOS solver failed:  The solver ECOS is not installed. 
Using SCS instead.
ECOS solver failed:  The solver ECOS is not installed. 
Using SCS instead.
ECOS solver failed:  The solver ECOS is not installed. 
Using SCS instead.
ECOS solver failed:  The solver ECOS is not installed. 
Using SCS instead.
ECOS solver failed:  The solver ECOS is not installed. 
Using SCS instead.
ECOS solver failed:  The solver ECOS is not installed. 
Using SCS instead.
ECOS solver failed:  The solver ECOS is not installed. 
Using SCS instead.
ECOS solver failed:  The solver ECOS is not installed. 
Using SCS instead.
ECOS solver failed:  The solver ECOS is not installed. 
Using SCS instead.
ECOS solver failed:  The solver ECOS is not installed. 
Using SCS instead.
ECOS solver failed:  The solver ECOS is not installed. 
Using SCS instead.
ECOS solver failed:  The solver ECOS is not installed. 
Using SCS instead.
ECOS solver failed:  The solver ECOS is not installed. 
Using SCS instead.
ECOS solver failed:  The solver ECOS is not installed. 
Using SCS instead.
ECOS solver failed:  The solver ECOS is not installed. 
Using SCS instead.
ECOS solver failed:  The solver ECOS is not installed. 
Using SCS instead.
ECOS solver failed:  The solver ECOS is not installed. 
Using SCS instead.
ECOS solver failed:  The solver ECOS is not installed. 
Using SCS instead.
ECOS solver failed:  The solver ECOS is not installed. 
Using SCS instead.
M-step Design Matrix Calculation time (sec): 0.1291
ECOS solver failed in IPCW_HAL_init, falling back to SCS: The solver ECOS is not installed.
WARNING - large complementary slackness residual: 0.013583
M-step CVXPY optimize time (sec): 1.8549
ECOS solver failed:  The solver ECOS is not installed. 
Using SCS instead.
ECOS solver failed:  The solver ECOS is not installed. 
Using SCS instead.
ECOS solver failed:  The solver ECOS is not installed. 
Using SCS instead.
ECOS solver failed:  The solver ECOS is not installed. 
Using SCS instead.
ECOS solver failed:  The solver ECOS is not installed. 
Using SCS instead.
ECOS solver failed:  The solver ECOS is not installed. 
Using SCS instead.
ECOS solver failed:  The solver ECOS is not installed. 
Using SCS instead.
ECOS solver failed:  The solver ECOS is not installed. 
Using SCS instead.
ECOS solver failed:  The solver ECOS is not installed. 
Using SCS instead.
ECOS solver failed:  The solver ECOS is not installed. 
Using SCS instead.
ECOS solver failed:  The solver ECOS is not installed. 
Using SCS instead.
ECOS solver failed:  The solver ECOS is not installed. 
Using SCS instead.
ECOS solver failed:  The solver ECOS is not installed. 
Using SCS instead.
ECOS solver failed:  The solver ECOS is not installed. 
Using SCS instead.
ECOS solver failed:  The solver ECOS is not installed. 
Using SCS instead.
ECOS solver failed:  The solver ECOS is not installed. 
Using SCS instead.
ECOS solver failed:  The solver ECOS is not installed. 
Using SCS instead.
ECOS solver failed:  The solver ECOS is not installed. 
Using SCS instead.
ECOS solver failed:  The solver ECOS is not installed. 
Using SCS instead.
ECOS solver failed:  The solver ECOS is not installed. 
Using SCS instead.
ECOS solver failed:  The solver ECOS is not installed. 
Using SCS instead.
M-step Design Matrix Calculation time (sec): 0.0224
ECOS solver failed in IPCW_HAL_init, falling back to SCS: The solver ECOS is not installed.
WARNING - large complementary slackness residual: 0.021230
M-step CVXPY optimize time (sec): 1.4486
ECOS solver failed:  The solver ECOS is not installed. 
Using SCS instead.
ECOS solver failed:  The solver ECOS is not installed. 
Using SCS instead.
ECOS solver failed:  The solver ECOS is not installed. 
Using SCS instead.
ECOS solver failed:  The solver ECOS is not installed. 
Using SCS instead.
ECOS solver failed:  The solver ECOS is not installed. 
Using SCS instead.
ECOS solver failed:  The solver ECOS is not installed. 
Using SCS instead.
ECOS solver failed:  The solver ECOS is not installed. 
Using SCS instead.
ECOS solver failed:  The solver ECOS is not installed. 
Using SCS instead.
ECOS solver failed:  The solver ECOS is not installed. 
Using SCS instead.
ECOS solver failed:  The solver ECOS is not installed. 
Using SCS instead.
ECOS solver failed:  The solver ECOS is not installed. 
Using SCS instead.
ECOS solver failed:  The solver ECOS is not installed. 
Using SCS instead.
ECOS solver failed:  The solver ECOS is not installed. 
Using SCS instead.
ECOS solver failed:  The solver ECOS is not installed. 
Using SCS instead.
ECOS solver failed:  The solver ECOS is not installed. 
Using SCS instead.
ECOS solver failed:  The solver ECOS is not installed. 
Using SCS instead.
ECOS solver failed:  The solver ECOS is not installed. 
Using SCS instead.
ECOS solver failed:  The solver ECOS is not installed. 
Using SCS instead.
ECOS solver failed:  The solver ECOS is not installed. 
Using SCS instead.
ECOS solver failed:  The solver ECOS is not installed. 
Using SCS instead.
ECOS solver failed:  The solver ECOS is not installed. 
Using SCS instead.
M-step Design Matrix Calculation time (sec): 0.0199
ECOS solver failed in IPCW_HAL_init, falling back to SCS: The solver ECOS is not installed.
WARNING - large complementary slackness residual: 0.011175
M-step CVXPY optimize time (sec): 0.7308
ECOS solver failed:  The solver ECOS is not installed. 
Using SCS instead.
ECOS solver failed:  The solver ECOS is not installed. 
Using SCS instead.
ECOS solver failed:  The solver ECOS is not installed. 
Using SCS instead.
ECOS solver failed:  The solver ECOS is not installed. 
Using SCS instead.
ECOS solver failed:  The solver ECOS is not installed. 
Using SCS instead.
ECOS solver failed:  The solver ECOS is not installed. 
Using SCS instead.
ECOS solver failed:  The solver ECOS is not installed. 
Using SCS instead.
ECOS solver failed:  The solver ECOS is not installed. 
Using SCS instead.
ECOS solver failed:  The solver ECOS is not installed. 
Using SCS instead.
ECOS solver failed:  The solver ECOS is not installed. 
Using SCS instead.
ECOS solver failed:  The solver ECOS is not installed. 
Using SCS instead.
ECOS solver failed:  The solver ECOS is not installed. 
Using SCS instead.
ECOS solver failed:  The solver ECOS is not installed. 
Using SCS instead.
ECOS solver failed:  The solver ECOS is not installed. 
Using SCS instead.
ECOS solver failed:  The solver ECOS is not installed. 
Using SCS instead.
ECOS solver failed:  The solver ECOS is not installed. 
Using SCS instead.
ECOS solver failed:  The solver ECOS is not installed. 
Using SCS instead.
ECOS solver failed:  The solver ECOS is not installed. 
Using SCS instead.
ECOS solver failed:  The solver ECOS is not installed. 
Using SCS instead.
ECOS solver failed:  The solver ECOS is not installed. 
Using SCS instead.
ECOS solver failed:  The solver ECOS is not installed. 
Using SCS instead.
M-step Design Matrix Calculation time (sec): 0.0195
ECOS solver failed in IPCW_HAL_init, falling back to SCS: The solver ECOS is not installed.
M-step CVXPY optimize time (sec): 0.8359
ECOS solver failed:  The solver ECOS is not installed. 
Using SCS instead.
ECOS solver failed:  The solver ECOS is not installed. 
Using SCS instead.
ECOS solver failed:  The solver ECOS is not installed. 
Using SCS instead.
ECOS solver failed:  The solver ECOS is not installed. 
Using SCS instead.
ECOS solver failed:  The solver ECOS is not installed. 
Using SCS instead.
ECOS solver failed:  The solver ECOS is not installed. 
Using SCS instead.
ECOS solver failed:  The solver ECOS is not installed. 
Using SCS instead.
ECOS solver failed:  The solver ECOS is not installed. 
Using SCS instead.
ECOS solver failed:  The solver ECOS is not installed. 
Using SCS instead.
ECOS solver failed:  The solver ECOS is not installed. 
Using SCS instead.
ECOS solver failed:  The solver ECOS is not installed. 
Using SCS instead.
ECOS solver failed:  The solver ECOS is not installed. 
Using SCS instead.
ECOS solver failed:  The solver ECOS is not installed. 
Using SCS instead.
ECOS solver failed:  The solver ECOS is not installed. 
Using SCS instead.
ECOS solver failed:  The solver ECOS is not installed. 
Using SCS instead.
ECOS solver failed:  The solver ECOS is not installed. 
Using SCS instead.
ECOS solver failed:  The solver ECOS is not installed. 
Using SCS instead.
ECOS solver failed:  The solver ECOS is not installed. 
Using SCS instead.
ECOS solver failed:  The solver ECOS is not installed. 
Using SCS instead.
ECOS solver failed:  The solver ECOS is not installed. 
Using SCS instead.
ECOS solver failed:  The solver ECOS is not installed. 
Using SCS instead.
M-step Design Matrix Calculation time (sec): 0.0197
ECOS solver failed in IPCW_HAL_init, falling back to SCS: The solver ECOS is not installed.
WARNING - large complementary slackness residual: 0.003989
M-step CVXPY optimize time (sec): 0.7000
ECOS solver failed:  The solver ECOS is not installed. 
Using SCS instead.
ECOS solver failed:  The solver ECOS is not installed. 
Using SCS instead.
ECOS solver failed:  The solver ECOS is not installed. 
Using SCS instead.
ECOS solver failed:  The solver ECOS is not installed. 
Using SCS instead.
ECOS solver failed:  The solver ECOS is not installed. 
Using SCS instead.
ECOS solver failed:  The solver ECOS is not installed. 
Using SCS instead.
ECOS solver failed:  The solver ECOS is not installed. 
Using SCS instead.
ECOS solver failed:  The solver ECOS is not installed. 
Using SCS instead.
ECOS solver failed:  The solver ECOS is not installed. 
Using SCS instead.
ECOS solver failed:  The solver ECOS is not installed. 
Using SCS instead.
ECOS solver failed:  The solver ECOS is not installed. 
Using SCS instead.
ECOS solver failed:  The solver ECOS is not installed. 
Using SCS instead.
ECOS solver failed:  The solver ECOS is not installed. 
Using SCS instead.
ECOS solver failed:  The solver ECOS is not installed. 
Using SCS instead.
ECOS solver failed:  The solver ECOS is not installed. 
Using SCS instead.
ECOS solver failed:  The solver ECOS is not installed. 
Using SCS instead.
ECOS solver failed:  The solver ECOS is not installed. 
Using SCS instead.
ECOS solver failed:  The solver ECOS is not installed. 
Using SCS instead.
ECOS solver failed:  The solver ECOS is not installed. 
Using SCS instead.
ECOS solver failed:  The solver ECOS is not installed. 
Using SCS instead.
ECOS solver failed:  The solver ECOS is not installed. 
Using SCS instead.
M-step Design Matrix Calculation time (sec): 0.0184
ECOS solver failed in IPCW_HAL_init, falling back to SCS: The solver ECOS is not installed.
WARNING - large complementary slackness residual: 0.016559
M-step CVXPY optimize time (sec): 1.2536
ECOS solver failed:  The solver ECOS is not installed. 
Using SCS instead.
ECOS solver failed:  The solver ECOS is not installed. 
Using SCS instead.
ECOS solver failed:  The solver ECOS is not installed. 
Using SCS instead.
ECOS solver failed:  The solver ECOS is not installed. 
Using SCS instead.
ECOS solver failed:  The solver ECOS is not installed. 
Using SCS instead.
ECOS solver failed:  The solver ECOS is not installed. 
Using SCS instead.
ECOS solver failed:  The solver ECOS is not installed. 
Using SCS instead.
ECOS solver failed:  The solver ECOS is not installed. 
Using SCS instead.
ECOS solver failed:  The solver ECOS is not installed. 
Using SCS instead.
ECOS solver failed:  The solver ECOS is not installed. 
Using SCS instead.
ECOS solver failed:  The solver ECOS is not installed. 
Using SCS instead.
ECOS solver failed:  The solver ECOS is not installed. 
Using SCS instead.
ECOS solver failed:  The solver ECOS is not installed. 
Using SCS instead.
ECOS solver failed:  The solver ECOS is not installed. 
Using SCS instead.
ECOS solver failed:  The solver ECOS is not installed. 
Using SCS instead.
ECOS solver failed:  The solver ECOS is not installed. 
Using SCS instead.
ECOS solver failed:  The solver ECOS is not installed. 
Using SCS instead.
ECOS solver failed:  The solver ECOS is not installed. 
Using SCS instead.
ECOS solver failed:  The solver ECOS is not installed. 
Using SCS instead.
ECOS solver failed:  The solver ECOS is not installed. 
Using SCS instead.
ECOS solver failed:  The solver ECOS is not installed. 
Using SCS instead.
M-step Design Matrix Calculation time (sec): 0.0172
ECOS solver failed in IPCW_HAL_init, falling back to SCS: The solver ECOS is not installed.
M-step CVXPY optimize time (sec): 0.4139
ECOS solver failed:  The solver ECOS is not installed. 
Using SCS instead.
ECOS solver failed:  The solver ECOS is not installed. 
Using SCS instead.
ECOS solver failed:  The solver ECOS is not installed. 
Using SCS instead.
ECOS solver failed:  The solver ECOS is not installed. 
Using SCS instead.
ECOS solver failed:  The solver ECOS is not installed. 
Using SCS instead.
ECOS solver failed:  The solver ECOS is not installed. 
Using SCS instead.
ECOS solver failed:  The solver ECOS is not installed. 
Using SCS instead.
ECOS solver failed:  The solver ECOS is not installed. 
Using SCS instead.
ECOS solver failed:  The solver ECOS is not installed. 
Using SCS instead.
ECOS solver failed:  The solver ECOS is not installed. 
Using SCS instead.
ECOS solver failed:  The solver ECOS is not installed. 
Using SCS instead.
ECOS solver failed:  The solver ECOS is not installed. 
Using SCS instead.
ECOS solver failed:  The solver ECOS is not installed. 
Using SCS instead.
ECOS solver failed:  The solver ECOS is not installed. 
Using SCS instead.
ECOS solver failed:  The solver ECOS is not installed. 
Using SCS instead.
ECOS solver failed:  The solver ECOS is not installed. 
Using SCS instead.
ECOS solver failed:  The solver ECOS is not installed. 
Using SCS instead.
ECOS solver failed:  The solver ECOS is not installed. 
Using SCS instead.
ECOS solver failed:  The solver ECOS is not installed. 
Using SCS instead.
ECOS solver failed:  The solver ECOS is not installed. 
Using SCS instead.
ECOS solver failed:  The solver ECOS is not installed. 
Using SCS instead.
M-step Design Matrix Calculation time (sec): 0.0479
ECOS solver failed in IPCW_HAL_init, falling back to SCS: The solver ECOS is not installed.
WARNING - large complementary slackness residual: 0.013589
M-step CVXPY optimize time (sec): 2.0757
ECOS solver failed:  The solver ECOS is not installed. 
Using SCS instead.
ECOS solver failed:  The solver ECOS is not installed. 
Using SCS instead.
ECOS solver failed:  The solver ECOS is not installed. 
Using SCS instead.
ECOS solver failed:  The solver ECOS is not installed. 
Using SCS instead.
ECOS solver failed:  The solver ECOS is not installed. 
Using SCS instead.
ECOS solver failed:  The solver ECOS is not installed. 
Using SCS instead.
ECOS solver failed:  The solver ECOS is not installed. 
Using SCS instead.
ECOS solver failed:  The solver ECOS is not installed. 
Using SCS instead.
ECOS solver failed:  The solver ECOS is not installed. 
Using SCS instead.
ECOS solver failed:  The solver ECOS is not installed. 
Using SCS instead.
ECOS solver failed:  The solver ECOS is not installed. 
Using SCS instead.
ECOS solver failed:  The solver ECOS is not installed. 
Using SCS instead.
ECOS solver failed:  The solver ECOS is not installed. 
Using SCS instead.
ECOS solver failed:  The solver ECOS is not installed. 
Using SCS instead.
ECOS solver failed:  The solver ECOS is not installed. 
Using SCS instead.
ECOS solver failed:  The solver ECOS is not installed. 
Using SCS instead.
ECOS solver failed:  The solver ECOS is not installed. 
Using SCS instead.
ECOS solver failed:  The solver ECOS is not installed. 
Using SCS instead.
ECOS solver failed:  The solver ECOS is not installed. 
Using SCS instead.
ECOS solver failed:  The solver ECOS is not installed. 
Using SCS instead.
ECOS solver failed:  The solver ECOS is not installed. 
Using SCS instead.
M-step Design Matrix Calculation time (sec): 0.0182
ECOS solver failed in IPCW_HAL_init, falling back to SCS: The solver ECOS is not installed.
WARNING - large complementary slackness residual: 0.016700
M-step CVXPY optimize time (sec): 0.7046
ECOS solver failed:  The solver ECOS is not installed. 
Using SCS instead.
ECOS solver failed:  The solver ECOS is not installed. 
Using SCS instead.
ECOS solver failed:  The solver ECOS is not installed. 
Using SCS instead.
ECOS solver failed:  The solver ECOS is not installed. 
Using SCS instead.
ECOS solver failed:  The solver ECOS is not installed. 
Using SCS instead.
ECOS solver failed:  The solver ECOS is not installed. 
Using SCS instead.
ECOS solver failed:  The solver ECOS is not installed. 
Using SCS instead.
ECOS solver failed:  The solver ECOS is not installed. 
Using SCS instead.
ECOS solver failed:  The solver ECOS is not installed. 
Using SCS instead.
ECOS solver failed:  The solver ECOS is not installed. 
Using SCS instead.
ECOS solver failed:  The solver ECOS is not installed. 
Using SCS instead.
ECOS solver failed:  The solver ECOS is not installed. 
Using SCS instead.
ECOS solver failed:  The solver ECOS is not installed. 
Using SCS instead.
ECOS solver failed:  The solver ECOS is not installed. 
Using SCS instead.
ECOS solver failed:  The solver ECOS is not installed. 
Using SCS instead.
ECOS solver failed:  The solver ECOS is not installed. 
Using SCS instead.
ECOS solver failed:  The solver ECOS is not installed. 
Using SCS instead.
ECOS solver failed:  The solver ECOS is not installed. 
Using SCS instead.
ECOS solver failed:  The solver ECOS is not installed. 
Using SCS instead.
ECOS solver failed:  The solver ECOS is not installed. 
Using SCS instead.
ECOS solver failed:  The solver ECOS is not installed. 
Using SCS instead.
M-step Design Matrix Calculation time (sec): 0.0166
ECOS solver failed in IPCW_HAL_init, falling back to SCS: The solver ECOS is not installed.
WARNING - large complementary slackness residual: 0.026032
M-step CVXPY optimize time (sec): 0.9910
ECOS solver failed:  The solver ECOS is not installed. 
Using SCS instead.
ECOS solver failed:  The solver ECOS is not installed. 
Using SCS instead.
ECOS solver failed:  The solver ECOS is not installed. 
Using SCS instead.
ECOS solver failed:  The solver ECOS is not installed. 
Using SCS instead.
ECOS solver failed:  The solver ECOS is not installed. 
Using SCS instead.
ECOS solver failed:  The solver ECOS is not installed. 
Using SCS instead.
ECOS solver failed:  The solver ECOS is not installed. 
Using SCS instead.
ECOS solver failed:  The solver ECOS is not installed. 
Using SCS instead.
ECOS solver failed:  The solver ECOS is not installed. 
Using SCS instead.
ECOS solver failed:  The solver ECOS is not installed. 
Using SCS instead.
ECOS solver failed:  The solver ECOS is not installed. 
Using SCS instead.
ECOS solver failed:  The solver ECOS is not installed. 
Using SCS instead.
ECOS solver failed:  The solver ECOS is not installed. 
Using SCS instead.
ECOS solver failed:  The solver ECOS is not installed. 
Using SCS instead.
ECOS solver failed:  The solver ECOS is not installed. 
Using SCS instead.
ECOS solver failed:  The solver ECOS is not installed. 
Using SCS instead.
ECOS solver failed:  The solver ECOS is not installed. 
Using SCS instead.
ECOS solver failed:  The solver ECOS is not installed. 
Using SCS instead.
ECOS solver failed:  The solver ECOS is not installed. 
Using SCS instead.
ECOS solver failed:  The solver ECOS is not installed. 
Using SCS instead.
ECOS solver failed:  The solver ECOS is not installed. 
Using SCS instead.
M-step Design Matrix Calculation time (sec): 0.0172
ECOS solver failed in IPCW_HAL_init, falling back to SCS: The solver ECOS is not installed.
WARNING - large complementary slackness residual: 0.013970
M-step CVXPY optimize time (sec): 0.5944
ECOS solver failed:  The solver ECOS is not installed. 
Using SCS instead.
ECOS solver failed:  The solver ECOS is not installed. 
Using SCS instead.
ECOS solver failed:  The solver ECOS is not installed. 
Using SCS instead.
ECOS solver failed:  The solver ECOS is not installed. 
Using SCS instead.
ECOS solver failed:  The solver ECOS is not installed. 
Using SCS instead.
ECOS solver failed:  The solver ECOS is not installed. 
Using SCS instead.
ECOS solver failed:  The solver ECOS is not installed. 
Using SCS instead.
ECOS solver failed:  The solver ECOS is not installed. 
Using SCS instead.
ECOS solver failed:  The solver ECOS is not installed. 
Using SCS instead.
ECOS solver failed:  The solver ECOS is not installed. 
Using SCS instead.
ECOS solver failed:  The solver ECOS is not installed. 
Using SCS instead.
ECOS solver failed:  The solver ECOS is not installed. 
Using SCS instead.
ECOS solver failed:  The solver ECOS is not installed. 
Using SCS instead.
ECOS solver failed:  The solver ECOS is not installed. 
Using SCS instead.
ECOS solver failed:  The solver ECOS is not installed. 
Using SCS instead.
ECOS solver failed:  The solver ECOS is not installed. 
Using SCS instead.
ECOS solver failed:  The solver ECOS is not installed. 
Using SCS instead.
ECOS solver failed:  The solver ECOS is not installed. 
Using SCS instead.
ECOS solver failed:  The solver ECOS is not installed. 
Using SCS instead.
ECOS solver failed:  The solver ECOS is not installed. 
Using SCS instead.
ECOS solver failed:  The solver ECOS is not installed. 
Using SCS instead.
M-step Design Matrix Calculation time (sec): 0.0176
ECOS solver failed in IPCW_HAL_init, falling back to SCS: The solver ECOS is not installed.
WARNING - large complementary slackness residual: 0.033371
M-step CVXPY optimize time (sec): 0.3426
ECOS solver failed:  The solver ECOS is not installed. 
Using SCS instead.
ECOS solver failed:  The solver ECOS is not installed. 
Using SCS instead.
ECOS solver failed:  The solver ECOS is not installed. 
Using SCS instead.
ECOS solver failed:  The solver ECOS is not installed. 
Using SCS instead.
ECOS solver failed:  The solver ECOS is not installed. 
Using SCS instead.
ECOS solver failed:  The solver ECOS is not installed. 
Using SCS instead.
ECOS solver failed:  The solver ECOS is not installed. 
Using SCS instead.
ECOS solver failed:  The solver ECOS is not installed. 
Using SCS instead.
ECOS solver failed:  The solver ECOS is not installed. 
Using SCS instead.
ECOS solver failed:  The solver ECOS is not installed. 
Using SCS instead.
ECOS solver failed:  The solver ECOS is not installed. 
Using SCS instead.
ECOS solver failed:  The solver ECOS is not installed. 
Using SCS instead.
ECOS solver failed:  The solver ECOS is not installed. 
Using SCS instead.
ECOS solver failed:  The solver ECOS is not installed. 
Using SCS instead.
ECOS solver failed:  The solver ECOS is not installed. 
Using SCS instead.
ECOS solver failed:  The solver ECOS is not installed. 
Using SCS instead.
ECOS solver failed:  The solver ECOS is not installed. 
Using SCS instead.
ECOS solver failed:  The solver ECOS is not installed. 
Using SCS instead.
ECOS solver failed:  The solver ECOS is not installed. 
Using SCS instead.
ECOS solver failed:  The solver ECOS is not installed. 
Using SCS instead.
ECOS solver failed:  The solver ECOS is not installed. 
Using SCS instead.
M-step Design Matrix Calculation time (sec): 0.0175
ECOS solver failed in IPCW_HAL_init, falling back to SCS: The solver ECOS is not installed.
WARNING - large complementary slackness residual: 0.006550
M-step CVXPY optimize time (sec): 0.6909
ECOS solver failed:  The solver ECOS is not installed. 
Using SCS instead.
ECOS solver failed:  The solver ECOS is not installed. 
Using SCS instead.
ECOS solver failed:  The solver ECOS is not installed. 
Using SCS instead.
ECOS solver failed:  The solver ECOS is not installed. 
Using SCS instead.
ECOS solver failed:  The solver ECOS is not installed. 
Using SCS instead.
ECOS solver failed:  The solver ECOS is not installed. 
Using SCS instead.
ECOS solver failed:  The solver ECOS is not installed. 
Using SCS instead.
ECOS solver failed:  The solver ECOS is not installed. 
Using SCS instead.
ECOS solver failed:  The solver ECOS is not installed. 
Using SCS instead.
ECOS solver failed:  The solver ECOS is not installed. 
Using SCS instead.
ECOS solver failed:  The solver ECOS is not installed. 
Using SCS instead.
ECOS solver failed:  The solver ECOS is not installed. 
Using SCS instead.
ECOS solver failed:  The solver ECOS is not installed. 
Using SCS instead.
ECOS solver failed:  The solver ECOS is not installed. 
Using SCS instead.
ECOS solver failed:  The solver ECOS is not installed. 
Using SCS instead.
ECOS solver failed:  The solver ECOS is not installed. 
Using SCS instead.
ECOS solver failed:  The solver ECOS is not installed. 
Using SCS instead.
ECOS solver failed:  The solver ECOS is not installed. 
Using SCS instead.
ECOS solver failed:  The solver ECOS is not installed. 
Using SCS instead.
ECOS solver failed:  The solver ECOS is not installed. 
Using SCS instead.
ECOS solver failed:  The solver ECOS is not installed. 
Using SCS instead.
M-step Design Matrix Calculation time (sec): 0.0377
ECOS solver failed in IPCW_HAL_init, falling back to SCS: The solver ECOS is not installed.
WARNING - large complementary slackness residual: 0.020615
M-step CVXPY optimize time (sec): 1.6895
ECOS solver failed:  The solver ECOS is not installed. 
Using SCS instead.
ECOS solver failed:  The solver ECOS is not installed. 
Using SCS instead.
ECOS solver failed:  The solver ECOS is not installed. 
Using SCS instead.
ECOS solver failed:  The solver ECOS is not installed. 
Using SCS instead.
ECOS solver failed:  The solver ECOS is not installed. 
Using SCS instead.
ECOS solver failed:  The solver ECOS is not installed. 
Using SCS instead.
ECOS solver failed:  The solver ECOS is not installed. 
Using SCS instead.
ECOS solver failed:  The solver ECOS is not installed. 
Using SCS instead.
ECOS solver failed:  The solver ECOS is not installed. 
Using SCS instead.
ECOS solver failed:  The solver ECOS is not installed. 
Using SCS instead.
ECOS solver failed:  The solver ECOS is not installed. 
Using SCS instead.
ECOS solver failed:  The solver ECOS is not installed. 
Using SCS instead.
ECOS solver failed:  The solver ECOS is not installed. 
Using SCS instead.
ECOS solver failed:  The solver ECOS is not installed. 
Using SCS instead.
ECOS solver failed:  The solver ECOS is not installed. 
Using SCS instead.
ECOS solver failed:  The solver ECOS is not installed. 
Using SCS instead.
ECOS solver failed:  The solver ECOS is not installed. 
Using SCS instead.
ECOS solver failed:  The solver ECOS is not installed. 
Using SCS instead.
ECOS solver failed:  The solver ECOS is not installed. 
Using SCS instead.
ECOS solver failed:  The solver ECOS is not installed. 
Using SCS instead.
ECOS solver failed:  The solver ECOS is not installed. 
Using SCS instead.
M-step Design Matrix Calculation time (sec): 0.0195
ECOS solver failed in IPCW_HAL_init, falling back to SCS: The solver ECOS is not installed.
WARNING - large complementary slackness residual: 0.004879
M-step CVXPY optimize time (sec): 1.5007
ECOS solver failed:  The solver ECOS is not installed. 
Using SCS instead.
ECOS solver failed:  The solver ECOS is not installed. 
Using SCS instead.
ECOS solver failed:  The solver ECOS is not installed. 
Using SCS instead.
ECOS solver failed:  The solver ECOS is not installed. 
Using SCS instead.
ECOS solver failed:  The solver ECOS is not installed. 
Using SCS instead.
ECOS solver failed:  The solver ECOS is not installed. 
Using SCS instead.
ECOS solver failed:  The solver ECOS is not installed. 
Using SCS instead.
ECOS solver failed:  The solver ECOS is not installed. 
Using SCS instead.
ECOS solver failed:  The solver ECOS is not installed. 
Using SCS instead.
ECOS solver failed:  The solver ECOS is not installed. 
Using SCS instead.
ECOS solver failed:  The solver ECOS is not installed. 
Using SCS instead.
ECOS solver failed:  The solver ECOS is not installed. 
Using SCS instead.
ECOS solver failed:  The solver ECOS is not installed. 
Using SCS instead.
ECOS solver failed:  The solver ECOS is not installed. 
Using SCS instead.
ECOS solver failed:  The solver ECOS is not installed. 
Using SCS instead.
ECOS solver failed:  The solver ECOS is not installed. 
Using SCS instead.
ECOS solver failed:  The solver ECOS is not installed. 
Using SCS instead.
ECOS solver failed:  The solver ECOS is not installed. 
Using SCS instead.
ECOS solver failed:  The solver ECOS is not installed. 
Using SCS instead.
ECOS solver failed:  The solver ECOS is not installed. 
Using SCS instead.
ECOS solver failed:  The solver ECOS is not installed. 
Using SCS instead.
M-step Design Matrix Calculation time (sec): 0.0730
ECOS solver failed in IPCW_HAL_init, falling back to SCS: The solver ECOS is not installed.
WARNING - large complementary slackness residual: 0.020265
M-step CVXPY optimize time (sec): 1.4579
ECOS solver failed:  The solver ECOS is not installed. 
Using SCS instead.
ECOS solver failed:  The solver ECOS is not installed. 
Using SCS instead.
ECOS solver failed:  The solver ECOS is not installed. 
Using SCS instead.
ECOS solver failed:  The solver ECOS is not installed. 
Using SCS instead.
ECOS solver failed:  The solver ECOS is not installed. 
Using SCS instead.
ECOS solver failed:  The solver ECOS is not installed. 
Using SCS instead.
ECOS solver failed:  The solver ECOS is not installed. 
Using SCS instead.
ECOS solver failed:  The solver ECOS is not installed. 
Using SCS instead.
ECOS solver failed:  The solver ECOS is not installed. 
Using SCS instead.
ECOS solver failed:  The solver ECOS is not installed. 
Using SCS instead.
ECOS solver failed:  The solver ECOS is not installed. 
Using SCS instead.
ECOS solver failed:  The solver ECOS is not installed. 
Using SCS instead.
ECOS solver failed:  The solver ECOS is not installed. 
Using SCS instead.
ECOS solver failed:  The solver ECOS is not installed. 
Using SCS instead.
ECOS solver failed:  The solver ECOS is not installed. 
Using SCS instead.
ECOS solver failed:  The solver ECOS is not installed. 
Using SCS instead.
ECOS solver failed:  The solver ECOS is not installed. 
Using SCS instead.
ECOS solver failed:  The solver ECOS is not installed. 
Using SCS instead.
ECOS solver failed:  The solver ECOS is not installed. 
Using SCS instead.
ECOS solver failed:  The solver ECOS is not installed. 
Using SCS instead.
ECOS solver failed:  The solver ECOS is not installed. 
Using SCS instead.
M-step Design Matrix Calculation time (sec): 0.0330
ECOS solver failed in IPCW_HAL_init, falling back to SCS: The solver ECOS is not installed.
M-step CVXPY optimize time (sec): 0.7402
ECOS solver failed:  The solver ECOS is not installed. 
Using SCS instead.
ECOS solver failed:  The solver ECOS is not installed. 
Using SCS instead.
ECOS solver failed:  The solver ECOS is not installed. 
Using SCS instead.
ECOS solver failed:  The solver ECOS is not installed. 
Using SCS instead.
ECOS solver failed:  The solver ECOS is not installed. 
Using SCS instead.
ECOS solver failed:  The solver ECOS is not installed. 
Using SCS instead.
ECOS solver failed:  The solver ECOS is not installed. 
Using SCS instead.
ECOS solver failed:  The solver ECOS is not installed. 
Using SCS instead.
ECOS solver failed:  The solver ECOS is not installed. 
Using SCS instead.
ECOS solver failed:  The solver ECOS is not installed. 
Using SCS instead.
ECOS solver failed:  The solver ECOS is not installed. 
Using SCS instead.
ECOS solver failed:  The solver ECOS is not installed. 
Using SCS instead.
ECOS solver failed:  The solver ECOS is not installed. 
Using SCS instead.
ECOS solver failed:  The solver ECOS is not installed. 
Using SCS instead.
ECOS solver failed:  The solver ECOS is not installed. 
Using SCS instead.
ECOS solver failed:  The solver ECOS is not installed. 
Using SCS instead.
ECOS solver failed:  The solver ECOS is not installed. 
Using SCS instead.
ECOS solver failed:  The solver ECOS is not installed. 
Using SCS instead.
ECOS solver failed:  The solver ECOS is not installed. 
Using SCS instead.
ECOS solver failed:  The solver ECOS is not installed. 
Using SCS instead.
ECOS solver failed:  The solver ECOS is not installed. 
Using SCS instead.
M-step Design Matrix Calculation time (sec): 0.0170
ECOS solver failed in IPCW_HAL_init, falling back to SCS: The solver ECOS is not installed.
M-step CVXPY optimize time (sec): 0.8074
ECOS solver failed:  The solver ECOS is not installed. 
Using SCS instead.
ECOS solver failed:  The solver ECOS is not installed. 
Using SCS instead.
ECOS solver failed:  The solver ECOS is not installed. 
Using SCS instead.
ECOS solver failed:  The solver ECOS is not installed. 
Using SCS instead.
ECOS solver failed:  The solver ECOS is not installed. 
Using SCS instead.
ECOS solver failed:  The solver ECOS is not installed. 
Using SCS instead.
ECOS solver failed:  The solver ECOS is not installed. 
Using SCS instead.
ECOS solver failed:  The solver ECOS is not installed. 
Using SCS instead.
ECOS solver failed:  The solver ECOS is not installed. 
Using SCS instead.
ECOS solver failed:  The solver ECOS is not installed. 
Using SCS instead.
ECOS solver failed:  The solver ECOS is not installed. 
Using SCS instead.
ECOS solver failed:  The solver ECOS is not installed. 
Using SCS instead.
ECOS solver failed:  The solver ECOS is not installed. 
Using SCS instead.
ECOS solver failed:  The solver ECOS is not installed. 
Using SCS instead.
ECOS solver failed:  The solver ECOS is not installed. 
Using SCS instead.
ECOS solver failed:  The solver ECOS is not installed. 
Using SCS instead.
ECOS solver failed:  The solver ECOS is not installed. 
Using SCS instead.
ECOS solver failed:  The solver ECOS is not installed. 
Using SCS instead.
ECOS solver failed:  The solver ECOS is not installed. 
Using SCS instead.
ECOS solver failed:  The solver ECOS is not installed. 
Using SCS instead.
ECOS solver failed:  The solver ECOS is not installed. 
Using SCS instead.
M-step Design Matrix Calculation time (sec): 0.0187
ECOS solver failed in IPCW_HAL_init, falling back to SCS: The solver ECOS is not installed.
M-step CVXPY optimize time (sec): 1.0709
ECOS solver failed:  The solver ECOS is not installed. 
Using SCS instead.
ECOS solver failed:  The solver ECOS is not installed. 
Using SCS instead.
ECOS solver failed:  The solver ECOS is not installed. 
Using SCS instead.
ECOS solver failed:  The solver ECOS is not installed. 
Using SCS instead.
ECOS solver failed:  The solver ECOS is not installed. 
Using SCS instead.
ECOS solver failed:  The solver ECOS is not installed. 
Using SCS instead.
ECOS solver failed:  The solver ECOS is not installed. 
Using SCS instead.
ECOS solver failed:  The solver ECOS is not installed. 
Using SCS instead.
ECOS solver failed:  The solver ECOS is not installed. 
Using SCS instead.
ECOS solver failed:  The solver ECOS is not installed. 
Using SCS instead.
ECOS solver failed:  The solver ECOS is not installed. 
Using SCS instead.
ECOS solver failed:  The solver ECOS is not installed. 
Using SCS instead.
ECOS solver failed:  The solver ECOS is not installed. 
Using SCS instead.
ECOS solver failed:  The solver ECOS is not installed. 
Using SCS instead.
ECOS solver failed:  The solver ECOS is not installed. 
Using SCS instead.
ECOS solver failed:  The solver ECOS is not installed. 
Using SCS instead.
ECOS solver failed:  The solver ECOS is not installed. 
Using SCS instead.
ECOS solver failed:  The solver ECOS is not installed. 
Using SCS instead.
ECOS solver failed:  The solver ECOS is not installed. 
Using SCS instead.
ECOS solver failed:  The solver ECOS is not installed. 
Using SCS instead.
ECOS solver failed:  The solver ECOS is not installed. 
Using SCS instead.
M-step Design Matrix Calculation time (sec): 0.0968
ECOS solver failed in IPCW_HAL_init, falling back to SCS: The solver ECOS is not installed.
M-step CVXPY optimize time (sec): 0.4268
ECOS solver failed:  The solver ECOS is not installed. 
Using SCS instead.
ECOS solver failed:  The solver ECOS is not installed. 
Using SCS instead.
ECOS solver failed:  The solver ECOS is not installed. 
Using SCS instead.
ECOS solver failed:  The solver ECOS is not installed. 
Using SCS instead.
ECOS solver failed:  The solver ECOS is not installed. 
Using SCS instead.
ECOS solver failed:  The solver ECOS is not installed. 
Using SCS instead.
ECOS solver failed:  The solver ECOS is not installed. 
Using SCS instead.
ECOS solver failed:  The solver ECOS is not installed. 
Using SCS instead.
ECOS solver failed:  The solver ECOS is not installed. 
Using SCS instead.
ECOS solver failed:  The solver ECOS is not installed. 
Using SCS instead.
ECOS solver failed:  The solver ECOS is not installed. 
Using SCS instead.
ECOS solver failed:  The solver ECOS is not installed. 
Using SCS instead.
ECOS solver failed:  The solver ECOS is not installed. 
Using SCS instead.
ECOS solver failed:  The solver ECOS is not installed. 
Using SCS instead.
ECOS solver failed:  The solver ECOS is not installed. 
Using SCS instead.
ECOS solver failed:  The solver ECOS is not installed. 
Using SCS instead.
ECOS solver failed:  The solver ECOS is not installed. 
Using SCS instead.
ECOS solver failed:  The solver ECOS is not installed. 
Using SCS instead.
ECOS solver failed:  The solver ECOS is not installed. 
Using SCS instead.
ECOS solver failed:  The solver ECOS is not installed. 
Using SCS instead.
ECOS solver failed:  The solver ECOS is not installed. 
Using SCS instead.
M-step Design Matrix Calculation time (sec): 0.0812
ECOS solver failed in IPCW_HAL_init, falling back to SCS: The solver ECOS is not installed.
M-step CVXPY optimize time (sec): 1.3729
ECOS solver failed:  The solver ECOS is not installed. 
Using SCS instead.
ECOS solver failed:  The solver ECOS is not installed. 
Using SCS instead.
ECOS solver failed:  The solver ECOS is not installed. 
Using SCS instead.
ECOS solver failed:  The solver ECOS is not installed. 
Using SCS instead.
ECOS solver failed:  The solver ECOS is not installed. 
Using SCS instead.
ECOS solver failed:  The solver ECOS is not installed. 
Using SCS instead.
ECOS solver failed:  The solver ECOS is not installed. 
Using SCS instead.
ECOS solver failed:  The solver ECOS is not installed. 
Using SCS instead.
ECOS solver failed:  The solver ECOS is not installed. 
Using SCS instead.
ECOS solver failed:  The solver ECOS is not installed. 
Using SCS instead.
ECOS solver failed:  The solver ECOS is not installed. 
Using SCS instead.
ECOS solver failed:  The solver ECOS is not installed. 
Using SCS instead.
ECOS solver failed:  The solver ECOS is not installed. 
Using SCS instead.
ECOS solver failed:  The solver ECOS is not installed. 
Using SCS instead.
ECOS solver failed:  The solver ECOS is not installed. 
Using SCS instead.
ECOS solver failed:  The solver ECOS is not installed. 
Using SCS instead.
ECOS solver failed:  The solver ECOS is not installed. 
Using SCS instead.
ECOS solver failed:  The solver ECOS is not installed. 
Using SCS instead.
ECOS solver failed:  The solver ECOS is not installed. 
Using SCS instead.
ECOS solver failed:  The solver ECOS is not installed. 
Using SCS instead.
ECOS solver failed:  The solver ECOS is not installed. 
Using SCS instead.
M-step Design Matrix Calculation time (sec): 0.0312
ECOS solver failed in IPCW_HAL_init, falling back to SCS: The solver ECOS is not installed.
WARNING - large complementary slackness residual: 0.004848
M-step CVXPY optimize time (sec): 1.6002
ECOS solver failed:  The solver ECOS is not installed. 
Using SCS instead.
ECOS solver failed:  The solver ECOS is not installed. 
Using SCS instead.
ECOS solver failed:  The solver ECOS is not installed. 
Using SCS instead.
ECOS solver failed:  The solver ECOS is not installed. 
Using SCS instead.
ECOS solver failed:  The solver ECOS is not installed. 
Using SCS instead.
ECOS solver failed:  The solver ECOS is not installed. 
Using SCS instead.
ECOS solver failed:  The solver ECOS is not installed. 
Using SCS instead.
ECOS solver failed:  The solver ECOS is not installed. 
Using SCS instead.
ECOS solver failed:  The solver ECOS is not installed. 
Using SCS instead.
ECOS solver failed:  The solver ECOS is not installed. 
Using SCS instead.
ECOS solver failed:  The solver ECOS is not installed. 
Using SCS instead.
ECOS solver failed:  The solver ECOS is not installed. 
Using SCS instead.
ECOS solver failed:  The solver ECOS is not installed. 
Using SCS instead.
ECOS solver failed:  The solver ECOS is not installed. 
Using SCS instead.
ECOS solver failed:  The solver ECOS is not installed. 
Using SCS instead.
ECOS solver failed:  The solver ECOS is not installed. 
Using SCS instead.
ECOS solver failed:  The solver ECOS is not installed. 
Using SCS instead.
ECOS solver failed:  The solver ECOS is not installed. 
Using SCS instead.
ECOS solver failed:  The solver ECOS is not installed. 
Using SCS instead.
ECOS solver failed:  The solver ECOS is not installed. 
Using SCS instead.
ECOS solver failed:  The solver ECOS is not installed. 
Using SCS instead.
M-step Design Matrix Calculation time (sec): 0.0240
ECOS solver failed in IPCW_HAL_init, falling back to SCS: The solver ECOS is not installed.
M-step CVXPY optimize time (sec): 1.7830
ECOS solver failed:  The solver ECOS is not installed. 
Using SCS instead.
ECOS solver failed:  The solver ECOS is not installed. 
Using SCS instead.
ECOS solver failed:  The solver ECOS is not installed. 
Using SCS instead.
ECOS solver failed:  The solver ECOS is not installed. 
Using SCS instead.
ECOS solver failed:  The solver ECOS is not installed. 
Using SCS instead.
ECOS solver failed:  The solver ECOS is not installed. 
Using SCS instead.
ECOS solver failed:  The solver ECOS is not installed. 
Using SCS instead.
ECOS solver failed:  The solver ECOS is not installed. 
Using SCS instead.
ECOS solver failed:  The solver ECOS is not installed. 
Using SCS instead.
ECOS solver failed:  The solver ECOS is not installed. 
Using SCS instead.
ECOS solver failed:  The solver ECOS is not installed. 
Using SCS instead.
ECOS solver failed:  The solver ECOS is not installed. 
Using SCS instead.
ECOS solver failed:  The solver ECOS is not installed. 
Using SCS instead.
ECOS solver failed:  The solver ECOS is not installed. 
Using SCS instead.
ECOS solver failed:  The solver ECOS is not installed. 
Using SCS instead.
ECOS solver failed:  The solver ECOS is not installed. 
Using SCS instead.
ECOS solver failed:  The solver ECOS is not installed. 
Using SCS instead.
ECOS solver failed:  The solver ECOS is not installed. 
Using SCS instead.
ECOS solver failed:  The solver ECOS is not installed. 
Using SCS instead.
ECOS solver failed:  The solver ECOS is not installed. 
Using SCS instead.
ECOS solver failed:  The solver ECOS is not installed. 
Using SCS instead.
M-step Design Matrix Calculation time (sec): 0.0185
ECOS solver failed in IPCW_HAL_init, falling back to SCS: The solver ECOS is not installed.
WARNING - large complementary slackness residual: 0.033218
M-step CVXPY optimize time (sec): 1.0744
ECOS solver failed:  The solver ECOS is not installed. 
Using SCS instead.
ECOS solver failed:  The solver ECOS is not installed. 
Using SCS instead.
ECOS solver failed:  The solver ECOS is not installed. 
Using SCS instead.
ECOS solver failed:  The solver ECOS is not installed. 
Using SCS instead.
ECOS solver failed:  The solver ECOS is not installed. 
Using SCS instead.
ECOS solver failed:  The solver ECOS is not installed. 
Using SCS instead.
ECOS solver failed:  The solver ECOS is not installed. 
Using SCS instead.
ECOS solver failed:  The solver ECOS is not installed. 
Using SCS instead.
ECOS solver failed:  The solver ECOS is not installed. 
Using SCS instead.
ECOS solver failed:  The solver ECOS is not installed. 
Using SCS instead.
ECOS solver failed:  The solver ECOS is not installed. 
Using SCS instead.
ECOS solver failed:  The solver ECOS is not installed. 
Using SCS instead.
ECOS solver failed:  The solver ECOS is not installed. 
Using SCS instead.
ECOS solver failed:  The solver ECOS is not installed. 
Using SCS instead.
ECOS solver failed:  The solver ECOS is not installed. 
Using SCS instead.
ECOS solver failed:  The solver ECOS is not installed. 
Using SCS instead.
ECOS solver failed:  The solver ECOS is not installed. 
Using SCS instead.
ECOS solver failed:  The solver ECOS is not installed. 
Using SCS instead.
ECOS solver failed:  The solver ECOS is not installed. 
Using SCS instead.
ECOS solver failed:  The solver ECOS is not installed. 
Using SCS instead.
ECOS solver failed:  The solver ECOS is not installed. 
Using SCS instead.
M-step Design Matrix Calculation time (sec): 0.0217
ECOS solver failed in IPCW_HAL_init, falling back to SCS: The solver ECOS is not installed.
M-step CVXPY optimize time (sec): 0.9538
ECOS solver failed:  The solver ECOS is not installed. 
Using SCS instead.
ECOS solver failed:  The solver ECOS is not installed. 
Using SCS instead.
ECOS solver failed:  The solver ECOS is not installed. 
Using SCS instead.
ECOS solver failed:  The solver ECOS is not installed. 
Using SCS instead.
ECOS solver failed:  The solver ECOS is not installed. 
Using SCS instead.
ECOS solver failed:  The solver ECOS is not installed. 
Using SCS instead.
ECOS solver failed:  The solver ECOS is not installed. 
Using SCS instead.
ECOS solver failed:  The solver ECOS is not installed. 
Using SCS instead.
ECOS solver failed:  The solver ECOS is not installed. 
Using SCS instead.
ECOS solver failed:  The solver ECOS is not installed. 
Using SCS instead.
ECOS solver failed:  The solver ECOS is not installed. 
Using SCS instead.
ECOS solver failed:  The solver ECOS is not installed. 
Using SCS instead.
ECOS solver failed:  The solver ECOS is not installed. 
Using SCS instead.
ECOS solver failed:  The solver ECOS is not installed. 
Using SCS instead.
ECOS solver failed:  The solver ECOS is not installed. 
Using SCS instead.
ECOS solver failed:  The solver ECOS is not installed. 
Using SCS instead.
ECOS solver failed:  The solver ECOS is not installed. 
Using SCS instead.
ECOS solver failed:  The solver ECOS is not installed. 
Using SCS instead.
ECOS solver failed:  The solver ECOS is not installed. 
Using SCS instead.
ECOS solver failed:  The solver ECOS is not installed. 
Using SCS instead.
ECOS solver failed:  The solver ECOS is not installed. 
Using SCS instead.
M-step Design Matrix Calculation time (sec): 0.0185
ECOS solver failed in IPCW_HAL_init, falling back to SCS: The solver ECOS is not installed.
WARNING - large complementary slackness residual: 0.013682
M-step CVXPY optimize time (sec): 1.9758
ECOS solver failed:  The solver ECOS is not installed. 
Using SCS instead.
ECOS solver failed:  The solver ECOS is not installed. 
Using SCS instead.
ECOS solver failed:  The solver ECOS is not installed. 
Using SCS instead.
ECOS solver failed:  The solver ECOS is not installed. 
Using SCS instead.
ECOS solver failed:  The solver ECOS is not installed. 
Using SCS instead.
ECOS solver failed:  The solver ECOS is not installed. 
Using SCS instead.
ECOS solver failed:  The solver ECOS is not installed. 
Using SCS instead.
ECOS solver failed:  The solver ECOS is not installed. 
Using SCS instead.
ECOS solver failed:  The solver ECOS is not installed. 
Using SCS instead.
ECOS solver failed:  The solver ECOS is not installed. 
Using SCS instead.
ECOS solver failed:  The solver ECOS is not installed. 
Using SCS instead.
ECOS solver failed:  The solver ECOS is not installed. 
Using SCS instead.
ECOS solver failed:  The solver ECOS is not installed. 
Using SCS instead.
ECOS solver failed:  The solver ECOS is not installed. 
Using SCS instead.
ECOS solver failed:  The solver ECOS is not installed. 
Using SCS instead.
ECOS solver failed:  The solver ECOS is not installed. 
Using SCS instead.
ECOS solver failed:  The solver ECOS is not installed. 
Using SCS instead.
ECOS solver failed:  The solver ECOS is not installed. 
Using SCS instead.
ECOS solver failed:  The solver ECOS is not installed. 
Using SCS instead.
ECOS solver failed:  The solver ECOS is not installed. 
Using SCS instead.
ECOS solver failed:  The solver ECOS is not installed. 
Using SCS instead.
M-step Design Matrix Calculation time (sec): 0.0179
ECOS solver failed in IPCW_HAL_init, falling back to SCS: The solver ECOS is not installed.
WARNING - large complementary slackness residual: 0.006008
M-step CVXPY optimize time (sec): 1.6155
ECOS solver failed:  The solver ECOS is not installed. 
Using SCS instead.
ECOS solver failed:  The solver ECOS is not installed. 
Using SCS instead.
ECOS solver failed:  The solver ECOS is not installed. 
Using SCS instead.
ECOS solver failed:  The solver ECOS is not installed. 
Using SCS instead.
ECOS solver failed:  The solver ECOS is not installed. 
Using SCS instead.
ECOS solver failed:  The solver ECOS is not installed. 
Using SCS instead.
ECOS solver failed:  The solver ECOS is not installed. 
Using SCS instead.
ECOS solver failed:  The solver ECOS is not installed. 
Using SCS instead.
ECOS solver failed:  The solver ECOS is not installed. 
Using SCS instead.
ECOS solver failed:  The solver ECOS is not installed. 
Using SCS instead.
ECOS solver failed:  The solver ECOS is not installed. 
Using SCS instead.
ECOS solver failed:  The solver ECOS is not installed. 
Using SCS instead.
ECOS solver failed:  The solver ECOS is not installed. 
Using SCS instead.
ECOS solver failed:  The solver ECOS is not installed. 
Using SCS instead.
ECOS solver failed:  The solver ECOS is not installed. 
Using SCS instead.
ECOS solver failed:  The solver ECOS is not installed. 
Using SCS instead.
ECOS solver failed:  The solver ECOS is not installed. 
Using SCS instead.
ECOS solver failed:  The solver ECOS is not installed. 
Using SCS instead.
ECOS solver failed:  The solver ECOS is not installed. 
Using SCS instead.
ECOS solver failed:  The solver ECOS is not installed. 
Using SCS instead.
ECOS solver failed:  The solver ECOS is not installed. 
Using SCS instead.
M-step Design Matrix Calculation time (sec): 0.0274
ECOS solver failed in IPCW_HAL_init, falling back to SCS: The solver ECOS is not installed.
WARNING - large complementary slackness residual: 0.017732
M-step CVXPY optimize time (sec): 0.5782
ECOS solver failed:  The solver ECOS is not installed. 
Using SCS instead.
ECOS solver failed:  The solver ECOS is not installed. 
Using SCS instead.
ECOS solver failed:  The solver ECOS is not installed. 
Using SCS instead.
ECOS solver failed:  The solver ECOS is not installed. 
Using SCS instead.
ECOS solver failed:  The solver ECOS is not installed. 
Using SCS instead.
ECOS solver failed:  The solver ECOS is not installed. 
Using SCS instead.
ECOS solver failed:  The solver ECOS is not installed. 
Using SCS instead.
ECOS solver failed:  The solver ECOS is not installed. 
Using SCS instead.
ECOS solver failed:  The solver ECOS is not installed. 
Using SCS instead.
ECOS solver failed:  The solver ECOS is not installed. 
Using SCS instead.
ECOS solver failed:  The solver ECOS is not installed. 
Using SCS instead.
ECOS solver failed:  The solver ECOS is not installed. 
Using SCS instead.
ECOS solver failed:  The solver ECOS is not installed. 
Using SCS instead.
ECOS solver failed:  The solver ECOS is not installed. 
Using SCS instead.
ECOS solver failed:  The solver ECOS is not installed. 
Using SCS instead.
ECOS solver failed:  The solver ECOS is not installed. 
Using SCS instead.
ECOS solver failed:  The solver ECOS is not installed. 
Using SCS instead.
ECOS solver failed:  The solver ECOS is not installed. 
Using SCS instead.
ECOS solver failed:  The solver ECOS is not installed. 
Using SCS instead.
ECOS solver failed:  The solver ECOS is not installed. 
Using SCS instead.
ECOS solver failed:  The solver ECOS is not installed. 
Using SCS instead.
M-step Design Matrix Calculation time (sec): 0.0711
ECOS solver failed in IPCW_HAL_init, falling back to SCS: The solver ECOS is not installed.
WARNING - large complementary slackness residual: 0.008230
M-step CVXPY optimize time (sec): 1.8303
ECOS solver failed:  The solver ECOS is not installed. 
Using SCS instead.
ECOS solver failed:  The solver ECOS is not installed. 
Using SCS instead.
ECOS solver failed:  The solver ECOS is not installed. 
Using SCS instead.
ECOS solver failed:  The solver ECOS is not installed. 
Using SCS instead.
ECOS solver failed:  The solver ECOS is not installed. 
Using SCS instead.
ECOS solver failed:  The solver ECOS is not installed. 
Using SCS instead.
ECOS solver failed:  The solver ECOS is not installed. 
Using SCS instead.
ECOS solver failed:  The solver ECOS is not installed. 
Using SCS instead.
ECOS solver failed:  The solver ECOS is not installed. 
Using SCS instead.
ECOS solver failed:  The solver ECOS is not installed. 
Using SCS instead.
ECOS solver failed:  The solver ECOS is not installed. 
Using SCS instead.
ECOS solver failed:  The solver ECOS is not installed. 
Using SCS instead.
ECOS solver failed:  The solver ECOS is not installed. 
Using SCS instead.
ECOS solver failed:  The solver ECOS is not installed. 
Using SCS instead.
ECOS solver failed:  The solver ECOS is not installed. 
Using SCS instead.
ECOS solver failed:  The solver ECOS is not installed. 
Using SCS instead.
ECOS solver failed:  The solver ECOS is not installed. 
Using SCS instead.
ECOS solver failed:  The solver ECOS is not installed. 
Using SCS instead.
ECOS solver failed:  The solver ECOS is not installed. 
Using SCS instead.
ECOS solver failed:  The solver ECOS is not installed. 
Using SCS instead.
ECOS solver failed:  The solver ECOS is not installed. 
Using SCS instead.
M-step Design Matrix Calculation time (sec): 0.0315
ECOS solver failed in IPCW_HAL_init, falling back to SCS: The solver ECOS is not installed.
WARNING - large complementary slackness residual: 0.017214
M-step CVXPY optimize time (sec): 1.4834
ECOS solver failed:  The solver ECOS is not installed. 
Using SCS instead.
ECOS solver failed:  The solver ECOS is not installed. 
Using SCS instead.
ECOS solver failed:  The solver ECOS is not installed. 
Using SCS instead.
ECOS solver failed:  The solver ECOS is not installed. 
Using SCS instead.
ECOS solver failed:  The solver ECOS is not installed. 
Using SCS instead.
ECOS solver failed:  The solver ECOS is not installed. 
Using SCS instead.
ECOS solver failed:  The solver ECOS is not installed. 
Using SCS instead.
ECOS solver failed:  The solver ECOS is not installed. 
Using SCS instead.
ECOS solver failed:  The solver ECOS is not installed. 
Using SCS instead.
ECOS solver failed:  The solver ECOS is not installed. 
Using SCS instead.
ECOS solver failed:  The solver ECOS is not installed. 
Using SCS instead.
ECOS solver failed:  The solver ECOS is not installed. 
Using SCS instead.
ECOS solver failed:  The solver ECOS is not installed. 
Using SCS instead.
ECOS solver failed:  The solver ECOS is not installed. 
Using SCS instead.
ECOS solver failed:  The solver ECOS is not installed. 
Using SCS instead.
ECOS solver failed:  The solver ECOS is not installed. 
Using SCS instead.
ECOS solver failed:  The solver ECOS is not installed. 
Using SCS instead.
ECOS solver failed:  The solver ECOS is not installed. 
Using SCS instead.
ECOS solver failed:  The solver ECOS is not installed. 
Using SCS instead.
ECOS solver failed:  The solver ECOS is not installed. 
Using SCS instead.
ECOS solver failed:  The solver ECOS is not installed. 
Using SCS instead.
M-step Design Matrix Calculation time (sec): 0.0173
ECOS solver failed in IPCW_HAL_init, falling back to SCS: The solver ECOS is not installed.
WARNING - large complementary slackness residual: 0.023886
M-step CVXPY optimize time (sec): 0.7136
ECOS solver failed:  The solver ECOS is not installed. 
Using SCS instead.
ECOS solver failed:  The solver ECOS is not installed. 
Using SCS instead.
ECOS solver failed:  The solver ECOS is not installed. 
Using SCS instead.
ECOS solver failed:  The solver ECOS is not installed. 
Using SCS instead.
ECOS solver failed:  The solver ECOS is not installed. 
Using SCS instead.
ECOS solver failed:  The solver ECOS is not installed. 
Using SCS instead.
ECOS solver failed:  The solver ECOS is not installed. 
Using SCS instead.
ECOS solver failed:  The solver ECOS is not installed. 
Using SCS instead.
ECOS solver failed:  The solver ECOS is not installed. 
Using SCS instead.
ECOS solver failed:  The solver ECOS is not installed. 
Using SCS instead.
ECOS solver failed:  The solver ECOS is not installed. 
Using SCS instead.
ECOS solver failed:  The solver ECOS is not installed. 
Using SCS instead.
ECOS solver failed:  The solver ECOS is not installed. 
Using SCS instead.
ECOS solver failed:  The solver ECOS is not installed. 
Using SCS instead.
ECOS solver failed:  The solver ECOS is not installed. 
Using SCS instead.
ECOS solver failed:  The solver ECOS is not installed. 
Using SCS instead.
ECOS solver failed:  The solver ECOS is not installed. 
Using SCS instead.
ECOS solver failed:  The solver ECOS is not installed. 
Using SCS instead.
ECOS solver failed:  The solver ECOS is not installed. 
Using SCS instead.
ECOS solver failed:  The solver ECOS is not installed. 
Using SCS instead.
ECOS solver failed:  The solver ECOS is not installed. 
Using SCS instead.
M-step Design Matrix Calculation time (sec): 0.0220
ECOS solver failed in IPCW_HAL_init, falling back to SCS: The solver ECOS is not installed.
M-step CVXPY optimize time (sec): 0.9700
ECOS solver failed:  The solver ECOS is not installed. 
Using SCS instead.
ECOS solver failed:  The solver ECOS is not installed. 
Using SCS instead.
ECOS solver failed:  The solver ECOS is not installed. 
Using SCS instead.
ECOS solver failed:  The solver ECOS is not installed. 
Using SCS instead.
ECOS solver failed:  The solver ECOS is not installed. 
Using SCS instead.
ECOS solver failed:  The solver ECOS is not installed. 
Using SCS instead.
ECOS solver failed:  The solver ECOS is not installed. 
Using SCS instead.
ECOS solver failed:  The solver ECOS is not installed. 
Using SCS instead.
ECOS solver failed:  The solver ECOS is not installed. 
Using SCS instead.
ECOS solver failed:  The solver ECOS is not installed. 
Using SCS instead.
ECOS solver failed:  The solver ECOS is not installed. 
Using SCS instead.
ECOS solver failed:  The solver ECOS is not installed. 
Using SCS instead.
ECOS solver failed:  The solver ECOS is not installed. 
Using SCS instead.
ECOS solver failed:  The solver ECOS is not installed. 
Using SCS instead.
ECOS solver failed:  The solver ECOS is not installed. 
Using SCS instead.
ECOS solver failed:  The solver ECOS is not installed. 
Using SCS instead.
ECOS solver failed:  The solver ECOS is not installed. 
Using SCS instead.
ECOS solver failed:  The solver ECOS is not installed. 
Using SCS instead.
ECOS solver failed:  The solver ECOS is not installed. 
Using SCS instead.
ECOS solver failed:  The solver ECOS is not installed. 
Using SCS instead.
ECOS solver failed:  The solver ECOS is not installed. 
Using SCS instead.
M-step Design Matrix Calculation time (sec): 0.0782
ECOS solver failed in IPCW_HAL_init, falling back to SCS: The solver ECOS is not installed.
WARNING - large complementary slackness residual: 0.012746
M-step CVXPY optimize time (sec): 2.3125
ECOS solver failed:  The solver ECOS is not installed. 
Using SCS instead.
ECOS solver failed:  The solver ECOS is not installed. 
Using SCS instead.
ECOS solver failed:  The solver ECOS is not installed. 
Using SCS instead.
ECOS solver failed:  The solver ECOS is not installed. 
Using SCS instead.
ECOS solver failed:  The solver ECOS is not installed. 
Using SCS instead.
ECOS solver failed:  The solver ECOS is not installed. 
Using SCS instead.
ECOS solver failed:  The solver ECOS is not installed. 
Using SCS instead.
ECOS solver failed:  The solver ECOS is not installed. 
Using SCS instead.
ECOS solver failed:  The solver ECOS is not installed. 
Using SCS instead.
ECOS solver failed:  The solver ECOS is not installed. 
Using SCS instead.
ECOS solver failed:  The solver ECOS is not installed. 
Using SCS instead.
ECOS solver failed:  The solver ECOS is not installed. 
Using SCS instead.
ECOS solver failed:  The solver ECOS is not installed. 
Using SCS instead.
ECOS solver failed:  The solver ECOS is not installed. 
Using SCS instead.
ECOS solver failed:  The solver ECOS is not installed. 
Using SCS instead.
ECOS solver failed:  The solver ECOS is not installed. 
Using SCS instead.
ECOS solver failed:  The solver ECOS is not installed. 
Using SCS instead.
ECOS solver failed:  The solver ECOS is not installed. 
Using SCS instead.
ECOS solver failed:  The solver ECOS is not installed. 
Using SCS instead.
ECOS solver failed:  The solver ECOS is not installed. 
Using SCS instead.
ECOS solver failed:  The solver ECOS is not installed. 
Using SCS instead.
M-step Design Matrix Calculation time (sec): 0.0173
ECOS solver failed in IPCW_HAL_init, falling back to SCS: The solver ECOS is not installed.
WARNING - large complementary slackness residual: 0.029470
M-step CVXPY optimize time (sec): 1.6877
ECOS solver failed:  The solver ECOS is not installed. 
Using SCS instead.
ECOS solver failed:  The solver ECOS is not installed. 
Using SCS instead.
ECOS solver failed:  The solver ECOS is not installed. 
Using SCS instead.
ECOS solver failed:  The solver ECOS is not installed. 
Using SCS instead.
ECOS solver failed:  The solver ECOS is not installed. 
Using SCS instead.
ECOS solver failed:  The solver ECOS is not installed. 
Using SCS instead.
ECOS solver failed:  The solver ECOS is not installed. 
Using SCS instead.
ECOS solver failed:  The solver ECOS is not installed. 
Using SCS instead.
ECOS solver failed:  The solver ECOS is not installed. 
Using SCS instead.
ECOS solver failed:  The solver ECOS is not installed. 
Using SCS instead.
ECOS solver failed:  The solver ECOS is not installed. 
Using SCS instead.
ECOS solver failed:  The solver ECOS is not installed. 
Using SCS instead.
ECOS solver failed:  The solver ECOS is not installed. 
Using SCS instead.
ECOS solver failed:  The solver ECOS is not installed. 
Using SCS instead.
ECOS solver failed:  The solver ECOS is not installed. 
Using SCS instead.
ECOS solver failed:  The solver ECOS is not installed. 
Using SCS instead.
ECOS solver failed:  The solver ECOS is not installed. 
Using SCS instead.
ECOS solver failed:  The solver ECOS is not installed. 
Using SCS instead.
ECOS solver failed:  The solver ECOS is not installed. 
Using SCS instead.
ECOS solver failed:  The solver ECOS is not installed. 
Using SCS instead.
ECOS solver failed:  The solver ECOS is not installed. 
Using SCS instead.
M-step Design Matrix Calculation time (sec): 0.0172
ECOS solver failed in IPCW_HAL_init, falling back to SCS: The solver ECOS is not installed.
WARNING - large complementary slackness residual: 0.009858
M-step CVXPY optimize time (sec): 1.7191
ECOS solver failed:  The solver ECOS is not installed. 
Using SCS instead.
ECOS solver failed:  The solver ECOS is not installed. 
Using SCS instead.
ECOS solver failed:  The solver ECOS is not installed. 
Using SCS instead.
ECOS solver failed:  The solver ECOS is not installed. 
Using SCS instead.
ECOS solver failed:  The solver ECOS is not installed. 
Using SCS instead.
ECOS solver failed:  The solver ECOS is not installed. 
Using SCS instead.
ECOS solver failed:  The solver ECOS is not installed. 
Using SCS instead.
ECOS solver failed:  The solver ECOS is not installed. 
Using SCS instead.
ECOS solver failed:  The solver ECOS is not installed. 
Using SCS instead.
ECOS solver failed:  The solver ECOS is not installed. 
Using SCS instead.
ECOS solver failed:  The solver ECOS is not installed. 
Using SCS instead.
ECOS solver failed:  The solver ECOS is not installed. 
Using SCS instead.
ECOS solver failed:  The solver ECOS is not installed. 
Using SCS instead.
ECOS solver failed:  The solver ECOS is not installed. 
Using SCS instead.
ECOS solver failed:  The solver ECOS is not installed. 
Using SCS instead.
ECOS solver failed:  The solver ECOS is not installed. 
Using SCS instead.
ECOS solver failed:  The solver ECOS is not installed. 
Using SCS instead.
ECOS solver failed:  The solver ECOS is not installed. 
Using SCS instead.
ECOS solver failed:  The solver ECOS is not installed. 
Using SCS instead.
ECOS solver failed:  The solver ECOS is not installed. 
Using SCS instead.
ECOS solver failed:  The solver ECOS is not installed. 
Using SCS instead.
M-step Design Matrix Calculation time (sec): 0.0187
ECOS solver failed in IPCW_HAL_init, falling back to SCS: The solver ECOS is not installed.
WARNING - large complementary slackness residual: 0.029601
M-step CVXPY optimize time (sec): 2.1919
ECOS solver failed:  The solver ECOS is not installed. 
Using SCS instead.
ECOS solver failed:  The solver ECOS is not installed. 
Using SCS instead.
ECOS solver failed:  The solver ECOS is not installed. 
Using SCS instead.
ECOS solver failed:  The solver ECOS is not installed. 
Using SCS instead.
ECOS solver failed:  The solver ECOS is not installed. 
Using SCS instead.
ECOS solver failed:  The solver ECOS is not installed. 
Using SCS instead.
ECOS solver failed:  The solver ECOS is not installed. 
Using SCS instead.
ECOS solver failed:  The solver ECOS is not installed. 
Using SCS instead.
ECOS solver failed:  The solver ECOS is not installed. 
Using SCS instead.
ECOS solver failed:  The solver ECOS is not installed. 
Using SCS instead.
ECOS solver failed:  The solver ECOS is not installed. 
Using SCS instead.
ECOS solver failed:  The solver ECOS is not installed. 
Using SCS instead.
ECOS solver failed:  The solver ECOS is not installed. 
Using SCS instead.
ECOS solver failed:  The solver ECOS is not installed. 
Using SCS instead.
ECOS solver failed:  The solver ECOS is not installed. 
Using SCS instead.
ECOS solver failed:  The solver ECOS is not installed. 
Using SCS instead.
ECOS solver failed:  The solver ECOS is not installed. 
Using SCS instead.
ECOS solver failed:  The solver ECOS is not installed. 
Using SCS instead.
ECOS solver failed:  The solver ECOS is not installed. 
Using SCS instead.
ECOS solver failed:  The solver ECOS is not installed. 
Using SCS instead.
ECOS solver failed:  The solver ECOS is not installed. 
Using SCS instead.
M-step Design Matrix Calculation time (sec): 0.0323
ECOS solver failed in IPCW_HAL_init, falling back to SCS: The solver ECOS is not installed.
M-step CVXPY optimize time (sec): 2.1114
ECOS solver failed:  The solver ECOS is not installed. 
Using SCS instead.
ECOS solver failed:  The solver ECOS is not installed. 
Using SCS instead.
ECOS solver failed:  The solver ECOS is not installed. 
Using SCS instead.
ECOS solver failed:  The solver ECOS is not installed. 
Using SCS instead.
ECOS solver failed:  The solver ECOS is not installed. 
Using SCS instead.
ECOS solver failed:  The solver ECOS is not installed. 
Using SCS instead.
ECOS solver failed:  The solver ECOS is not installed. 
Using SCS instead.
ECOS solver failed:  The solver ECOS is not installed. 
Using SCS instead.
ECOS solver failed:  The solver ECOS is not installed. 
Using SCS instead.
ECOS solver failed:  The solver ECOS is not installed. 
Using SCS instead.
ECOS solver failed:  The solver ECOS is not installed. 
Using SCS instead.
ECOS solver failed:  The solver ECOS is not installed. 
Using SCS instead.
ECOS solver failed:  The solver ECOS is not installed. 
Using SCS instead.
ECOS solver failed:  The solver ECOS is not installed. 
Using SCS instead.
ECOS solver failed:  The solver ECOS is not installed. 
Using SCS instead.
ECOS solver failed:  The solver ECOS is not installed. 
Using SCS instead.
ECOS solver failed:  The solver ECOS is not installed. 
Using SCS instead.
ECOS solver failed:  The solver ECOS is not installed. 
Using SCS instead.
ECOS solver failed:  The solver ECOS is not installed. 
Using SCS instead.
ECOS solver failed:  The solver ECOS is not installed. 
Using SCS instead.
ECOS solver failed:  The solver ECOS is not installed. 
Using SCS instead.
M-step Design Matrix Calculation time (sec): 0.0195
ECOS solver failed in IPCW_HAL_init, falling back to SCS: The solver ECOS is not installed.
M-step CVXPY optimize time (sec): 0.9755
ECOS solver failed:  The solver ECOS is not installed. 
Using SCS instead.
ECOS solver failed:  The solver ECOS is not installed. 
Using SCS instead.
ECOS solver failed:  The solver ECOS is not installed. 
Using SCS instead.
ECOS solver failed:  The solver ECOS is not installed. 
Using SCS instead.
ECOS solver failed:  The solver ECOS is not installed. 
Using SCS instead.
ECOS solver failed:  The solver ECOS is not installed. 
Using SCS instead.
ECOS solver failed:  The solver ECOS is not installed. 
Using SCS instead.
ECOS solver failed:  The solver ECOS is not installed. 
Using SCS instead.
ECOS solver failed:  The solver ECOS is not installed. 
Using SCS instead.
ECOS solver failed:  The solver ECOS is not installed. 
Using SCS instead.
ECOS solver failed:  The solver ECOS is not installed. 
Using SCS instead.
ECOS solver failed:  The solver ECOS is not installed. 
Using SCS instead.
ECOS solver failed:  The solver ECOS is not installed. 
Using SCS instead.
ECOS solver failed:  The solver ECOS is not installed. 
Using SCS instead.
ECOS solver failed:  The solver ECOS is not installed. 
Using SCS instead.
ECOS solver failed:  The solver ECOS is not installed. 
Using SCS instead.
ECOS solver failed:  The solver ECOS is not installed. 
Using SCS instead.
ECOS solver failed:  The solver ECOS is not installed. 
Using SCS instead.
ECOS solver failed:  The solver ECOS is not installed. 
Using SCS instead.
ECOS solver failed:  The solver ECOS is not installed. 
Using SCS instead.
ECOS solver failed:  The solver ECOS is not installed. 
Using SCS instead.
M-step Design Matrix Calculation time (sec): 0.0683
ECOS solver failed in IPCW_HAL_init, falling back to SCS: The solver ECOS is not installed.
WARNING - large complementary slackness residual: 0.005267
M-step CVXPY optimize time (sec): 2.3309
ECOS solver failed:  The solver ECOS is not installed. 
Using SCS instead.
ECOS solver failed:  The solver ECOS is not installed. 
Using SCS instead.
ECOS solver failed:  The solver ECOS is not installed. 
Using SCS instead.
ECOS solver failed:  The solver ECOS is not installed. 
Using SCS instead.
ECOS solver failed:  The solver ECOS is not installed. 
Using SCS instead.
ECOS solver failed:  The solver ECOS is not installed. 
Using SCS instead.
ECOS solver failed:  The solver ECOS is not installed. 
Using SCS instead.
ECOS solver failed:  The solver ECOS is not installed. 
Using SCS instead.
ECOS solver failed:  The solver ECOS is not installed. 
Using SCS instead.
ECOS solver failed:  The solver ECOS is not installed. 
Using SCS instead.
ECOS solver failed:  The solver ECOS is not installed. 
Using SCS instead.
ECOS solver failed:  The solver ECOS is not installed. 
Using SCS instead.
ECOS solver failed:  The solver ECOS is not installed. 
Using SCS instead.
ECOS solver failed:  The solver ECOS is not installed. 
Using SCS instead.
ECOS solver failed:  The solver ECOS is not installed. 
Using SCS instead.
ECOS solver failed:  The solver ECOS is not installed. 
Using SCS instead.
ECOS solver failed:  The solver ECOS is not installed. 
Using SCS instead.
ECOS solver failed:  The solver ECOS is not installed. 
Using SCS instead.
ECOS solver failed:  The solver ECOS is not installed. 
Using SCS instead.
ECOS solver failed:  The solver ECOS is not installed. 
Using SCS instead.
ECOS solver failed:  The solver ECOS is not installed. 
Using SCS instead.
M-step Design Matrix Calculation time (sec): 0.1389
ECOS solver failed in IPCW_HAL_init, falling back to SCS: The solver ECOS is not installed.
M-step CVXPY optimize time (sec): 0.6650
ECOS solver failed:  The solver ECOS is not installed. 
Using SCS instead.
ECOS solver failed:  The solver ECOS is not installed. 
Using SCS instead.
ECOS solver failed:  The solver ECOS is not installed. 
Using SCS instead.
ECOS solver failed:  The solver ECOS is not installed. 
Using SCS instead.
ECOS solver failed:  The solver ECOS is not installed. 
Using SCS instead.
ECOS solver failed:  The solver ECOS is not installed. 
Using SCS instead.
ECOS solver failed:  The solver ECOS is not installed. 
Using SCS instead.
ECOS solver failed:  The solver ECOS is not installed. 
Using SCS instead.
ECOS solver failed:  The solver ECOS is not installed. 
Using SCS instead.
ECOS solver failed:  The solver ECOS is not installed. 
Using SCS instead.
ECOS solver failed:  The solver ECOS is not installed. 
Using SCS instead.
ECOS solver failed:  The solver ECOS is not installed. 
Using SCS instead.
ECOS solver failed:  The solver ECOS is not installed. 
Using SCS instead.
ECOS solver failed:  The solver ECOS is not installed. 
Using SCS instead.
ECOS solver failed:  The solver ECOS is not installed. 
Using SCS instead.
ECOS solver failed:  The solver ECOS is not installed. 
Using SCS instead.
ECOS solver failed:  The solver ECOS is not installed. 
Using SCS instead.
ECOS solver failed:  The solver ECOS is not installed. 
Using SCS instead.
ECOS solver failed:  The solver ECOS is not installed. 
Using SCS instead.
ECOS solver failed:  The solver ECOS is not installed. 
Using SCS instead.
ECOS solver failed:  The solver ECOS is not installed. 
Using SCS instead.
M-step Design Matrix Calculation time (sec): 0.0195
ECOS solver failed in IPCW_HAL_init, falling back to SCS: The solver ECOS is not installed.
WARNING - large complementary slackness residual: 0.015682
M-step CVXPY optimize time (sec): 1.2609
ECOS solver failed:  The solver ECOS is not installed. 
Using SCS instead.
ECOS solver failed:  The solver ECOS is not installed. 
Using SCS instead.
ECOS solver failed:  The solver ECOS is not installed. 
Using SCS instead.
ECOS solver failed:  The solver ECOS is not installed. 
Using SCS instead.
ECOS solver failed:  The solver ECOS is not installed. 
Using SCS instead.
ECOS solver failed:  The solver ECOS is not installed. 
Using SCS instead.
ECOS solver failed:  The solver ECOS is not installed. 
Using SCS instead.
ECOS solver failed:  The solver ECOS is not installed. 
Using SCS instead.
ECOS solver failed:  The solver ECOS is not installed. 
Using SCS instead.
ECOS solver failed:  The solver ECOS is not installed. 
Using SCS instead.
ECOS solver failed:  The solver ECOS is not installed. 
Using SCS instead.
ECOS solver failed:  The solver ECOS is not installed. 
Using SCS instead.
ECOS solver failed:  The solver ECOS is not installed. 
Using SCS instead.
ECOS solver failed:  The solver ECOS is not installed. 
Using SCS instead.
ECOS solver failed:  The solver ECOS is not installed. 
Using SCS instead.
ECOS solver failed:  The solver ECOS is not installed. 
Using SCS instead.
ECOS solver failed:  The solver ECOS is not installed. 
Using SCS instead.
ECOS solver failed:  The solver ECOS is not installed. 
Using SCS instead.
ECOS solver failed:  The solver ECOS is not installed. 
Using SCS instead.
ECOS solver failed:  The solver ECOS is not installed. 
Using SCS instead.
ECOS solver failed:  The solver ECOS is not installed. 
Using SCS instead.
M-step Design Matrix Calculation time (sec): 0.0211
ECOS solver failed in IPCW_HAL_init, falling back to SCS: The solver ECOS is not installed.
M-step CVXPY optimize time (sec): 0.7043
ECOS solver failed:  The solver ECOS is not installed. 
Using SCS instead.
ECOS solver failed:  The solver ECOS is not installed. 
Using SCS instead.
ECOS solver failed:  The solver ECOS is not installed. 
Using SCS instead.
ECOS solver failed:  The solver ECOS is not installed. 
Using SCS instead.
ECOS solver failed:  The solver ECOS is not installed. 
Using SCS instead.
ECOS solver failed:  The solver ECOS is not installed. 
Using SCS instead.
ECOS solver failed:  The solver ECOS is not installed. 
Using SCS instead.
ECOS solver failed:  The solver ECOS is not installed. 
Using SCS instead.
ECOS solver failed:  The solver ECOS is not installed. 
Using SCS instead.
ECOS solver failed:  The solver ECOS is not installed. 
Using SCS instead.
ECOS solver failed:  The solver ECOS is not installed. 
Using SCS instead.
ECOS solver failed:  The solver ECOS is not installed. 
Using SCS instead.
ECOS solver failed:  The solver ECOS is not installed. 
Using SCS instead.
ECOS solver failed:  The solver ECOS is not installed. 
Using SCS instead.
ECOS solver failed:  The solver ECOS is not installed. 
Using SCS instead.
ECOS solver failed:  The solver ECOS is not installed. 
Using SCS instead.
ECOS solver failed:  The solver ECOS is not installed. 
Using SCS instead.
ECOS solver failed:  The solver ECOS is not installed. 
Using SCS instead.
ECOS solver failed:  The solver ECOS is not installed. 
Using SCS instead.
ECOS solver failed:  The solver ECOS is not installed. 
Using SCS instead.
ECOS solver failed:  The solver ECOS is not installed. 
Using SCS instead.
M-step Design Matrix Calculation time (sec): 0.0186
ECOS solver failed in IPCW_HAL_init, falling back to SCS: The solver ECOS is not installed.
WARNING - large complementary slackness residual: 0.024233
M-step CVXPY optimize time (sec): 0.2297
ECOS solver failed:  The solver ECOS is not installed. 
Using SCS instead.
ECOS solver failed:  The solver ECOS is not installed. 
Using SCS instead.
ECOS solver failed:  The solver ECOS is not installed. 
Using SCS instead.
ECOS solver failed:  The solver ECOS is not installed. 
Using SCS instead.
ECOS solver failed:  The solver ECOS is not installed. 
Using SCS instead.
ECOS solver failed:  The solver ECOS is not installed. 
Using SCS instead.
ECOS solver failed:  The solver ECOS is not installed. 
Using SCS instead.
ECOS solver failed:  The solver ECOS is not installed. 
Using SCS instead.
ECOS solver failed:  The solver ECOS is not installed. 
Using SCS instead.
ECOS solver failed:  The solver ECOS is not installed. 
Using SCS instead.
ECOS solver failed:  The solver ECOS is not installed. 
Using SCS instead.
ECOS solver failed:  The solver ECOS is not installed. 
Using SCS instead.
ECOS solver failed:  The solver ECOS is not installed. 
Using SCS instead.
ECOS solver failed:  The solver ECOS is not installed. 
Using SCS instead.
ECOS solver failed:  The solver ECOS is not installed. 
Using SCS instead.
ECOS solver failed:  The solver ECOS is not installed. 
Using SCS instead.
ECOS solver failed:  The solver ECOS is not installed. 
Using SCS instead.
ECOS solver failed:  The solver ECOS is not installed. 
Using SCS instead.
ECOS solver failed:  The solver ECOS is not installed. 
Using SCS instead.
ECOS solver failed:  The solver ECOS is not installed. 
Using SCS instead.
ECOS solver failed:  The solver ECOS is not installed. 
Using SCS instead.
M-step Design Matrix Calculation time (sec): 0.0180
ECOS solver failed in IPCW_HAL_init, falling back to SCS: The solver ECOS is not installed.
WARNING - large complementary slackness residual: 0.015872
M-step CVXPY optimize time (sec): 0.7019
ECOS solver failed:  The solver ECOS is not installed. 
Using SCS instead.
ECOS solver failed:  The solver ECOS is not installed. 
Using SCS instead.
ECOS solver failed:  The solver ECOS is not installed. 
Using SCS instead.
ECOS solver failed:  The solver ECOS is not installed. 
Using SCS instead.
ECOS solver failed:  The solver ECOS is not installed. 
Using SCS instead.
ECOS solver failed:  The solver ECOS is not installed. 
Using SCS instead.
ECOS solver failed:  The solver ECOS is not installed. 
Using SCS instead.
ECOS solver failed:  The solver ECOS is not installed. 
Using SCS instead.
ECOS solver failed:  The solver ECOS is not installed. 
Using SCS instead.
ECOS solver failed:  The solver ECOS is not installed. 
Using SCS instead.
ECOS solver failed:  The solver ECOS is not installed. 
Using SCS instead.
ECOS solver failed:  The solver ECOS is not installed. 
Using SCS instead.
ECOS solver failed:  The solver ECOS is not installed. 
Using SCS instead.
ECOS solver failed:  The solver ECOS is not installed. 
Using SCS instead.
ECOS solver failed:  The solver ECOS is not installed. 
Using SCS instead.
ECOS solver failed:  The solver ECOS is not installed. 
Using SCS instead.
ECOS solver failed:  The solver ECOS is not installed. 
Using SCS instead.
ECOS solver failed:  The solver ECOS is not installed. 
Using SCS instead.
ECOS solver failed:  The solver ECOS is not installed. 
Using SCS instead.
ECOS solver failed:  The solver ECOS is not installed. 
Using SCS instead.
ECOS solver failed:  The solver ECOS is not installed. 
Using SCS instead.
M-step Design Matrix Calculation time (sec): 0.0709
ECOS solver failed in IPCW_HAL_init, falling back to SCS: The solver ECOS is not installed.
M-step CVXPY optimize time (sec): 0.6178
ECOS solver failed:  The solver ECOS is not installed. 
Using SCS instead.
ECOS solver failed:  The solver ECOS is not installed. 
Using SCS instead.
ECOS solver failed:  The solver ECOS is not installed. 
Using SCS instead.
ECOS solver failed:  The solver ECOS is not installed. 
Using SCS instead.
ECOS solver failed:  The solver ECOS is not installed. 
Using SCS instead.
ECOS solver failed:  The solver ECOS is not installed. 
Using SCS instead.
ECOS solver failed:  The solver ECOS is not installed. 
Using SCS instead.
ECOS solver failed:  The solver ECOS is not installed. 
Using SCS instead.
ECOS solver failed:  The solver ECOS is not installed. 
Using SCS instead.
ECOS solver failed:  The solver ECOS is not installed. 
Using SCS instead.
ECOS solver failed:  The solver ECOS is not installed. 
Using SCS instead.
ECOS solver failed:  The solver ECOS is not installed. 
Using SCS instead.
ECOS solver failed:  The solver ECOS is not installed. 
Using SCS instead.
ECOS solver failed:  The solver ECOS is not installed. 
Using SCS instead.
ECOS solver failed:  The solver ECOS is not installed. 
Using SCS instead.
ECOS solver failed:  The solver ECOS is not installed. 
Using SCS instead.
ECOS solver failed:  The solver ECOS is not installed. 
Using SCS instead.
ECOS solver failed:  The solver ECOS is not installed. 
Using SCS instead.
ECOS solver failed:  The solver ECOS is not installed. 
Using SCS instead.
ECOS solver failed:  The solver ECOS is not installed. 
Using SCS instead.
ECOS solver failed:  The solver ECOS is not installed. 
Using SCS instead.
M-step Design Matrix Calculation time (sec): 0.0183
ECOS solver failed in IPCW_HAL_init, falling back to SCS: The solver ECOS is not installed.
M-step CVXPY optimize time (sec): 0.3389
ECOS solver failed:  The solver ECOS is not installed. 
Using SCS instead.
ECOS solver failed:  The solver ECOS is not installed. 
Using SCS instead.
ECOS solver failed:  The solver ECOS is not installed. 
Using SCS instead.
ECOS solver failed:  The solver ECOS is not installed. 
Using SCS instead.
ECOS solver failed:  The solver ECOS is not installed. 
Using SCS instead.
ECOS solver failed:  The solver ECOS is not installed. 
Using SCS instead.
ECOS solver failed:  The solver ECOS is not installed. 
Using SCS instead.
ECOS solver failed:  The solver ECOS is not installed. 
Using SCS instead.
ECOS solver failed:  The solver ECOS is not installed. 
Using SCS instead.
ECOS solver failed:  The solver ECOS is not installed. 
Using SCS instead.
ECOS solver failed:  The solver ECOS is not installed. 
Using SCS instead.
ECOS solver failed:  The solver ECOS is not installed. 
Using SCS instead.
ECOS solver failed:  The solver ECOS is not installed. 
Using SCS instead.
ECOS solver failed:  The solver ECOS is not installed. 
Using SCS instead.
ECOS solver failed:  The solver ECOS is not installed. 
Using SCS instead.
ECOS solver failed:  The solver ECOS is not installed. 
Using SCS instead.
ECOS solver failed:  The solver ECOS is not installed. 
Using SCS instead.
ECOS solver failed:  The solver ECOS is not installed. 
Using SCS instead.
ECOS solver failed:  The solver ECOS is not installed. 
Using SCS instead.
ECOS solver failed:  The solver ECOS is not installed. 
Using SCS instead.
ECOS solver failed:  The solver ECOS is not installed. 
Using SCS instead.
M-step Design Matrix Calculation time (sec): 0.0188
ECOS solver failed in IPCW_HAL_init, falling back to SCS: The solver ECOS is not installed.
WARNING - large complementary slackness residual: 0.007078
M-step CVXPY optimize time (sec): 0.8185
ECOS solver failed:  The solver ECOS is not installed. 
Using SCS instead.
ECOS solver failed:  The solver ECOS is not installed. 
Using SCS instead.
ECOS solver failed:  The solver ECOS is not installed. 
Using SCS instead.
ECOS solver failed:  The solver ECOS is not installed. 
Using SCS instead.
ECOS solver failed:  The solver ECOS is not installed. 
Using SCS instead.
ECOS solver failed:  The solver ECOS is not installed. 
Using SCS instead.
ECOS solver failed:  The solver ECOS is not installed. 
Using SCS instead.
ECOS solver failed:  The solver ECOS is not installed. 
Using SCS instead.
ECOS solver failed:  The solver ECOS is not installed. 
Using SCS instead.
ECOS solver failed:  The solver ECOS is not installed. 
Using SCS instead.
ECOS solver failed:  The solver ECOS is not installed. 
Using SCS instead.
ECOS solver failed:  The solver ECOS is not installed. 
Using SCS instead.
ECOS solver failed:  The solver ECOS is not installed. 
Using SCS instead.
ECOS solver failed:  The solver ECOS is not installed. 
Using SCS instead.
ECOS solver failed:  The solver ECOS is not installed. 
Using SCS instead.
ECOS solver failed:  The solver ECOS is not installed. 
Using SCS instead.
ECOS solver failed:  The solver ECOS is not installed. 
Using SCS instead.
ECOS solver failed:  The solver ECOS is not installed. 
Using SCS instead.
ECOS solver failed:  The solver ECOS is not installed. 
Using SCS instead.
ECOS solver failed:  The solver ECOS is not installed. 
Using SCS instead.
ECOS solver failed:  The solver ECOS is not installed. 
Using SCS instead.
M-step Design Matrix Calculation time (sec): 0.0175
ECOS solver failed in IPCW_HAL_init, falling back to SCS: The solver ECOS is not installed.
WARNING - large complementary slackness residual: 0.005229
M-step CVXPY optimize time (sec): 0.6447
ECOS solver failed:  The solver ECOS is not installed. 
Using SCS instead.
ECOS solver failed:  The solver ECOS is not installed. 
Using SCS instead.
ECOS solver failed:  The solver ECOS is not installed. 
Using SCS instead.
ECOS solver failed:  The solver ECOS is not installed. 
Using SCS instead.
ECOS solver failed:  The solver ECOS is not installed. 
Using SCS instead.
ECOS solver failed:  The solver ECOS is not installed. 
Using SCS instead.
ECOS solver failed:  The solver ECOS is not installed. 
Using SCS instead.
ECOS solver failed:  The solver ECOS is not installed. 
Using SCS instead.
ECOS solver failed:  The solver ECOS is not installed. 
Using SCS instead.
ECOS solver failed:  The solver ECOS is not installed. 
Using SCS instead.
ECOS solver failed:  The solver ECOS is not installed. 
Using SCS instead.
ECOS solver failed:  The solver ECOS is not installed. 
Using SCS instead.
ECOS solver failed:  The solver ECOS is not installed. 
Using SCS instead.
ECOS solver failed:  The solver ECOS is not installed. 
Using SCS instead.
ECOS solver failed:  The solver ECOS is not installed. 
Using SCS instead.
ECOS solver failed:  The solver ECOS is not installed. 
Using SCS instead.
ECOS solver failed:  The solver ECOS is not installed. 
Using SCS instead.
ECOS solver failed:  The solver ECOS is not installed. 
Using SCS instead.
ECOS solver failed:  The solver ECOS is not installed. 
Using SCS instead.
ECOS solver failed:  The solver ECOS is not installed. 
Using SCS instead.
ECOS solver failed:  The solver ECOS is not installed. 
Using SCS instead.
M-step Design Matrix Calculation time (sec): 0.0181
ECOS solver failed in IPCW_HAL_init, falling back to SCS: The solver ECOS is not installed.
WARNING - large complementary slackness residual: 0.005151
M-step CVXPY optimize time (sec): 1.0494
ECOS solver failed:  The solver ECOS is not installed. 
Using SCS instead.
ECOS solver failed:  The solver ECOS is not installed. 
Using SCS instead.
ECOS solver failed:  The solver ECOS is not installed. 
Using SCS instead.
ECOS solver failed:  The solver ECOS is not installed. 
Using SCS instead.
ECOS solver failed:  The solver ECOS is not installed. 
Using SCS instead.
ECOS solver failed:  The solver ECOS is not installed. 
Using SCS instead.
ECOS solver failed:  The solver ECOS is not installed. 
Using SCS instead.
ECOS solver failed:  The solver ECOS is not installed. 
Using SCS instead.
ECOS solver failed:  The solver ECOS is not installed. 
Using SCS instead.
ECOS solver failed:  The solver ECOS is not installed. 
Using SCS instead.
ECOS solver failed:  The solver ECOS is not installed. 
Using SCS instead.
ECOS solver failed:  The solver ECOS is not installed. 
Using SCS instead.
ECOS solver failed:  The solver ECOS is not installed. 
Using SCS instead.
ECOS solver failed:  The solver ECOS is not installed. 
Using SCS instead.
ECOS solver failed:  The solver ECOS is not installed. 
Using SCS instead.
ECOS solver failed:  The solver ECOS is not installed. 
Using SCS instead.
ECOS solver failed:  The solver ECOS is not installed. 
Using SCS instead.
ECOS solver failed:  The solver ECOS is not installed. 
Using SCS instead.
ECOS solver failed:  The solver ECOS is not installed. 
Using SCS instead.
ECOS solver failed:  The solver ECOS is not installed. 
Using SCS instead.
ECOS solver failed:  The solver ECOS is not installed. 
Using SCS instead.
M-step Design Matrix Calculation time (sec): 0.0389
ECOS solver failed in IPCW_HAL_init, falling back to SCS: The solver ECOS is not installed.
WARNING - large complementary slackness residual: 0.008322
M-step CVXPY optimize time (sec): 0.4778
ECOS solver failed:  The solver ECOS is not installed. 
Using SCS instead.
ECOS solver failed:  The solver ECOS is not installed. 
Using SCS instead.
ECOS solver failed:  The solver ECOS is not installed. 
Using SCS instead.
ECOS solver failed:  The solver ECOS is not installed. 
Using SCS instead.
ECOS solver failed:  The solver ECOS is not installed. 
Using SCS instead.
ECOS solver failed:  The solver ECOS is not installed. 
Using SCS instead.
ECOS solver failed:  The solver ECOS is not installed. 
Using SCS instead.
ECOS solver failed:  The solver ECOS is not installed. 
Using SCS instead.
ECOS solver failed:  The solver ECOS is not installed. 
Using SCS instead.
ECOS solver failed:  The solver ECOS is not installed. 
Using SCS instead.
ECOS solver failed:  The solver ECOS is not installed. 
Using SCS instead.
ECOS solver failed:  The solver ECOS is not installed. 
Using SCS instead.
ECOS solver failed:  The solver ECOS is not installed. 
Using SCS instead.
ECOS solver failed:  The solver ECOS is not installed. 
Using SCS instead.
ECOS solver failed:  The solver ECOS is not installed. 
Using SCS instead.
ECOS solver failed:  The solver ECOS is not installed. 
Using SCS instead.
ECOS solver failed:  The solver ECOS is not installed. 
Using SCS instead.
ECOS solver failed:  The solver ECOS is not installed. 
Using SCS instead.
ECOS solver failed:  The solver ECOS is not installed. 
Using SCS instead.
ECOS solver failed:  The solver ECOS is not installed. 
Using SCS instead.
ECOS solver failed:  The solver ECOS is not installed. 
Using SCS instead.
M-step Design Matrix Calculation time (sec): 0.0194
ECOS solver failed in IPCW_HAL_init, falling back to SCS: The solver ECOS is not installed.
WARNING - large complementary slackness residual: 0.015452
M-step CVXPY optimize time (sec): 1.3148
ECOS solver failed:  The solver ECOS is not installed. 
Using SCS instead.
ECOS solver failed:  The solver ECOS is not installed. 
Using SCS instead.
ECOS solver failed:  The solver ECOS is not installed. 
Using SCS instead.
ECOS solver failed:  The solver ECOS is not installed. 
Using SCS instead.
ECOS solver failed:  The solver ECOS is not installed. 
Using SCS instead.
ECOS solver failed:  The solver ECOS is not installed. 
Using SCS instead.
ECOS solver failed:  The solver ECOS is not installed. 
Using SCS instead.
ECOS solver failed:  The solver ECOS is not installed. 
Using SCS instead.
ECOS solver failed:  The solver ECOS is not installed. 
Using SCS instead.
ECOS solver failed:  The solver ECOS is not installed. 
Using SCS instead.
ECOS solver failed:  The solver ECOS is not installed. 
Using SCS instead.
ECOS solver failed:  The solver ECOS is not installed. 
Using SCS instead.
ECOS solver failed:  The solver ECOS is not installed. 
Using SCS instead.
ECOS solver failed:  The solver ECOS is not installed. 
Using SCS instead.
ECOS solver failed:  The solver ECOS is not installed. 
Using SCS instead.
ECOS solver failed:  The solver ECOS is not installed. 
Using SCS instead.
ECOS solver failed:  The solver ECOS is not installed. 
Using SCS instead.
ECOS solver failed:  The solver ECOS is not installed. 
Using SCS instead.
ECOS solver failed:  The solver ECOS is not installed. 
Using SCS instead.
ECOS solver failed:  The solver ECOS is not installed. 
Using SCS instead.
ECOS solver failed:  The solver ECOS is not installed. 
Using SCS instead.
M-step Design Matrix Calculation time (sec): 0.0196
ECOS solver failed in IPCW_HAL_init, falling back to SCS: The solver ECOS is not installed.
WARNING - large complementary slackness residual: 0.021000
M-step CVXPY optimize time (sec): 0.6026
ECOS solver failed:  The solver ECOS is not installed. 
Using SCS instead.
ECOS solver failed:  The solver ECOS is not installed. 
Using SCS instead.
ECOS solver failed:  The solver ECOS is not installed. 
Using SCS instead.
ECOS solver failed:  The solver ECOS is not installed. 
Using SCS instead.
ECOS solver failed:  The solver ECOS is not installed. 
Using SCS instead.
ECOS solver failed:  The solver ECOS is not installed. 
Using SCS instead.
ECOS solver failed:  The solver ECOS is not installed. 
Using SCS instead.
ECOS solver failed:  The solver ECOS is not installed. 
Using SCS instead.
ECOS solver failed:  The solver ECOS is not installed. 
Using SCS instead.
ECOS solver failed:  The solver ECOS is not installed. 
Using SCS instead.
ECOS solver failed:  The solver ECOS is not installed. 
Using SCS instead.
ECOS solver failed:  The solver ECOS is not installed. 
Using SCS instead.
ECOS solver failed:  The solver ECOS is not installed. 
Using SCS instead.
ECOS solver failed:  The solver ECOS is not installed. 
Using SCS instead.
ECOS solver failed:  The solver ECOS is not installed. 
Using SCS instead.
ECOS solver failed:  The solver ECOS is not installed. 
Using SCS instead.
ECOS solver failed:  The solver ECOS is not installed. 
Using SCS instead.
ECOS solver failed:  The solver ECOS is not installed. 
Using SCS instead.
ECOS solver failed:  The solver ECOS is not installed. 
Using SCS instead.
ECOS solver failed:  The solver ECOS is not installed. 
Using SCS instead.
ECOS solver failed:  The solver ECOS is not installed. 
Using SCS instead.
M-step Design Matrix Calculation time (sec): 0.0175
ECOS solver failed in IPCW_HAL_init, falling back to SCS: The solver ECOS is not installed.
WARNING - large complementary slackness residual: 0.024238
M-step CVXPY optimize time (sec): 0.8441
ECOS solver failed:  The solver ECOS is not installed. 
Using SCS instead.
ECOS solver failed:  The solver ECOS is not installed. 
Using SCS instead.
ECOS solver failed:  The solver ECOS is not installed. 
Using SCS instead.
ECOS solver failed:  The solver ECOS is not installed. 
Using SCS instead.
ECOS solver failed:  The solver ECOS is not installed. 
Using SCS instead.
ECOS solver failed:  The solver ECOS is not installed. 
Using SCS instead.
ECOS solver failed:  The solver ECOS is not installed. 
Using SCS instead.
ECOS solver failed:  The solver ECOS is not installed. 
Using SCS instead.
ECOS solver failed:  The solver ECOS is not installed. 
Using SCS instead.
ECOS solver failed:  The solver ECOS is not installed. 
Using SCS instead.
ECOS solver failed:  The solver ECOS is not installed. 
Using SCS instead.
ECOS solver failed:  The solver ECOS is not installed. 
Using SCS instead.
ECOS solver failed:  The solver ECOS is not installed. 
Using SCS instead.
ECOS solver failed:  The solver ECOS is not installed. 
Using SCS instead.
ECOS solver failed:  The solver ECOS is not installed. 
Using SCS instead.
ECOS solver failed:  The solver ECOS is not installed. 
Using SCS instead.
ECOS solver failed:  The solver ECOS is not installed. 
Using SCS instead.
ECOS solver failed:  The solver ECOS is not installed. 
Using SCS instead.
ECOS solver failed:  The solver ECOS is not installed. 
Using SCS instead.
ECOS solver failed:  The solver ECOS is not installed. 
Using SCS instead.
ECOS solver failed:  The solver ECOS is not installed. 
Using SCS instead.
M-step Design Matrix Calculation time (sec): 0.0631
ECOS solver failed in IPCW_HAL_init, falling back to SCS: The solver ECOS is not installed.
WARNING - large complementary slackness residual: 0.012521
M-step CVXPY optimize time (sec): 1.8095
ECOS solver failed:  The solver ECOS is not installed. 
Using SCS instead.
ECOS solver failed:  The solver ECOS is not installed. 
Using SCS instead.
ECOS solver failed:  The solver ECOS is not installed. 
Using SCS instead.
ECOS solver failed:  The solver ECOS is not installed. 
Using SCS instead.
ECOS solver failed:  The solver ECOS is not installed. 
Using SCS instead.
ECOS solver failed:  The solver ECOS is not installed. 
Using SCS instead.
ECOS solver failed:  The solver ECOS is not installed. 
Using SCS instead.
ECOS solver failed:  The solver ECOS is not installed. 
Using SCS instead.
ECOS solver failed:  The solver ECOS is not installed. 
Using SCS instead.
ECOS solver failed:  The solver ECOS is not installed. 
Using SCS instead.
ECOS solver failed:  The solver ECOS is not installed. 
Using SCS instead.
ECOS solver failed:  The solver ECOS is not installed. 
Using SCS instead.
ECOS solver failed:  The solver ECOS is not installed. 
Using SCS instead.
ECOS solver failed:  The solver ECOS is not installed. 
Using SCS instead.
ECOS solver failed:  The solver ECOS is not installed. 
Using SCS instead.
ECOS solver failed:  The solver ECOS is not installed. 
Using SCS instead.
ECOS solver failed:  The solver ECOS is not installed. 
Using SCS instead.
ECOS solver failed:  The solver ECOS is not installed. 
Using SCS instead.
ECOS solver failed:  The solver ECOS is not installed. 
Using SCS instead.
ECOS solver failed:  The solver ECOS is not installed. 
Using SCS instead.
ECOS solver failed:  The solver ECOS is not installed. 
Using SCS instead.
M-step Design Matrix Calculation time (sec): 0.0319
ECOS solver failed in IPCW_HAL_init, falling back to SCS: The solver ECOS is not installed.
M-step CVXPY optimize time (sec): 0.8686
ECOS solver failed:  The solver ECOS is not installed. 
Using SCS instead.
ECOS solver failed:  The solver ECOS is not installed. 
Using SCS instead.
ECOS solver failed:  The solver ECOS is not installed. 
Using SCS instead.
ECOS solver failed:  The solver ECOS is not installed. 
Using SCS instead.
ECOS solver failed:  The solver ECOS is not installed. 
Using SCS instead.
ECOS solver failed:  The solver ECOS is not installed. 
Using SCS instead.
ECOS solver failed:  The solver ECOS is not installed. 
Using SCS instead.
ECOS solver failed:  The solver ECOS is not installed. 
Using SCS instead.
ECOS solver failed:  The solver ECOS is not installed. 
Using SCS instead.
ECOS solver failed:  The solver ECOS is not installed. 
Using SCS instead.
ECOS solver failed:  The solver ECOS is not installed. 
Using SCS instead.
ECOS solver failed:  The solver ECOS is not installed. 
Using SCS instead.
ECOS solver failed:  The solver ECOS is not installed. 
Using SCS instead.
ECOS solver failed:  The solver ECOS is not installed. 
Using SCS instead.
ECOS solver failed:  The solver ECOS is not installed. 
Using SCS instead.
ECOS solver failed:  The solver ECOS is not installed. 
Using SCS instead.
ECOS solver failed:  The solver ECOS is not installed. 
Using SCS instead.
ECOS solver failed:  The solver ECOS is not installed. 
Using SCS instead.
ECOS solver failed:  The solver ECOS is not installed. 
Using SCS instead.
ECOS solver failed:  The solver ECOS is not installed. 
Using SCS instead.
ECOS solver failed:  The solver ECOS is not installed. 
Using SCS instead.
M-step Design Matrix Calculation time (sec): 0.0326
ECOS solver failed in IPCW_HAL_init, falling back to SCS: The solver ECOS is not installed.
M-step CVXPY optimize time (sec): 1.1497
ECOS solver failed:  The solver ECOS is not installed. 
Using SCS instead.
ECOS solver failed:  The solver ECOS is not installed. 
Using SCS instead.
ECOS solver failed:  The solver ECOS is not installed. 
Using SCS instead.
ECOS solver failed:  The solver ECOS is not installed. 
Using SCS instead.
ECOS solver failed:  The solver ECOS is not installed. 
Using SCS instead.
ECOS solver failed:  The solver ECOS is not installed. 
Using SCS instead.
ECOS solver failed:  The solver ECOS is not installed. 
Using SCS instead.
ECOS solver failed:  The solver ECOS is not installed. 
Using SCS instead.
ECOS solver failed:  The solver ECOS is not installed. 
Using SCS instead.
ECOS solver failed:  The solver ECOS is not installed. 
Using SCS instead.
ECOS solver failed:  The solver ECOS is not installed. 
Using SCS instead.
ECOS solver failed:  The solver ECOS is not installed. 
Using SCS instead.
ECOS solver failed:  The solver ECOS is not installed. 
Using SCS instead.
ECOS solver failed:  The solver ECOS is not installed. 
Using SCS instead.
ECOS solver failed:  The solver ECOS is not installed. 
Using SCS instead.
ECOS solver failed:  The solver ECOS is not installed. 
Using SCS instead.
ECOS solver failed:  The solver ECOS is not installed. 
Using SCS instead.
ECOS solver failed:  The solver ECOS is not installed. 
Using SCS instead.
ECOS solver failed:  The solver ECOS is not installed. 
Using SCS instead.
ECOS solver failed:  The solver ECOS is not installed. 
Using SCS instead.
ECOS solver failed:  The solver ECOS is not installed. 
Using SCS instead.
M-step Design Matrix Calculation time (sec): 0.1258
ECOS solver failed in IPCW_HAL_init, falling back to SCS: The solver ECOS is not installed.
M-step CVXPY optimize time (sec): 0.5527
ECOS solver failed:  The solver ECOS is not installed. 
Using SCS instead.
ECOS solver failed:  The solver ECOS is not installed. 
Using SCS instead.
ECOS solver failed:  The solver ECOS is not installed. 
Using SCS instead.
ECOS solver failed:  The solver ECOS is not installed. 
Using SCS instead.
ECOS solver failed:  The solver ECOS is not installed. 
Using SCS instead.
ECOS solver failed:  The solver ECOS is not installed. 
Using SCS instead.
ECOS solver failed:  The solver ECOS is not installed. 
Using SCS instead.
ECOS solver failed:  The solver ECOS is not installed. 
Using SCS instead.
ECOS solver failed:  The solver ECOS is not installed. 
Using SCS instead.
ECOS solver failed:  The solver ECOS is not installed. 
Using SCS instead.
ECOS solver failed:  The solver ECOS is not installed. 
Using SCS instead.
ECOS solver failed:  The solver ECOS is not installed. 
Using SCS instead.
ECOS solver failed:  The solver ECOS is not installed. 
Using SCS instead.
ECOS solver failed:  The solver ECOS is not installed. 
Using SCS instead.
ECOS solver failed:  The solver ECOS is not installed. 
Using SCS instead.
ECOS solver failed:  The solver ECOS is not installed. 
Using SCS instead.
ECOS solver failed:  The solver ECOS is not installed. 
Using SCS instead.
ECOS solver failed:  The solver ECOS is not installed. 
Using SCS instead.
ECOS solver failed:  The solver ECOS is not installed. 
Using SCS instead.
ECOS solver failed:  The solver ECOS is not installed. 
Using SCS instead.
ECOS solver failed:  The solver ECOS is not installed. 
Using SCS instead.
M-step Design Matrix Calculation time (sec): 0.0188
ECOS solver failed in IPCW_HAL_init, falling back to SCS: The solver ECOS is not installed.
WARNING - large complementary slackness residual: 0.006769
M-step CVXPY optimize time (sec): 1.4511
ECOS solver failed:  The solver ECOS is not installed. 
Using SCS instead.
ECOS solver failed:  The solver ECOS is not installed. 
Using SCS instead.
ECOS solver failed:  The solver ECOS is not installed. 
Using SCS instead.
ECOS solver failed:  The solver ECOS is not installed. 
Using SCS instead.
ECOS solver failed:  The solver ECOS is not installed. 
Using SCS instead.
ECOS solver failed:  The solver ECOS is not installed. 
Using SCS instead.
ECOS solver failed:  The solver ECOS is not installed. 
Using SCS instead.
ECOS solver failed:  The solver ECOS is not installed. 
Using SCS instead.
ECOS solver failed:  The solver ECOS is not installed. 
Using SCS instead.
ECOS solver failed:  The solver ECOS is not installed. 
Using SCS instead.
ECOS solver failed:  The solver ECOS is not installed. 
Using SCS instead.
ECOS solver failed:  The solver ECOS is not installed. 
Using SCS instead.
ECOS solver failed:  The solver ECOS is not installed. 
Using SCS instead.
ECOS solver failed:  The solver ECOS is not installed. 
Using SCS instead.
ECOS solver failed:  The solver ECOS is not installed. 
Using SCS instead.
ECOS solver failed:  The solver ECOS is not installed. 
Using SCS instead.
ECOS solver failed:  The solver ECOS is not installed. 
Using SCS instead.
ECOS solver failed:  The solver ECOS is not installed. 
Using SCS instead.
ECOS solver failed:  The solver ECOS is not installed. 
Using SCS instead.
ECOS solver failed:  The solver ECOS is not installed. 
Using SCS instead.
ECOS solver failed:  The solver ECOS is not installed. 
Using SCS instead.
M-step Design Matrix Calculation time (sec): 0.0194
ECOS solver failed in IPCW_HAL_init, falling back to SCS: The solver ECOS is not installed.
WARNING - large complementary slackness residual: 0.033143
M-step CVXPY optimize time (sec): 0.5856
ECOS solver failed:  The solver ECOS is not installed. 
Using SCS instead.
ECOS solver failed:  The solver ECOS is not installed. 
Using SCS instead.
ECOS solver failed:  The solver ECOS is not installed. 
Using SCS instead.
ECOS solver failed:  The solver ECOS is not installed. 
Using SCS instead.
ECOS solver failed:  The solver ECOS is not installed. 
Using SCS instead.
ECOS solver failed:  The solver ECOS is not installed. 
Using SCS instead.
ECOS solver failed:  The solver ECOS is not installed. 
Using SCS instead.
ECOS solver failed:  The solver ECOS is not installed. 
Using SCS instead.
ECOS solver failed:  The solver ECOS is not installed. 
Using SCS instead.
ECOS solver failed:  The solver ECOS is not installed. 
Using SCS instead.
ECOS solver failed:  The solver ECOS is not installed. 
Using SCS instead.
ECOS solver failed:  The solver ECOS is not installed. 
Using SCS instead.
ECOS solver failed:  The solver ECOS is not installed. 
Using SCS instead.
ECOS solver failed:  The solver ECOS is not installed. 
Using SCS instead.
ECOS solver failed:  The solver ECOS is not installed. 
Using SCS instead.
ECOS solver failed:  The solver ECOS is not installed. 
Using SCS instead.
ECOS solver failed:  The solver ECOS is not installed. 
Using SCS instead.
ECOS solver failed:  The solver ECOS is not installed. 
Using SCS instead.
ECOS solver failed:  The solver ECOS is not installed. 
Using SCS instead.
ECOS solver failed:  The solver ECOS is not installed. 
Using SCS instead.
ECOS solver failed:  The solver ECOS is not installed. 
Using SCS instead.
M-step Design Matrix Calculation time (sec): 0.0165
ECOS solver failed in IPCW_HAL_init, falling back to SCS: The solver ECOS is not installed.
WARNING - large complementary slackness residual: 0.016227
M-step CVXPY optimize time (sec): 0.6021
ECOS solver failed:  The solver ECOS is not installed. 
Using SCS instead.
ECOS solver failed:  The solver ECOS is not installed. 
Using SCS instead.
ECOS solver failed:  The solver ECOS is not installed. 
Using SCS instead.
ECOS solver failed:  The solver ECOS is not installed. 
Using SCS instead.
ECOS solver failed:  The solver ECOS is not installed. 
Using SCS instead.
ECOS solver failed:  The solver ECOS is not installed. 
Using SCS instead.
ECOS solver failed:  The solver ECOS is not installed. 
Using SCS instead.
ECOS solver failed:  The solver ECOS is not installed. 
Using SCS instead.
ECOS solver failed:  The solver ECOS is not installed. 
Using SCS instead.
ECOS solver failed:  The solver ECOS is not installed. 
Using SCS instead.
ECOS solver failed:  The solver ECOS is not installed. 
Using SCS instead.
ECOS solver failed:  The solver ECOS is not installed. 
Using SCS instead.
ECOS solver failed:  The solver ECOS is not installed. 
Using SCS instead.
ECOS solver failed:  The solver ECOS is not installed. 
Using SCS instead.
ECOS solver failed:  The solver ECOS is not installed. 
Using SCS instead.
ECOS solver failed:  The solver ECOS is not installed. 
Using SCS instead.
ECOS solver failed:  The solver ECOS is not installed. 
Using SCS instead.
ECOS solver failed:  The solver ECOS is not installed. 
Using SCS instead.
ECOS solver failed:  The solver ECOS is not installed. 
Using SCS instead.
ECOS solver failed:  The solver ECOS is not installed. 
Using SCS instead.
ECOS solver failed:  The solver ECOS is not installed. 
Using SCS instead.
M-step Design Matrix Calculation time (sec): 0.0192
ECOS solver failed in IPCW_HAL_init, falling back to SCS: The solver ECOS is not installed.
WARNING - large complementary slackness residual: 0.012798
M-step CVXPY optimize time (sec): 0.9701
ECOS solver failed:  The solver ECOS is not installed. 
Using SCS instead.
ECOS solver failed:  The solver ECOS is not installed. 
Using SCS instead.
ECOS solver failed:  The solver ECOS is not installed. 
Using SCS instead.
ECOS solver failed:  The solver ECOS is not installed. 
Using SCS instead.
ECOS solver failed:  The solver ECOS is not installed. 
Using SCS instead.
ECOS solver failed:  The solver ECOS is not installed. 
Using SCS instead.
ECOS solver failed:  The solver ECOS is not installed. 
Using SCS instead.
ECOS solver failed:  The solver ECOS is not installed. 
Using SCS instead.
ECOS solver failed:  The solver ECOS is not installed. 
Using SCS instead.
ECOS solver failed:  The solver ECOS is not installed. 
Using SCS instead.
ECOS solver failed:  The solver ECOS is not installed. 
Using SCS instead.
ECOS solver failed:  The solver ECOS is not installed. 
Using SCS instead.
ECOS solver failed:  The solver ECOS is not installed. 
Using SCS instead.
ECOS solver failed:  The solver ECOS is not installed. 
Using SCS instead.
ECOS solver failed:  The solver ECOS is not installed. 
Using SCS instead.
ECOS solver failed:  The solver ECOS is not installed. 
Using SCS instead.
ECOS solver failed:  The solver ECOS is not installed. 
Using SCS instead.
ECOS solver failed:  The solver ECOS is not installed. 
Using SCS instead.
ECOS solver failed:  The solver ECOS is not installed. 
Using SCS instead.
ECOS solver failed:  The solver ECOS is not installed. 
Using SCS instead.
ECOS solver failed:  The solver ECOS is not installed. 
Using SCS instead.
M-step Design Matrix Calculation time (sec): 0.0190
ECOS solver failed in IPCW_HAL_init, falling back to SCS: The solver ECOS is not installed.
WARNING - large complementary slackness residual: 0.004060
M-step CVXPY optimize time (sec): 0.9403
ECOS solver failed:  The solver ECOS is not installed. 
Using SCS instead.
ECOS solver failed:  The solver ECOS is not installed. 
Using SCS instead.
ECOS solver failed:  The solver ECOS is not installed. 
Using SCS instead.
ECOS solver failed:  The solver ECOS is not installed. 
Using SCS instead.
ECOS solver failed:  The solver ECOS is not installed. 
Using SCS instead.
ECOS solver failed:  The solver ECOS is not installed. 
Using SCS instead.
ECOS solver failed:  The solver ECOS is not installed. 
Using SCS instead.
ECOS solver failed:  The solver ECOS is not installed. 
Using SCS instead.
ECOS solver failed:  The solver ECOS is not installed. 
Using SCS instead.
ECOS solver failed:  The solver ECOS is not installed. 
Using SCS instead.
ECOS solver failed:  The solver ECOS is not installed. 
Using SCS instead.
ECOS solver failed:  The solver ECOS is not installed. 
Using SCS instead.
ECOS solver failed:  The solver ECOS is not installed. 
Using SCS instead.
ECOS solver failed:  The solver ECOS is not installed. 
Using SCS instead.
ECOS solver failed:  The solver ECOS is not installed. 
Using SCS instead.
ECOS solver failed:  The solver ECOS is not installed. 
Using SCS instead.
ECOS solver failed:  The solver ECOS is not installed. 
Using SCS instead.
ECOS solver failed:  The solver ECOS is not installed. 
Using SCS instead.
ECOS solver failed:  The solver ECOS is not installed. 
Using SCS instead.
ECOS solver failed:  The solver ECOS is not installed. 
Using SCS instead.
ECOS solver failed:  The solver ECOS is not installed. 
Using SCS instead.
M-step Design Matrix Calculation time (sec): 0.0198
ECOS solver failed in IPCW_HAL_init, falling back to SCS: The solver ECOS is not installed.
M-step CVXPY optimize time (sec): 0.7920
ECOS solver failed:  The solver ECOS is not installed. 
Using SCS instead.
ECOS solver failed:  The solver ECOS is not installed. 
Using SCS instead.
ECOS solver failed:  The solver ECOS is not installed. 
Using SCS instead.
ECOS solver failed:  The solver ECOS is not installed. 
Using SCS instead.
ECOS solver failed:  The solver ECOS is not installed. 
Using SCS instead.
ECOS solver failed:  The solver ECOS is not installed. 
Using SCS instead.
ECOS solver failed:  The solver ECOS is not installed. 
Using SCS instead.
ECOS solver failed:  The solver ECOS is not installed. 
Using SCS instead.
ECOS solver failed:  The solver ECOS is not installed. 
Using SCS instead.
ECOS solver failed:  The solver ECOS is not installed. 
Using SCS instead.
ECOS solver failed:  The solver ECOS is not installed. 
Using SCS instead.
ECOS solver failed:  The solver ECOS is not installed. 
Using SCS instead.
ECOS solver failed:  The solver ECOS is not installed. 
Using SCS instead.
ECOS solver failed:  The solver ECOS is not installed. 
Using SCS instead.
ECOS solver failed:  The solver ECOS is not installed. 
Using SCS instead.
ECOS solver failed:  The solver ECOS is not installed. 
Using SCS instead.
ECOS solver failed:  The solver ECOS is not installed. 
Using SCS instead.
ECOS solver failed:  The solver ECOS is not installed. 
Using SCS instead.
ECOS solver failed:  The solver ECOS is not installed. 
Using SCS instead.
ECOS solver failed:  The solver ECOS is not installed. 
Using SCS instead.
ECOS solver failed:  The solver ECOS is not installed. 
Using SCS instead.
M-step Design Matrix Calculation time (sec): 0.0175
ECOS solver failed in IPCW_HAL_init, falling back to SCS: The solver ECOS is not installed.
M-step CVXPY optimize time (sec): 0.6293
ECOS solver failed:  The solver ECOS is not installed. 
Using SCS instead.
ECOS solver failed:  The solver ECOS is not installed. 
Using SCS instead.
ECOS solver failed:  The solver ECOS is not installed. 
Using SCS instead.
ECOS solver failed:  The solver ECOS is not installed. 
Using SCS instead.
ECOS solver failed:  The solver ECOS is not installed. 
Using SCS instead.
ECOS solver failed:  The solver ECOS is not installed. 
Using SCS instead.
ECOS solver failed:  The solver ECOS is not installed. 
Using SCS instead.
ECOS solver failed:  The solver ECOS is not installed. 
Using SCS instead.
ECOS solver failed:  The solver ECOS is not installed. 
Using SCS instead.
ECOS solver failed:  The solver ECOS is not installed. 
Using SCS instead.
ECOS solver failed:  The solver ECOS is not installed. 
Using SCS instead.
ECOS solver failed:  The solver ECOS is not installed. 
Using SCS instead.
ECOS solver failed:  The solver ECOS is not installed. 
Using SCS instead.
ECOS solver failed:  The solver ECOS is not installed. 
Using SCS instead.
ECOS solver failed:  The solver ECOS is not installed. 
Using SCS instead.
ECOS solver failed:  The solver ECOS is not installed. 
Using SCS instead.
ECOS solver failed:  The solver ECOS is not installed. 
Using SCS instead.
ECOS solver failed:  The solver ECOS is not installed. 
Using SCS instead.
ECOS solver failed:  The solver ECOS is not installed. 
Using SCS instead.
ECOS solver failed:  The solver ECOS is not installed. 
Using SCS instead.
ECOS solver failed:  The solver ECOS is not installed. 
Using SCS instead.
M-step Design Matrix Calculation time (sec): 0.0195
ECOS solver failed in IPCW_HAL_init, falling back to SCS: The solver ECOS is not installed.
WARNING - large complementary slackness residual: 0.008456
M-step CVXPY optimize time (sec): 1.3223
ECOS solver failed:  The solver ECOS is not installed. 
Using SCS instead.
ECOS solver failed:  The solver ECOS is not installed. 
Using SCS instead.
ECOS solver failed:  The solver ECOS is not installed. 
Using SCS instead.
ECOS solver failed:  The solver ECOS is not installed. 
Using SCS instead.
ECOS solver failed:  The solver ECOS is not installed. 
Using SCS instead.
ECOS solver failed:  The solver ECOS is not installed. 
Using SCS instead.
ECOS solver failed:  The solver ECOS is not installed. 
Using SCS instead.
ECOS solver failed:  The solver ECOS is not installed. 
Using SCS instead.
ECOS solver failed:  The solver ECOS is not installed. 
Using SCS instead.
ECOS solver failed:  The solver ECOS is not installed. 
Using SCS instead.
ECOS solver failed:  The solver ECOS is not installed. 
Using SCS instead.
ECOS solver failed:  The solver ECOS is not installed. 
Using SCS instead.
ECOS solver failed:  The solver ECOS is not installed. 
Using SCS instead.
ECOS solver failed:  The solver ECOS is not installed. 
Using SCS instead.
ECOS solver failed:  The solver ECOS is not installed. 
Using SCS instead.
ECOS solver failed:  The solver ECOS is not installed. 
Using SCS instead.
ECOS solver failed:  The solver ECOS is not installed. 
Using SCS instead.
ECOS solver failed:  The solver ECOS is not installed. 
Using SCS instead.
ECOS solver failed:  The solver ECOS is not installed. 
Using SCS instead.
ECOS solver failed:  The solver ECOS is not installed. 
Using SCS instead.
ECOS solver failed:  The solver ECOS is not installed. 
Using SCS instead.
M-step Design Matrix Calculation time (sec): 0.0350
ECOS solver failed in IPCW_HAL_init, falling back to SCS: The solver ECOS is not installed.
M-step CVXPY optimize time (sec): 0.6119
ECOS solver failed:  The solver ECOS is not installed. 
Using SCS instead.
ECOS solver failed:  The solver ECOS is not installed. 
Using SCS instead.
ECOS solver failed:  The solver ECOS is not installed. 
Using SCS instead.
ECOS solver failed:  The solver ECOS is not installed. 
Using SCS instead.
ECOS solver failed:  The solver ECOS is not installed. 
Using SCS instead.
ECOS solver failed:  The solver ECOS is not installed. 
Using SCS instead.
ECOS solver failed:  The solver ECOS is not installed. 
Using SCS instead.
ECOS solver failed:  The solver ECOS is not installed. 
Using SCS instead.
ECOS solver failed:  The solver ECOS is not installed. 
Using SCS instead.
ECOS solver failed:  The solver ECOS is not installed. 
Using SCS instead.
ECOS solver failed:  The solver ECOS is not installed. 
Using SCS instead.
ECOS solver failed:  The solver ECOS is not installed. 
Using SCS instead.
ECOS solver failed:  The solver ECOS is not installed. 
Using SCS instead.
ECOS solver failed:  The solver ECOS is not installed. 
Using SCS instead.
ECOS solver failed:  The solver ECOS is not installed. 
Using SCS instead.
ECOS solver failed:  The solver ECOS is not installed. 
Using SCS instead.
ECOS solver failed:  The solver ECOS is not installed. 
Using SCS instead.
ECOS solver failed:  The solver ECOS is not installed. 
Using SCS instead.
ECOS solver failed:  The solver ECOS is not installed. 
Using SCS instead.
ECOS solver failed:  The solver ECOS is not installed. 
Using SCS instead.
ECOS solver failed:  The solver ECOS is not installed. 
Using SCS instead.
M-step Design Matrix Calculation time (sec): 0.0685
ECOS solver failed in IPCW_HAL_init, falling back to SCS: The solver ECOS is not installed.
WARNING - large complementary slackness residual: 0.012718
M-step CVXPY optimize time (sec): 1.3764
ECOS solver failed:  The solver ECOS is not installed. 
Using SCS instead.
ECOS solver failed:  The solver ECOS is not installed. 
Using SCS instead.
ECOS solver failed:  The solver ECOS is not installed. 
Using SCS instead.
ECOS solver failed:  The solver ECOS is not installed. 
Using SCS instead.
ECOS solver failed:  The solver ECOS is not installed. 
Using SCS instead.
ECOS solver failed:  The solver ECOS is not installed. 
Using SCS instead.
ECOS solver failed:  The solver ECOS is not installed. 
Using SCS instead.
ECOS solver failed:  The solver ECOS is not installed. 
Using SCS instead.
ECOS solver failed:  The solver ECOS is not installed. 
Using SCS instead.
ECOS solver failed:  The solver ECOS is not installed. 
Using SCS instead.
ECOS solver failed:  The solver ECOS is not installed. 
Using SCS instead.
ECOS solver failed:  The solver ECOS is not installed. 
Using SCS instead.
ECOS solver failed:  The solver ECOS is not installed. 
Using SCS instead.
ECOS solver failed:  The solver ECOS is not installed. 
Using SCS instead.
ECOS solver failed:  The solver ECOS is not installed. 
Using SCS instead.
ECOS solver failed:  The solver ECOS is not installed. 
Using SCS instead.
ECOS solver failed:  The solver ECOS is not installed. 
Using SCS instead.
ECOS solver failed:  The solver ECOS is not installed. 
Using SCS instead.
ECOS solver failed:  The solver ECOS is not installed. 
Using SCS instead.
ECOS solver failed:  The solver ECOS is not installed. 
Using SCS instead.
ECOS solver failed:  The solver ECOS is not installed. 
Using SCS instead.
M-step Design Matrix Calculation time (sec): 0.0170
ECOS solver failed in IPCW_HAL_init, falling back to SCS: The solver ECOS is not installed.
M-step CVXPY optimize time (sec): 0.5259
ECOS solver failed:  The solver ECOS is not installed. 
Using SCS instead.
ECOS solver failed:  The solver ECOS is not installed. 
Using SCS instead.
ECOS solver failed:  The solver ECOS is not installed. 
Using SCS instead.
ECOS solver failed:  The solver ECOS is not installed. 
Using SCS instead.
ECOS solver failed:  The solver ECOS is not installed. 
Using SCS instead.
ECOS solver failed:  The solver ECOS is not installed. 
Using SCS instead.
ECOS solver failed:  The solver ECOS is not installed. 
Using SCS instead.
ECOS solver failed:  The solver ECOS is not installed. 
Using SCS instead.
ECOS solver failed:  The solver ECOS is not installed. 
Using SCS instead.
ECOS solver failed:  The solver ECOS is not installed. 
Using SCS instead.
ECOS solver failed:  The solver ECOS is not installed. 
Using SCS instead.
ECOS solver failed:  The solver ECOS is not installed. 
Using SCS instead.
ECOS solver failed:  The solver ECOS is not installed. 
Using SCS instead.
ECOS solver failed:  The solver ECOS is not installed. 
Using SCS instead.
ECOS solver failed:  The solver ECOS is not installed. 
Using SCS instead.
ECOS solver failed:  The solver ECOS is not installed. 
Using SCS instead.
ECOS solver failed:  The solver ECOS is not installed. 
Using SCS instead.
ECOS solver failed:  The solver ECOS is not installed. 
Using SCS instead.
ECOS solver failed:  The solver ECOS is not installed. 
Using SCS instead.
ECOS solver failed:  The solver ECOS is not installed. 
Using SCS instead.
ECOS solver failed:  The solver ECOS is not installed. 
Using SCS instead.
M-step Design Matrix Calculation time (sec): 0.0275
ECOS solver failed in IPCW_HAL_init, falling back to SCS: The solver ECOS is not installed.
WARNING - large complementary slackness residual: 0.009278
M-step CVXPY optimize time (sec): 1.2092
ECOS solver failed:  The solver ECOS is not installed. 
Using SCS instead.
ECOS solver failed:  The solver ECOS is not installed. 
Using SCS instead.
ECOS solver failed:  The solver ECOS is not installed. 
Using SCS instead.
ECOS solver failed:  The solver ECOS is not installed. 
Using SCS instead.
ECOS solver failed:  The solver ECOS is not installed. 
Using SCS instead.
ECOS solver failed:  The solver ECOS is not installed. 
Using SCS instead.
ECOS solver failed:  The solver ECOS is not installed. 
Using SCS instead.
ECOS solver failed:  The solver ECOS is not installed. 
Using SCS instead.
ECOS solver failed:  The solver ECOS is not installed. 
Using SCS instead.
ECOS solver failed:  The solver ECOS is not installed. 
Using SCS instead.
ECOS solver failed:  The solver ECOS is not installed. 
Using SCS instead.
ECOS solver failed:  The solver ECOS is not installed. 
Using SCS instead.
ECOS solver failed:  The solver ECOS is not installed. 
Using SCS instead.
ECOS solver failed:  The solver ECOS is not installed. 
Using SCS instead.
ECOS solver failed:  The solver ECOS is not installed. 
Using SCS instead.
ECOS solver failed:  The solver ECOS is not installed. 
Using SCS instead.
ECOS solver failed:  The solver ECOS is not installed. 
Using SCS instead.
ECOS solver failed:  The solver ECOS is not installed. 
Using SCS instead.
ECOS solver failed:  The solver ECOS is not installed. 
Using SCS instead.
ECOS solver failed:  The solver ECOS is not installed. 
Using SCS instead.
ECOS solver failed:  The solver ECOS is not installed. 
Using SCS instead.
M-step Design Matrix Calculation time (sec): 0.0180
ECOS solver failed in IPCW_HAL_init, falling back to SCS: The solver ECOS is not installed.
WARNING - large complementary slackness residual: 0.033219
M-step CVXPY optimize time (sec): 0.6352
ECOS solver failed:  The solver ECOS is not installed. 
Using SCS instead.
ECOS solver failed:  The solver ECOS is not installed. 
Using SCS instead.
ECOS solver failed:  The solver ECOS is not installed. 
Using SCS instead.
ECOS solver failed:  The solver ECOS is not installed. 
Using SCS instead.
ECOS solver failed:  The solver ECOS is not installed. 
Using SCS instead.
ECOS solver failed:  The solver ECOS is not installed. 
Using SCS instead.
ECOS solver failed:  The solver ECOS is not installed. 
Using SCS instead.
ECOS solver failed:  The solver ECOS is not installed. 
Using SCS instead.
ECOS solver failed:  The solver ECOS is not installed. 
Using SCS instead.
ECOS solver failed:  The solver ECOS is not installed. 
Using SCS instead.
ECOS solver failed:  The solver ECOS is not installed. 
Using SCS instead.
ECOS solver failed:  The solver ECOS is not installed. 
Using SCS instead.
ECOS solver failed:  The solver ECOS is not installed. 
Using SCS instead.
ECOS solver failed:  The solver ECOS is not installed. 
Using SCS instead.
ECOS solver failed:  The solver ECOS is not installed. 
Using SCS instead.
ECOS solver failed:  The solver ECOS is not installed. 
Using SCS instead.
ECOS solver failed:  The solver ECOS is not installed. 
Using SCS instead.
ECOS solver failed:  The solver ECOS is not installed. 
Using SCS instead.
ECOS solver failed:  The solver ECOS is not installed. 
Using SCS instead.
ECOS solver failed:  The solver ECOS is not installed. 
Using SCS instead.
ECOS solver failed:  The solver ECOS is not installed. 
Using SCS instead.
M-step Design Matrix Calculation time (sec): 0.0177
ECOS solver failed in IPCW_HAL_init, falling back to SCS: The solver ECOS is not installed.
WARNING - large complementary slackness residual: 0.015580
M-step CVXPY optimize time (sec): 1.4556
ECOS solver failed:  The solver ECOS is not installed. 
Using SCS instead.
ECOS solver failed:  The solver ECOS is not installed. 
Using SCS instead.
ECOS solver failed:  The solver ECOS is not installed. 
Using SCS instead.
ECOS solver failed:  The solver ECOS is not installed. 
Using SCS instead.
ECOS solver failed:  The solver ECOS is not installed. 
Using SCS instead.
ECOS solver failed:  The solver ECOS is not installed. 
Using SCS instead.
ECOS solver failed:  The solver ECOS is not installed. 
Using SCS instead.
ECOS solver failed:  The solver ECOS is not installed. 
Using SCS instead.
ECOS solver failed:  The solver ECOS is not installed. 
Using SCS instead.
ECOS solver failed:  The solver ECOS is not installed. 
Using SCS instead.
ECOS solver failed:  The solver ECOS is not installed. 
Using SCS instead.
ECOS solver failed:  The solver ECOS is not installed. 
Using SCS instead.
ECOS solver failed:  The solver ECOS is not installed. 
Using SCS instead.
ECOS solver failed:  The solver ECOS is not installed. 
Using SCS instead.
ECOS solver failed:  The solver ECOS is not installed. 
Using SCS instead.
ECOS solver failed:  The solver ECOS is not installed. 
Using SCS instead.
ECOS solver failed:  The solver ECOS is not installed. 
Using SCS instead.
ECOS solver failed:  The solver ECOS is not installed. 
Using SCS instead.
ECOS solver failed:  The solver ECOS is not installed. 
Using SCS instead.
ECOS solver failed:  The solver ECOS is not installed. 
Using SCS instead.
ECOS solver failed:  The solver ECOS is not installed. 
Using SCS instead.
M-step Design Matrix Calculation time (sec): 0.0173
ECOS solver failed in IPCW_HAL_init, falling back to SCS: The solver ECOS is not installed.
WARNING - large complementary slackness residual: 0.024153
M-step CVXPY optimize time (sec): 1.2293
ECOS solver failed:  The solver ECOS is not installed. 
Using SCS instead.
ECOS solver failed:  The solver ECOS is not installed. 
Using SCS instead.
ECOS solver failed:  The solver ECOS is not installed. 
Using SCS instead.
ECOS solver failed:  The solver ECOS is not installed. 
Using SCS instead.
ECOS solver failed:  The solver ECOS is not installed. 
Using SCS instead.
ECOS solver failed:  The solver ECOS is not installed. 
Using SCS instead.
ECOS solver failed:  The solver ECOS is not installed. 
Using SCS instead.
ECOS solver failed:  The solver ECOS is not installed. 
Using SCS instead.
ECOS solver failed:  The solver ECOS is not installed. 
Using SCS instead.
ECOS solver failed:  The solver ECOS is not installed. 
Using SCS instead.
ECOS solver failed:  The solver ECOS is not installed. 
Using SCS instead.
ECOS solver failed:  The solver ECOS is not installed. 
Using SCS instead.
ECOS solver failed:  The solver ECOS is not installed. 
Using SCS instead.
ECOS solver failed:  The solver ECOS is not installed. 
Using SCS instead.
ECOS solver failed:  The solver ECOS is not installed. 
Using SCS instead.
ECOS solver failed:  The solver ECOS is not installed. 
Using SCS instead.
ECOS solver failed:  The solver ECOS is not installed. 
Using SCS instead.
ECOS solver failed:  The solver ECOS is not installed. 
Using SCS instead.
ECOS solver failed:  The solver ECOS is not installed. 
Using SCS instead.
ECOS solver failed:  The solver ECOS is not installed. 
Using SCS instead.
ECOS solver failed:  The solver ECOS is not installed. 
Using SCS instead.
M-step Design Matrix Calculation time (sec): 0.0332
ECOS solver failed in IPCW_HAL_init, falling back to SCS: The solver ECOS is not installed.
WARNING - large complementary slackness residual: 0.013230
M-step CVXPY optimize time (sec): 0.3767
ECOS solver failed:  The solver ECOS is not installed. 
Using SCS instead.
ECOS solver failed:  The solver ECOS is not installed. 
Using SCS instead.
ECOS solver failed:  The solver ECOS is not installed. 
Using SCS instead.
ECOS solver failed:  The solver ECOS is not installed. 
Using SCS instead.
ECOS solver failed:  The solver ECOS is not installed. 
Using SCS instead.
ECOS solver failed:  The solver ECOS is not installed. 
Using SCS instead.
ECOS solver failed:  The solver ECOS is not installed. 
Using SCS instead.
ECOS solver failed:  The solver ECOS is not installed. 
Using SCS instead.
ECOS solver failed:  The solver ECOS is not installed. 
Using SCS instead.
ECOS solver failed:  The solver ECOS is not installed. 
Using SCS instead.
ECOS solver failed:  The solver ECOS is not installed. 
Using SCS instead.
ECOS solver failed:  The solver ECOS is not installed. 
Using SCS instead.
ECOS solver failed:  The solver ECOS is not installed. 
Using SCS instead.
ECOS solver failed:  The solver ECOS is not installed. 
Using SCS instead.
ECOS solver failed:  The solver ECOS is not installed. 
Using SCS instead.
ECOS solver failed:  The solver ECOS is not installed. 
Using SCS instead.
ECOS solver failed:  The solver ECOS is not installed. 
Using SCS instead.
ECOS solver failed:  The solver ECOS is not installed. 
Using SCS instead.
ECOS solver failed:  The solver ECOS is not installed. 
Using SCS instead.
ECOS solver failed:  The solver ECOS is not installed. 
Using SCS instead.
ECOS solver failed:  The solver ECOS is not installed. 
Using SCS instead.
M-step Design Matrix Calculation time (sec): 0.0167
ECOS solver failed in IPCW_HAL_init, falling back to SCS: The solver ECOS is not installed.
WARNING - large complementary slackness residual: 0.016353
M-step CVXPY optimize time (sec): 1.4056
ECOS solver failed:  The solver ECOS is not installed. 
Using SCS instead.
ECOS solver failed:  The solver ECOS is not installed. 
Using SCS instead.
ECOS solver failed:  The solver ECOS is not installed. 
Using SCS instead.
ECOS solver failed:  The solver ECOS is not installed. 
Using SCS instead.
ECOS solver failed:  The solver ECOS is not installed. 
Using SCS instead.
ECOS solver failed:  The solver ECOS is not installed. 
Using SCS instead.
ECOS solver failed:  The solver ECOS is not installed. 
Using SCS instead.
ECOS solver failed:  The solver ECOS is not installed. 
Using SCS instead.
ECOS solver failed:  The solver ECOS is not installed. 
Using SCS instead.
ECOS solver failed:  The solver ECOS is not installed. 
Using SCS instead.
ECOS solver failed:  The solver ECOS is not installed. 
Using SCS instead.
ECOS solver failed:  The solver ECOS is not installed. 
Using SCS instead.
ECOS solver failed:  The solver ECOS is not installed. 
Using SCS instead.
ECOS solver failed:  The solver ECOS is not installed. 
Using SCS instead.
ECOS solver failed:  The solver ECOS is not installed. 
Using SCS instead.
ECOS solver failed:  The solver ECOS is not installed. 
Using SCS instead.
ECOS solver failed:  The solver ECOS is not installed. 
Using SCS instead.
ECOS solver failed:  The solver ECOS is not installed. 
Using SCS instead.
ECOS solver failed:  The solver ECOS is not installed. 
Using SCS instead.
ECOS solver failed:  The solver ECOS is not installed. 
Using SCS instead.
ECOS solver failed:  The solver ECOS is not installed. 
Using SCS instead.
M-step Design Matrix Calculation time (sec): 0.0370
ECOS solver failed in IPCW_HAL_init, falling back to SCS: The solver ECOS is not installed.
WARNING - large complementary slackness residual: 0.033032
M-step CVXPY optimize time (sec): 1.1555
ECOS solver failed:  The solver ECOS is not installed. 
Using SCS instead.
ECOS solver failed:  The solver ECOS is not installed. 
Using SCS instead.
ECOS solver failed:  The solver ECOS is not installed. 
Using SCS instead.
ECOS solver failed:  The solver ECOS is not installed. 
Using SCS instead.
ECOS solver failed:  The solver ECOS is not installed. 
Using SCS instead.
ECOS solver failed:  The solver ECOS is not installed. 
Using SCS instead.
ECOS solver failed:  The solver ECOS is not installed. 
Using SCS instead.
ECOS solver failed:  The solver ECOS is not installed. 
Using SCS instead.
ECOS solver failed:  The solver ECOS is not installed. 
Using SCS instead.
ECOS solver failed:  The solver ECOS is not installed. 
Using SCS instead.
ECOS solver failed:  The solver ECOS is not installed. 
Using SCS instead.
ECOS solver failed:  The solver ECOS is not installed. 
Using SCS instead.
ECOS solver failed:  The solver ECOS is not installed. 
Using SCS instead.
ECOS solver failed:  The solver ECOS is not installed. 
Using SCS instead.
ECOS solver failed:  The solver ECOS is not installed. 
Using SCS instead.
ECOS solver failed:  The solver ECOS is not installed. 
Using SCS instead.
ECOS solver failed:  The solver ECOS is not installed. 
Using SCS instead.
ECOS solver failed:  The solver ECOS is not installed. 
Using SCS instead.
ECOS solver failed:  The solver ECOS is not installed. 
Using SCS instead.
ECOS solver failed:  The solver ECOS is not installed. 
Using SCS instead.
ECOS solver failed:  The solver ECOS is not installed. 
Using SCS instead.
M-step Design Matrix Calculation time (sec): 0.0178
ECOS solver failed in IPCW_HAL_init, falling back to SCS: The solver ECOS is not installed.
M-step CVXPY optimize time (sec): 0.4807
ECOS solver failed:  The solver ECOS is not installed. 
Using SCS instead.
ECOS solver failed:  The solver ECOS is not installed. 
Using SCS instead.
ECOS solver failed:  The solver ECOS is not installed. 
Using SCS instead.
ECOS solver failed:  The solver ECOS is not installed. 
Using SCS instead.
ECOS solver failed:  The solver ECOS is not installed. 
Using SCS instead.
ECOS solver failed:  The solver ECOS is not installed. 
Using SCS instead.
ECOS solver failed:  The solver ECOS is not installed. 
Using SCS instead.
ECOS solver failed:  The solver ECOS is not installed. 
Using SCS instead.
ECOS solver failed:  The solver ECOS is not installed. 
Using SCS instead.
ECOS solver failed:  The solver ECOS is not installed. 
Using SCS instead.
ECOS solver failed:  The solver ECOS is not installed. 
Using SCS instead.
ECOS solver failed:  The solver ECOS is not installed. 
Using SCS instead.
ECOS solver failed:  The solver ECOS is not installed. 
Using SCS instead.
ECOS solver failed:  The solver ECOS is not installed. 
Using SCS instead.
ECOS solver failed:  The solver ECOS is not installed. 
Using SCS instead.
ECOS solver failed:  The solver ECOS is not installed. 
Using SCS instead.
ECOS solver failed:  The solver ECOS is not installed. 
Using SCS instead.
ECOS solver failed:  The solver ECOS is not installed. 
Using SCS instead.
ECOS solver failed:  The solver ECOS is not installed. 
Using SCS instead.
ECOS solver failed:  The solver ECOS is not installed. 
Using SCS instead.
ECOS solver failed:  The solver ECOS is not installed. 
Using SCS instead.
M-step Design Matrix Calculation time (sec): 0.0181
ECOS solver failed in IPCW_HAL_init, falling back to SCS: The solver ECOS is not installed.
M-step CVXPY optimize time (sec): 0.4106
ECOS solver failed:  The solver ECOS is not installed. 
Using SCS instead.
ECOS solver failed:  The solver ECOS is not installed. 
Using SCS instead.
ECOS solver failed:  The solver ECOS is not installed. 
Using SCS instead.
ECOS solver failed:  The solver ECOS is not installed. 
Using SCS instead.
ECOS solver failed:  The solver ECOS is not installed. 
Using SCS instead.
ECOS solver failed:  The solver ECOS is not installed. 
Using SCS instead.
ECOS solver failed:  The solver ECOS is not installed. 
Using SCS instead.
ECOS solver failed:  The solver ECOS is not installed. 
Using SCS instead.
ECOS solver failed:  The solver ECOS is not installed. 
Using SCS instead.
ECOS solver failed:  The solver ECOS is not installed. 
Using SCS instead.
ECOS solver failed:  The solver ECOS is not installed. 
Using SCS instead.
ECOS solver failed:  The solver ECOS is not installed. 
Using SCS instead.
ECOS solver failed:  The solver ECOS is not installed. 
Using SCS instead.
ECOS solver failed:  The solver ECOS is not installed. 
Using SCS instead.
ECOS solver failed:  The solver ECOS is not installed. 
Using SCS instead.
ECOS solver failed:  The solver ECOS is not installed. 
Using SCS instead.
ECOS solver failed:  The solver ECOS is not installed. 
Using SCS instead.
ECOS solver failed:  The solver ECOS is not installed. 
Using SCS instead.
ECOS solver failed:  The solver ECOS is not installed. 
Using SCS instead.
ECOS solver failed:  The solver ECOS is not installed. 
Using SCS instead.
ECOS solver failed:  The solver ECOS is not installed. 
Using SCS instead.
M-step Design Matrix Calculation time (sec): 0.0529
ECOS solver failed in IPCW_HAL_init, falling back to SCS: The solver ECOS is not installed.
WARNING - large complementary slackness residual: 0.010599
M-step CVXPY optimize time (sec): 0.7263
ECOS solver failed:  The solver ECOS is not installed. 
Using SCS instead.
ECOS solver failed:  The solver ECOS is not installed. 
Using SCS instead.
ECOS solver failed:  The solver ECOS is not installed. 
Using SCS instead.
ECOS solver failed:  The solver ECOS is not installed. 
Using SCS instead.
ECOS solver failed:  The solver ECOS is not installed. 
Using SCS instead.
ECOS solver failed:  The solver ECOS is not installed. 
Using SCS instead.
ECOS solver failed:  The solver ECOS is not installed. 
Using SCS instead.
ECOS solver failed:  The solver ECOS is not installed. 
Using SCS instead.
ECOS solver failed:  The solver ECOS is not installed. 
Using SCS instead.
ECOS solver failed:  The solver ECOS is not installed. 
Using SCS instead.
ECOS solver failed:  The solver ECOS is not installed. 
Using SCS instead.
ECOS solver failed:  The solver ECOS is not installed. 
Using SCS instead.
ECOS solver failed:  The solver ECOS is not installed. 
Using SCS instead.
ECOS solver failed:  The solver ECOS is not installed. 
Using SCS instead.
ECOS solver failed:  The solver ECOS is not installed. 
Using SCS instead.
ECOS solver failed:  The solver ECOS is not installed. 
Using SCS instead.
ECOS solver failed:  The solver ECOS is not installed. 
Using SCS instead.
ECOS solver failed:  The solver ECOS is not installed. 
Using SCS instead.
ECOS solver failed:  The solver ECOS is not installed. 
Using SCS instead.
ECOS solver failed:  The solver ECOS is not installed. 
Using SCS instead.
ECOS solver failed:  The solver ECOS is not installed. 
Using SCS instead.
M-step Design Matrix Calculation time (sec): 0.0186
ECOS solver failed in IPCW_HAL_init, falling back to SCS: The solver ECOS is not installed.
M-step CVXPY optimize time (sec): 0.2407
ECOS solver failed:  The solver ECOS is not installed. 
Using SCS instead.
ECOS solver failed:  The solver ECOS is not installed. 
Using SCS instead.
ECOS solver failed:  The solver ECOS is not installed. 
Using SCS instead.
ECOS solver failed:  The solver ECOS is not installed. 
Using SCS instead.
ECOS solver failed:  The solver ECOS is not installed. 
Using SCS instead.
ECOS solver failed:  The solver ECOS is not installed. 
Using SCS instead.
ECOS solver failed:  The solver ECOS is not installed. 
Using SCS instead.
ECOS solver failed:  The solver ECOS is not installed. 
Using SCS instead.
ECOS solver failed:  The solver ECOS is not installed. 
Using SCS instead.
ECOS solver failed:  The solver ECOS is not installed. 
Using SCS instead.
ECOS solver failed:  The solver ECOS is not installed. 
Using SCS instead.
ECOS solver failed:  The solver ECOS is not installed. 
Using SCS instead.
ECOS solver failed:  The solver ECOS is not installed. 
Using SCS instead.
ECOS solver failed:  The solver ECOS is not installed. 
Using SCS instead.
ECOS solver failed:  The solver ECOS is not installed. 
Using SCS instead.
ECOS solver failed:  The solver ECOS is not installed. 
Using SCS instead.
ECOS solver failed:  The solver ECOS is not installed. 
Using SCS instead.
ECOS solver failed:  The solver ECOS is not installed. 
Using SCS instead.
ECOS solver failed:  The solver ECOS is not installed. 
Using SCS instead.
ECOS solver failed:  The solver ECOS is not installed. 
Using SCS instead.
ECOS solver failed:  The solver ECOS is not installed. 
Using SCS instead.
M-step Design Matrix Calculation time (sec): 0.0179
ECOS solver failed in IPCW_HAL_init, falling back to SCS: The solver ECOS is not installed.
WARNING - large complementary slackness residual: 0.012338
M-step CVXPY optimize time (sec): 1.2179
ECOS solver failed:  The solver ECOS is not installed. 
Using SCS instead.
ECOS solver failed:  The solver ECOS is not installed. 
Using SCS instead.
ECOS solver failed:  The solver ECOS is not installed. 
Using SCS instead.
ECOS solver failed:  The solver ECOS is not installed. 
Using SCS instead.
ECOS solver failed:  The solver ECOS is not installed. 
Using SCS instead.
ECOS solver failed:  The solver ECOS is not installed. 
Using SCS instead.
ECOS solver failed:  The solver ECOS is not installed. 
Using SCS instead.
ECOS solver failed:  The solver ECOS is not installed. 
Using SCS instead.
ECOS solver failed:  The solver ECOS is not installed. 
Using SCS instead.
ECOS solver failed:  The solver ECOS is not installed. 
Using SCS instead.
ECOS solver failed:  The solver ECOS is not installed. 
Using SCS instead.
ECOS solver failed:  The solver ECOS is not installed. 
Using SCS instead.
ECOS solver failed:  The solver ECOS is not installed. 
Using SCS instead.
ECOS solver failed:  The solver ECOS is not installed. 
Using SCS instead.
ECOS solver failed:  The solver ECOS is not installed. 
Using SCS instead.
ECOS solver failed:  The solver ECOS is not installed. 
Using SCS instead.
ECOS solver failed:  The solver ECOS is not installed. 
Using SCS instead.
ECOS solver failed:  The solver ECOS is not installed. 
Using SCS instead.
ECOS solver failed:  The solver ECOS is not installed. 
Using SCS instead.
ECOS solver failed:  The solver ECOS is not installed. 
Using SCS instead.
ECOS solver failed:  The solver ECOS is not installed. 
Using SCS instead.
M-step Design Matrix Calculation time (sec): 0.0175
ECOS solver failed in IPCW_HAL_init, falling back to SCS: The solver ECOS is not installed.
WARNING - large complementary slackness residual: 0.023019
M-step CVXPY optimize time (sec): 0.6143
ECOS solver failed:  The solver ECOS is not installed. 
Using SCS instead.
ECOS solver failed:  The solver ECOS is not installed. 
Using SCS instead.
ECOS solver failed:  The solver ECOS is not installed. 
Using SCS instead.
ECOS solver failed:  The solver ECOS is not installed. 
Using SCS instead.
ECOS solver failed:  The solver ECOS is not installed. ECOS solver failed:  The solver ECOS is not installed. 
Using SCS instead.
ECOS solver failed:  The solver ECOS is not installed. 
Using SCS instead.
ECOS solver failed:  The solver ECOS is not installed. 
Using SCS instead.
ECOS solver failed:  The solver ECOS is not installed. 
Using SCS instead.
ECOS solver failed:  The solver ECOS is not installed. 
Using SCS instead.
ECOS solver failed:  The solver ECOS is not installed. 
Using SCS instead.
ECOS solver failed:  The solver ECOS is not installed. 
Using SCS instead.
ECOS solver failed:  The solver ECOS is not installed. 
Using SCS instead.
ECOS solver failed:  The solver ECOS is not installed. 
Using SCS instead.
ECOS solver failed:  The solver ECOS is not installed. 
Using SCS instead.
ECOS solver failed:  The solver ECOS is not installed. 
Using SCS instead.
ECOS solver failed:  The solver ECOS is not installed. 
Using SCS instead.
ECOS solver failed:  The solver ECOS is not installed. 
Using SCS instead.
ECOS solver failed:  The solver ECOS is not installed. 
Using SCS instead.
ECOS solver failed:  The solver ECOS is not installed. 
Using SCS instead.
ECOS solver failed:  The solver ECOS is not installed. 
Using SCS instead.
ECOS solver failed:  The solver ECOS is not installed. 
Using SCS instead.
ECOS solver failed:  The solver ECOS is not installed. 
Using SCS instead.
ECOS solver failed:  The solver ECOS is not installed. 
Using SCS instead.
ECOS solver failed:  The solver ECOS is not installed. 
Using SCS instead.
ECOS solver failed:  The solver ECOS is not installed. 
Using SCS instead.
M-step Design Matrix Calculation time (sec): 0.1635
ECOS solver failed in IPCW_HAL_init, falling back to SCS: The solver ECOS is not installed.
WARNING - large complementary slackness residual: 0.026516
M-step CVXPY optimize time (sec): 0.8231
ECOS solver failed:  The solver ECOS is not installed. 
Using SCS instead.
ECOS solver failed:  The solver ECOS is not installed. 
Using SCS instead.
ECOS solver failed:  The solver ECOS is not installed. 
Using SCS instead.
ECOS solver failed:  The solver ECOS is not installed. 
Using SCS instead.
ECOS solver failed:  The solver ECOS is not installed. 
Using SCS instead.
ECOS solver failed:  The solver ECOS is not installed. 
Using SCS instead.
ECOS solver failed:  The solver ECOS is not installed. 
Using SCS instead.
ECOS solver failed:  The solver ECOS is not installed. 
Using SCS instead.
ECOS solver failed:  The solver ECOS is not installed. 
Using SCS instead.
ECOS solver failed:  The solver ECOS is not installed. 
Using SCS instead.
ECOS solver failed:  The solver ECOS is not installed. 
Using SCS instead.
ECOS solver failed:  The solver ECOS is not installed. 
Using SCS instead.
ECOS solver failed:  The solver ECOS is not installed. 
Using SCS instead.
ECOS solver failed:  The solver ECOS is not installed. 
Using SCS instead.
ECOS solver failed:  The solver ECOS is not installed. 
Using SCS instead.
ECOS solver failed:  The solver ECOS is not installed. 
Using SCS instead.
ECOS solver failed:  The solver ECOS is not installed. 
Using SCS instead.
ECOS solver failed:  The solver ECOS is not installed. 
Using SCS instead.
ECOS solver failed:  The solver ECOS is not installed. 
Using SCS instead.
ECOS solver failed:  The solver ECOS is not installed. 
Using SCS instead.
ECOS solver failed:  The solver ECOS is not installed. 
Using SCS instead.
M-step Design Matrix Calculation time (sec): 0.0166
ECOS solver failed in IPCW_HAL_init, falling back to SCS: The solver ECOS is not installed.
M-step CVXPY optimize time (sec): 0.5020
ECOS solver failed:  The solver ECOS is not installed. 
Using SCS instead.
ECOS solver failed:  The solver ECOS is not installed. 
Using SCS instead.
ECOS solver failed:  The solver ECOS is not installed. 
Using SCS instead.
ECOS solver failed:  The solver ECOS is not installed. 
Using SCS instead.
ECOS solver failed:  The solver ECOS is not installed. 
Using SCS instead.
ECOS solver failed:  The solver ECOS is not installed. 
Using SCS instead.
ECOS solver failed:  The solver ECOS is not installed. 
Using SCS instead.
ECOS solver failed:  The solver ECOS is not installed. 
Using SCS instead.
ECOS solver failed:  The solver ECOS is not installed. 
Using SCS instead.
ECOS solver failed:  The solver ECOS is not installed. 
Using SCS instead.
ECOS solver failed:  The solver ECOS is not installed. 
Using SCS instead.
ECOS solver failed:  The solver ECOS is not installed. 
Using SCS instead.
ECOS solver failed:  The solver ECOS is not installed. 
Using SCS instead.
ECOS solver failed:  The solver ECOS is not installed. 
Using SCS instead.
ECOS solver failed:  The solver ECOS is not installed. 
Using SCS instead.
ECOS solver failed:  The solver ECOS is not installed. 
Using SCS instead.
ECOS solver failed:  The solver ECOS is not installed. 
Using SCS instead.
ECOS solver failed:  The solver ECOS is not installed. 
Using SCS instead.
ECOS solver failed:  The solver ECOS is not installed. 
Using SCS instead.
ECOS solver failed:  The solver ECOS is not installed. 
Using SCS instead.
ECOS solver failed:  The solver ECOS is not installed. 
Using SCS instead.
M-step Design Matrix Calculation time (sec): 0.0353
ECOS solver failed in IPCW_HAL_init, falling back to SCS: The solver ECOS is not installed.
WARNING - large complementary slackness residual: 0.012346
M-step CVXPY optimize time (sec): 1.1766
ECOS solver failed:  The solver ECOS is not installed. 
Using SCS instead.
ECOS solver failed:  The solver ECOS is not installed. 
Using SCS instead.
ECOS solver failed:  The solver ECOS is not installed. 
Using SCS instead.
ECOS solver failed:  The solver ECOS is not installed. 
Using SCS instead.
ECOS solver failed:  The solver ECOS is not installed. 
Using SCS instead.
ECOS solver failed:  The solver ECOS is not installed. 
Using SCS instead.
ECOS solver failed:  The solver ECOS is not installed. 
Using SCS instead.
ECOS solver failed:  The solver ECOS is not installed. 
Using SCS instead.
ECOS solver failed:  The solver ECOS is not installed. 
Using SCS instead.
ECOS solver failed:  The solver ECOS is not installed. 
Using SCS instead.
ECOS solver failed:  The solver ECOS is not installed. 
Using SCS instead.
ECOS solver failed:  The solver ECOS is not installed. 
Using SCS instead.
ECOS solver failed:  The solver ECOS is not installed. 
Using SCS instead.
ECOS solver failed:  The solver ECOS is not installed. 
Using SCS instead.
ECOS solver failed:  The solver ECOS is not installed. 
Using SCS instead.
ECOS solver failed:  The solver ECOS is not installed. 
Using SCS instead.
ECOS solver failed:  The solver ECOS is not installed. 
Using SCS instead.
ECOS solver failed:  The solver ECOS is not installed. 
Using SCS instead.
ECOS solver failed:  The solver ECOS is not installed. 
Using SCS instead.
ECOS solver failed:  The solver ECOS is not installed. 
Using SCS instead.
ECOS solver failed:  The solver ECOS is not installed. 
Using SCS instead.
M-step Design Matrix Calculation time (sec): 0.0530
ECOS solver failed in IPCW_HAL_init, falling back to SCS: The solver ECOS is not installed.
WARNING - large complementary slackness residual: 0.015543
M-step CVXPY optimize time (sec): 1.2430
ECOS solver failed:  The solver ECOS is not installed. 
Using SCS instead.
ECOS solver failed:  The solver ECOS is not installed. 
Using SCS instead.
ECOS solver failed:  The solver ECOS is not installed. 
Using SCS instead.
ECOS solver failed:  The solver ECOS is not installed. 
Using SCS instead.
ECOS solver failed:  The solver ECOS is not installed. 
Using SCS instead.
ECOS solver failed:  The solver ECOS is not installed. 
Using SCS instead.
ECOS solver failed:  The solver ECOS is not installed. 
Using SCS instead.
ECOS solver failed:  The solver ECOS is not installed. 
Using SCS instead.
ECOS solver failed:  The solver ECOS is not installed. 
Using SCS instead.
ECOS solver failed:  The solver ECOS is not installed. 
Using SCS instead.
ECOS solver failed:  The solver ECOS is not installed. 
Using SCS instead.
ECOS solver failed:  The solver ECOS is not installed. 
Using SCS instead.
ECOS solver failed:  The solver ECOS is not installed. 
Using SCS instead.
ECOS solver failed:  The solver ECOS is not installed. 
Using SCS instead.
ECOS solver failed:  The solver ECOS is not installed. 
Using SCS instead.
ECOS solver failed:  The solver ECOS is not installed. 
Using SCS instead.
ECOS solver failed:  The solver ECOS is not installed. 
Using SCS instead.
ECOS solver failed:  The solver ECOS is not installed. 
Using SCS instead.
ECOS solver failed:  The solver ECOS is not installed. 
Using SCS instead.
ECOS solver failed:  The solver ECOS is not installed. 
Using SCS instead.
ECOS solver failed:  The solver ECOS is not installed. 
Using SCS instead.
M-step Design Matrix Calculation time (sec): 0.0194
ECOS solver failed in IPCW_HAL_init, falling back to SCS: The solver ECOS is not installed.
WARNING - large complementary slackness residual: 0.006895
M-step CVXPY optimize time (sec): 1.3106
ECOS solver failed:  The solver ECOS is not installed. 
Using SCS instead.
ECOS solver failed:  The solver ECOS is not installed. 
Using SCS instead.
ECOS solver failed:  The solver ECOS is not installed. 
Using SCS instead.
ECOS solver failed:  The solver ECOS is not installed. 
Using SCS instead.
ECOS solver failed:  The solver ECOS is not installed. 
Using SCS instead.
ECOS solver failed:  The solver ECOS is not installed. 
Using SCS instead.
ECOS solver failed:  The solver ECOS is not installed. 
Using SCS instead.
ECOS solver failed:  The solver ECOS is not installed. 
Using SCS instead.
ECOS solver failed:  The solver ECOS is not installed. 
Using SCS instead.
ECOS solver failed:  The solver ECOS is not installed. 
Using SCS instead.
ECOS solver failed:  The solver ECOS is not installed. 
Using SCS instead.
ECOS solver failed:  The solver ECOS is not installed. 
Using SCS instead.
ECOS solver failed:  The solver ECOS is not installed. 
Using SCS instead.
ECOS solver failed:  The solver ECOS is not installed. 
Using SCS instead.
ECOS solver failed:  The solver ECOS is not installed. 
Using SCS instead.
ECOS solver failed:  The solver ECOS is not installed. 
Using SCS instead.
ECOS solver failed:  The solver ECOS is not installed. 
Using SCS instead.
ECOS solver failed:  The solver ECOS is not installed. 
Using SCS instead.
ECOS solver failed:  The solver ECOS is not installed. 
Using SCS instead.
ECOS solver failed:  The solver ECOS is not installed. 
Using SCS instead.
ECOS solver failed:  The solver ECOS is not installed. 
Using SCS instead.
M-step Design Matrix Calculation time (sec): 0.0163
ECOS solver failed in IPCW_HAL_init, falling back to SCS: The solver ECOS is not installed.
WARNING - large complementary slackness residual: 0.006318
M-step CVXPY optimize time (sec): 1.2166
ECOS solver failed:  The solver ECOS is not installed. 
Using SCS instead.
ECOS solver failed:  The solver ECOS is not installed. 
Using SCS instead.
ECOS solver failed:  The solver ECOS is not installed. 
Using SCS instead.
ECOS solver failed:  The solver ECOS is not installed. 
Using SCS instead.
ECOS solver failed:  The solver ECOS is not installed. 
Using SCS instead.
ECOS solver failed:  The solver ECOS is not installed. 
Using SCS instead.
ECOS solver failed:  The solver ECOS is not installed. 
Using SCS instead.
ECOS solver failed:  The solver ECOS is not installed. 
Using SCS instead.
ECOS solver failed:  The solver ECOS is not installed. 
Using SCS instead.
ECOS solver failed:  The solver ECOS is not installed. 
Using SCS instead.
ECOS solver failed:  The solver ECOS is not installed. 
Using SCS instead.
ECOS solver failed:  The solver ECOS is not installed. 
Using SCS instead.
ECOS solver failed:  The solver ECOS is not installed. 
Using SCS instead.
ECOS solver failed:  The solver ECOS is not installed. 
Using SCS instead.
ECOS solver failed:  The solver ECOS is not installed. 
Using SCS instead.
ECOS solver failed:  The solver ECOS is not installed. 
Using SCS instead.
ECOS solver failed:  The solver ECOS is not installed. 
Using SCS instead.
ECOS solver failed:  The solver ECOS is not installed. 
Using SCS instead.
ECOS solver failed:  The solver ECOS is not installed. 
Using SCS instead.
ECOS solver failed:  The solver ECOS is not installed. 
Using SCS instead.
ECOS solver failed:  The solver ECOS is not installed. 
Using SCS instead.
M-step Design Matrix Calculation time (sec): 0.0189
ECOS solver failed in IPCW_HAL_init, falling back to SCS: The solver ECOS is not installed.
WARNING - large complementary slackness residual: 0.005365
M-step CVXPY optimize time (sec): 1.1618
ECOS solver failed:  The solver ECOS is not installed. 
Using SCS instead.
ECOS solver failed:  The solver ECOS is not installed. 
Using SCS instead.
ECOS solver failed:  The solver ECOS is not installed. 
Using SCS instead.
ECOS solver failed:  The solver ECOS is not installed. 
Using SCS instead.
ECOS solver failed:  The solver ECOS is not installed. 
Using SCS instead.
ECOS solver failed:  The solver ECOS is not installed. 
Using SCS instead.
ECOS solver failed:  The solver ECOS is not installed. 
Using SCS instead.
ECOS solver failed:  The solver ECOS is not installed. 
Using SCS instead.
ECOS solver failed:  The solver ECOS is not installed. 
Using SCS instead.
ECOS solver failed:  The solver ECOS is not installed. 
Using SCS instead.
ECOS solver failed:  The solver ECOS is not installed. 
Using SCS instead.
ECOS solver failed:  The solver ECOS is not installed. 
Using SCS instead.
ECOS solver failed:  The solver ECOS is not installed. 
Using SCS instead.
ECOS solver failed:  The solver ECOS is not installed. 
Using SCS instead.
ECOS solver failed:  The solver ECOS is not installed. 
Using SCS instead.
ECOS solver failed:  The solver ECOS is not installed. 
Using SCS instead.
ECOS solver failed:  The solver ECOS is not installed. 
Using SCS instead.
ECOS solver failed:  The solver ECOS is not installed. 
Using SCS instead.
ECOS solver failed:  The solver ECOS is not installed. 
Using SCS instead.
ECOS solver failed:  The solver ECOS is not installed. 
Using SCS instead.
ECOS solver failed:  The solver ECOS is not installed. 
Using SCS instead.
M-step Design Matrix Calculation time (sec): 0.0195
ECOS solver failed in IPCW_HAL_init, falling back to SCS: The solver ECOS is not installed.
M-step CVXPY optimize time (sec): 0.4796
ECOS solver failed:  The solver ECOS is not installed. 
Using SCS instead.
ECOS solver failed:  The solver ECOS is not installed. 
Using SCS instead.
ECOS solver failed:  The solver ECOS is not installed. 
Using SCS instead.
ECOS solver failed:  The solver ECOS is not installed. 
Using SCS instead.
ECOS solver failed:  The solver ECOS is not installed. 
Using SCS instead.
ECOS solver failed:  The solver ECOS is not installed. 
Using SCS instead.
ECOS solver failed:  The solver ECOS is not installed. 
Using SCS instead.
ECOS solver failed:  The solver ECOS is not installed. 
Using SCS instead.
ECOS solver failed:  The solver ECOS is not installed. 
Using SCS instead.
ECOS solver failed:  The solver ECOS is not installed. 
Using SCS instead.
ECOS solver failed:  The solver ECOS is not installed. 
Using SCS instead.
ECOS solver failed:  The solver ECOS is not installed. 
Using SCS instead.
ECOS solver failed:  The solver ECOS is not installed. 
Using SCS instead.
ECOS solver failed:  The solver ECOS is not installed. 
Using SCS instead.
ECOS solver failed:  The solver ECOS is not installed. 
Using SCS instead.
ECOS solver failed:  The solver ECOS is not installed. 
Using SCS instead.
ECOS solver failed:  The solver ECOS is not installed. 
Using SCS instead.
ECOS solver failed:  The solver ECOS is not installed. 
Using SCS instead.
ECOS solver failed:  The solver ECOS is not installed. 
Using SCS instead.
ECOS solver failed:  The solver ECOS is not installed. 
Using SCS instead.
ECOS solver failed:  The solver ECOS is not installed. 
Using SCS instead.
M-step Design Matrix Calculation time (sec): 0.0158
ECOS solver failed in IPCW_HAL_init, falling back to SCS: The solver ECOS is not installed.
WARNING - large complementary slackness residual: 0.010822
M-step CVXPY optimize time (sec): 0.8618
ECOS solver failed:  The solver ECOS is not installed. 
Using SCS instead.
ECOS solver failed:  The solver ECOS is not installed. 
Using SCS instead.
ECOS solver failed:  The solver ECOS is not installed. 
Using SCS instead.
ECOS solver failed:  The solver ECOS is not installed. 
Using SCS instead.
ECOS solver failed:  The solver ECOS is not installed. 
Using SCS instead.
ECOS solver failed:  The solver ECOS is not installed. 
Using SCS instead.
ECOS solver failed:  The solver ECOS is not installed. 
Using SCS instead.
ECOS solver failed:  The solver ECOS is not installed. 
Using SCS instead.
ECOS solver failed:  The solver ECOS is not installed. 
Using SCS instead.
ECOS solver failed:  The solver ECOS is not installed. 
Using SCS instead.
ECOS solver failed:  The solver ECOS is not installed. 
Using SCS instead.
ECOS solver failed:  The solver ECOS is not installed. 
Using SCS instead.
ECOS solver failed:  The solver ECOS is not installed. 
Using SCS instead.
ECOS solver failed:  The solver ECOS is not installed. 
Using SCS instead.
ECOS solver failed:  The solver ECOS is not installed. 
Using SCS instead.
ECOS solver failed:  The solver ECOS is not installed. 
Using SCS instead.
ECOS solver failed:  The solver ECOS is not installed. 
Using SCS instead.
ECOS solver failed:  The solver ECOS is not installed. 
Using SCS instead.
ECOS solver failed:  The solver ECOS is not installed. 
Using SCS instead.
ECOS solver failed:  The solver ECOS is not installed. 
Using SCS instead.
ECOS solver failed:  The solver ECOS is not installed. 
Using SCS instead.
M-step Design Matrix Calculation time (sec): 0.0188
ECOS solver failed in IPCW_HAL_init, falling back to SCS: The solver ECOS is not installed.
M-step CVXPY optimize time (sec): 0.3327
ECOS solver failed:  The solver ECOS is not installed. 
Using SCS instead.
ECOS solver failed:  The solver ECOS is not installed. 
Using SCS instead.
ECOS solver failed:  The solver ECOS is not installed. 
Using SCS instead.
ECOS solver failed:  The solver ECOS is not installed. 
Using SCS instead.
ECOS solver failed:  The solver ECOS is not installed. 
Using SCS instead.
ECOS solver failed:  The solver ECOS is not installed. 
Using SCS instead.
ECOS solver failed:  The solver ECOS is not installed. 
Using SCS instead.
ECOS solver failed:  The solver ECOS is not installed. 
Using SCS instead.
ECOS solver failed:  The solver ECOS is not installed. 
Using SCS instead.
ECOS solver failed:  The solver ECOS is not installed. 
Using SCS instead.
ECOS solver failed:  The solver ECOS is not installed. 
Using SCS instead.
ECOS solver failed:  The solver ECOS is not installed. 
Using SCS instead.
ECOS solver failed:  The solver ECOS is not installed. 
Using SCS instead.
ECOS solver failed:  The solver ECOS is not installed. 
Using SCS instead.
ECOS solver failed:  The solver ECOS is not installed. 
Using SCS instead.
ECOS solver failed:  The solver ECOS is not installed. 
Using SCS instead.
ECOS solver failed:  The solver ECOS is not installed. 
Using SCS instead.
ECOS solver failed:  The solver ECOS is not installed. 
Using SCS instead.
ECOS solver failed:  The solver ECOS is not installed. 
Using SCS instead.
ECOS solver failed:  The solver ECOS is not installed. 
Using SCS instead.
ECOS solver failed:  The solver ECOS is not installed. 
Using SCS instead.
M-step Design Matrix Calculation time (sec): 0.0187
ECOS solver failed in IPCW_HAL_init, falling back to SCS: The solver ECOS is not installed.
M-step CVXPY optimize time (sec): 0.7463
ECOS solver failed:  The solver ECOS is not installed. 
Using SCS instead.
ECOS solver failed:  The solver ECOS is not installed. 
Using SCS instead.
ECOS solver failed:  The solver ECOS is not installed. 
Using SCS instead.
ECOS solver failed:  The solver ECOS is not installed. 
Using SCS instead.
ECOS solver failed:  The solver ECOS is not installed. 
Using SCS instead.
ECOS solver failed:  The solver ECOS is not installed. 
Using SCS instead.
ECOS solver failed:  The solver ECOS is not installed. 
Using SCS instead.
ECOS solver failed:  The solver ECOS is not installed. 
Using SCS instead.
ECOS solver failed:  The solver ECOS is not installed. 
Using SCS instead.
ECOS solver failed:  The solver ECOS is not installed. 
Using SCS instead.
ECOS solver failed:  The solver ECOS is not installed. 
Using SCS instead.
ECOS solver failed:  The solver ECOS is not installed. 
Using SCS instead.
ECOS solver failed:  The solver ECOS is not installed. 
Using SCS instead.
ECOS solver failed:  The solver ECOS is not installed. 
Using SCS instead.
ECOS solver failed:  The solver ECOS is not installed. 
Using SCS instead.
ECOS solver failed:  The solver ECOS is not installed. 
Using SCS instead.
ECOS solver failed:  The solver ECOS is not installed. 
Using SCS instead.
ECOS solver failed:  The solver ECOS is not installed. 
Using SCS instead.
ECOS solver failed:  The solver ECOS is not installed. 
Using SCS instead.
ECOS solver failed:  The solver ECOS is not installed. 
Using SCS instead.
ECOS solver failed:  The solver ECOS is not installed. 
Using SCS instead.
M-step Design Matrix Calculation time (sec): 0.0203
ECOS solver failed in IPCW_HAL_init, falling back to SCS: The solver ECOS is not installed.
M-step CVXPY optimize time (sec): 0.4680
ECOS solver failed:  The solver ECOS is not installed. 
Using SCS instead.
ECOS solver failed:  The solver ECOS is not installed. 
Using SCS instead.
ECOS solver failed:  The solver ECOS is not installed. 
Using SCS instead.
ECOS solver failed:  The solver ECOS is not installed. 
Using SCS instead.
ECOS solver failed:  The solver ECOS is not installed. 
Using SCS instead.
ECOS solver failed:  The solver ECOS is not installed. 
Using SCS instead.
ECOS solver failed:  The solver ECOS is not installed. 
Using SCS instead.
ECOS solver failed:  The solver ECOS is not installed. 
Using SCS instead.
ECOS solver failed:  The solver ECOS is not installed. 
Using SCS instead.
ECOS solver failed:  The solver ECOS is not installed. 
Using SCS instead.
ECOS solver failed:  The solver ECOS is not installed. 
Using SCS instead.
ECOS solver failed:  The solver ECOS is not installed. 
Using SCS instead.
ECOS solver failed:  The solver ECOS is not installed. 
Using SCS instead.
ECOS solver failed:  The solver ECOS is not installed. 
Using SCS instead.
ECOS solver failed:  The solver ECOS is not installed. 
Using SCS instead.
ECOS solver failed:  The solver ECOS is not installed. 
Using SCS instead.
ECOS solver failed:  The solver ECOS is not installed. 
Using SCS instead.
ECOS solver failed:  The solver ECOS is not installed. 
Using SCS instead.
ECOS solver failed:  The solver ECOS is not installed. 
Using SCS instead.
ECOS solver failed:  The solver ECOS is not installed. 
Using SCS instead.
ECOS solver failed:  The solver ECOS is not installed. 
Using SCS instead.
M-step Design Matrix Calculation time (sec): 0.0180
ECOS solver failed in IPCW_HAL_init, falling back to SCS: The solver ECOS is not installed.
WARNING - large complementary slackness residual: 0.017264
M-step CVXPY optimize time (sec): 0.9394
ECOS solver failed:  The solver ECOS is not installed. 
Using SCS instead.
ECOS solver failed:  The solver ECOS is not installed. 
Using SCS instead.
ECOS solver failed:  The solver ECOS is not installed. 
Using SCS instead.
ECOS solver failed:  The solver ECOS is not installed. 
Using SCS instead.
ECOS solver failed:  The solver ECOS is not installed. 
Using SCS instead.
ECOS solver failed:  The solver ECOS is not installed. 
Using SCS instead.
ECOS solver failed:  The solver ECOS is not installed. 
Using SCS instead.
ECOS solver failed:  The solver ECOS is not installed. 
Using SCS instead.
ECOS solver failed:  The solver ECOS is not installed. 
Using SCS instead.
ECOS solver failed:  The solver ECOS is not installed. 
Using SCS instead.
ECOS solver failed:  The solver ECOS is not installed. 
Using SCS instead.
ECOS solver failed:  The solver ECOS is not installed. 
Using SCS instead.
ECOS solver failed:  The solver ECOS is not installed. 
Using SCS instead.
ECOS solver failed:  The solver ECOS is not installed. 
Using SCS instead.
ECOS solver failed:  The solver ECOS is not installed. 
Using SCS instead.
ECOS solver failed:  The solver ECOS is not installed. 
Using SCS instead.
ECOS solver failed:  The solver ECOS is not installed. 
Using SCS instead.
ECOS solver failed:  The solver ECOS is not installed. 
Using SCS instead.
ECOS solver failed:  The solver ECOS is not installed. 
Using SCS instead.
ECOS solver failed:  The solver ECOS is not installed. 
Using SCS instead.
ECOS solver failed:  The solver ECOS is not installed. 
Using SCS instead.
M-step Design Matrix Calculation time (sec): 0.0341
ECOS solver failed in IPCW_HAL_init, falling back to SCS: The solver ECOS is not installed.
M-step CVXPY optimize time (sec): 0.4232
ECOS solver failed:  The solver ECOS is not installed. 
Using SCS instead.
ECOS solver failed:  The solver ECOS is not installed. 
Using SCS instead.
ECOS solver failed:  The solver ECOS is not installed. 
Using SCS instead.
ECOS solver failed:  The solver ECOS is not installed. 
Using SCS instead.
ECOS solver failed:  The solver ECOS is not installed. 
Using SCS instead.
ECOS solver failed:  The solver ECOS is not installed. 
Using SCS instead.
ECOS solver failed:  The solver ECOS is not installed. 
Using SCS instead.
ECOS solver failed:  The solver ECOS is not installed. 
Using SCS instead.
ECOS solver failed:  The solver ECOS is not installed. 
Using SCS instead.
ECOS solver failed:  The solver ECOS is not installed. 
Using SCS instead.
ECOS solver failed:  The solver ECOS is not installed. 
Using SCS instead.
ECOS solver failed:  The solver ECOS is not installed. 
Using SCS instead.
ECOS solver failed:  The solver ECOS is not installed. 
Using SCS instead.
ECOS solver failed:  The solver ECOS is not installed. 
Using SCS instead.
ECOS solver failed:  The solver ECOS is not installed. 
Using SCS instead.
ECOS solver failed:  The solver ECOS is not installed. 
Using SCS instead.
ECOS solver failed:  The solver ECOS is not installed. 
Using SCS instead.
ECOS solver failed:  The solver ECOS is not installed. 
Using SCS instead.
ECOS solver failed:  The solver ECOS is not installed. 
Using SCS instead.
ECOS solver failed:  The solver ECOS is not installed. 
Using SCS instead.
ECOS solver failed:  The solver ECOS is not installed. 
Using SCS instead.
M-step Design Matrix Calculation time (sec): 0.0179
ECOS solver failed in IPCW_HAL_init, falling back to SCS: The solver ECOS is not installed.
WARNING - large complementary slackness residual: 0.012771
M-step CVXPY optimize time (sec): 1.6322
ECOS solver failed:  The solver ECOS is not installed. 
Using SCS instead.
ECOS solver failed:  The solver ECOS is not installed. 
Using SCS instead.
ECOS solver failed:  The solver ECOS is not installed. 
Using SCS instead.
ECOS solver failed:  The solver ECOS is not installed. 
Using SCS instead.
ECOS solver failed:  The solver ECOS is not installed. 
Using SCS instead.
ECOS solver failed:  The solver ECOS is not installed. 
Using SCS instead.
ECOS solver failed:  The solver ECOS is not installed. 
Using SCS instead.
ECOS solver failed:  The solver ECOS is not installed. 
Using SCS instead.
ECOS solver failed:  The solver ECOS is not installed. 
Using SCS instead.
ECOS solver failed:  The solver ECOS is not installed. 
Using SCS instead.
ECOS solver failed:  The solver ECOS is not installed. 
Using SCS instead.
ECOS solver failed:  The solver ECOS is not installed. 
Using SCS instead.
ECOS solver failed:  The solver ECOS is not installed. 
Using SCS instead.
ECOS solver failed:  The solver ECOS is not installed. 
Using SCS instead.
ECOS solver failed:  The solver ECOS is not installed. 
Using SCS instead.
ECOS solver failed:  The solver ECOS is not installed. 
Using SCS instead.
ECOS solver failed:  The solver ECOS is not installed. 
Using SCS instead.
ECOS solver failed:  The solver ECOS is not installed. 
Using SCS instead.
ECOS solver failed:  The solver ECOS is not installed. 
Using SCS instead.
ECOS solver failed:  The solver ECOS is not installed. 
Using SCS instead.
ECOS solver failed:  The solver ECOS is not installed. 
Using SCS instead.
M-step Design Matrix Calculation time (sec): 0.0208
ECOS solver failed in IPCW_HAL_init, falling back to SCS: The solver ECOS is not installed.
M-step CVXPY optimize time (sec): 0.2559
ECOS solver failed:  The solver ECOS is not installed. 
Using SCS instead.
ECOS solver failed:  The solver ECOS is not installed. 
Using SCS instead.
ECOS solver failed:  The solver ECOS is not installed. 
Using SCS instead.
ECOS solver failed:  The solver ECOS is not installed. 
Using SCS instead.
ECOS solver failed:  The solver ECOS is not installed. 
Using SCS instead.
ECOS solver failed:  The solver ECOS is not installed. 
Using SCS instead.
ECOS solver failed:  The solver ECOS is not installed. 
Using SCS instead.
ECOS solver failed:  The solver ECOS is not installed. 
Using SCS instead.
ECOS solver failed:  The solver ECOS is not installed. 
Using SCS instead.
ECOS solver failed:  The solver ECOS is not installed. 
Using SCS instead.
ECOS solver failed:  The solver ECOS is not installed. 
Using SCS instead.
ECOS solver failed:  The solver ECOS is not installed. 
Using SCS instead.
ECOS solver failed:  The solver ECOS is not installed. 
Using SCS instead.
ECOS solver failed:  The solver ECOS is not installed. 
Using SCS instead.
ECOS solver failed:  The solver ECOS is not installed. 
Using SCS instead.
ECOS solver failed:  The solver ECOS is not installed. 
Using SCS instead.
ECOS solver failed:  The solver ECOS is not installed. 
Using SCS instead.
ECOS solver failed:  The solver ECOS is not installed. 
Using SCS instead.
ECOS solver failed:  The solver ECOS is not installed. 
Using SCS instead.
ECOS solver failed:  The solver ECOS is not installed. 
Using SCS instead.
ECOS solver failed:  The solver ECOS is not installed. 
Using SCS instead.
M-step Design Matrix Calculation time (sec): 0.0176
ECOS solver failed in IPCW_HAL_init, falling back to SCS: The solver ECOS is not installed.
WARNING - large complementary slackness residual: 0.029565
M-step CVXPY optimize time (sec): 0.9540
ECOS solver failed:  The solver ECOS is not installed. 
Using SCS instead.
ECOS solver failed:  The solver ECOS is not installed. 
Using SCS instead.
ECOS solver failed:  The solver ECOS is not installed. 
Using SCS instead.
ECOS solver failed:  The solver ECOS is not installed. 
Using SCS instead.
ECOS solver failed:  The solver ECOS is not installed. 
Using SCS instead.
ECOS solver failed:  The solver ECOS is not installed. 
Using SCS instead.
ECOS solver failed:  The solver ECOS is not installed. 
Using SCS instead.
ECOS solver failed:  The solver ECOS is not installed. 
Using SCS instead.
ECOS solver failed:  The solver ECOS is not installed. 
Using SCS instead.
ECOS solver failed:  The solver ECOS is not installed. 
Using SCS instead.
ECOS solver failed:  The solver ECOS is not installed. 
Using SCS instead.
ECOS solver failed:  The solver ECOS is not installed. 
Using SCS instead.
ECOS solver failed:  The solver ECOS is not installed. 
Using SCS instead.
ECOS solver failed:  The solver ECOS is not installed. 
Using SCS instead.
ECOS solver failed:  The solver ECOS is not installed. 
Using SCS instead.
ECOS solver failed:  The solver ECOS is not installed. 
Using SCS instead.
ECOS solver failed:  The solver ECOS is not installed. 
Using SCS instead.
ECOS solver failed:  The solver ECOS is not installed. 
Using SCS instead.
ECOS solver failed:  The solver ECOS is not installed. 
Using SCS instead.
ECOS solver failed:  The solver ECOS is not installed. 
Using SCS instead.
ECOS solver failed:  The solver ECOS is not installed. 
Using SCS instead.
M-step Design Matrix Calculation time (sec): 0.0195
ECOS solver failed in IPCW_HAL_init, falling back to SCS: The solver ECOS is not installed.
WARNING - large complementary slackness residual: 0.011039
M-step CVXPY optimize time (sec): 1.3006
ECOS solver failed:  The solver ECOS is not installed. 
Using SCS instead.
ECOS solver failed:  The solver ECOS is not installed. 
Using SCS instead.
ECOS solver failed:  The solver ECOS is not installed. 
Using SCS instead.
ECOS solver failed:  The solver ECOS is not installed. 
Using SCS instead.
ECOS solver failed:  The solver ECOS is not installed. 
Using SCS instead.
ECOS solver failed:  The solver ECOS is not installed. 
Using SCS instead.
ECOS solver failed:  The solver ECOS is not installed. 
Using SCS instead.
ECOS solver failed:  The solver ECOS is not installed. 
Using SCS instead.
ECOS solver failed:  The solver ECOS is not installed. 
Using SCS instead.
ECOS solver failed:  The solver ECOS is not installed. 
Using SCS instead.
ECOS solver failed:  The solver ECOS is not installed. 
Using SCS instead.
ECOS solver failed:  The solver ECOS is not installed. 
Using SCS instead.
ECOS solver failed:  The solver ECOS is not installed. 
Using SCS instead.
ECOS solver failed:  The solver ECOS is not installed. 
Using SCS instead.
ECOS solver failed:  The solver ECOS is not installed. 
Using SCS instead.
ECOS solver failed:  The solver ECOS is not installed. 
Using SCS instead.
ECOS solver failed:  The solver ECOS is not installed. 
Using SCS instead.
ECOS solver failed:  The solver ECOS is not installed. 
Using SCS instead.
ECOS solver failed:  The solver ECOS is not installed. 
Using SCS instead.
ECOS solver failed:  The solver ECOS is not installed. 
Using SCS instead.
ECOS solver failed:  The solver ECOS is not installed. 
Using SCS instead.
ECOS solver failed:  The solver ECOS is not installed. 
Using SCS instead.
M-step Design Matrix Calculation time (sec): 0.0193
ECOS solver failed in IPCW_HAL_init, falling back to SCS: The solver ECOS is not installed.
WARNING - large complementary slackness residual: 0.004437
M-step CVXPY optimize time (sec): 0.6661
ECOS solver failed:  The solver ECOS is not installed. 
Using SCS instead.
ECOS solver failed:  The solver ECOS is not installed. 
Using SCS instead.
ECOS solver failed:  The solver ECOS is not installed. 
Using SCS instead.
ECOS solver failed:  The solver ECOS is not installed. 
Using SCS instead.
ECOS solver failed:  The solver ECOS is not installed. 
Using SCS instead.
ECOS solver failed:  The solver ECOS is not installed. 
Using SCS instead.
ECOS solver failed:  The solver ECOS is not installed. 
Using SCS instead.
ECOS solver failed:  The solver ECOS is not installed. 
Using SCS instead.
ECOS solver failed:  The solver ECOS is not installed. 
Using SCS instead.
ECOS solver failed:  The solver ECOS is not installed. 
Using SCS instead.
ECOS solver failed:  The solver ECOS is not installed. 
Using SCS instead.
ECOS solver failed:  The solver ECOS is not installed. 
Using SCS instead.
ECOS solver failed:  The solver ECOS is not installed. 
Using SCS instead.
ECOS solver failed:  The solver ECOS is not installed. 
Using SCS instead.
ECOS solver failed:  The solver ECOS is not installed. 
Using SCS instead.
ECOS solver failed:  The solver ECOS is not installed. 
Using SCS instead.
ECOS solver failed:  The solver ECOS is not installed. 
Using SCS instead.
ECOS solver failed:  The solver ECOS is not installed. 
Using SCS instead.
ECOS solver failed:  The solver ECOS is not installed. 
Using SCS instead.
ECOS solver failed:  The solver ECOS is not installed. 
Using SCS instead.
ECOS solver failed:  The solver ECOS is not installed. 
Using SCS instead.
M-step Design Matrix Calculation time (sec): 0.0177
ECOS solver failed in IPCW_HAL_init, falling back to SCS: The solver ECOS is not installed.
M-step CVXPY optimize time (sec): 0.2959

Using SCS instead.
ECOS solver failed:  The solver ECOS is not installed. 
Using SCS instead.
ECOS solver failed:  The solver ECOS is not installed. 
Using SCS instead.
ECOS solver failed:  The solver ECOS is not installed. 
Using SCS instead.
ECOS solver failed:  The solver ECOS is not installed. 
Using SCS instead.
ECOS solver failed:  The solver ECOS is not installed. 
Using SCS instead.
ECOS solver failed:  The solver ECOS is not installed. 
Using SCS instead.
ECOS solver failed:  The solver ECOS is not installed. 
Using SCS instead.
ECOS solver failed:  The solver ECOS is not installed. 
Using SCS instead.
ECOS solver failed:  The solver ECOS is not installed. 
Using SCS instead.
ECOS solver failed:  The solver ECOS is not installed. 
Using SCS instead.
ECOS solver failed:  The solver ECOS is not installed. 
Using SCS instead.
ECOS solver failed:  The solver ECOS is not installed. 
Using SCS instead.
ECOS solver failed:  The solver ECOS is not installed. 
Using SCS instead.
ECOS solver failed:  The solver ECOS is not installed. 
Using SCS instead.
ECOS solver failed:  The solver ECOS is not installed. 
Using SCS instead.
M-step Design Matrix Calculation time (sec): 0.0198
ECOS solver failed in IPCW_HAL_init, falling back to SCS: The solver ECOS is not installed.
WARNING - large complementary slackness residual: 0.006982
M-step CVXPY optimize time (sec): 0.7964
ECOS solver failed:  The solver ECOS is not installed. 
Using SCS instead.
ECOS solver failed:  The solver ECOS is not installed. 
Using SCS instead.
ECOS solver failed:  The solver ECOS is not installed. 
Using SCS instead.
ECOS solver failed:  The solver ECOS is not installed. 
Using SCS instead.
ECOS solver failed:  The solver ECOS is not installed. 
Using SCS instead.
ECOS solver failed:  The solver ECOS is not installed. 
Using SCS instead.
ECOS solver failed:  The solver ECOS is not installed. 
Using SCS instead.
ECOS solver failed:  The solver ECOS is not installed. 
Using SCS instead.
ECOS solver failed:  The solver ECOS is not installed. 
Using SCS instead.
ECOS solver failed:  The solver ECOS is not installed. 
Using SCS instead.
ECOS solver failed:  The solver ECOS is not installed. 
Using SCS instead.
ECOS solver failed:  The solver ECOS is not installed. 
Using SCS instead.
ECOS solver failed:  The solver ECOS is not installed. 
Using SCS instead.
ECOS solver failed:  The solver ECOS is not installed. 
Using SCS instead.
ECOS solver failed:  The solver ECOS is not installed. 
Using SCS instead.
ECOS solver failed:  The solver ECOS is not installed. 
Using SCS instead.
ECOS solver failed:  The solver ECOS is not installed. 
Using SCS instead.
ECOS solver failed:  The solver ECOS is not installed. 
Using SCS instead.
ECOS solver failed:  The solver ECOS is not installed. 
Using SCS instead.
ECOS solver failed:  The solver ECOS is not installed. 
Using SCS instead.
ECOS solver failed:  The solver ECOS is not installed. 
Using SCS instead.
M-step Design Matrix Calculation time (sec): 0.0181
ECOS solver failed in IPCW_HAL_init, falling back to SCS: The solver ECOS is not installed.
WARNING - large complementary slackness residual: 0.033155
M-step CVXPY optimize time (sec): 0.5253
ECOS solver failed:  The solver ECOS is not installed. 
Using SCS instead.
ECOS solver failed:  The solver ECOS is not installed. 
Using SCS instead.
ECOS solver failed:  The solver ECOS is not installed. 
Using SCS instead.
ECOS solver failed:  The solver ECOS is not installed. 
Using SCS instead.
ECOS solver failed:  The solver ECOS is not installed. 
Using SCS instead.
ECOS solver failed:  The solver ECOS is not installed. 
Using SCS instead.
ECOS solver failed:  The solver ECOS is not installed. 
Using SCS instead.
ECOS solver failed:  The solver ECOS is not installed. 
Using SCS instead.
ECOS solver failed:  The solver ECOS is not installed. 
Using SCS instead.
ECOS solver failed:  The solver ECOS is not installed. 
Using SCS instead.
ECOS solver failed:  The solver ECOS is not installed. 
Using SCS instead.
ECOS solver failed:  The solver ECOS is not installed. 
Using SCS instead.
ECOS solver failed:  The solver ECOS is not installed. 
Using SCS instead.
ECOS solver failed:  The solver ECOS is not installed. 
Using SCS instead.
ECOS solver failed:  The solver ECOS is not installed. 
Using SCS instead.
ECOS solver failed:  The solver ECOS is not installed. 
Using SCS instead.
ECOS solver failed:  The solver ECOS is not installed. 
Using SCS instead.
ECOS solver failed:  The solver ECOS is not installed. 
Using SCS instead.
ECOS solver failed:  The solver ECOS is not installed. 
Using SCS instead.
ECOS solver failed:  The solver ECOS is not installed. 
Using SCS instead.
ECOS solver failed:  The solver ECOS is not installed. 
Using SCS instead.
M-step Design Matrix Calculation time (sec): 0.0205
ECOS solver failed in IPCW_HAL_init, falling back to SCS: The solver ECOS is not installed.
WARNING - large complementary slackness residual: 0.018271
M-step CVXPY optimize time (sec): 2.7393
ECOS solver failed:  The solver ECOS is not installed. 
Using SCS instead.
ECOS solver failed:  The solver ECOS is not installed. 
Using SCS instead.
ECOS solver failed:  The solver ECOS is not installed. 
Using SCS instead.
ECOS solver failed:  The solver ECOS is not installed. 
Using SCS instead.
ECOS solver failed:  The solver ECOS is not installed. 
Using SCS instead.
ECOS solver failed:  The solver ECOS is not installed. 
Using SCS instead.
ECOS solver failed:  The solver ECOS is not installed. 
Using SCS instead.
ECOS solver failed:  The solver ECOS is not installed. 
Using SCS instead.
ECOS solver failed:  The solver ECOS is not installed. 
Using SCS instead.
ECOS solver failed:  The solver ECOS is not installed. 
Using SCS instead.
ECOS solver failed:  The solver ECOS is not installed. 
Using SCS instead.
ECOS solver failed:  The solver ECOS is not installed. 
Using SCS instead.
ECOS solver failed:  The solver ECOS is not installed. 
Using SCS instead.
ECOS solver failed:  The solver ECOS is not installed. 
Using SCS instead.
ECOS solver failed:  The solver ECOS is not installed. 
Using SCS instead.
ECOS solver failed:  The solver ECOS is not installed. 
Using SCS instead.
ECOS solver failed:  The solver ECOS is not installed. 
Using SCS instead.
ECOS solver failed:  The solver ECOS is not installed. 
Using SCS instead.
ECOS solver failed:  The solver ECOS is not installed. 
Using SCS instead.
ECOS solver failed:  The solver ECOS is not installed. 
Using SCS instead.
ECOS solver failed:  The solver ECOS is not installed. 
Using SCS instead.
M-step Design Matrix Calculation time (sec): 0.0352
ECOS solver failed in IPCW_HAL_init, falling back to SCS: The solver ECOS is not installed.
WARNING - large complementary slackness residual: 0.032867
M-step CVXPY optimize time (sec): 0.7104
ECOS solver failed:  The solver ECOS is not installed. 
Using SCS instead.
ECOS solver failed:  The solver ECOS is not installed. 
Using SCS instead.
ECOS solver failed:  The solver ECOS is not installed. 
Using SCS instead.
ECOS solver failed:  The solver ECOS is not installed. 
Using SCS instead.
ECOS solver failed:  The solver ECOS is not installed. 
Using SCS instead.
ECOS solver failed:  The solver ECOS is not installed. 
Using SCS instead.
ECOS solver failed:  The solver ECOS is not installed. 
Using SCS instead.
ECOS solver failed:  The solver ECOS is not installed. 
Using SCS instead.
ECOS solver failed:  The solver ECOS is not installed. 
Using SCS instead.
ECOS solver failed:  The solver ECOS is not installed. 
Using SCS instead.
ECOS solver failed:  The solver ECOS is not installed. 
Using SCS instead.
ECOS solver failed:  The solver ECOS is not installed. 
Using SCS instead.
ECOS solver failed:  The solver ECOS is not installed. 
Using SCS instead.
ECOS solver failed:  The solver ECOS is not installed. 
Using SCS instead.
ECOS solver failed:  The solver ECOS is not installed. 
Using SCS instead.
ECOS solver failed:  The solver ECOS is not installed. 
Using SCS instead.
ECOS solver failed:  The solver ECOS is not installed. 
Using SCS instead.
ECOS solver failed:  The solver ECOS is not installed. 
Using SCS instead.
ECOS solver failed:  The solver ECOS is not installed. 
Using SCS instead.
ECOS solver failed:  The solver ECOS is not installed. 
Using SCS instead.
ECOS solver failed:  The solver ECOS is not installed. 
Using SCS instead.
M-step Design Matrix Calculation time (sec): 0.0189
ECOS solver failed in IPCW_HAL_init, falling back to SCS: The solver ECOS is not installed.
WARNING - large complementary slackness residual: 0.030805
M-step CVXPY optimize time (sec): 0.6646
ECOS solver failed:  The solver ECOS is not installed. 
Using SCS instead.
ECOS solver failed:  The solver ECOS is not installed. 
Using SCS instead.
ECOS solver failed:  The solver ECOS is not installed. 
Using SCS instead.
ECOS solver failed:  The solver ECOS is not installed. 
Using SCS instead.
ECOS solver failed:  The solver ECOS is not installed. 
Using SCS instead.
ECOS solver failed:  The solver ECOS is not installed. 
Using SCS instead.
ECOS solver failed:  The solver ECOS is not installed. 
Using SCS instead.
ECOS solver failed:  The solver ECOS is not installed. 
Using SCS instead.
ECOS solver failed:  The solver ECOS is not installed. 
Using SCS instead.
ECOS solver failed:  The solver ECOS is not installed. 
Using SCS instead.
ECOS solver failed:  The solver ECOS is not installed. 
Using SCS instead.
ECOS solver failed:  The solver ECOS is not installed. 
Using SCS instead.
ECOS solver failed:  The solver ECOS is not installed. 
Using SCS instead.
ECOS solver failed:  The solver ECOS is not installed. 
Using SCS instead.
ECOS solver failed:  The solver ECOS is not installed. 
Using SCS instead.
ECOS solver failed:  The solver ECOS is not installed. 
Using SCS instead.
ECOS solver failed:  The solver ECOS is not installed. 
Using SCS instead.
ECOS solver failed:  The solver ECOS is not installed. 
Using SCS instead.
ECOS solver failed:  The solver ECOS is not installed. 
Using SCS instead.
ECOS solver failed:  The solver ECOS is not installed. 
Using SCS instead.
ECOS solver failed:  The solver ECOS is not installed. 
Using SCS instead.
M-step Design Matrix Calculation time (sec): 0.0408
ECOS solver failed in IPCW_HAL_init, falling back to SCS: The solver ECOS is not installed.
WARNING - large complementary slackness residual: 0.008071
M-step CVXPY optimize time (sec): 1.1586
ECOS solver failed:  The solver ECOS is not installed. 
Using SCS instead.
ECOS solver failed:  The solver ECOS is not installed. 
Using SCS instead.
ECOS solver failed:  The solver ECOS is not installed. 
Using SCS instead.
ECOS solver failed:  The solver ECOS is not installed. 
Using SCS instead.
ECOS solver failed:  The solver ECOS is not installed. 
Using SCS instead.
ECOS solver failed:  The solver ECOS is not installed. 
Using SCS instead.
ECOS solver failed:  The solver ECOS is not installed. 
Using SCS instead.
ECOS solver failed:  The solver ECOS is not installed. 
Using SCS instead.
ECOS solver failed:  The solver ECOS is not installed. 
Using SCS instead.
ECOS solver failed:  The solver ECOS is not installed. 
Using SCS instead.
ECOS solver failed:  The solver ECOS is not installed. 
Using SCS instead.
ECOS solver failed:  The solver ECOS is not installed. 
Using SCS instead.
ECOS solver failed:  The solver ECOS is not installed. 
Using SCS instead.
ECOS solver failed:  The solver ECOS is not installed. 
Using SCS instead.
ECOS solver failed:  The solver ECOS is not installed. 
Using SCS instead.
ECOS solver failed:  The solver ECOS is not installed. 
Using SCS instead.
ECOS solver failed:  The solver ECOS is not installed. 
Using SCS instead.
ECOS solver failed:  The solver ECOS is not installed. 
Using SCS instead.
ECOS solver failed:  The solver ECOS is not installed. 
Using SCS instead.
ECOS solver failed:  The solver ECOS is not installed. 
Using SCS instead.
ECOS solver failed:  The solver ECOS is not installed. 
Using SCS instead.
M-step Design Matrix Calculation time (sec): 0.0182
ECOS solver failed in IPCW_HAL_init, falling back to SCS: The solver ECOS is not installed.
WARNING - large complementary slackness residual: 0.012065
M-step CVXPY optimize time (sec): 1.6255
ECOS solver failed:  The solver ECOS is not installed. 
Using SCS instead.
ECOS solver failed:  The solver ECOS is not installed. 
Using SCS instead.
ECOS solver failed:  The solver ECOS is not installed. 
Using SCS instead.
ECOS solver failed:  The solver ECOS is not installed. 
Using SCS instead.
ECOS solver failed:  The solver ECOS is not installed. 
Using SCS instead.
ECOS solver failed:  The solver ECOS is not installed. 
Using SCS instead.
ECOS solver failed:  The solver ECOS is not installed. 
Using SCS instead.
ECOS solver failed:  The solver ECOS is not installed. 
Using SCS instead.
ECOS solver failed:  The solver ECOS is not installed. 
Using SCS instead.
ECOS solver failed:  The solver ECOS is not installed. 
Using SCS instead.
ECOS solver failed:  The solver ECOS is not installed. 
Using SCS instead.
ECOS solver failed:  The solver ECOS is not installed. 
Using SCS instead.
ECOS solver failed:  The solver ECOS is not installed. 
Using SCS instead.
ECOS solver failed:  The solver ECOS is not installed. 
Using SCS instead.
ECOS solver failed:  The solver ECOS is not installed. 
Using SCS instead.
ECOS solver failed:  The solver ECOS is not installed. 
Using SCS instead.
ECOS solver failed:  The solver ECOS is not installed. 
Using SCS instead.
ECOS solver failed:  The solver ECOS is not installed. 
Using SCS instead.
ECOS solver failed:  The solver ECOS is not installed. 
Using SCS instead.
ECOS solver failed:  The solver ECOS is not installed. 
Using SCS instead.
ECOS solver failed:  The solver ECOS is not installed. 
Using SCS instead.
M-step Design Matrix Calculation time (sec): 0.0558
ECOS solver failed in IPCW_HAL_init, falling back to SCS: The solver ECOS is not installed.
WARNING - large complementary slackness residual: 0.028658
M-step CVXPY optimize time (sec): 2.6650
ECOS solver failed:  The solver ECOS is not installed. 
Using SCS instead.
ECOS solver failed:  The solver ECOS is not installed. 
Using SCS instead.
ECOS solver failed:  The solver ECOS is not installed. 
Using SCS instead.
ECOS solver failed:  The solver ECOS is not installed. 
Using SCS instead.
ECOS solver failed:  The solver ECOS is not installed. 
Using SCS instead.
ECOS solver failed:  The solver ECOS is not installed. 
Using SCS instead.
ECOS solver failed:  The solver ECOS is not installed. 
Using SCS instead.
ECOS solver failed:  The solver ECOS is not installed. 
Using SCS instead.
ECOS solver failed:  The solver ECOS is not installed. 
Using SCS instead.
ECOS solver failed:  The solver ECOS is not installed. 
Using SCS instead.
ECOS solver failed:  The solver ECOS is not installed. 
Using SCS instead.
ECOS solver failed:  The solver ECOS is not installed. 
Using SCS instead.
ECOS solver failed:  The solver ECOS is not installed. 
Using SCS instead.
ECOS solver failed:  The solver ECOS is not installed. 
Using SCS instead.
ECOS solver failed:  The solver ECOS is not installed. 
Using SCS instead.
ECOS solver failed:  The solver ECOS is not installed. 
Using SCS instead.
ECOS solver failed:  The solver ECOS is not installed. 
Using SCS instead.
ECOS solver failed:  The solver ECOS is not installed. 
Using SCS instead.
ECOS solver failed:  The solver ECOS is not installed. 
Using SCS instead.
ECOS solver failed:  The solver ECOS is not installed. 
Using SCS instead.
ECOS solver failed:  The solver ECOS is not installed. 
Using SCS instead.
M-step Design Matrix Calculation time (sec): 0.0169
ECOS solver failed in IPCW_HAL_init, falling back to SCS: The solver ECOS is not installed.
M-step CVXPY optimize time (sec): 0.5277
ECOS solver failed:  The solver ECOS is not installed. 
Using SCS instead.
ECOS solver failed:  The solver ECOS is not installed. 
Using SCS instead.
ECOS solver failed:  The solver ECOS is not installed. 
Using SCS instead.
ECOS solver failed:  The solver ECOS is not installed. 
Using SCS instead.
ECOS solver failed:  The solver ECOS is not installed. 
Using SCS instead.
ECOS solver failed:  The solver ECOS is not installed. 
Using SCS instead.
ECOS solver failed:  The solver ECOS is not installed. 
Using SCS instead.
ECOS solver failed:  The solver ECOS is not installed. 
Using SCS instead.
ECOS solver failed:  The solver ECOS is not installed. 
Using SCS instead.
ECOS solver failed:  The solver ECOS is not installed. 
Using SCS instead.
ECOS solver failed:  The solver ECOS is not installed. 
Using SCS instead.
ECOS solver failed:  The solver ECOS is not installed. 
Using SCS instead.
ECOS solver failed:  The solver ECOS is not installed. 
Using SCS instead.
ECOS solver failed:  The solver ECOS is not installed. 
Using SCS instead.
ECOS solver failed:  The solver ECOS is not installed. 
Using SCS instead.
ECOS solver failed:  The solver ECOS is not installed. 
Using SCS instead.
ECOS solver failed:  The solver ECOS is not installed. 
Using SCS instead.
ECOS solver failed:  The solver ECOS is not installed. 
Using SCS instead.
ECOS solver failed:  The solver ECOS is not installed. 
Using SCS instead.
ECOS solver failed:  The solver ECOS is not installed. 
Using SCS instead.
ECOS solver failed:  The solver ECOS is not installed. 
Using SCS instead.
M-step Design Matrix Calculation time (sec): 0.0549
ECOS solver failed in IPCW_HAL_init, falling back to SCS: The solver ECOS is not installed.
WARNING - large complementary slackness residual: 0.008391
M-step CVXPY optimize time (sec): 1.2710
ECOS solver failed:  The solver ECOS is not installed. 
Using SCS instead.
ECOS solver failed:  The solver ECOS is not installed. 
Using SCS instead.
ECOS solver failed:  The solver ECOS is not installed. 
Using SCS instead.
ECOS solver failed:  The solver ECOS is not installed. 
Using SCS instead.
ECOS solver failed:  The solver ECOS is not installed. 
Using SCS instead.
ECOS solver failed:  The solver ECOS is not installed. 
Using SCS instead.
ECOS solver failed:  The solver ECOS is not installed. 
Using SCS instead.
ECOS solver failed:  The solver ECOS is not installed. 
Using SCS instead.
ECOS solver failed:  The solver ECOS is not installed. 
Using SCS instead.
ECOS solver failed:  The solver ECOS is not installed. 
Using SCS instead.
ECOS solver failed:  The solver ECOS is not installed. 
Using SCS instead.
ECOS solver failed:  The solver ECOS is not installed. 
Using SCS instead.
ECOS solver failed:  The solver ECOS is not installed. 
Using SCS instead.
ECOS solver failed:  The solver ECOS is not installed. 
Using SCS instead.
ECOS solver failed:  The solver ECOS is not installed. 
Using SCS instead.
ECOS solver failed:  The solver ECOS is not installed. 
Using SCS instead.
ECOS solver failed:  The solver ECOS is not installed. 
Using SCS instead.
ECOS solver failed:  The solver ECOS is not installed. 
Using SCS instead.
ECOS solver failed:  The solver ECOS is not installed. 
Using SCS instead.
ECOS solver failed:  The solver ECOS is not installed. 
Using SCS instead.
ECOS solver failed:  The solver ECOS is not installed. 
Using SCS instead.
M-step Design Matrix Calculation time (sec): 0.0492
ECOS solver failed in IPCW_HAL_init, falling back to SCS: The solver ECOS is not installed.
WARNING - large complementary slackness residual: 0.018405
M-step CVXPY optimize time (sec): 0.5615
ECOS solver failed:  The solver ECOS is not installed. 
Using SCS instead.
ECOS solver failed:  The solver ECOS is not installed. 
Using SCS instead.
ECOS solver failed:  The solver ECOS is not installed. 
Using SCS instead.
ECOS solver failed:  The solver ECOS is not installed. 
Using SCS instead.
ECOS solver failed:  The solver ECOS is not installed. 
Using SCS instead.
ECOS solver failed:  The solver ECOS is not installed. 
Using SCS instead.
ECOS solver failed:  The solver ECOS is not installed. 
Using SCS instead.
ECOS solver failed:  The solver ECOS is not installed. 
Using SCS instead.
ECOS solver failed:  The solver ECOS is not installed. 
Using SCS instead.
ECOS solver failed:  The solver ECOS is not installed. 
Using SCS instead.
ECOS solver failed:  The solver ECOS is not installed. 
Using SCS instead.
ECOS solver failed:  The solver ECOS is not installed. 
Using SCS instead.
ECOS solver failed:  The solver ECOS is not installed. 
Using SCS instead.
ECOS solver failed:  The solver ECOS is not installed. 
Using SCS instead.
ECOS solver failed:  The solver ECOS is not installed. 
Using SCS instead.
ECOS solver failed:  The solver ECOS is not installed. 
Using SCS instead.
ECOS solver failed:  The solver ECOS is not installed. 
Using SCS instead.
ECOS solver failed:  The solver ECOS is not installed. 
Using SCS instead.
ECOS solver failed:  The solver ECOS is not installed. 
Using SCS instead.
ECOS solver failed:  The solver ECOS is not installed. 
Using SCS instead.
ECOS solver failed:  The solver ECOS is not installed. 
Using SCS instead.
M-step Design Matrix Calculation time (sec): 0.0277
ECOS solver failed in IPCW_HAL_init, falling back to SCS: The solver ECOS is not installed.
WARNING - large complementary slackness residual: 0.004045
M-step CVXPY optimize time (sec): 1.0098
ECOS solver failed:  The solver ECOS is not installed. 
Using SCS instead.
ECOS solver failed:  The solver ECOS is not installed. 
Using SCS instead.
ECOS solver failed:  The solver ECOS is not installed. 
Using SCS instead.
ECOS solver failed:  The solver ECOS is not installed. 
Using SCS instead.
ECOS solver failed:  The solver ECOS is not installed. 
Using SCS instead.
ECOS solver failed:  The solver ECOS is not installed. 
Using SCS instead.
ECOS solver failed:  The solver ECOS is not installed. 
Using SCS instead.
ECOS solver failed:  The solver ECOS is not installed. 
Using SCS instead.
ECOS solver failed:  The solver ECOS is not installed. 
Using SCS instead.
ECOS solver failed:  The solver ECOS is not installed. 
Using SCS instead.
ECOS solver failed:  The solver ECOS is not installed. 
Using SCS instead.
ECOS solver failed:  The solver ECOS is not installed. 
Using SCS instead.
ECOS solver failed:  The solver ECOS is not installed. 
Using SCS instead.
ECOS solver failed:  The solver ECOS is not installed. 
Using SCS instead.
ECOS solver failed:  The solver ECOS is not installed. 
Using SCS instead.
ECOS solver failed:  The solver ECOS is not installed. 
Using SCS instead.
ECOS solver failed:  The solver ECOS is not installed. 
Using SCS instead.
ECOS solver failed:  The solver ECOS is not installed. 
Using SCS instead.
ECOS solver failed:  The solver ECOS is not installed. 
Using SCS instead.
ECOS solver failed:  The solver ECOS is not installed. 
Using SCS instead.
ECOS solver failed:  The solver ECOS is not installed. 
Using SCS instead.
M-step Design Matrix Calculation time (sec): 0.0190
ECOS solver failed in IPCW_HAL_init, falling back to SCS: The solver ECOS is not installed.
WARNING - large complementary slackness residual: 0.026854
M-step CVXPY optimize time (sec): 1.1381
ECOS solver failed:  The solver ECOS is not installed. 
Using SCS instead.
ECOS solver failed:  The solver ECOS is not installed. 
Using SCS instead.
ECOS solver failed:  The solver ECOS is not installed. 
Using SCS instead.
ECOS solver failed:  The solver ECOS is not installed. 
Using SCS instead.
ECOS solver failed:  The solver ECOS is not installed. 
Using SCS instead.
ECOS solver failed:  The solver ECOS is not installed. 
Using SCS instead.
ECOS solver failed:  The solver ECOS is not installed. 
Using SCS instead.
ECOS solver failed:  The solver ECOS is not installed. 
Using SCS instead.
ECOS solver failed:  The solver ECOS is not installed. 
Using SCS instead.
ECOS solver failed:  The solver ECOS is not installed. 
Using SCS instead.
ECOS solver failed:  The solver ECOS is not installed. 
Using SCS instead.
ECOS solver failed:  The solver ECOS is not installed. 
Using SCS instead.
ECOS solver failed:  The solver ECOS is not installed. 
Using SCS instead.
ECOS solver failed:  The solver ECOS is not installed. 
Using SCS instead.
ECOS solver failed:  The solver ECOS is not installed. 
Using SCS instead.
ECOS solver failed:  The solver ECOS is not installed. 
Using SCS instead.
ECOS solver failed:  The solver ECOS is not installed. 
Using SCS instead.
ECOS solver failed:  The solver ECOS is not installed. 
Using SCS instead.
ECOS solver failed:  The solver ECOS is not installed. 
Using SCS instead.
ECOS solver failed:  The solver ECOS is not installed. 
Using SCS instead.
ECOS solver failed:  The solver ECOS is not installed. 
Using SCS instead.
M-step Design Matrix Calculation time (sec): 0.0182
ECOS solver failed in IPCW_HAL_init, falling back to SCS: The solver ECOS is not installed.
WARNING - large complementary slackness residual: 0.006263
M-step CVXPY optimize time (sec): 1.2367
ECOS solver failed:  The solver ECOS is not installed. 
Using SCS instead.
ECOS solver failed:  The solver ECOS is not installed. 
Using SCS instead.
ECOS solver failed:  The solver ECOS is not installed. 
Using SCS instead.
ECOS solver failed:  The solver ECOS is not installed. 
Using SCS instead.
ECOS solver failed:  The solver ECOS is not installed. 
Using SCS instead.
ECOS solver failed:  The solver ECOS is not installed. 
Using SCS instead.
ECOS solver failed:  The solver ECOS is not installed. 
Using SCS instead.
ECOS solver failed:  The solver ECOS is not installed. 
Using SCS instead.
ECOS solver failed:  The solver ECOS is not installed. 
Using SCS instead.
ECOS solver failed:  The solver ECOS is not installed. 
Using SCS instead.
ECOS solver failed:  The solver ECOS is not installed. 
Using SCS instead.
ECOS solver failed:  The solver ECOS is not installed. 
Using SCS instead.
ECOS solver failed:  The solver ECOS is not installed. 
Using SCS instead.
ECOS solver failed:  The solver ECOS is not installed. 
Using SCS instead.
ECOS solver failed:  The solver ECOS is not installed. 
Using SCS instead.
ECOS solver failed:  The solver ECOS is not installed. 
Using SCS instead.
ECOS solver failed:  The solver ECOS is not installed. 
Using SCS instead.
ECOS solver failed:  The solver ECOS is not installed. 
Using SCS instead.
ECOS solver failed:  The solver ECOS is not installed. 
Using SCS instead.
ECOS solver failed:  The solver ECOS is not installed. 
Using SCS instead.
ECOS solver failed:  The solver ECOS is not installed. 
Using SCS instead.
M-step Design Matrix Calculation time (sec): 0.0260
ECOS solver failed in IPCW_HAL_init, falling back to SCS: The solver ECOS is not installed.
WARNING - large complementary slackness residual: 0.032767
M-step CVXPY optimize time (sec): 1.3800
ECOS solver failed:  The solver ECOS is not installed. 
Using SCS instead.
ECOS solver failed:  The solver ECOS is not installed. 
Using SCS instead.
ECOS solver failed:  The solver ECOS is not installed. 
Using SCS instead.
ECOS solver failed:  The solver ECOS is not installed. 
Using SCS instead.
ECOS solver failed:  The solver ECOS is not installed. 
Using SCS instead.
ECOS solver failed:  The solver ECOS is not installed. 
Using SCS instead.
ECOS solver failed:  The solver ECOS is not installed. 
Using SCS instead.
ECOS solver failed:  The solver ECOS is not installed. 
Using SCS instead.
ECOS solver failed:  The solver ECOS is not installed. 
Using SCS instead.
ECOS solver failed:  The solver ECOS is not installed. 
Using SCS instead.
ECOS solver failed:  The solver ECOS is not installed. 
Using SCS instead.
ECOS solver failed:  The solver ECOS is not installed. 
Using SCS instead.
ECOS solver failed:  The solver ECOS is not installed. 
Using SCS instead.
ECOS solver failed:  The solver ECOS is not installed. 
Using SCS instead.
ECOS solver failed:  The solver ECOS is not installed. 
Using SCS instead.
ECOS solver failed:  The solver ECOS is not installed. 
Using SCS instead.
ECOS solver failed:  The solver ECOS is not installed. 
Using SCS instead.
ECOS solver failed:  The solver ECOS is not installed. 
Using SCS instead.
ECOS solver failed:  The solver ECOS is not installed. 
Using SCS instead.
ECOS solver failed:  The solver ECOS is not installed. 
Using SCS instead.
ECOS solver failed:  The solver ECOS is not installed. 
Using SCS instead.
M-step Design Matrix Calculation time (sec): 0.0172
ECOS solver failed in IPCW_HAL_init, falling back to SCS: The solver ECOS is not installed.
WARNING - large complementary slackness residual: 0.004752
M-step CVXPY optimize time (sec): 1.2085
ECOS solver failed:  The solver ECOS is not installed. 
Using SCS instead.
ECOS solver failed:  The solver ECOS is not installed. 
Using SCS instead.
ECOS solver failed:  The solver ECOS is not installed. 
Using SCS instead.
ECOS solver failed:  The solver ECOS is not installed. 
Using SCS instead.
ECOS solver failed:  The solver ECOS is not installed. 
Using SCS instead.
ECOS solver failed:  The solver ECOS is not installed. 
Using SCS instead.
ECOS solver failed:  The solver ECOS is not installed. 
Using SCS instead.
ECOS solver failed:  The solver ECOS is not installed. 
Using SCS instead.
ECOS solver failed:  The solver ECOS is not installed. 
Using SCS instead.
ECOS solver failed:  The solver ECOS is not installed. 
Using SCS instead.
ECOS solver failed:  The solver ECOS is not installed. 
Using SCS instead.
ECOS solver failed:  The solver ECOS is not installed. 
Using SCS instead.
ECOS solver failed:  The solver ECOS is not installed. 
Using SCS instead.
ECOS solver failed:  The solver ECOS is not installed. 
Using SCS instead.
ECOS solver failed:  The solver ECOS is not installed. 
Using SCS instead.
ECOS solver failed:  The solver ECOS is not installed. 
Using SCS instead.
ECOS solver failed:  The solver ECOS is not installed. 
Using SCS instead.
ECOS solver failed:  The solver ECOS is not installed. 
Using SCS instead.
ECOS solver failed:  The solver ECOS is not installed. 
Using SCS instead.
ECOS solver failed:  The solver ECOS is not installed. 
Using SCS instead.
ECOS solver failed:  The solver ECOS is not installed. 
Using SCS instead.
M-step Design Matrix Calculation time (sec): 0.0455
ECOS solver failed in IPCW_HAL_init, falling back to SCS: The solver ECOS is not installed.
WARNING - large complementary slackness residual: 0.004321
M-step CVXPY optimize time (sec): 1.1309
ECOS solver failed:  The solver ECOS is not installed. 
Using SCS instead.
ECOS solver failed:  The solver ECOS is not installed. 
Using SCS instead.
ECOS solver failed:  The solver ECOS is not installed. 
Using SCS instead.
ECOS solver failed:  The solver ECOS is not installed. 
Using SCS instead.
ECOS solver failed:  The solver ECOS is not installed. 
Using SCS instead.
ECOS solver failed:  The solver ECOS is not installed. 
Using SCS instead.
ECOS solver failed:  The solver ECOS is not installed. 
Using SCS instead.
ECOS solver failed:  The solver ECOS is not installed. 
Using SCS instead.
ECOS solver failed:  The solver ECOS is not installed. 
Using SCS instead.
ECOS solver failed:  The solver ECOS is not installed. 
Using SCS instead.
ECOS solver failed:  The solver ECOS is not installed. 
Using SCS instead.
ECOS solver failed:  The solver ECOS is not installed. 
Using SCS instead.
ECOS solver failed:  The solver ECOS is not installed. 
Using SCS instead.
ECOS solver failed:  The solver ECOS is not installed. 
Using SCS instead.
ECOS solver failed:  The solver ECOS is not installed. 
Using SCS instead.
ECOS solver failed:  The solver ECOS is not installed. 
Using SCS instead.
ECOS solver failed:  The solver ECOS is not installed. 
Using SCS instead.
ECOS solver failed:  The solver ECOS is not installed. 
Using SCS instead.
ECOS solver failed:  The solver ECOS is not installed. 
Using SCS instead.
ECOS solver failed:  The solver ECOS is not installed. 
Using SCS instead.
ECOS solver failed:  The solver ECOS is not installed. 
Using SCS instead.
M-step Design Matrix Calculation time (sec): 0.0197
ECOS solver failed in IPCW_HAL_init, falling back to SCS: The solver ECOS is not installed.
M-step CVXPY optimize time (sec): 0.4110
ECOS solver failed:  The solver ECOS is not installed. 
Using SCS instead.
ECOS solver failed:  The solver ECOS is not installed. 
Using SCS instead.
ECOS solver failed:  The solver ECOS is not installed. 
Using SCS instead.
ECOS solver failed:  The solver ECOS is not installed. 
Using SCS instead.
ECOS solver failed:  The solver ECOS is not installed. 
Using SCS instead.
ECOS solver failed:  The solver ECOS is not installed. 
Using SCS instead.
ECOS solver failed:  The solver ECOS is not installed. 
Using SCS instead.
ECOS solver failed:  The solver ECOS is not installed. 
Using SCS instead.
ECOS solver failed:  The solver ECOS is not installed. 
Using SCS instead.
ECOS solver failed:  The solver ECOS is not installed. 
Using SCS instead.
ECOS solver failed:  The solver ECOS is not installed. 
Using SCS instead.
ECOS solver failed:  The solver ECOS is not installed. 
Using SCS instead.
ECOS solver failed:  The solver ECOS is not installed. 
Using SCS instead.
ECOS solver failed:  The solver ECOS is not installed. 
Using SCS instead.
ECOS solver failed:  The solver ECOS is not installed. 
Using SCS instead.
ECOS solver failed:  The solver ECOS is not installed. 
Using SCS instead.
ECOS solver failed:  The solver ECOS is not installed. 
Using SCS instead.
ECOS solver failed:  The solver ECOS is not installed. 
Using SCS instead.
ECOS solver failed:  The solver ECOS is not installed. 
Using SCS instead.
ECOS solver failed:  The solver ECOS is not installed. 
Using SCS instead.
ECOS solver failed:  The solver ECOS is not installed. 
Using SCS instead.
M-step Design Matrix Calculation time (sec): 0.0802
ECOS solver failed in IPCW_HAL_init, falling back to SCS: The solver ECOS is not installed.
WARNING - large complementary slackness residual: 0.016387
M-step CVXPY optimize time (sec): 1.1183
ECOS solver failed:  The solver ECOS is not installed. 
Using SCS instead.
ECOS solver failed:  The solver ECOS is not installed. 
Using SCS instead.
ECOS solver failed:  The solver ECOS is not installed. 
Using SCS instead.
ECOS solver failed:  The solver ECOS is not installed. 
Using SCS instead.
ECOS solver failed:  The solver ECOS is not installed. 
Using SCS instead.
ECOS solver failed:  The solver ECOS is not installed. 
Using SCS instead.
ECOS solver failed:  The solver ECOS is not installed. 
Using SCS instead.
ECOS solver failed:  The solver ECOS is not installed. 
Using SCS instead.
ECOS solver failed:  The solver ECOS is not installed. 
Using SCS instead.
ECOS solver failed:  The solver ECOS is not installed. 
Using SCS instead.
ECOS solver failed:  The solver ECOS is not installed. 
Using SCS instead.
ECOS solver failed:  The solver ECOS is not installed. 
Using SCS instead.
ECOS solver failed:  The solver ECOS is not installed. 
Using SCS instead.
ECOS solver failed:  The solver ECOS is not installed. 
Using SCS instead.
ECOS solver failed:  The solver ECOS is not installed. 
Using SCS instead.
ECOS solver failed:  The solver ECOS is not installed. 
Using SCS instead.
ECOS solver failed:  The solver ECOS is not installed. 
Using SCS instead.
ECOS solver failed:  The solver ECOS is not installed. 
Using SCS instead.
ECOS solver failed:  The solver ECOS is not installed. 
Using SCS instead.
ECOS solver failed:  The solver ECOS is not installed. 
Using SCS instead.
ECOS solver failed:  The solver ECOS is not installed. 
Using SCS instead.
M-step Design Matrix Calculation time (sec): 0.0172
ECOS solver failed in IPCW_HAL_init, falling back to SCS: The solver ECOS is not installed.
WARNING - large complementary slackness residual: 0.005514
M-step CVXPY optimize time (sec): 1.3015
ECOS solver failed:  The solver ECOS is not installed. 
Using SCS instead.
ECOS solver failed:  The solver ECOS is not installed. 
Using SCS instead.
ECOS solver failed:  The solver ECOS is not installed. 
Using SCS instead.
ECOS solver failed:  The solver ECOS is not installed. 
Using SCS instead.
ECOS solver failed:  The solver ECOS is not installed. 
Using SCS instead.
ECOS solver failed:  The solver ECOS is not installed. 
Using SCS instead.
ECOS solver failed:  The solver ECOS is not installed. 
Using SCS instead.
ECOS solver failed:  The solver ECOS is not installed. 
Using SCS instead.
ECOS solver failed:  The solver ECOS is not installed. 
Using SCS instead.
ECOS solver failed:  The solver ECOS is not installed. 
Using SCS instead.
ECOS solver failed:  The solver ECOS is not installed. 
Using SCS instead.
ECOS solver failed:  The solver ECOS is not installed. 
Using SCS instead.
ECOS solver failed:  The solver ECOS is not installed. 
Using SCS instead.
ECOS solver failed:  The solver ECOS is not installed. 
Using SCS instead.
ECOS solver failed:  The solver ECOS is not installed. 
Using SCS instead.
ECOS solver failed:  The solver ECOS is not installed. 
Using SCS instead.
ECOS solver failed:  The solver ECOS is not installed. 
Using SCS instead.
ECOS solver failed:  The solver ECOS is not installed. 
Using SCS instead.
ECOS solver failed:  The solver ECOS is not installed. 
Using SCS instead.
ECOS solver failed:  The solver ECOS is not installed. 
Using SCS instead.
ECOS solver failed:  The solver ECOS is not installed. 
Using SCS instead.
M-step Design Matrix Calculation time (sec): 0.0170
ECOS solver failed in IPCW_HAL_init, falling back to SCS: The solver ECOS is not installed.
WARNING - large complementary slackness residual: 0.017750
M-step CVXPY optimize time (sec): 0.5984
ECOS solver failed:  The solver ECOS is not installed. 
Using SCS instead.
ECOS solver failed:  The solver ECOS is not installed. 
Using SCS instead.
ECOS solver failed:  The solver ECOS is not installed. 
Using SCS instead.
ECOS solver failed:  The solver ECOS is not installed. 
Using SCS instead.
ECOS solver failed:  The solver ECOS is not installed. 
Using SCS instead.
ECOS solver failed:  The solver ECOS is not installed. 
Using SCS instead.
ECOS solver failed:  The solver ECOS is not installed. 
Using SCS instead.
ECOS solver failed:  The solver ECOS is not installed. 
Using SCS instead.
ECOS solver failed:  The solver ECOS is not installed. 
Using SCS instead.
ECOS solver failed:  The solver ECOS is not installed. 
Using SCS instead.
ECOS solver failed:  The solver ECOS is not installed. 
Using SCS instead.
ECOS solver failed:  The solver ECOS is not installed. 
Using SCS instead.
ECOS solver failed:  The solver ECOS is not installed. 
Using SCS instead.
ECOS solver failed:  The solver ECOS is not installed. 
Using SCS instead.
ECOS solver failed:  The solver ECOS is not installed. 
Using SCS instead.
ECOS solver failed:  The solver ECOS is not installed. 
Using SCS instead.
ECOS solver failed:  The solver ECOS is not installed. 
Using SCS instead.
ECOS solver failed:  The solver ECOS is not installed. 
Using SCS instead.
ECOS solver failed:  The solver ECOS is not installed. 
Using SCS instead.
ECOS solver failed:  The solver ECOS is not installed. 
Using SCS instead.
ECOS solver failed:  The solver ECOS is not installed. 
Using SCS instead.
M-step Design Matrix Calculation time (sec): 0.0173
ECOS solver failed in IPCW_HAL_init, falling back to SCS: The solver ECOS is not installed.
WARNING - large complementary slackness residual: 0.007256
M-step CVXPY optimize time (sec): 0.6281
ECOS solver failed:  The solver ECOS is not installed. 
Using SCS instead.
ECOS solver failed:  The solver ECOS is not installed. 
Using SCS instead.
ECOS solver failed:  The solver ECOS is not installed. 
Using SCS instead.
ECOS solver failed:  The solver ECOS is not installed. 
Using SCS instead.
ECOS solver failed:  The solver ECOS is not installed. 
Using SCS instead.
ECOS solver failed:  The solver ECOS is not installed. 
Using SCS instead.
ECOS solver failed:  The solver ECOS is not installed. 
Using SCS instead.
ECOS solver failed:  The solver ECOS is not installed. 
Using SCS instead.
ECOS solver failed:  The solver ECOS is not installed. 
Using SCS instead.
ECOS solver failed:  The solver ECOS is not installed. 
Using SCS instead.
ECOS solver failed:  The solver ECOS is not installed. 
Using SCS instead.
ECOS solver failed:  The solver ECOS is not installed. 
Using SCS instead.
ECOS solver failed:  The solver ECOS is not installed. 
Using SCS instead.
ECOS solver failed:  The solver ECOS is not installed. 
Using SCS instead.
ECOS solver failed:  The solver ECOS is not installed. 
Using SCS instead.
ECOS solver failed:  The solver ECOS is not installed. 
Using SCS instead.
ECOS solver failed:  The solver ECOS is not installed. 
Using SCS instead.
ECOS solver failed:  The solver ECOS is not installed. 
Using SCS instead.
ECOS solver failed:  The solver ECOS is not installed. 
Using SCS instead.
ECOS solver failed:  The solver ECOS is not installed. 
Using SCS instead.
ECOS solver failed:  The solver ECOS is not installed. 
Using SCS instead.
M-step Design Matrix Calculation time (sec): 0.0291
ECOS solver failed in IPCW_HAL_init, falling back to SCS: The solver ECOS is not installed.
WARNING - large complementary slackness residual: 0.006891
M-step CVXPY optimize time (sec): 1.0658
ECOS solver failed:  The solver ECOS is not installed. 
Using SCS instead.
ECOS solver failed:  The solver ECOS is not installed. 
Using SCS instead.
ECOS solver failed:  The solver ECOS is not installed. 
Using SCS instead.
ECOS solver failed:  The solver ECOS is not installed. 
Using SCS instead.
ECOS solver failed:  The solver ECOS is not installed. 
Using SCS instead.
ECOS solver failed:  The solver ECOS is not installed. 
Using SCS instead.
ECOS solver failed:  The solver ECOS is not installed. 
Using SCS instead.
ECOS solver failed:  The solver ECOS is not installed. 
Using SCS instead.
ECOS solver failed:  The solver ECOS is not installed. 
Using SCS instead.
ECOS solver failed:  The solver ECOS is not installed. 
Using SCS instead.
ECOS solver failed:  The solver ECOS is not installed. 
Using SCS instead.
ECOS solver failed:  The solver ECOS is not installed. 
Using SCS instead.
ECOS solver failed:  The solver ECOS is not installed. 
Using SCS instead.
ECOS solver failed:  The solver ECOS is not installed. 
Using SCS instead.
ECOS solver failed:  The solver ECOS is not installed. 
Using SCS instead.
ECOS solver failed:  The solver ECOS is not installed. 
Using SCS instead.
ECOS solver failed:  The solver ECOS is not installed. 
Using SCS instead.
ECOS solver failed:  The solver ECOS is not installed. 
Using SCS instead.
ECOS solver failed:  The solver ECOS is not installed. 
Using SCS instead.
ECOS solver failed:  The solver ECOS is not installed. 
Using SCS instead.
ECOS solver failed:  The solver ECOS is not installed. 
Using SCS instead.
M-step Design Matrix Calculation time (sec): 0.0306
ECOS solver failed in IPCW_HAL_init, falling back to SCS: The solver ECOS is not installed.
WARNING - large complementary slackness residual: 0.005970
M-step CVXPY optimize time (sec): 1.9916
ECOS solver failed:  The solver ECOS is not installed. 
Using SCS instead.
ECOS solver failed:  The solver ECOS is not installed. 
Using SCS instead.
ECOS solver failed:  The solver ECOS is not installed. 
Using SCS instead.
ECOS solver failed:  The solver ECOS is not installed. 
Using SCS instead.
ECOS solver failed:  The solver ECOS is not installed. 
Using SCS instead.
ECOS solver failed:  The solver ECOS is not installed. 
Using SCS instead.
ECOS solver failed:  The solver ECOS is not installed. 
Using SCS instead.
ECOS solver failed:  The solver ECOS is not installed. 
Using SCS instead.
ECOS solver failed:  The solver ECOS is not installed. 
Using SCS instead.
ECOS solver failed:  The solver ECOS is not installed. 
Using SCS instead.
ECOS solver failed:  The solver ECOS is not installed. 
Using SCS instead.
ECOS solver failed:  The solver ECOS is not installed. 
Using SCS instead.
ECOS solver failed:  The solver ECOS is not installed. 
Using SCS instead.
ECOS solver failed:  The solver ECOS is not installed. 
Using SCS instead.
ECOS solver failed:  The solver ECOS is not installed. 
Using SCS instead.
ECOS solver failed:  The solver ECOS is not installed. 
Using SCS instead.
ECOS solver failed:  The solver ECOS is not installed. 
Using SCS instead.
ECOS solver failed:  The solver ECOS is not installed. 
Using SCS instead.
ECOS solver failed:  The solver ECOS is not installed. 
Using SCS instead.
ECOS solver failed:  The solver ECOS is not installed. 
Using SCS instead.
ECOS solver failed:  The solver ECOS is not installed. 
Using SCS instead.
M-step Design Matrix Calculation time (sec): 0.0186
ECOS solver failed in IPCW_HAL_init, falling back to SCS: The solver ECOS is not installed.
WARNING - large complementary slackness residual: 0.008928
M-step CVXPY optimize time (sec): 1.5405
ECOS solver failed:  The solver ECOS is not installed. 
Using SCS instead.
ECOS solver failed:  The solver ECOS is not installed. 
Using SCS instead.
ECOS solver failed:  The solver ECOS is not installed. 
Using SCS instead.
ECOS solver failed:  The solver ECOS is not installed. 
Using SCS instead.
ECOS solver failed:  The solver ECOS is not installed. 
Using SCS instead.
ECOS solver failed:  The solver ECOS is not installed. 
Using SCS instead.
ECOS solver failed:  The solver ECOS is not installed. 
Using SCS instead.
ECOS solver failed:  The solver ECOS is not installed. 
Using SCS instead.
ECOS solver failed:  The solver ECOS is not installed. 
Using SCS instead.
ECOS solver failed:  The solver ECOS is not installed. 
Using SCS instead.
ECOS solver failed:  The solver ECOS is not installed. 
Using SCS instead.
ECOS solver failed:  The solver ECOS is not installed. 
Using SCS instead.
ECOS solver failed:  The solver ECOS is not installed. 
Using SCS instead.
ECOS solver failed:  The solver ECOS is not installed. 
Using SCS instead.
ECOS solver failed:  The solver ECOS is not installed. 
Using SCS instead.
ECOS solver failed:  The solver ECOS is not installed. 
Using SCS instead.
ECOS solver failed:  The solver ECOS is not installed. 
Using SCS instead.
ECOS solver failed:  The solver ECOS is not installed. 
Using SCS instead.
ECOS solver failed:  The solver ECOS is not installed. 
Using SCS instead.
ECOS solver failed:  The solver ECOS is not installed. 
Using SCS instead.
ECOS solver failed:  The solver ECOS is not installed. 
Using SCS instead.
M-step Design Matrix Calculation time (sec): 0.0400
ECOS solver failed in IPCW_HAL_init, falling back to SCS: The solver ECOS is not installed.
WARNING - large complementary slackness residual: 0.005664
M-step CVXPY optimize time (sec): 1.2997
ECOS solver failed:  The solver ECOS is not installed. 
Using SCS instead.
ECOS solver failed:  The solver ECOS is not installed. 
Using SCS instead.
ECOS solver failed:  The solver ECOS is not installed. 
Using SCS instead.
ECOS solver failed:  The solver ECOS is not installed. 
Using SCS instead.
ECOS solver failed:  The solver ECOS is not installed. 
Using SCS instead.
ECOS solver failed:  The solver ECOS is not installed. 
Using SCS instead.
ECOS solver failed:  The solver ECOS is not installed. 
Using SCS instead.
ECOS solver failed:  The solver ECOS is not installed. 
Using SCS instead.
ECOS solver failed:  The solver ECOS is not installed. 
Using SCS instead.
ECOS solver failed:  The solver ECOS is not installed. 
Using SCS instead.
ECOS solver failed:  The solver ECOS is not installed. 
Using SCS instead.
ECOS solver failed:  The solver ECOS is not installed. 
Using SCS instead.
ECOS solver failed:  The solver ECOS is not installed. 
Using SCS instead.
ECOS solver failed:  The solver ECOS is not installed. 
Using SCS instead.
ECOS solver failed:  The solver ECOS is not installed. 
Using SCS instead.
ECOS solver failed:  The solver ECOS is not installed. 
Using SCS instead.
ECOS solver failed:  The solver ECOS is not installed. 
Using SCS instead.
ECOS solver failed:  The solver ECOS is not installed. 
Using SCS instead.
ECOS solver failed:  The solver ECOS is not installed. 
Using SCS instead.
ECOS solver failed:  The solver ECOS is not installed. 
Using SCS instead.
ECOS solver failed:  The solver ECOS is not installed. 
Using SCS instead.
M-step Design Matrix Calculation time (sec): 0.0200
ECOS solver failed in IPCW_HAL_init, falling back to SCS: The solver ECOS is not installed.
M-step CVXPY optimize time (sec): 0.9225
ECOS solver failed:  The solver ECOS is not installed. 
Using SCS instead.
ECOS solver failed:  The solver ECOS is not installed. 
Using SCS instead.
ECOS solver failed:  The solver ECOS is not installed. 
Using SCS instead.
ECOS solver failed:  The solver ECOS is not installed. 
Using SCS instead.
ECOS solver failed:  The solver ECOS is not installed. 
Using SCS instead.
ECOS solver failed:  The solver ECOS is not installed. 
Using SCS instead.
ECOS solver failed:  The solver ECOS is not installed. 
Using SCS instead.
ECOS solver failed:  The solver ECOS is not installed. 
Using SCS instead.
ECOS solver failed:  The solver ECOS is not installed. 
Using SCS instead.
ECOS solver failed:  The solver ECOS is not installed. 
Using SCS instead.
ECOS solver failed:  The solver ECOS is not installed. 
Using SCS instead.
ECOS solver failed:  The solver ECOS is not installed. 
Using SCS instead.
ECOS solver failed:  The solver ECOS is not installed. 
Using SCS instead.
ECOS solver failed:  The solver ECOS is not installed. 
Using SCS instead.
ECOS solver failed:  The solver ECOS is not installed. 
Using SCS instead.
ECOS solver failed:  The solver ECOS is not installed. 
Using SCS instead.
ECOS solver failed:  The solver ECOS is not installed. 
Using SCS instead.
ECOS solver failed:  The solver ECOS is not installed. 
Using SCS instead.
ECOS solver failed:  The solver ECOS is not installed. 
Using SCS instead.
ECOS solver failed:  The solver ECOS is not installed. 
Using SCS instead.
ECOS solver failed:  The solver ECOS is not installed. 
Using SCS instead.
M-step Design Matrix Calculation time (sec): 0.0180
ECOS solver failed in IPCW_HAL_init, falling back to SCS: The solver ECOS is not installed.
WARNING - large complementary slackness residual: 0.026289
M-step CVXPY optimize time (sec): 1.8650
ECOS solver failed:  The solver ECOS is not installed. 
Using SCS instead.
ECOS solver failed:  The solver ECOS is not installed. 
Using SCS instead.
ECOS solver failed:  The solver ECOS is not installed. 
Using SCS instead.
ECOS solver failed:  The solver ECOS is not installed. 
Using SCS instead.
ECOS solver failed:  The solver ECOS is not installed. 
Using SCS instead.
ECOS solver failed:  The solver ECOS is not installed. 
Using SCS instead.
ECOS solver failed:  The solver ECOS is not installed. 
Using SCS instead.
ECOS solver failed:  The solver ECOS is not installed. 
Using SCS instead.
ECOS solver failed:  The solver ECOS is not installed. 
Using SCS instead.
ECOS solver failed:  The solver ECOS is not installed. 
Using SCS instead.
ECOS solver failed:  The solver ECOS is not installed. 
Using SCS instead.
ECOS solver failed:  The solver ECOS is not installed. 
Using SCS instead.
ECOS solver failed:  The solver ECOS is not installed. 
Using SCS instead.
ECOS solver failed:  The solver ECOS is not installed. 
Using SCS instead.
ECOS solver failed:  The solver ECOS is not installed. 
Using SCS instead.
ECOS solver failed:  The solver ECOS is not installed. 
Using SCS instead.
ECOS solver failed:  The solver ECOS is not installed. 
Using SCS instead.
ECOS solver failed:  The solver ECOS is not installed. 
Using SCS instead.
ECOS solver failed:  The solver ECOS is not installed. 
Using SCS instead.
ECOS solver failed:  The solver ECOS is not installed. 
Using SCS instead.
ECOS solver failed:  The solver ECOS is not installed. 
Using SCS instead.
M-step Design Matrix Calculation time (sec): 0.0228
ECOS solver failed in IPCW_HAL_init, falling back to SCS: The solver ECOS is not installed.
WARNING - large complementary slackness residual: 0.006345
M-step CVXPY optimize time (sec): 2.1604
ECOS solver failed:  The solver ECOS is not installed. 
Using SCS instead.
ECOS solver failed:  The solver ECOS is not installed. 
Using SCS instead.
ECOS solver failed:  The solver ECOS is not installed. 
Using SCS instead.
ECOS solver failed:  The solver ECOS is not installed. 
Using SCS instead.
ECOS solver failed:  The solver ECOS is not installed. 
Using SCS instead.
ECOS solver failed:  The solver ECOS is not installed. 
Using SCS instead.
ECOS solver failed:  The solver ECOS is not installed. 
Using SCS instead.
ECOS solver failed:  The solver ECOS is not installed. 
Using SCS instead.
ECOS solver failed:  The solver ECOS is not installed. 
Using SCS instead.
ECOS solver failed:  The solver ECOS is not installed. 
Using SCS instead.
ECOS solver failed:  The solver ECOS is not installed. 
Using SCS instead.
ECOS solver failed:  The solver ECOS is not installed. 
Using SCS instead.
ECOS solver failed:  The solver ECOS is not installed. 
Using SCS instead.
ECOS solver failed:  The solver ECOS is not installed. 
Using SCS instead.
ECOS solver failed:  The solver ECOS is not installed. 
Using SCS instead.
ECOS solver failed:  The solver ECOS is not installed. 
Using SCS instead.
ECOS solver failed:  The solver ECOS is not installed. 
Using SCS instead.
ECOS solver failed:  The solver ECOS is not installed. 
Using SCS instead.
ECOS solver failed:  The solver ECOS is not installed. 
Using SCS instead.
ECOS solver failed:  The solver ECOS is not installed. 
Using SCS instead.
ECOS solver failed:  The solver ECOS is not installed. 
Using SCS instead.
M-step Design Matrix Calculation time (sec): 0.0547
ECOS solver failed in IPCW_HAL_init, falling back to SCS: The solver ECOS is not installed.
M-step CVXPY optimize time (sec): 1.0421
ECOS solver failed:  The solver ECOS is not installed. 
Using SCS instead.
ECOS solver failed:  The solver ECOS is not installed. 
Using SCS instead.
ECOS solver failed:  The solver ECOS is not installed. 
Using SCS instead.
ECOS solver failed:  The solver ECOS is not installed. 
Using SCS instead.
ECOS solver failed:  The solver ECOS is not installed. 
Using SCS instead.
ECOS solver failed:  The solver ECOS is not installed. 
Using SCS instead.
ECOS solver failed:  The solver ECOS is not installed. 
Using SCS instead.
ECOS solver failed:  The solver ECOS is not installed. 
Using SCS instead.
ECOS solver failed:  The solver ECOS is not installed. 
Using SCS instead.
ECOS solver failed:  The solver ECOS is not installed. 
Using SCS instead.
ECOS solver failed:  The solver ECOS is not installed. 
Using SCS instead.
ECOS solver failed:  The solver ECOS is not installed. 
Using SCS instead.
ECOS solver failed:  The solver ECOS is not installed. 
Using SCS instead.
ECOS solver failed:  The solver ECOS is not installed. 
Using SCS instead.
ECOS solver failed:  The solver ECOS is not installed. 
Using SCS instead.
ECOS solver failed:  The solver ECOS is not installed. 
Using SCS instead.
ECOS solver failed:  The solver ECOS is not installed. 
Using SCS instead.
ECOS solver failed:  The solver ECOS is not installed. 
Using SCS instead.
ECOS solver failed:  The solver ECOS is not installed. 
Using SCS instead.
ECOS solver failed:  The solver ECOS is not installed. 
Using SCS instead.
ECOS solver failed:  The solver ECOS is not installed. 
Using SCS instead.
M-step Design Matrix Calculation time (sec): 0.0659
ECOS solver failed in IPCW_HAL_init, falling back to SCS: The solver ECOS is not installed.
WARNING - large complementary slackness residual: 0.014341
M-step CVXPY optimize time (sec): 0.6082
ECOS solver failed:  The solver ECOS is not installed. 
Using SCS instead.
ECOS solver failed:  The solver ECOS is not installed. 
Using SCS instead.
ECOS solver failed:  The solver ECOS is not installed. 
Using SCS instead.
ECOS solver failed:  The solver ECOS is not installed. 
Using SCS instead.
ECOS solver failed:  The solver ECOS is not installed. 
Using SCS instead.
ECOS solver failed:  The solver ECOS is not installed. 
Using SCS instead.
ECOS solver failed:  The solver ECOS is not installed. 
Using SCS instead.
ECOS solver failed:  The solver ECOS is not installed. 
Using SCS instead.
ECOS solver failed:  The solver ECOS is not installed. 
Using SCS instead.
ECOS solver failed:  The solver ECOS is not installed. 
Using SCS instead.
ECOS solver failed:  The solver ECOS is not installed. 
Using SCS instead.
ECOS solver failed:  The solver ECOS is not installed. 
Using SCS instead.
ECOS solver failed:  The solver ECOS is not installed. 
Using SCS instead.
ECOS solver failed:  The solver ECOS is not installed. 
Using SCS instead.
ECOS solver failed:  The solver ECOS is not installed. 
Using SCS instead.
ECOS solver failed:  The solver ECOS is not installed. 
Using SCS instead.
ECOS solver failed:  The solver ECOS is not installed. 
Using SCS instead.
ECOS solver failed:  The solver ECOS is not installed. 
Using SCS instead.
ECOS solver failed:  The solver ECOS is not installed. 
Using SCS instead.
ECOS solver failed:  The solver ECOS is not installed. 
Using SCS instead.
ECOS solver failed:  The solver ECOS is not installed. 
Using SCS instead.
M-step Design Matrix Calculation time (sec): 0.0198
ECOS solver failed in IPCW_HAL_init, falling back to SCS: The solver ECOS is not installed.
M-step CVXPY optimize time (sec): 0.6287
ECOS solver failed:  The solver ECOS is not installed. 
Using SCS instead.
ECOS solver failed:  The solver ECOS is not installed. 
Using SCS instead.
ECOS solver failed:  The solver ECOS is not installed. 
Using SCS instead.
ECOS solver failed:  The solver ECOS is not installed. 
Using SCS instead.
ECOS solver failed:  The solver ECOS is not installed. 
Using SCS instead.
ECOS solver failed:  The solver ECOS is not installed. 
Using SCS instead.
ECOS solver failed:  The solver ECOS is not installed. 
Using SCS instead.
ECOS solver failed:  The solver ECOS is not installed. 
Using SCS instead.
ECOS solver failed:  The solver ECOS is not installed. 
Using SCS instead.
ECOS solver failed:  The solver ECOS is not installed. 
Using SCS instead.
ECOS solver failed:  The solver ECOS is not installed. 
Using SCS instead.
ECOS solver failed:  The solver ECOS is not installed. 
Using SCS instead.
ECOS solver failed:  The solver ECOS is not installed. 
Using SCS instead.
ECOS solver failed:  The solver ECOS is not installed. 
Using SCS instead.
ECOS solver failed:  The solver ECOS is not installed. 
Using SCS instead.
ECOS solver failed:  The solver ECOS is not installed. 
Using SCS instead.
ECOS solver failed:  The solver ECOS is not installed. 
Using SCS instead.
ECOS solver failed:  The solver ECOS is not installed. 
Using SCS instead.
ECOS solver failed:  The solver ECOS is not installed. 
Using SCS instead.
ECOS solver failed:  The solver ECOS is not installed. 
Using SCS instead.
ECOS solver failed:  The solver ECOS is not installed. 
Using SCS instead.
M-step Design Matrix Calculation time (sec): 0.0804
ECOS solver failed in IPCW_HAL_init, falling back to SCS: The solver ECOS is not installed.
WARNING - large complementary slackness residual: 0.015984
M-step CVXPY optimize time (sec): 1.1310
ECOS solver failed:  The solver ECOS is not installed. 
Using SCS instead.
ECOS solver failed:  The solver ECOS is not installed. 
Using SCS instead.
ECOS solver failed:  The solver ECOS is not installed. 
Using SCS instead.
ECOS solver failed:  The solver ECOS is not installed. 
Using SCS instead.
ECOS solver failed:  The solver ECOS is not installed. 
Using SCS instead.
ECOS solver failed:  The solver ECOS is not installed. 
Using SCS instead.
ECOS solver failed:  The solver ECOS is not installed. 
Using SCS instead.
ECOS solver failed:  The solver ECOS is not installed. 
Using SCS instead.
ECOS solver failed:  The solver ECOS is not installed. 
Using SCS instead.
ECOS solver failed:  The solver ECOS is not installed. 
Using SCS instead.
ECOS solver failed:  The solver ECOS is not installed. 
Using SCS instead.
ECOS solver failed:  The solver ECOS is not installed. 
Using SCS instead.
ECOS solver failed:  The solver ECOS is not installed. 
Using SCS instead.
ECOS solver failed:  The solver ECOS is not installed. 
Using SCS instead.
ECOS solver failed:  The solver ECOS is not installed. 
Using SCS instead.
ECOS solver failed:  The solver ECOS is not installed. 
Using SCS instead.
ECOS solver failed:  The solver ECOS is not installed. 
Using SCS instead.
ECOS solver failed:  The solver ECOS is not installed. 
Using SCS instead.
ECOS solver failed:  The solver ECOS is not installed. 
Using SCS instead.
ECOS solver failed:  The solver ECOS is not installed. 
Using SCS instead.
ECOS solver failed:  The solver ECOS is not installed. 
Using SCS instead.
M-step Design Matrix Calculation time (sec): 0.0308
ECOS solver failed in IPCW_HAL_init, falling back to SCS: The solver ECOS is not installed.
WARNING - large complementary slackness residual: 0.004927
M-step CVXPY optimize time (sec): 2.1081
ECOS solver failed:  The solver ECOS is not installed. 
Using SCS instead.
ECOS solver failed:  The solver ECOS is not installed. 
Using SCS instead.
ECOS solver failed:  The solver ECOS is not installed. 
Using SCS instead.
ECOS solver failed:  The solver ECOS is not installed. 
Using SCS instead.
ECOS solver failed:  The solver ECOS is not installed. 
Using SCS instead.
ECOS solver failed:  The solver ECOS is not installed. 
Using SCS instead.
ECOS solver failed:  The solver ECOS is not installed. 
Using SCS instead.
ECOS solver failed:  The solver ECOS is not installed. 
Using SCS instead.
ECOS solver failed:  The solver ECOS is not installed. 
Using SCS instead.
ECOS solver failed:  The solver ECOS is not installed. 
Using SCS instead.
ECOS solver failed:  The solver ECOS is not installed. 
Using SCS instead.
ECOS solver failed:  The solver ECOS is not installed. 
Using SCS instead.
ECOS solver failed:  The solver ECOS is not installed. 
Using SCS instead.
ECOS solver failed:  The solver ECOS is not installed. 
Using SCS instead.
ECOS solver failed:  The solver ECOS is not installed. 
Using SCS instead.
ECOS solver failed:  The solver ECOS is not installed. 
Using SCS instead.
ECOS solver failed:  The solver ECOS is not installed. 
Using SCS instead.
ECOS solver failed:  The solver ECOS is not installed. 
Using SCS instead.
ECOS solver failed:  The solver ECOS is not installed. 
Using SCS instead.
ECOS solver failed:  The solver ECOS is not installed. 
Using SCS instead.
ECOS solver failed:  The solver ECOS is not installed. 
Using SCS instead.
M-step Design Matrix Calculation time (sec): 0.0480
ECOS solver failed in IPCW_HAL_init, falling back to SCS: The solver ECOS is not installed.
WARNING - large complementary slackness residual: 0.006759
M-step CVXPY optimize time (sec): 0.7173
ECOS solver failed:  The solver ECOS is not installed. 
Using SCS instead.
ECOS solver failed:  The solver ECOS is not installed. 
Using SCS instead.
ECOS solver failed:  The solver ECOS is not installed. 
Using SCS instead.
ECOS solver failed:  The solver ECOS is not installed. 
Using SCS instead.
ECOS solver failed:  The solver ECOS is not installed. 
Using SCS instead.
ECOS solver failed:  The solver ECOS is not installed. 
Using SCS instead.
ECOS solver failed:  The solver ECOS is not installed. 
Using SCS instead.
ECOS solver failed:  The solver ECOS is not installed. 
Using SCS instead.
ECOS solver failed:  The solver ECOS is not installed. 
Using SCS instead.
ECOS solver failed:  The solver ECOS is not installed. 
Using SCS instead.
ECOS solver failed:  The solver ECOS is not installed. 
Using SCS instead.
ECOS solver failed:  The solver ECOS is not installed. 
Using SCS instead.
ECOS solver failed:  The solver ECOS is not installed. 
Using SCS instead.
ECOS solver failed:  The solver ECOS is not installed. 
Using SCS instead.
ECOS solver failed:  The solver ECOS is not installed. 
Using SCS instead.
ECOS solver failed:  The solver ECOS is not installed. 
Using SCS instead.
ECOS solver failed:  The solver ECOS is not installed. 
Using SCS instead.
ECOS solver failed:  The solver ECOS is not installed. 
Using SCS instead.
ECOS solver failed:  The solver ECOS is not installed. 
Using SCS instead.
ECOS solver failed:  The solver ECOS is not installed. 
Using SCS instead.
ECOS solver failed:  The solver ECOS is not installed. 
Using SCS instead.
M-step Design Matrix Calculation time (sec): 0.0361
ECOS solver failed in IPCW_HAL_init, falling back to SCS: The solver ECOS is not installed.
WARNING - large complementary slackness residual: 0.011305
M-step CVXPY optimize time (sec): 0.7965
ECOS solver failed:  The solver ECOS is not installed. 
Using SCS instead.
ECOS solver failed:  The solver ECOS is not installed. 
Using SCS instead.
ECOS solver failed:  The solver ECOS is not installed. 
Using SCS instead.
ECOS solver failed:  The solver ECOS is not installed. 
Using SCS instead.
ECOS solver failed:  The solver ECOS is not installed. 
Using SCS instead.
ECOS solver failed:  The solver ECOS is not installed. 
Using SCS instead.
ECOS solver failed:  The solver ECOS is not installed. 
Using SCS instead.
ECOS solver failed:  The solver ECOS is not installed. 
Using SCS instead.
ECOS solver failed:  The solver ECOS is not installed. 
Using SCS instead.
ECOS solver failed:  The solver ECOS is not installed. 
Using SCS instead.
ECOS solver failed:  The solver ECOS is not installed. 
Using SCS instead.
ECOS solver failed:  The solver ECOS is not installed. 
Using SCS instead.
ECOS solver failed:  The solver ECOS is not installed. 
Using SCS instead.
ECOS solver failed:  The solver ECOS is not installed. 
Using SCS instead.
ECOS solver failed:  The solver ECOS is not installed. 
Using SCS instead.
ECOS solver failed:  The solver ECOS is not installed. 
Using SCS instead.
ECOS solver failed:  The solver ECOS is not installed. 
Using SCS instead.
ECOS solver failed:  The solver ECOS is not installed. 
Using SCS instead.
ECOS solver failed:  The solver ECOS is not installed. 
Using SCS instead.
ECOS solver failed:  The solver ECOS is not installed. 
Using SCS instead.
ECOS solver failed:  The solver ECOS is not installed. 
Using SCS instead.
M-step Design Matrix Calculation time (sec): 0.0178
ECOS solver failed in IPCW_HAL_init, falling back to SCS: The solver ECOS is not installed.
WARNING - large complementary slackness residual: 0.021035
M-step CVXPY optimize time (sec): 1.2513
ECOS solver failed:  The solver ECOS is not installed. 
Using SCS instead.
ECOS solver failed:  The solver ECOS is not installed. 
Using SCS instead.
ECOS solver failed:  The solver ECOS is not installed. 
Using SCS instead.
ECOS solver failed:  The solver ECOS is not installed. 
Using SCS instead.
ECOS solver failed:  The solver ECOS is not installed. 
Using SCS instead.
ECOS solver failed:  The solver ECOS is not installed. 
Using SCS instead.
ECOS solver failed:  The solver ECOS is not installed. 
Using SCS instead.
ECOS solver failed:  The solver ECOS is not installed. 
Using SCS instead.
ECOS solver failed:  The solver ECOS is not installed. 
Using SCS instead.
ECOS solver failed:  The solver ECOS is not installed. 
Using SCS instead.
ECOS solver failed:  The solver ECOS is not installed. 
Using SCS instead.
ECOS solver failed:  The solver ECOS is not installed. 
Using SCS instead.
ECOS solver failed:  The solver ECOS is not installed. 
Using SCS instead.
ECOS solver failed:  The solver ECOS is not installed. 
Using SCS instead.
ECOS solver failed:  The solver ECOS is not installed. 
Using SCS instead.
ECOS solver failed:  The solver ECOS is not installed. 
Using SCS instead.
ECOS solver failed:  The solver ECOS is not installed. 
Using SCS instead.
ECOS solver failed:  The solver ECOS is not installed. 
Using SCS instead.
ECOS solver failed:  The solver ECOS is not installed. 
Using SCS instead.
ECOS solver failed:  The solver ECOS is not installed. 
Using SCS instead.
ECOS solver failed:  The solver ECOS is not installed. 
Using SCS instead.
M-step Design Matrix Calculation time (sec): 0.0189
ECOS solver failed in IPCW_HAL_init, falling back to SCS: The solver ECOS is not installed.
WARNING - large complementary slackness residual: 0.005467
M-step CVXPY optimize time (sec): 0.7005
ECOS solver failed:  The solver ECOS is not installed. 
Using SCS instead.
ECOS solver failed:  The solver ECOS is not installed. 
Using SCS instead.
ECOS solver failed:  The solver ECOS is not installed. 
Using SCS instead.
ECOS solver failed:  The solver ECOS is not installed. 
Using SCS instead.
ECOS solver failed:  The solver ECOS is not installed. 
Using SCS instead.
ECOS solver failed:  The solver ECOS is not installed. 
Using SCS instead.
ECOS solver failed:  The solver ECOS is not installed. 
Using SCS instead.
ECOS solver failed:  The solver ECOS is not installed. 
Using SCS instead.
ECOS solver failed:  The solver ECOS is not installed. 
Using SCS instead.
ECOS solver failed:  The solver ECOS is not installed. 
Using SCS instead.
ECOS solver failed:  The solver ECOS is not installed. 
Using SCS instead.
ECOS solver failed:  The solver ECOS is not installed. 
Using SCS instead.
ECOS solver failed:  The solver ECOS is not installed. 
Using SCS instead.
ECOS solver failed:  The solver ECOS is not installed. 
Using SCS instead.
ECOS solver failed:  The solver ECOS is not installed. 
Using SCS instead.
ECOS solver failed:  The solver ECOS is not installed. 
Using SCS instead.
ECOS solver failed:  The solver ECOS is not installed. 
Using SCS instead.
ECOS solver failed:  The solver ECOS is not installed. 
Using SCS instead.
ECOS solver failed:  The solver ECOS is not installed. 
Using SCS instead.
ECOS solver failed:  The solver ECOS is not installed. 
Using SCS instead.
ECOS solver failed:  The solver ECOS is not installed. 
Using SCS instead.
M-step Design Matrix Calculation time (sec): 0.0200
ECOS solver failed in IPCW_HAL_init, falling back to SCS: The solver ECOS is not installed.
WARNING - large complementary slackness residual: 0.005021
M-step CVXPY optimize time (sec): 0.7741
ECOS solver failed:  The solver ECOS is not installed. 
Using SCS instead.
ECOS solver failed:  The solver ECOS is not installed. 
Using SCS instead.
ECOS solver failed:  The solver ECOS is not installed. 
Using SCS instead.
ECOS solver failed:  The solver ECOS is not installed. 
Using SCS instead.
ECOS solver failed:  The solver ECOS is not installed. 
Using SCS instead.
ECOS solver failed:  The solver ECOS is not installed. 
Using SCS instead.
ECOS solver failed:  The solver ECOS is not installed. 
Using SCS instead.
ECOS solver failed:  The solver ECOS is not installed. 
Using SCS instead.
ECOS solver failed:  The solver ECOS is not installed. 
Using SCS instead.
ECOS solver failed:  The solver ECOS is not installed. 
Using SCS instead.
ECOS solver failed:  The solver ECOS is not installed. 
Using SCS instead.
ECOS solver failed:  The solver ECOS is not installed. 
Using SCS instead.
ECOS solver failed:  The solver ECOS is not installed. 
Using SCS instead.
ECOS solver failed:  The solver ECOS is not installed. 
Using SCS instead.
ECOS solver failed:  The solver ECOS is not installed. 
Using SCS instead.
ECOS solver failed:  The solver ECOS is not installed. 
Using SCS instead.
ECOS solver failed:  The solver ECOS is not installed. 
Using SCS instead.
ECOS solver failed:  The solver ECOS is not installed. 
Using SCS instead.
ECOS solver failed:  The solver ECOS is not installed. 
Using SCS instead.
ECOS solver failed:  The solver ECOS is not installed. 
Using SCS instead.
ECOS solver failed:  The solver ECOS is not installed. 
Using SCS instead.
M-step Design Matrix Calculation time (sec): 0.0171
ECOS solver failed in IPCW_HAL_init, falling back to SCS: The solver ECOS is not installed.
WARNING - large complementary slackness residual: 0.023535
M-step CVXPY optimize time (sec): 0.8248
ECOS solver failed:  The solver ECOS is not installed. 
Using SCS instead.
ECOS solver failed:  The solver ECOS is not installed. 
Using SCS instead.
ECOS solver failed:  The solver ECOS is not installed. 
Using SCS instead.
ECOS solver failed:  The solver ECOS is not installed. 
Using SCS instead.
ECOS solver failed:  The solver ECOS is not installed. 
Using SCS instead.
ECOS solver failed:  The solver ECOS is not installed. 
Using SCS instead.
ECOS solver failed:  The solver ECOS is not installed. 
Using SCS instead.
ECOS solver failed:  The solver ECOS is not installed. 
Using SCS instead.
ECOS solver failed:  The solver ECOS is not installed. 
Using SCS instead.
ECOS solver failed:  The solver ECOS is not installed. 
Using SCS instead.
ECOS solver failed:  The solver ECOS is not installed. 
Using SCS instead.
ECOS solver failed:  The solver ECOS is not installed. 
Using SCS instead.
ECOS solver failed:  The solver ECOS is not installed. 
Using SCS instead.
ECOS solver failed:  The solver ECOS is not installed. 
Using SCS instead.
ECOS solver failed:  The solver ECOS is not installed. 
Using SCS instead.
ECOS solver failed:  The solver ECOS is not installed. 
Using SCS instead.
ECOS solver failed:  The solver ECOS is not installed. 
Using SCS instead.
ECOS solver failed:  The solver ECOS is not installed. 
Using SCS instead.
ECOS solver failed:  The solver ECOS is not installed. 
Using SCS instead.
ECOS solver failed:  The solver ECOS is not installed. 
Using SCS instead.
ECOS solver failed:  The solver ECOS is not installed. 
Using SCS instead.
M-step Design Matrix Calculation time (sec): 0.0166
ECOS solver failed in IPCW_HAL_init, falling back to SCS: The solver ECOS is not installed.
M-step CVXPY optimize time (sec): 0.3229
ECOS solver failed:  The solver ECOS is not installed. 
Using SCS instead.
ECOS solver failed:  The solver ECOS is not installed. 
Using SCS instead.
ECOS solver failed:  The solver ECOS is not installed. 
Using SCS instead.
ECOS solver failed:  The solver ECOS is not installed. 
Using SCS instead.
ECOS solver failed:  The solver ECOS is not installed. 
Using SCS instead.
ECOS solver failed:  The solver ECOS is not installed. 
Using SCS instead.
ECOS solver failed:  The solver ECOS is not installed. 
Using SCS instead.
ECOS solver failed:  The solver ECOS is not installed. 
Using SCS instead.
ECOS solver failed:  The solver ECOS is not installed. 
Using SCS instead.
ECOS solver failed:  The solver ECOS is not installed. 
Using SCS instead.
ECOS solver failed:  The solver ECOS is not installed. 
Using SCS instead.
ECOS solver failed:  The solver ECOS is not installed. 
Using SCS instead.
ECOS solver failed:  The solver ECOS is not installed. 
Using SCS instead.
ECOS solver failed:  The solver ECOS is not installed. 
Using SCS instead.
ECOS solver failed:  The solver ECOS is not installed. 
Using SCS instead.
ECOS solver failed:  The solver ECOS is not installed. 
Using SCS instead.
ECOS solver failed:  The solver ECOS is not installed. 
Using SCS instead.
ECOS solver failed:  The solver ECOS is not installed. 
Using SCS instead.
ECOS solver failed:  The solver ECOS is not installed. 
Using SCS instead.
ECOS solver failed:  The solver ECOS is not installed. 
Using SCS instead.
ECOS solver failed:  The solver ECOS is not installed. 
Using SCS instead.
M-step Design Matrix Calculation time (sec): 0.0201
ECOS solver failed in IPCW_HAL_init, falling back to SCS: The solver ECOS is not installed.
M-step CVXPY optimize time (sec): 0.3465
ECOS solver failed:  The solver ECOS is not installed. 
Using SCS instead.
ECOS solver failed:  The solver ECOS is not installed. 
Using SCS instead.
ECOS solver failed:  The solver ECOS is not installed. 
Using SCS instead.
ECOS solver failed:  The solver ECOS is not installed. 
Using SCS instead.
ECOS solver failed:  The solver ECOS is not installed. 
Using SCS instead.
ECOS solver failed:  The solver ECOS is not installed. 
Using SCS instead.
ECOS solver failed:  The solver ECOS is not installed. 
Using SCS instead.
ECOS solver failed:  The solver ECOS is not installed. 
Using SCS instead.
ECOS solver failed:  The solver ECOS is not installed. 
Using SCS instead.
ECOS solver failed:  The solver ECOS is not installed. 
Using SCS instead.
ECOS solver failed:  The solver ECOS is not installed. 
Using SCS instead.
ECOS solver failed:  The solver ECOS is not installed. 
Using SCS instead.
ECOS solver failed:  The solver ECOS is not installed. 
Using SCS instead.
ECOS solver failed:  The solver ECOS is not installed. 
Using SCS instead.
ECOS solver failed:  The solver ECOS is not installed. 
Using SCS instead.
ECOS solver failed:  The solver ECOS is not installed. 
Using SCS instead.
ECOS solver failed:  The solver ECOS is not installed. 
Using SCS instead.
ECOS solver failed:  The solver ECOS is not installed. 
Using SCS instead.
ECOS solver failed:  The solver ECOS is not installed. 
Using SCS instead.
ECOS solver failed:  The solver ECOS is not installed. 
Using SCS instead.
ECOS solver failed:  The solver ECOS is not installed. 
Using SCS instead.
M-step Design Matrix Calculation time (sec): 0.0181
ECOS solver failed in IPCW_HAL_init, falling back to SCS: The solver ECOS is not installed.
M-step CVXPY optimize time (sec): 0.4756
ECOS solver failed:  The solver ECOS is not installed. 
Using SCS instead.
ECOS solver failed:  The solver ECOS is not installed. 
Using SCS instead.
ECOS solver failed:  The solver ECOS is not installed. 
Using SCS instead.
ECOS solver failed:  The solver ECOS is not installed. 
Using SCS instead.
ECOS solver failed:  The solver ECOS is not installed. 
Using SCS instead.
ECOS solver failed:  The solver ECOS is not installed. 
Using SCS instead.
ECOS solver failed:  The solver ECOS is not installed. 
Using SCS instead.
ECOS solver failed:  The solver ECOS is not installed. 
Using SCS instead.
ECOS solver failed:  The solver ECOS is not installed. 
Using SCS instead.
ECOS solver failed:  The solver ECOS is not installed. 
Using SCS instead.
ECOS solver failed:  The solver ECOS is not installed. 
Using SCS instead.
ECOS solver failed:  The solver ECOS is not installed. 
Using SCS instead.
ECOS solver failed:  The solver ECOS is not installed. 
Using SCS instead.
ECOS solver failed:  The solver ECOS is not installed. 
Using SCS instead.
ECOS solver failed:  The solver ECOS is not installed. 
Using SCS instead.
ECOS solver failed:  The solver ECOS is not installed. 
Using SCS instead.
ECOS solver failed:  The solver ECOS is not installed. 
Using SCS instead.
ECOS solver failed:  The solver ECOS is not installed. 
Using SCS instead.
ECOS solver failed:  The solver ECOS is not installed. 
Using SCS instead.
ECOS solver failed:  The solver ECOS is not installed. 
Using SCS instead.
ECOS solver failed:  The solver ECOS is not installed. 
Using SCS instead.
M-step Design Matrix Calculation time (sec): 0.0619
ECOS solver failed in IPCW_HAL_init, falling back to SCS: The solver ECOS is not installed.
M-step CVXPY optimize time (sec): 1.5171
ECOS solver failed:  The solver ECOS is not installed. 
Using SCS instead.
ECOS solver failed:  The solver ECOS is not installed. 
Using SCS instead.
ECOS solver failed:  The solver ECOS is not installed. 
Using SCS instead.
ECOS solver failed:  The solver ECOS is not installed. 
Using SCS instead.
ECOS solver failed:  The solver ECOS is not installed. 
Using SCS instead.
ECOS solver failed:  The solver ECOS is not installed. 
Using SCS instead.
ECOS solver failed:  The solver ECOS is not installed. 
Using SCS instead.
ECOS solver failed:  The solver ECOS is not installed. 
Using SCS instead.
ECOS solver failed:  The solver ECOS is not installed. 
Using SCS instead.
ECOS solver failed:  The solver ECOS is not installed. 
Using SCS instead.
ECOS solver failed:  The solver ECOS is not installed. 
Using SCS instead.
ECOS solver failed:  The solver ECOS is not installed. 
Using SCS instead.
ECOS solver failed:  The solver ECOS is not installed. 
Using SCS instead.
ECOS solver failed:  The solver ECOS is not installed. 
Using SCS instead.
ECOS solver failed:  The solver ECOS is not installed. 
Using SCS instead.
ECOS solver failed:  The solver ECOS is not installed. 
Using SCS instead.
ECOS solver failed:  The solver ECOS is not installed. 
Using SCS instead.
ECOS solver failed:  The solver ECOS is not installed. 
Using SCS instead.
ECOS solver failed:  The solver ECOS is not installed. 
Using SCS instead.
ECOS solver failed:  The solver ECOS is not installed. 
Using SCS instead.
ECOS solver failed:  The solver ECOS is not installed. 
Using SCS instead.
M-step Design Matrix Calculation time (sec): 0.0182
ECOS solver failed in IPCW_HAL_init, falling back to SCS: The solver ECOS is not installed.
WARNING - large complementary slackness residual: 0.030791
M-step CVXPY optimize time (sec): 1.1129
ECOS solver failed:  The solver ECOS is not installed. 
Using SCS instead.
ECOS solver failed:  The solver ECOS is not installed. 
Using SCS instead.
ECOS solver failed:  The solver ECOS is not installed. 
Using SCS instead.
ECOS solver failed:  The solver ECOS is not installed. 
Using SCS instead.
ECOS solver failed:  The solver ECOS is not installed. 
Using SCS instead.
ECOS solver failed:  The solver ECOS is not installed. 
Using SCS instead.
ECOS solver failed:  The solver ECOS is not installed. 
Using SCS instead.
ECOS solver failed:  The solver ECOS is not installed. 
Using SCS instead.
ECOS solver failed:  The solver ECOS is not installed. 
Using SCS instead.
ECOS solver failed:  The solver ECOS is not installed. 
Using SCS instead.
ECOS solver failed:  The solver ECOS is not installed. 
Using SCS instead.
ECOS solver failed:  The solver ECOS is not installed. 
Using SCS instead.
ECOS solver failed:  The solver ECOS is not installed. 
Using SCS instead.
ECOS solver failed:  The solver ECOS is not installed. 
Using SCS instead.
ECOS solver failed:  The solver ECOS is not installed. 
Using SCS instead.
ECOS solver failed:  The solver ECOS is not installed. 
Using SCS instead.
ECOS solver failed:  The solver ECOS is not installed. 
Using SCS instead.
ECOS solver failed:  The solver ECOS is not installed. 
Using SCS instead.
ECOS solver failed:  The solver ECOS is not installed. 
Using SCS instead.
ECOS solver failed:  The solver ECOS is not installed. 
Using SCS instead.
ECOS solver failed:  The solver ECOS is not installed. 
Using SCS instead.
M-step Design Matrix Calculation time (sec): 0.0176
ECOS solver failed in IPCW_HAL_init, falling back to SCS: The solver ECOS is not installed.
M-step CVXPY optimize time (sec): 0.4678
ECOS solver failed:  The solver ECOS is not installed. 
Using SCS instead.
ECOS solver failed:  The solver ECOS is not installed. 
Using SCS instead.
ECOS solver failed:  The solver ECOS is not installed. 
Using SCS instead.
ECOS solver failed:  The solver ECOS is not installed. 
Using SCS instead.
ECOS solver failed:  The solver ECOS is not installed. 
Using SCS instead.
ECOS solver failed:  The solver ECOS is not installed. 
Using SCS instead.
ECOS solver failed:  The solver ECOS is not installed. 
Using SCS instead.
ECOS solver failed:  The solver ECOS is not installed. 
Using SCS instead.
ECOS solver failed:  The solver ECOS is not installed. 
Using SCS instead.
ECOS solver failed:  The solver ECOS is not installed. 
Using SCS instead.
ECOS solver failed:  The solver ECOS is not installed. 
Using SCS instead.
ECOS solver failed:  The solver ECOS is not installed. 
Using SCS instead.
ECOS solver failed:  The solver ECOS is not installed. 
Using SCS instead.
ECOS solver failed:  The solver ECOS is not installed. 
Using SCS instead.
ECOS solver failed:  The solver ECOS is not installed. 
Using SCS instead.
ECOS solver failed:  The solver ECOS is not installed. 
Using SCS instead.
ECOS solver failed:  The solver ECOS is not installed. 
Using SCS instead.
ECOS solver failed:  The solver ECOS is not installed. 
Using SCS instead.
ECOS solver failed:  The solver ECOS is not installed. 
Using SCS instead.
ECOS solver failed:  The solver ECOS is not installed. 
Using SCS instead.
ECOS solver failed:  The solver ECOS is not installed. 
Using SCS instead.
M-step Design Matrix Calculation time (sec): 0.0173
ECOS solver failed in IPCW_HAL_init, falling back to SCS: The solver ECOS is not installed.
WARNING - large complementary slackness residual: 0.015709
M-step CVXPY optimize time (sec): 0.9904
ECOS solver failed:  The solver ECOS is not installed. 
Using SCS instead.
ECOS solver failed:  The solver ECOS is not installed. 
Using SCS instead.
ECOS solver failed:  The solver ECOS is not installed. 
Using SCS instead.
ECOS solver failed:  The solver ECOS is not installed. 
Using SCS instead.
ECOS solver failed:  The solver ECOS is not installed. 
Using SCS instead.
ECOS solver failed:  The solver ECOS is not installed. 
Using SCS instead.
ECOS solver failed:  The solver ECOS is not installed. 
Using SCS instead.
ECOS solver failed:  The solver ECOS is not installed. 
Using SCS instead.
ECOS solver failed:  The solver ECOS is not installed. 
Using SCS instead.
ECOS solver failed:  The solver ECOS is not installed. 
Using SCS instead.
ECOS solver failed:  The solver ECOS is not installed. 
Using SCS instead.
ECOS solver failed:  The solver ECOS is not installed. 
Using SCS instead.
ECOS solver failed:  The solver ECOS is not installed. 
Using SCS instead.
ECOS solver failed:  The solver ECOS is not installed. 
Using SCS instead.
ECOS solver failed:  The solver ECOS is not installed. 
Using SCS instead.
ECOS solver failed:  The solver ECOS is not installed. 
Using SCS instead.
ECOS solver failed:  The solver ECOS is not installed. 
Using SCS instead.
ECOS solver failed:  The solver ECOS is not installed. 
Using SCS instead.
ECOS solver failed:  The solver ECOS is not installed. 
Using SCS instead.
ECOS solver failed:  The solver ECOS is not installed. 
Using SCS instead.
ECOS solver failed:  The solver ECOS is not installed. 
Using SCS instead.
M-step Design Matrix Calculation time (sec): 0.0189
ECOS solver failed in IPCW_HAL_init, falling back to SCS: The solver ECOS is not installed.
WARNING - large complementary slackness residual: 0.006735
M-step CVXPY optimize time (sec): 1.7347
ECOS solver failed:  The solver ECOS is not installed. 
Using SCS instead.
ECOS solver failed:  The solver ECOS is not installed. 
Using SCS instead.
ECOS solver failed:  The solver ECOS is not installed. 
Using SCS instead.
ECOS solver failed:  The solver ECOS is not installed. 
Using SCS instead.
ECOS solver failed:  The solver ECOS is not installed. 
Using SCS instead.
ECOS solver failed:  The solver ECOS is not installed. 
Using SCS instead.
ECOS solver failed:  The solver ECOS is not installed. 
Using SCS instead.
ECOS solver failed:  The solver ECOS is not installed. 
Using SCS instead.
ECOS solver failed:  The solver ECOS is not installed. 
Using SCS instead.
ECOS solver failed:  The solver ECOS is not installed. 
Using SCS instead.
ECOS solver failed:  The solver ECOS is not installed. 
Using SCS instead.
ECOS solver failed:  The solver ECOS is not installed. 
Using SCS instead.
ECOS solver failed:  The solver ECOS is not installed. 
Using SCS instead.
ECOS solver failed:  The solver ECOS is not installed. 
Using SCS instead.
ECOS solver failed:  The solver ECOS is not installed. 
Using SCS instead.
ECOS solver failed:  The solver ECOS is not installed. 
Using SCS instead.
ECOS solver failed:  The solver ECOS is not installed. 
Using SCS instead.
ECOS solver failed:  The solver ECOS is not installed. 
Using SCS instead.
ECOS solver failed:  The solver ECOS is not installed. 
Using SCS instead.
ECOS solver failed:  The solver ECOS is not installed. 
Using SCS instead.
ECOS solver failed:  The solver ECOS is not installed. 
Using SCS instead.
M-step Design Matrix Calculation time (sec): 0.0183
ECOS solver failed in IPCW_HAL_init, falling back to SCS: The solver ECOS is not installed.
WARNING - large complementary slackness residual: 0.008904
M-step CVXPY optimize time (sec): 1.5476
ECOS solver failed:  The solver ECOS is not installed. 
Using SCS instead.
ECOS solver failed:  The solver ECOS is not installed. 
Using SCS instead.
ECOS solver failed:  The solver ECOS is not installed. 
Using SCS instead.
ECOS solver failed:  The solver ECOS is not installed. 
Using SCS instead.
ECOS solver failed:  The solver ECOS is not installed. 
Using SCS instead.
ECOS solver failed:  The solver ECOS is not installed. 
Using SCS instead.
ECOS solver failed:  The solver ECOS is not installed. 
Using SCS instead.
ECOS solver failed:  The solver ECOS is not installed. 
Using SCS instead.
ECOS solver failed:  The solver ECOS is not installed. 
Using SCS instead.
ECOS solver failed:  The solver ECOS is not installed. 
Using SCS instead.
ECOS solver failed:  The solver ECOS is not installed. 
Using SCS instead.
ECOS solver failed:  The solver ECOS is not installed. 
Using SCS instead.
ECOS solver failed:  The solver ECOS is not installed. 
Using SCS instead.
ECOS solver failed:  The solver ECOS is not installed. 
Using SCS instead.
ECOS solver failed:  The solver ECOS is not installed. 
Using SCS instead.
ECOS solver failed:  The solver ECOS is not installed. 
Using SCS instead.
ECOS solver failed:  The solver ECOS is not installed. 
Using SCS instead.
ECOS solver failed:  The solver ECOS is not installed. 
Using SCS instead.
ECOS solver failed:  The solver ECOS is not installed. 
Using SCS instead.
ECOS solver failed:  The solver ECOS is not installed. 
Using SCS instead.
ECOS solver failed:  The solver ECOS is not installed. 
Using SCS instead.
M-step Design Matrix Calculation time (sec): 0.0207
ECOS solver failed in IPCW_HAL_init, falling back to SCS: The solver ECOS is not installed.
WARNING - large complementary slackness residual: 0.024100
M-step CVXPY optimize time (sec): 0.5370
ECOS solver failed:  The solver ECOS is not installed. 
Using SCS instead.
ECOS solver failed:  The solver ECOS is not installed. 
Using SCS instead.
ECOS solver failed:  The solver ECOS is not installed. 
Using SCS instead.
ECOS solver failed:  The solver ECOS is not installed. 
Using SCS instead.
ECOS solver failed:  The solver ECOS is not installed. 
Using SCS instead.
ECOS solver failed:  The solver ECOS is not installed. 
Using SCS instead.
ECOS solver failed:  The solver ECOS is not installed. 
Using SCS instead.
ECOS solver failed:  The solver ECOS is not installed. 
Using SCS instead.
ECOS solver failed:  The solver ECOS is not installed. 
Using SCS instead.
ECOS solver failed:  The solver ECOS is not installed. 
Using SCS instead.
ECOS solver failed:  The solver ECOS is not installed. 
Using SCS instead.
ECOS solver failed:  The solver ECOS is not installed. 
Using SCS instead.
ECOS solver failed:  The solver ECOS is not installed. 
Using SCS instead.
ECOS solver failed:  The solver ECOS is not installed. 
Using SCS instead.
ECOS solver failed:  The solver ECOS is not installed. 
Using SCS instead.
ECOS solver failed:  The solver ECOS is not installed. 
Using SCS instead.
ECOS solver failed:  The solver ECOS is not installed. 
Using SCS instead.
ECOS solver failed:  The solver ECOS is not installed. 
Using SCS instead.
ECOS solver failed:  The solver ECOS is not installed. 
Using SCS instead.
ECOS solver failed:  The solver ECOS is not installed. 
Using SCS instead.
ECOS solver failed:  The solver ECOS is not installed. 
Using SCS instead.
M-step Design Matrix Calculation time (sec): 0.0210
ECOS solver failed in IPCW_HAL_init, falling back to SCS: The solver ECOS is not installed.
WARNING - large complementary slackness residual: 0.007492
M-step CVXPY optimize time (sec): 0.9981
ECOS solver failed:  The solver ECOS is not installed. 
Using SCS instead.
ECOS solver failed:  The solver ECOS is not installed. 
Using SCS instead.
ECOS solver failed:  The solver ECOS is not installed. 
Using SCS instead.
ECOS solver failed:  The solver ECOS is not installed. 
Using SCS instead.
ECOS solver failed:  The solver ECOS is not installed. 
Using SCS instead.
ECOS solver failed:  The solver ECOS is not installed. 
Using SCS instead.
ECOS solver failed:  The solver ECOS is not installed. 
Using SCS instead.
ECOS solver failed:  The solver ECOS is not installed. 
Using SCS instead.
ECOS solver failed:  The solver ECOS is not installed. 
Using SCS instead.
ECOS solver failed:  The solver ECOS is not installed. 
Using SCS instead.
ECOS solver failed:  The solver ECOS is not installed. 
Using SCS instead.
ECOS solver failed:  The solver ECOS is not installed. 
Using SCS instead.
ECOS solver failed:  The solver ECOS is not installed. 
Using SCS instead.
ECOS solver failed:  The solver ECOS is not installed. 
Using SCS instead.
ECOS solver failed:  The solver ECOS is not installed. 
Using SCS instead.
ECOS solver failed:  The solver ECOS is not installed. 
Using SCS instead.
ECOS solver failed:  The solver ECOS is not installed. 
Using SCS instead.
ECOS solver failed:  The solver ECOS is not installed. 
Using SCS instead.
ECOS solver failed:  The solver ECOS is not installed. 
Using SCS instead.
ECOS solver failed:  The solver ECOS is not installed. 
Using SCS instead.
ECOS solver failed:  The solver ECOS is not installed. 
Using SCS instead.
M-step Design Matrix Calculation time (sec): 0.0284
ECOS solver failed in IPCW_HAL_init, falling back to SCS: The solver ECOS is not installed.
WARNING - large complementary slackness residual: 0.017084
M-step CVXPY optimize time (sec): 2.0660
ECOS solver failed:  The solver ECOS is not installed. 
Using SCS instead.
ECOS solver failed:  The solver ECOS is not installed. 
Using SCS instead.
ECOS solver failed:  The solver ECOS is not installed. 
Using SCS instead.
ECOS solver failed:  The solver ECOS is not installed. 
Using SCS instead.
ECOS solver failed:  The solver ECOS is not installed. 
Using SCS instead.
ECOS solver failed:  The solver ECOS is not installed. 
Using SCS instead.
ECOS solver failed:  The solver ECOS is not installed. 
Using SCS instead.
ECOS solver failed:  The solver ECOS is not installed. 
Using SCS instead.
ECOS solver failed:  The solver ECOS is not installed. 
Using SCS instead.
ECOS solver failed:  The solver ECOS is not installed. 
Using SCS instead.
ECOS solver failed:  The solver ECOS is not installed. 
Using SCS instead.
ECOS solver failed:  The solver ECOS is not installed. 
Using SCS instead.
ECOS solver failed:  The solver ECOS is not installed. 
Using SCS instead.
ECOS solver failed:  The solver ECOS is not installed. 
Using SCS instead.
ECOS solver failed:  The solver ECOS is not installed. 
Using SCS instead.
ECOS solver failed:  The solver ECOS is not installed. 
Using SCS instead.
ECOS solver failed:  The solver ECOS is not installed. 
Using SCS instead.
ECOS solver failed:  The solver ECOS is not installed. 
Using SCS instead.
ECOS solver failed:  The solver ECOS is not installed. 
Using SCS instead.
ECOS solver failed:  The solver ECOS is not installed. 
Using SCS instead.
ECOS solver failed:  The solver ECOS is not installed. 
Using SCS instead.
M-step Design Matrix Calculation time (sec): 0.0487
ECOS solver failed in IPCW_HAL_init, falling back to SCS: The solver ECOS is not installed.
WARNING - large complementary slackness residual: 0.004641
M-step CVXPY optimize time (sec): 1.1332
ECOS solver failed:  The solver ECOS is not installed. 
Using SCS instead.
ECOS solver failed:  The solver ECOS is not installed. 
Using SCS instead.
ECOS solver failed:  The solver ECOS is not installed. 
Using SCS instead.
ECOS solver failed:  The solver ECOS is not installed. 
Using SCS instead.
ECOS solver failed:  The solver ECOS is not installed. 
Using SCS instead.
ECOS solver failed:  The solver ECOS is not installed. 
Using SCS instead.
ECOS solver failed:  The solver ECOS is not installed. 
Using SCS instead.
ECOS solver failed:  The solver ECOS is not installed. 
Using SCS instead.
ECOS solver failed:  The solver ECOS is not installed. 
Using SCS instead.
ECOS solver failed:  The solver ECOS is not installed. 
Using SCS instead.
ECOS solver failed:  The solver ECOS is not installed. 
Using SCS instead.
ECOS solver failed:  The solver ECOS is not installed. 
Using SCS instead.
ECOS solver failed:  The solver ECOS is not installed. 
Using SCS instead.
ECOS solver failed:  The solver ECOS is not installed. 
Using SCS instead.
ECOS solver failed:  The solver ECOS is not installed. 
Using SCS instead.
ECOS solver failed:  The solver ECOS is not installed. 
Using SCS instead.
ECOS solver failed:  The solver ECOS is not installed. 
Using SCS instead.
ECOS solver failed:  The solver ECOS is not installed. 
Using SCS instead.
ECOS solver failed:  The solver ECOS is not installed. 
Using SCS instead.
ECOS solver failed:  The solver ECOS is not installed. 
Using SCS instead.
ECOS solver failed:  The solver ECOS is not installed. 
Using SCS instead.
M-step Design Matrix Calculation time (sec): 0.0170
ECOS solver failed in IPCW_HAL_init, falling back to SCS: The solver ECOS is not installed.
WARNING - large complementary slackness residual: 0.033213
M-step CVXPY optimize time (sec): 0.7774
ECOS solver failed:  The solver ECOS is not installed. 
Using SCS instead.
ECOS solver failed:  The solver ECOS is not installed. 
Using SCS instead.
ECOS solver failed:  The solver ECOS is not installed. 
Using SCS instead.
ECOS solver failed:  The solver ECOS is not installed. 
Using SCS instead.
ECOS solver failed:  The solver ECOS is not installed. 
Using SCS instead.
ECOS solver failed:  The solver ECOS is not installed. 
Using SCS instead.
ECOS solver failed:  The solver ECOS is not installed. 
Using SCS instead.
ECOS solver failed:  The solver ECOS is not installed. 
Using SCS instead.
ECOS solver failed:  The solver ECOS is not installed. 
Using SCS instead.
ECOS solver failed:  The solver ECOS is not installed. 
Using SCS instead.
ECOS solver failed:  The solver ECOS is not installed. 
Using SCS instead.
ECOS solver failed:  The solver ECOS is not installed. 
Using SCS instead.
ECOS solver failed:  The solver ECOS is not installed. 
Using SCS instead.
ECOS solver failed:  The solver ECOS is not installed. 
Using SCS instead.
ECOS solver failed:  The solver ECOS is not installed. 
Using SCS instead.
ECOS solver failed:  The solver ECOS is not installed. 
Using SCS instead.
ECOS solver failed:  The solver ECOS is not installed. 
Using SCS instead.
ECOS solver failed:  The solver ECOS is not installed. 
Using SCS instead.
ECOS solver failed:  The solver ECOS is not installed. 
Using SCS instead.
ECOS solver failed:  The solver ECOS is not installed. 
Using SCS instead.
ECOS solver failed:  The solver ECOS is not installed. 
Using SCS instead.
M-step Design Matrix Calculation time (sec): 0.1793
ECOS solver failed in IPCW_HAL_init, falling back to SCS: The solver ECOS is not installed.
WARNING - large complementary slackness residual: 0.011396
M-step CVXPY optimize time (sec): 2.3302
ECOS solver failed:  The solver ECOS is not installed. 
Using SCS instead.
ECOS solver failed:  The solver ECOS is not installed. 
Using SCS instead.
ECOS solver failed:  The solver ECOS is not installed. 
Using SCS instead.
ECOS solver failed:  The solver ECOS is not installed. 
Using SCS instead.
ECOS solver failed:  The solver ECOS is not installed. 
Using SCS instead.
ECOS solver failed:  The solver ECOS is not installed. 
Using SCS instead.
ECOS solver failed:  The solver ECOS is not installed. 
Using SCS instead.
ECOS solver failed:  The solver ECOS is not installed. 
Using SCS instead.
ECOS solver failed:  The solver ECOS is not installed. 
Using SCS instead.
ECOS solver failed:  The solver ECOS is not installed. 
Using SCS instead.
ECOS solver failed:  The solver ECOS is not installed. 
Using SCS instead.
ECOS solver failed:  The solver ECOS is not installed. 
Using SCS instead.
ECOS solver failed:  The solver ECOS is not installed. 
Using SCS instead.
ECOS solver failed:  The solver ECOS is not installed. 
Using SCS instead.
ECOS solver failed:  The solver ECOS is not installed. 
Using SCS instead.
ECOS solver failed:  The solver ECOS is not installed. 
Using SCS instead.
ECOS solver failed:  The solver ECOS is not installed. 
Using SCS instead.
ECOS solver failed:  The solver ECOS is not installed. 
Using SCS instead.
ECOS solver failed:  The solver ECOS is not installed. 
Using SCS instead.
ECOS solver failed:  The solver ECOS is not installed. 
Using SCS instead.
ECOS solver failed:  The solver ECOS is not installed. 
Using SCS instead.
M-step Design Matrix Calculation time (sec): 0.0354
ECOS solver failed in IPCW_HAL_init, falling back to SCS: The solver ECOS is not installed.
M-step CVXPY optimize time (sec): 0.5608
ECOS solver failed:  The solver ECOS is not installed. 
Using SCS instead.
ECOS solver failed:  The solver ECOS is not installed. 
Using SCS instead.
ECOS solver failed:  The solver ECOS is not installed. 
Using SCS instead.
ECOS solver failed:  The solver ECOS is not installed. 
Using SCS instead.
ECOS solver failed:  The solver ECOS is not installed. 
Using SCS instead.
ECOS solver failed:  The solver ECOS is not installed. 
Using SCS instead.
ECOS solver failed:  The solver ECOS is not installed. 
Using SCS instead.
ECOS solver failed:  The solver ECOS is not installed. 
Using SCS instead.
ECOS solver failed:  The solver ECOS is not installed. 
Using SCS instead.
ECOS solver failed:  The solver ECOS is not installed. 
Using SCS instead.
ECOS solver failed:  The solver ECOS is not installed. 
Using SCS instead.
ECOS solver failed:  The solver ECOS is not installed. 
Using SCS instead.
ECOS solver failed:  The solver ECOS is not installed. 
Using SCS instead.
ECOS solver failed:  The solver ECOS is not installed. 
Using SCS instead.
ECOS solver failed:  The solver ECOS is not installed. 
Using SCS instead.
ECOS solver failed:  The solver ECOS is not installed. 
Using SCS instead.
ECOS solver failed:  The solver ECOS is not installed. 
Using SCS instead.
ECOS solver failed:  The solver ECOS is not installed. 
Using SCS instead.
ECOS solver failed:  The solver ECOS is not installed. 
Using SCS instead.
ECOS solver failed:  The solver ECOS is not installed. 
Using SCS instead.
ECOS solver failed:  The solver ECOS is not installed. 
Using SCS instead.
M-step Design Matrix Calculation time (sec): 0.0168
ECOS solver failed in IPCW_HAL_init, falling back to SCS: The solver ECOS is not installed.
WARNING - large complementary slackness residual: 0.013888
M-step CVXPY optimize time (sec): 1.3047
ECOS solver failed:  The solver ECOS is not installed. 
Using SCS instead.
ECOS solver failed:  The solver ECOS is not installed. 
Using SCS instead.
ECOS solver failed:  The solver ECOS is not installed. 
Using SCS instead.
ECOS solver failed:  The solver ECOS is not installed. 
Using SCS instead.
ECOS solver failed:  The solver ECOS is not installed. 
Using SCS instead.
ECOS solver failed:  The solver ECOS is not installed. 
Using SCS instead.
ECOS solver failed:  The solver ECOS is not installed. 
Using SCS instead.
ECOS solver failed:  The solver ECOS is not installed. 
Using SCS instead.
ECOS solver failed:  The solver ECOS is not installed. 
Using SCS instead.
ECOS solver failed:  The solver ECOS is not installed. 
Using SCS instead.
ECOS solver failed:  The solver ECOS is not installed. 
Using SCS instead.
ECOS solver failed:  The solver ECOS is not installed. 
Using SCS instead.
ECOS solver failed:  The solver ECOS is not installed. 
Using SCS instead.
ECOS solver failed:  The solver ECOS is not installed. 
Using SCS instead.
ECOS solver failed:  The solver ECOS is not installed. 
Using SCS instead.
ECOS solver failed:  The solver ECOS is not installed. 
Using SCS instead.
ECOS solver failed:  The solver ECOS is not installed. 
Using SCS instead.
ECOS solver failed:  The solver ECOS is not installed. 
Using SCS instead.
ECOS solver failed:  The solver ECOS is not installed. 
Using SCS instead.
ECOS solver failed:  The solver ECOS is not installed. 
Using SCS instead.
ECOS solver failed:  The solver ECOS is not installed. 
Using SCS instead.
M-step Design Matrix Calculation time (sec): 0.0192
ECOS solver failed in IPCW_HAL_init, falling back to SCS: The solver ECOS is not installed.
WARNING - large complementary slackness residual: 0.016442
M-step CVXPY optimize time (sec): 1.0935
ECOS solver failed:  The solver ECOS is not installed. 
Using SCS instead.
ECOS solver failed:  The solver ECOS is not installed. 
Using SCS instead.
ECOS solver failed:  The solver ECOS is not installed. 
Using SCS instead.
ECOS solver failed:  The solver ECOS is not installed. 
Using SCS instead.
ECOS solver failed:  The solver ECOS is not installed. 
Using SCS instead.
ECOS solver failed:  The solver ECOS is not installed. 
Using SCS instead.
ECOS solver failed:  The solver ECOS is not installed. 
Using SCS instead.
ECOS solver failed:  The solver ECOS is not installed. 
Using SCS instead.
ECOS solver failed:  The solver ECOS is not installed. 
Using SCS instead.
ECOS solver failed:  The solver ECOS is not installed. 
Using SCS instead.
ECOS solver failed:  The solver ECOS is not installed. 
Using SCS instead.
ECOS solver failed:  The solver ECOS is not installed. 
Using SCS instead.
ECOS solver failed:  The solver ECOS is not installed. 
Using SCS instead.
ECOS solver failed:  The solver ECOS is not installed. 
Using SCS instead.
ECOS solver failed:  The solver ECOS is not installed. 
Using SCS instead.
ECOS solver failed:  The solver ECOS is not installed. 
Using SCS instead.
ECOS solver failed:  The solver ECOS is not installed. 
Using SCS instead.
ECOS solver failed:  The solver ECOS is not installed. 
Using SCS instead.
ECOS solver failed:  The solver ECOS is not installed. 
Using SCS instead.
ECOS solver failed:  The solver ECOS is not installed. 
Using SCS instead.
ECOS solver failed:  The solver ECOS is not installed. 
Using SCS instead.
M-step Design Matrix Calculation time (sec): 0.0339
ECOS solver failed in IPCW_HAL_init, falling back to SCS: The solver ECOS is not installed.
WARNING - large complementary slackness residual: 0.018784
M-step CVXPY optimize time (sec): 1.1925
ECOS solver failed:  The solver ECOS is not installed. 
Using SCS instead.
ECOS solver failed:  The solver ECOS is not installed. 
Using SCS instead.
ECOS solver failed:  The solver ECOS is not installed. 
Using SCS instead.
ECOS solver failed:  The solver ECOS is not installed. 
Using SCS instead.
ECOS solver failed:  The solver ECOS is not installed. 
Using SCS instead.
ECOS solver failed:  The solver ECOS is not installed. 
Using SCS instead.
ECOS solver failed:  The solver ECOS is not installed. 
Using SCS instead.
ECOS solver failed:  The solver ECOS is not installed. 
Using SCS instead.
ECOS solver failed:  The solver ECOS is not installed. 
Using SCS instead.
ECOS solver failed:  The solver ECOS is not installed. 
Using SCS instead.
ECOS solver failed:  The solver ECOS is not installed. 
Using SCS instead.
ECOS solver failed:  The solver ECOS is not installed. 
Using SCS instead.
ECOS solver failed:  The solver ECOS is not installed. 
Using SCS instead.
ECOS solver failed:  The solver ECOS is not installed. 
Using SCS instead.
ECOS solver failed:  The solver ECOS is not installed. 
Using SCS instead.
ECOS solver failed:  The solver ECOS is not installed. 
Using SCS instead.
ECOS solver failed:  The solver ECOS is not installed. 
Using SCS instead.
ECOS solver failed:  The solver ECOS is not installed. 
Using SCS instead.
ECOS solver failed:  The solver ECOS is not installed. 
Using SCS instead.
ECOS solver failed:  The solver ECOS is not installed. 
Using SCS instead.
ECOS solver failed:  The solver ECOS is not installed. 
Using SCS instead.
M-step Design Matrix Calculation time (sec): 0.0316
ECOS solver failed in IPCW_HAL_init, falling back to SCS: The solver ECOS is not installed.
M-step CVXPY optimize time (sec): 0.4972
ECOS solver failed:  The solver ECOS is not installed. 
Using SCS instead.
ECOS solver failed:  The solver ECOS is not installed. 
Using SCS instead.
ECOS solver failed:  The solver ECOS is not installed. 
Using SCS instead.
ECOS solver failed:  The solver ECOS is not installed. 
Using SCS instead.
ECOS solver failed:  The solver ECOS is not installed. 
Using SCS instead.
ECOS solver failed:  The solver ECOS is not installed. 
Using SCS instead.
ECOS solver failed:  The solver ECOS is not installed. 
Using SCS instead.
ECOS solver failed:  The solver ECOS is not installed. 
Using SCS instead.
ECOS solver failed:  The solver ECOS is not installed. 
Using SCS instead.
ECOS solver failed:  The solver ECOS is not installed. 
Using SCS instead.
ECOS solver failed:  The solver ECOS is not installed. 
Using SCS instead.
ECOS solver failed:  The solver ECOS is not installed. 
Using SCS instead.
ECOS solver failed:  The solver ECOS is not installed. 
Using SCS instead.
ECOS solver failed:  The solver ECOS is not installed. 
Using SCS instead.
ECOS solver failed:  The solver ECOS is not installed. 
Using SCS instead.
ECOS solver failed:  The solver ECOS is not installed. 
Using SCS instead.
ECOS solver failed:  The solver ECOS is not installed. 
Using SCS instead.
ECOS solver failed:  The solver ECOS is not installed. 
Using SCS instead.
ECOS solver failed:  The solver ECOS is not installed. 
Using SCS instead.
ECOS solver failed:  The solver ECOS is not installed. 
Using SCS instead.
ECOS solver failed:  The solver ECOS is not installed. 
Using SCS instead.
M-step Design Matrix Calculation time (sec): 0.0519
ECOS solver failed in IPCW_HAL_init, falling back to SCS: The solver ECOS is not installed.
M-step CVXPY optimize time (sec): 0.6108
ECOS solver failed:  The solver ECOS is not installed. 
Using SCS instead.
ECOS solver failed:  The solver ECOS is not installed. 
Using SCS instead.
ECOS solver failed:  The solver ECOS is not installed. 
Using SCS instead.
ECOS solver failed:  The solver ECOS is not installed. 
Using SCS instead.
ECOS solver failed:  The solver ECOS is not installed. 
Using SCS instead.
ECOS solver failed:  The solver ECOS is not installed. 
Using SCS instead.
ECOS solver failed:  The solver ECOS is not installed. 
Using SCS instead.
ECOS solver failed:  The solver ECOS is not installed. 
Using SCS instead.
ECOS solver failed:  The solver ECOS is not installed. 
Using SCS instead.
ECOS solver failed:  The solver ECOS is not installed. 
Using SCS instead.
ECOS solver failed:  The solver ECOS is not installed. 
Using SCS instead.
ECOS solver failed:  The solver ECOS is not installed. 
Using SCS instead.
ECOS solver failed:  The solver ECOS is not installed. 
Using SCS instead.
ECOS solver failed:  The solver ECOS is not installed. 
Using SCS instead.
ECOS solver failed:  The solver ECOS is not installed. 
Using SCS instead.
ECOS solver failed:  The solver ECOS is not installed. 
Using SCS instead.
ECOS solver failed:  The solver ECOS is not installed. 
Using SCS instead.
ECOS solver failed:  The solver ECOS is not installed. 
Using SCS instead.
ECOS solver failed:  The solver ECOS is not installed. 
Using SCS instead.
ECOS solver failed:  The solver ECOS is not installed. 
Using SCS instead.
ECOS solver failed:  The solver ECOS is not installed. 
Using SCS instead.
M-step Design Matrix Calculation time (sec): 0.0152
ECOS solver failed in IPCW_HAL_init, falling back to SCS: The solver ECOS is not installed.
WARNING - large complementary slackness residual: 0.005996
M-step CVXPY optimize time (sec): 1.0175
ECOS solver failed:  The solver ECOS is not installed. 
Using SCS instead.
ECOS solver failed:  The solver ECOS is not installed. 
Using SCS instead.
ECOS solver failed:  The solver ECOS is not installed. 
Using SCS instead.
ECOS solver failed:  The solver ECOS is not installed. 
Using SCS instead.
ECOS solver failed:  The solver ECOS is not installed. 
Using SCS instead.
ECOS solver failed:  The solver ECOS is not installed. 
Using SCS instead.
ECOS solver failed:  The solver ECOS is not installed. 
Using SCS instead.
ECOS solver failed:  The solver ECOS is not installed. 
Using SCS instead.
ECOS solver failed:  The solver ECOS is not installed. 
Using SCS instead.
ECOS solver failed:  The solver ECOS is not installed. 
Using SCS instead.
ECOS solver failed:  The solver ECOS is not installed. 
Using SCS instead.
ECOS solver failed:  The solver ECOS is not installed. 
Using SCS instead.
ECOS solver failed:  The solver ECOS is not installed. 
Using SCS instead.
ECOS solver failed:  The solver ECOS is not installed. 
Using SCS instead.
ECOS solver failed:  The solver ECOS is not installed. 
Using SCS instead.
ECOS solver failed:  The solver ECOS is not installed. 
Using SCS instead.
ECOS solver failed:  The solver ECOS is not installed. 
Using SCS instead.
ECOS solver failed:  The solver ECOS is not installed. 
Using SCS instead.
ECOS solver failed:  The solver ECOS is not installed. 
Using SCS instead.
ECOS solver failed:  The solver ECOS is not installed. 
Using SCS instead.
ECOS solver failed:  The solver ECOS is not installed. 
Using SCS instead.
M-step Design Matrix Calculation time (sec): 0.0216
ECOS solver failed in IPCW_HAL_init, falling back to SCS: The solver ECOS is not installed.
WARNING - large complementary slackness residual: 0.011663
M-step CVXPY optimize time (sec): 2.6812
ECOS solver failed:  The solver ECOS is not installed. 
Using SCS instead.
ECOS solver failed:  The solver ECOS is not installed. 
Using SCS instead.
ECOS solver failed:  The solver ECOS is not installed. 
Using SCS instead.
ECOS solver failed:  The solver ECOS is not installed. 
Using SCS instead.
ECOS solver failed:  The solver ECOS is not installed. 
Using SCS instead.
ECOS solver failed:  The solver ECOS is not installed. 
Using SCS instead.
ECOS solver failed:  The solver ECOS is not installed. 
Using SCS instead.
ECOS solver failed:  The solver ECOS is not installed. 
Using SCS instead.
ECOS solver failed:  The solver ECOS is not installed. 
Using SCS instead.
ECOS solver failed:  The solver ECOS is not installed. 
Using SCS instead.
ECOS solver failed:  The solver ECOS is not installed. 
Using SCS instead.
ECOS solver failed:  The solver ECOS is not installed. 
Using SCS instead.
ECOS solver failed:  The solver ECOS is not installed. 
Using SCS instead.
ECOS solver failed:  The solver ECOS is not installed. 
Using SCS instead.
ECOS solver failed:  The solver ECOS is not installed. 
Using SCS instead.
ECOS solver failed:  The solver ECOS is not installed. 
Using SCS instead.
ECOS solver failed:  The solver ECOS is not installed. 
Using SCS instead.
ECOS solver failed:  The solver ECOS is not installed. 
Using SCS instead.
ECOS solver failed:  The solver ECOS is not installed. 
Using SCS instead.
ECOS solver failed:  The solver ECOS is not installed. 
Using SCS instead.
ECOS solver failed:  The solver ECOS is not installed. 
Using SCS instead.
M-step Design Matrix Calculation time (sec): 0.0173
ECOS solver failed in IPCW_HAL_init, falling back to SCS: The solver ECOS is not installed.
M-step CVXPY optimize time (sec): 0.5636
ECOS solver failed:  The solver ECOS is not installed. 
Using SCS instead.
ECOS solver failed:  The solver ECOS is not installed. 
Using SCS instead.
ECOS solver failed:  The solver ECOS is not installed. 
Using SCS instead.
ECOS solver failed:  The solver ECOS is not installed. 
Using SCS instead.
ECOS solver failed:  The solver ECOS is not installed. 
Using SCS instead.
ECOS solver failed:  The solver ECOS is not installed. 
Using SCS instead.
ECOS solver failed:  The solver ECOS is not installed. 
Using SCS instead.
ECOS solver failed:  The solver ECOS is not installed. 
Using SCS instead.
ECOS solver failed:  The solver ECOS is not installed. 
Using SCS instead.
ECOS solver failed:  The solver ECOS is not installed. 
Using SCS instead.
ECOS solver failed:  The solver ECOS is not installed. 
Using SCS instead.
ECOS solver failed:  The solver ECOS is not installed. 
Using SCS instead.
ECOS solver failed:  The solver ECOS is not installed. 
Using SCS instead.
ECOS solver failed:  The solver ECOS is not installed. 
Using SCS instead.
ECOS solver failed:  The solver ECOS is not installed. 
Using SCS instead.
ECOS solver failed:  The solver ECOS is not installed. 
Using SCS instead.
ECOS solver failed:  The solver ECOS is not installed. 
Using SCS instead.
ECOS solver failed:  The solver ECOS is not installed. 
Using SCS instead.
ECOS solver failed:  The solver ECOS is not installed. 
Using SCS instead.
ECOS solver failed:  The solver ECOS is not installed. 
Using SCS instead.
ECOS solver failed:  The solver ECOS is not installed. 
Using SCS instead.
M-step Design Matrix Calculation time (sec): 0.0192
ECOS solver failed in IPCW_HAL_init, falling back to SCS: The solver ECOS is not installed.
M-step CVXPY optimize time (sec): 0.5009
ECOS solver failed:  The solver ECOS is not installed. 
Using SCS instead.
ECOS solver failed:  The solver ECOS is not installed. 
Using SCS instead.
ECOS solver failed:  The solver ECOS is not installed. 
Using SCS instead.
ECOS solver failed:  The solver ECOS is not installed. 
Using SCS instead.
ECOS solver failed:  The solver ECOS is not installed. 
Using SCS instead.
ECOS solver failed:  The solver ECOS is not installed. 
Using SCS instead.
ECOS solver failed:  The solver ECOS is not installed. 
Using SCS instead.
ECOS solver failed:  The solver ECOS is not installed. 
Using SCS instead.
ECOS solver failed:  The solver ECOS is not installed. 
Using SCS instead.
ECOS solver failed:  The solver ECOS is not installed. 
Using SCS instead.
ECOS solver failed:  The solver ECOS is not installed. 
Using SCS instead.
ECOS solver failed:  The solver ECOS is not installed. 
Using SCS instead.
ECOS solver failed:  The solver ECOS is not installed. 
Using SCS instead.
ECOS solver failed:  The solver ECOS is not installed. 
Using SCS instead.
ECOS solver failed:  The solver ECOS is not installed. 
Using SCS instead.
ECOS solver failed:  The solver ECOS is not installed. 
Using SCS instead.
ECOS solver failed:  The solver ECOS is not installed. 
Using SCS instead.
ECOS solver failed:  The solver ECOS is not installed. 
Using SCS instead.
ECOS solver failed:  The solver ECOS is not installed. 
Using SCS instead.
ECOS solver failed:  The solver ECOS is not installed. 
Using SCS instead.
ECOS solver failed:  The solver ECOS is not installed. 
Using SCS instead.
M-step Design Matrix Calculation time (sec): 0.0457
ECOS solver failed in IPCW_HAL_init, falling back to SCS: The solver ECOS is not installed.
M-step CVXPY optimize time (sec): 0.7110
ECOS solver failed:  The solver ECOS is not installed. 
Using SCS instead.
ECOS solver failed:  The solver ECOS is not installed. 
Using SCS instead.
ECOS solver failed:  The solver ECOS is not installed. 
Using SCS instead.
ECOS solver failed:  The solver ECOS is not installed. 
Using SCS instead.
ECOS solver failed:  The solver ECOS is not installed. 
Using SCS instead.
ECOS solver failed:  The solver ECOS is not installed. 
Using SCS instead.
ECOS solver failed:  The solver ECOS is not installed. 
Using SCS instead.
ECOS solver failed:  The solver ECOS is not installed. 
Using SCS instead.
ECOS solver failed:  The solver ECOS is not installed. 
Using SCS instead.
ECOS solver failed:  The solver ECOS is not installed. 
Using SCS instead.
ECOS solver failed:  The solver ECOS is not installed. 
Using SCS instead.
ECOS solver failed:  The solver ECOS is not installed. 
Using SCS instead.
ECOS solver failed:  The solver ECOS is not installed. 
Using SCS instead.
ECOS solver failed:  The solver ECOS is not installed. 
Using SCS instead.
ECOS solver failed:  The solver ECOS is not installed. 
Using SCS instead.
ECOS solver failed:  The solver ECOS is not installed. 
Using SCS instead.
ECOS solver failed:  The solver ECOS is not installed. 
Using SCS instead.
ECOS solver failed:  The solver ECOS is not installed. 
Using SCS instead.
ECOS solver failed:  The solver ECOS is not installed. 
Using SCS instead.
ECOS solver failed:  The solver ECOS is not installed. 
Using SCS instead.
ECOS solver failed:  The solver ECOS is not installed. 
Using SCS instead.
M-step Design Matrix Calculation time (sec): 0.0235
ECOS solver failed in IPCW_HAL_init, falling back to SCS: The solver ECOS is not installed.
WARNING - large complementary slackness residual: 0.004819
M-step CVXPY optimize time (sec): 2.2772
ECOS solver failed:  The solver ECOS is not installed. 
Using SCS instead.
ECOS solver failed:  The solver ECOS is not installed. 
Using SCS instead.
ECOS solver failed:  The solver ECOS is not installed. 
Using SCS instead.
ECOS solver failed:  The solver ECOS is not installed. 
Using SCS instead.
ECOS solver failed:  The solver ECOS is not installed. 
Using SCS instead.
ECOS solver failed:  The solver ECOS is not installed. 
Using SCS instead.
ECOS solver failed:  The solver ECOS is not installed. 
Using SCS instead.
ECOS solver failed:  The solver ECOS is not installed. 
Using SCS instead.
ECOS solver failed:  The solver ECOS is not installed. 
Using SCS instead.
ECOS solver failed:  The solver ECOS is not installed. 
Using SCS instead.
ECOS solver failed:  The solver ECOS is not installed. 
Using SCS instead.
ECOS solver failed:  The solver ECOS is not installed. 
Using SCS instead.
ECOS solver failed:  The solver ECOS is not installed. 
Using SCS instead.
ECOS solver failed:  The solver ECOS is not installed. 
Using SCS instead.
ECOS solver failed:  The solver ECOS is not installed. 
Using SCS instead.
ECOS solver failed:  The solver ECOS is not installed. 
Using SCS instead.
ECOS solver failed:  The solver ECOS is not installed. 
Using SCS instead.
ECOS solver failed:  The solver ECOS is not installed. 
Using SCS instead.
ECOS solver failed:  The solver ECOS is not installed. 
Using SCS instead.
ECOS solver failed:  The solver ECOS is not installed. 
Using SCS instead.
ECOS solver failed:  The solver ECOS is not installed. 
Using SCS instead.
M-step Design Matrix Calculation time (sec): 0.0494
ECOS solver failed in IPCW_HAL_init, falling back to SCS: The solver ECOS is not installed.
WARNING - large complementary slackness residual: 0.009602
M-step CVXPY optimize time (sec): 0.9724
ECOS solver failed:  The solver ECOS is not installed. 
Using SCS instead.
ECOS solver failed:  The solver ECOS is not installed. 
Using SCS instead.
ECOS solver failed:  The solver ECOS is not installed. 
Using SCS instead.
ECOS solver failed:  The solver ECOS is not installed. 
Using SCS instead.
ECOS solver failed:  The solver ECOS is not installed. 
Using SCS instead.
ECOS solver failed:  The solver ECOS is not installed. 
Using SCS instead.
ECOS solver failed:  The solver ECOS is not installed. 
Using SCS instead.
ECOS solver failed:  The solver ECOS is not installed. 
Using SCS instead.
ECOS solver failed:  The solver ECOS is not installed. 
Using SCS instead.
ECOS solver failed:  The solver ECOS is not installed. 
Using SCS instead.
ECOS solver failed:  The solver ECOS is not installed. 
Using SCS instead.
ECOS solver failed:  The solver ECOS is not installed. 
Using SCS instead.
ECOS solver failed:  The solver ECOS is not installed. 
Using SCS instead.
ECOS solver failed:  The solver ECOS is not installed. 
Using SCS instead.
ECOS solver failed:  The solver ECOS is not installed. 
Using SCS instead.
ECOS solver failed:  The solver ECOS is not installed. 
Using SCS instead.
ECOS solver failed:  The solver ECOS is not installed. 
Using SCS instead.
ECOS solver failed:  The solver ECOS is not installed. 
Using SCS instead.
ECOS solver failed:  The solver ECOS is not installed. 
Using SCS instead.
ECOS solver failed:  The solver ECOS is not installed. 
Using SCS instead.
ECOS solver failed:  The solver ECOS is not installed. 
Using SCS instead.
M-step Design Matrix Calculation time (sec): 0.0363
ECOS solver failed in IPCW_HAL_init, falling back to SCS: The solver ECOS is not installed.
WARNING - large complementary slackness residual: 0.006648
M-step CVXPY optimize time (sec): 1.8530
ECOS solver failed:  The solver ECOS is not installed. 
Using SCS instead.
ECOS solver failed:  The solver ECOS is not installed. 
Using SCS instead.
ECOS solver failed:  The solver ECOS is not installed. 
Using SCS instead.
ECOS solver failed:  The solver ECOS is not installed. 
Using SCS instead.
ECOS solver failed:  The solver ECOS is not installed. 
Using SCS instead.
ECOS solver failed:  The solver ECOS is not installed. 
Using SCS instead.
ECOS solver failed:  The solver ECOS is not installed. 
Using SCS instead.
ECOS solver failed:  The solver ECOS is not installed. 
Using SCS instead.
ECOS solver failed:  The solver ECOS is not installed. 
Using SCS instead.
ECOS solver failed:  The solver ECOS is not installed. 
Using SCS instead.
ECOS solver failed:  The solver ECOS is not installed. 
Using SCS instead.
ECOS solver failed:  The solver ECOS is not installed. 
Using SCS instead.
ECOS solver failed:  The solver ECOS is not installed. 
Using SCS instead.
ECOS solver failed:  The solver ECOS is not installed. 
Using SCS instead.
ECOS solver failed:  The solver ECOS is not installed. 
Using SCS instead.
ECOS solver failed:  The solver ECOS is not installed. 
Using SCS instead.
ECOS solver failed:  The solver ECOS is not installed. 
Using SCS instead.
ECOS solver failed:  The solver ECOS is not installed. 
Using SCS instead.
ECOS solver failed:  The solver ECOS is not installed. 
Using SCS instead.
ECOS solver failed:  The solver ECOS is not installed. 
Using SCS instead.
ECOS solver failed:  The solver ECOS is not installed. 
Using SCS instead.
M-step Design Matrix Calculation time (sec): 0.0217
ECOS solver failed in IPCW_HAL_init, falling back to SCS: The solver ECOS is not installed.
WARNING - large complementary slackness residual: 0.012912
M-step CVXPY optimize time (sec): 1.5341
ECOS solver failed:  The solver ECOS is not installed. 
Using SCS instead.
ECOS solver failed:  The solver ECOS is not installed. 
Using SCS instead.
ECOS solver failed:  The solver ECOS is not installed. 
Using SCS instead.
ECOS solver failed:  The solver ECOS is not installed. 
Using SCS instead.
ECOS solver failed:  The solver ECOS is not installed. 
Using SCS instead.
ECOS solver failed:  The solver ECOS is not installed. 
Using SCS instead.
ECOS solver failed:  The solver ECOS is not installed. 
Using SCS instead.
ECOS solver failed:  The solver ECOS is not installed. 
Using SCS instead.
ECOS solver failed:  The solver ECOS is not installed. 
Using SCS instead.
ECOS solver failed:  The solver ECOS is not installed. 
Using SCS instead.
ECOS solver failed:  The solver ECOS is not installed. 
Using SCS instead.
ECOS solver failed:  The solver ECOS is not installed. 
Using SCS instead.
ECOS solver failed:  The solver ECOS is not installed. 
Using SCS instead.
ECOS solver failed:  The solver ECOS is not installed. 
Using SCS instead.
ECOS solver failed:  The solver ECOS is not installed. 
Using SCS instead.
ECOS solver failed:  The solver ECOS is not installed. 
Using SCS instead.
ECOS solver failed:  The solver ECOS is not installed. 
Using SCS instead.
ECOS solver failed:  The solver ECOS is not installed. 
Using SCS instead.
ECOS solver failed:  The solver ECOS is not installed. 
Using SCS instead.
ECOS solver failed:  The solver ECOS is not installed. 
Using SCS instead.
ECOS solver failed:  The solver ECOS is not installed. 
Using SCS instead.
M-step Design Matrix Calculation time (sec): 0.0238
ECOS solver failed in IPCW_HAL_init, falling back to SCS: The solver ECOS is not installed.
WARNING - large complementary slackness residual: 0.032961
M-step CVXPY optimize time (sec): 1.1510
ECOS solver failed:  The solver ECOS is not installed. 
Using SCS instead.
ECOS solver failed:  The solver ECOS is not installed. 
Using SCS instead.
ECOS solver failed:  The solver ECOS is not installed. 
Using SCS instead.
ECOS solver failed:  The solver ECOS is not installed. 
Using SCS instead.
ECOS solver failed:  The solver ECOS is not installed. 
Using SCS instead.
ECOS solver failed:  The solver ECOS is not installed. 
Using SCS instead.
ECOS solver failed:  The solver ECOS is not installed. 
Using SCS instead.
ECOS solver failed:  The solver ECOS is not installed. 
Using SCS instead.
ECOS solver failed:  The solver ECOS is not installed. 
Using SCS instead.
ECOS solver failed:  The solver ECOS is not installed. 
Using SCS instead.
ECOS solver failed:  The solver ECOS is not installed. 
Using SCS instead.
ECOS solver failed:  The solver ECOS is not installed. 
Using SCS instead.
ECOS solver failed:  The solver ECOS is not installed. 
Using SCS instead.
ECOS solver failed:  The solver ECOS is not installed. 
Using SCS instead.
ECOS solver failed:  The solver ECOS is not installed. 
Using SCS instead.
ECOS solver failed:  The solver ECOS is not installed. 
Using SCS instead.
ECOS solver failed:  The solver ECOS is not installed. 
Using SCS instead.
ECOS solver failed:  The solver ECOS is not installed. 
Using SCS instead.
ECOS solver failed:  The solver ECOS is not installed. 
Using SCS instead.
ECOS solver failed:  The solver ECOS is not installed. 
Using SCS instead.
ECOS solver failed:  The solver ECOS is not installed. 
Using SCS instead.
M-step Design Matrix Calculation time (sec): 0.0359
ECOS solver failed in IPCW_HAL_init, falling back to SCS: The solver ECOS is not installed.
WARNING - large complementary slackness residual: 0.009460
M-step CVXPY optimize time (sec): 1.3201
ECOS solver failed:  The solver ECOS is not installed. 
Using SCS instead.
ECOS solver failed:  The solver ECOS is not installed. 
Using SCS instead.
ECOS solver failed:  The solver ECOS is not installed. 
Using SCS instead.
ECOS solver failed:  The solver ECOS is not installed. 
Using SCS instead.
ECOS solver failed:  The solver ECOS is not installed. 
Using SCS instead.
ECOS solver failed:  The solver ECOS is not installed. 
Using SCS instead.
ECOS solver failed:  The solver ECOS is not installed. 
Using SCS instead.
ECOS solver failed:  The solver ECOS is not installed. 
Using SCS instead.
ECOS solver failed:  The solver ECOS is not installed. 
Using SCS instead.
ECOS solver failed:  The solver ECOS is not installed. 
Using SCS instead.
ECOS solver failed:  The solver ECOS is not installed. 
Using SCS instead.
ECOS solver failed:  The solver ECOS is not installed. 
Using SCS instead.
ECOS solver failed:  The solver ECOS is not installed. 
Using SCS instead.
ECOS solver failed:  The solver ECOS is not installed. 
Using SCS instead.
ECOS solver failed:  The solver ECOS is not installed. 
Using SCS instead.
ECOS solver failed:  The solver ECOS is not installed. 
Using SCS instead.
ECOS solver failed:  The solver ECOS is not installed. 
Using SCS instead.
ECOS solver failed:  The solver ECOS is not installed. 
Using SCS instead.
ECOS solver failed:  The solver ECOS is not installed. 
Using SCS instead.
ECOS solver failed:  The solver ECOS is not installed. 
Using SCS instead.
ECOS solver failed:  The solver ECOS is not installed. 
Using SCS instead.
M-step Design Matrix Calculation time (sec): 0.0199
ECOS solver failed in IPCW_HAL_init, falling back to SCS: The solver ECOS is not installed.
WARNING - large complementary slackness residual: 0.024107
M-step CVXPY optimize time (sec): 1.3059
ECOS solver failed:  The solver ECOS is not installed. 
Using SCS instead.
ECOS solver failed:  The solver ECOS is not installed. 
Using SCS instead.
ECOS solver failed:  The solver ECOS is not installed. 
Using SCS instead.
ECOS solver failed:  The solver ECOS is not installed. 
Using SCS instead.
ECOS solver failed:  The solver ECOS is not installed. 
Using SCS instead.
ECOS solver failed:  The solver ECOS is not installed. 
Using SCS instead.
ECOS solver failed:  The solver ECOS is not installed. 
Using SCS instead.
ECOS solver failed:  The solver ECOS is not installed. 
Using SCS instead.
ECOS solver failed:  The solver ECOS is not installed. 
Using SCS instead.
ECOS solver failed:  The solver ECOS is not installed. 
Using SCS instead.
ECOS solver failed:  The solver ECOS is not installed. 
Using SCS instead.
ECOS solver failed:  The solver ECOS is not installed. 
Using SCS instead.
ECOS solver failed:  The solver ECOS is not installed. 
Using SCS instead.
ECOS solver failed:  The solver ECOS is not installed. 
Using SCS instead.
ECOS solver failed:  The solver ECOS is not installed. 
Using SCS instead.
ECOS solver failed:  The solver ECOS is not installed. 
Using SCS instead.
ECOS solver failed:  The solver ECOS is not installed. 
Using SCS instead.
ECOS solver failed:  The solver ECOS is not installed. 
Using SCS instead.
ECOS solver failed:  The solver ECOS is not installed. 
Using SCS instead.
ECOS solver failed:  The solver ECOS is not installed. 
Using SCS instead.
ECOS solver failed:  The solver ECOS is not installed. 
Using SCS instead.
M-step Design Matrix Calculation time (sec): 0.0175
ECOS solver failed in IPCW_HAL_init, falling back to SCS: The solver ECOS is not installed.
WARNING - large complementary slackness residual: 0.015218
M-step CVXPY optimize time (sec): 3.0678
ECOS solver failed:  The solver ECOS is not installed. 
Using SCS instead.
ECOS solver failed:  The solver ECOS is not installed. 
Using SCS instead.
ECOS solver failed:  The solver ECOS is not installed. 
Using SCS instead.
ECOS solver failed:  The solver ECOS is not installed. 
Using SCS instead.
ECOS solver failed:  The solver ECOS is not installed. 
Using SCS instead.
ECOS solver failed:  The solver ECOS is not installed. 
Using SCS instead.
ECOS solver failed:  The solver ECOS is not installed. 
Using SCS instead.
ECOS solver failed:  The solver ECOS is not installed. 
Using SCS instead.
ECOS solver failed:  The solver ECOS is not installed. 
Using SCS instead.
ECOS solver failed:  The solver ECOS is not installed. 
Using SCS instead.
ECOS solver failed:  The solver ECOS is not installed. 
Using SCS instead.
ECOS solver failed:  The solver ECOS is not installed. 
Using SCS instead.
ECOS solver failed:  The solver ECOS is not installed. 
Using SCS instead.
ECOS solver failed:  The solver ECOS is not installed. 
Using SCS instead.
ECOS solver failed:  The solver ECOS is not installed. 
Using SCS instead.
ECOS solver failed:  The solver ECOS is not installed. 
Using SCS instead.
ECOS solver failed:  The solver ECOS is not installed. 
Using SCS instead.
ECOS solver failed:  The solver ECOS is not installed. 
Using SCS instead.
ECOS solver failed:  The solver ECOS is not installed. 
Using SCS instead.
ECOS solver failed:  The solver ECOS is not installed. 
Using SCS instead.
ECOS solver failed:  The solver ECOS is not installed. 
Using SCS instead.
M-step Design Matrix Calculation time (sec): 0.0349
ECOS solver failed in IPCW_HAL_init, falling back to SCS: The solver ECOS is not installed.
WARNING - large complementary slackness residual: 0.014064
M-step CVXPY optimize time (sec): 1.7187
ECOS solver failed:  The solver ECOS is not installed. 
Using SCS instead.
ECOS solver failed:  The solver ECOS is not installed. 
Using SCS instead.
ECOS solver failed:  The solver ECOS is not installed. 
Using SCS instead.
ECOS solver failed:  The solver ECOS is not installed. 
Using SCS instead.
ECOS solver failed:  The solver ECOS is not installed. 
Using SCS instead.
ECOS solver failed:  The solver ECOS is not installed. 
Using SCS instead.
ECOS solver failed:  The solver ECOS is not installed. 
Using SCS instead.
ECOS solver failed:  The solver ECOS is not installed. 
Using SCS instead.
ECOS solver failed:  The solver ECOS is not installed. 
Using SCS instead.
ECOS solver failed:  The solver ECOS is not installed. 
Using SCS instead.
ECOS solver failed:  The solver ECOS is not installed. 
Using SCS instead.
ECOS solver failed:  The solver ECOS is not installed. 
Using SCS instead.
ECOS solver failed:  The solver ECOS is not installed. 
Using SCS instead.
ECOS solver failed:  The solver ECOS is not installed. 
Using SCS instead.
ECOS solver failed:  The solver ECOS is not installed. 
Using SCS instead.
ECOS solver failed:  The solver ECOS is not installed. 
Using SCS instead.
ECOS solver failed:  The solver ECOS is not installed. 
Using SCS instead.
ECOS solver failed:  The solver ECOS is not installed. 
Using SCS instead.
ECOS solver failed:  The solver ECOS is not installed. 
Using SCS instead.
ECOS solver failed:  The solver ECOS is not installed. 
Using SCS instead.
ECOS solver failed:  The solver ECOS is not installed. 
Using SCS instead.
M-step Design Matrix Calculation time (sec): 0.0345
ECOS solver failed in IPCW_HAL_init, falling back to SCS: The solver ECOS is not installed.
WARNING - large complementary slackness residual: 0.027237
M-step CVXPY optimize time (sec): 2.0216
ECOS solver failed:  The solver ECOS is not installed. 
Using SCS instead.
ECOS solver failed:  The solver ECOS is not installed. 
Using SCS instead.
ECOS solver failed:  The solver ECOS is not installed. 
Using SCS instead.
ECOS solver failed:  The solver ECOS is not installed. 
Using SCS instead.
ECOS solver failed:  The solver ECOS is not installed. 
Using SCS instead.
ECOS solver failed:  The solver ECOS is not installed. 
Using SCS instead.
ECOS solver failed:  The solver ECOS is not installed. 
Using SCS instead.
ECOS solver failed:  The solver ECOS is not installed. 
Using SCS instead.
ECOS solver failed:  The solver ECOS is not installed. 
Using SCS instead.
ECOS solver failed:  The solver ECOS is not installed. 
Using SCS instead.
ECOS solver failed:  The solver ECOS is not installed. 
Using SCS instead.
ECOS solver failed:  The solver ECOS is not installed. 
Using SCS instead.
ECOS solver failed:  The solver ECOS is not installed. 
Using SCS instead.
ECOS solver failed:  The solver ECOS is not installed. 
Using SCS instead.
ECOS solver failed:  The solver ECOS is not installed. 
Using SCS instead.
ECOS solver failed:  The solver ECOS is not installed. 
Using SCS instead.
ECOS solver failed:  The solver ECOS is not installed. 
Using SCS instead.
ECOS solver failed:  The solver ECOS is not installed. 
Using SCS instead.
ECOS solver failed:  The solver ECOS is not installed. 
Using SCS instead.
ECOS solver failed:  The solver ECOS is not installed. 
Using SCS instead.
ECOS solver failed:  The solver ECOS is not installed. 
Using SCS instead.
M-step Design Matrix Calculation time (sec): 0.0382
ECOS solver failed in IPCW_HAL_init, falling back to SCS: The solver ECOS is not installed.
M-step CVXPY optimize time (sec): 0.5071
ECOS solver failed:  The solver ECOS is not installed. 
Using SCS instead.
ECOS solver failed:  The solver ECOS is not installed. 
Using SCS instead.
ECOS solver failed:  The solver ECOS is not installed. 
Using SCS instead.
ECOS solver failed:  The solver ECOS is not installed. 
Using SCS instead.
ECOS solver failed:  The solver ECOS is not installed. 
Using SCS instead.
ECOS solver failed:  The solver ECOS is not installed. 
Using SCS instead.
ECOS solver failed:  The solver ECOS is not installed. 
Using SCS instead.
ECOS solver failed:  The solver ECOS is not installed. 
Using SCS instead.
ECOS solver failed:  The solver ECOS is not installed. 
Using SCS instead.
ECOS solver failed:  The solver ECOS is not installed. 
Using SCS instead.
ECOS solver failed:  The solver ECOS is not installed. 
Using SCS instead.
ECOS solver failed:  The solver ECOS is not installed. 
Using SCS instead.
ECOS solver failed:  The solver ECOS is not installed. 
Using SCS instead.
ECOS solver failed:  The solver ECOS is not installed. 
Using SCS instead.
ECOS solver failed:  The solver ECOS is not installed. 
Using SCS instead.
ECOS solver failed:  The solver ECOS is not installed. 
Using SCS instead.
ECOS solver failed:  The solver ECOS is not installed. 
Using SCS instead.
ECOS solver failed:  The solver ECOS is not installed. 
Using SCS instead.
ECOS solver failed:  The solver ECOS is not installed. 
Using SCS instead.
ECOS solver failed:  The solver ECOS is not installed. 
Using SCS instead.
ECOS solver failed:  The solver ECOS is not installed. 
Using SCS instead.
M-step Design Matrix Calculation time (sec): 0.0188
ECOS solver failed in IPCW_HAL_init, falling back to SCS: The solver ECOS is not installed.
M-step CVXPY optimize time (sec): 0.4130
ECOS solver failed:  The solver ECOS is not installed. 
Using SCS instead.
ECOS solver failed:  The solver ECOS is not installed. 
Using SCS instead.
ECOS solver failed:  The solver ECOS is not installed. 
Using SCS instead.
ECOS solver failed:  The solver ECOS is not installed. 
Using SCS instead.
ECOS solver failed:  The solver ECOS is not installed. 
Using SCS instead.
ECOS solver failed:  The solver ECOS is not installed. 
Using SCS instead.
ECOS solver failed:  The solver ECOS is not installed. 
Using SCS instead.
ECOS solver failed:  The solver ECOS is not installed. 
Using SCS instead.
ECOS solver failed:  The solver ECOS is not installed. 
Using SCS instead.
ECOS solver failed:  The solver ECOS is not installed. 
Using SCS instead.
ECOS solver failed:  The solver ECOS is not installed. 
Using SCS instead.
ECOS solver failed:  The solver ECOS is not installed. 
Using SCS instead.
ECOS solver failed:  The solver ECOS is not installed. 
Using SCS instead.
ECOS solver failed:  The solver ECOS is not installed. 
Using SCS instead.
ECOS solver failed:  The solver ECOS is not installed. 
Using SCS instead.
ECOS solver failed:  The solver ECOS is not installed. 
Using SCS instead.
ECOS solver failed:  The solver ECOS is not installed. 
Using SCS instead.
ECOS solver failed:  The solver ECOS is not installed. 
Using SCS instead.
ECOS solver failed:  The solver ECOS is not installed. 
Using SCS instead.
ECOS solver failed:  The solver ECOS is not installed. 
Using SCS instead.
ECOS solver failed:  The solver ECOS is not installed. 
Using SCS instead.
M-step Design Matrix Calculation time (sec): 0.0423
ECOS solver failed in IPCW_HAL_init, falling back to SCS: The solver ECOS is not installed.
WARNING - large complementary slackness residual: 0.023369
M-step CVXPY optimize time (sec): 0.7220
ECOS solver failed:  The solver ECOS is not installed. 
Using SCS instead.
ECOS solver failed:  The solver ECOS is not installed. 
Using SCS instead.
ECOS solver failed:  The solver ECOS is not installed. 
Using SCS instead.
ECOS solver failed:  The solver ECOS is not installed. 
Using SCS instead.
ECOS solver failed:  The solver ECOS is not installed. 
Using SCS instead.
ECOS solver failed:  The solver ECOS is not installed. 
Using SCS instead.
ECOS solver failed:  The solver ECOS is not installed. 
Using SCS instead.
ECOS solver failed:  The solver ECOS is not installed. 
Using SCS instead.
ECOS solver failed:  The solver ECOS is not installed. 
Using SCS instead.
ECOS solver failed:  The solver ECOS is not installed. 
Using SCS instead.
ECOS solver failed:  The solver ECOS is not installed. 
Using SCS instead.
ECOS solver failed:  The solver ECOS is not installed. 
Using SCS instead.
ECOS solver failed:  The solver ECOS is not installed. 
Using SCS instead.
ECOS solver failed:  The solver ECOS is not installed. 
Using SCS instead.
ECOS solver failed:  The solver ECOS is not installed. 
Using SCS instead.
ECOS solver failed:  The solver ECOS is not installed. 
Using SCS instead.
ECOS solver failed:  The solver ECOS is not installed. 
Using SCS instead.
ECOS solver failed:  The solver ECOS is not installed. 
Using SCS instead.
ECOS solver failed:  The solver ECOS is not installed. 
Using SCS instead.
ECOS solver failed:  The solver ECOS is not installed. 
Using SCS instead.
ECOS solver failed:  The solver ECOS is not installed. 
Using SCS instead.
M-step Design Matrix Calculation time (sec): 0.0194
ECOS solver failed in IPCW_HAL_init, falling back to SCS: The solver ECOS is not installed.
M-step CVXPY optimize time (sec): 0.3276
ECOS solver failed:  The solver ECOS is not installed. 
Using SCS instead.
ECOS solver failed:  The solver ECOS is not installed. 
Using SCS instead.
ECOS solver failed:  The solver ECOS is not installed. 
Using SCS instead.
ECOS solver failed:  The solver ECOS is not installed. 
Using SCS instead.
ECOS solver failed:  The solver ECOS is not installed. 
Using SCS instead.
ECOS solver failed:  The solver ECOS is not installed. 
Using SCS instead.
ECOS solver failed:  The solver ECOS is not installed. 
Using SCS instead.
ECOS solver failed:  The solver ECOS is not installed. 
Using SCS instead.
ECOS solver failed:  The solver ECOS is not installed. 
Using SCS instead.
ECOS solver failed:  The solver ECOS is not installed. 
Using SCS instead.
ECOS solver failed:  The solver ECOS is not installed. 
Using SCS instead.
ECOS solver failed:  The solver ECOS is not installed. 
Using SCS instead.
ECOS solver failed:  The solver ECOS is not installed. 
Using SCS instead.
ECOS solver failed:  The solver ECOS is not installed. 
Using SCS instead.
ECOS solver failed:  The solver ECOS is not installed. 
Using SCS instead.
ECOS solver failed:  The solver ECOS is not installed. 
Using SCS instead.
ECOS solver failed:  The solver ECOS is not installed. 
Using SCS instead.
ECOS solver failed:  The solver ECOS is not installed. 
Using SCS instead.
ECOS solver failed:  The solver ECOS is not installed. 
Using SCS instead.
ECOS solver failed:  The solver ECOS is not installed. 
Using SCS instead.
ECOS solver failed:  The solver ECOS is not installed. 
Using SCS instead.
M-step Design Matrix Calculation time (sec): 0.0273
ECOS solver failed in IPCW_HAL_init, falling back to SCS: The solver ECOS is not installed.
WARNING - large complementary slackness residual: 0.007261
M-step CVXPY optimize time (sec): 0.8994
ECOS solver failed:  The solver ECOS is not installed. 
Using SCS instead.
ECOS solver failed:  The solver ECOS is not installed. 
Using SCS instead.
ECOS solver failed:  The solver ECOS is not installed. 
Using SCS instead.
ECOS solver failed:  The solver ECOS is not installed. 
Using SCS instead.
ECOS solver failed:  The solver ECOS is not installed. 
Using SCS instead.
ECOS solver failed:  The solver ECOS is not installed. 
Using SCS instead.
ECOS solver failed:  The solver ECOS is not installed. 
Using SCS instead.
ECOS solver failed:  The solver ECOS is not installed. 
Using SCS instead.
ECOS solver failed:  The solver ECOS is not installed. 
Using SCS instead.
ECOS solver failed:  The solver ECOS is not installed. 
Using SCS instead.
ECOS solver failed:  The solver ECOS is not installed. 
Using SCS instead.
ECOS solver failed:  The solver ECOS is not installed. 
Using SCS instead.
ECOS solver failed:  The solver ECOS is not installed. 
Using SCS instead.
ECOS solver failed:  The solver ECOS is not installed. 
Using SCS instead.
ECOS solver failed:  The solver ECOS is not installed. 
Using SCS instead.
ECOS solver failed:  The solver ECOS is not installed. 
Using SCS instead.
ECOS solver failed:  The solver ECOS is not installed. 
Using SCS instead.
ECOS solver failed:  The solver ECOS is not installed. 
Using SCS instead.
ECOS solver failed:  The solver ECOS is not installed. 
Using SCS instead.
ECOS solver failed:  The solver ECOS is not installed. 
Using SCS instead.
ECOS solver failed:  The solver ECOS is not installed. 
Using SCS instead.
M-step Design Matrix Calculation time (sec): 0.0179
ECOS solver failed in IPCW_HAL_init, falling back to SCS: The solver ECOS is not installed.
WARNING - large complementary slackness residual: 0.017315
M-step CVXPY optimize time (sec): 0.6575
ECOS solver failed:  The solver ECOS is not installed. 
Using SCS instead.
ECOS solver failed:  The solver ECOS is not installed. 
Using SCS instead.
ECOS solver failed:  The solver ECOS is not installed. 
Using SCS instead.
ECOS solver failed:  The solver ECOS is not installed. 
Using SCS instead.
ECOS solver failed:  The solver ECOS is not installed. 
Using SCS instead.
ECOS solver failed:  The solver ECOS is not installed. 
Using SCS instead.
ECOS solver failed:  The solver ECOS is not installed. 
Using SCS instead.
ECOS solver failed:  The solver ECOS is not installed. 
Using SCS instead.
ECOS solver failed:  The solver ECOS is not installed. 
Using SCS instead.
ECOS solver failed:  The solver ECOS is not installed. 
Using SCS instead.
ECOS solver failed:  The solver ECOS is not installed. 
Using SCS instead.
ECOS solver failed:  The solver ECOS is not installed. 
Using SCS instead.
ECOS solver failed:  The solver ECOS is not installed. 
Using SCS instead.
ECOS solver failed:  The solver ECOS is not installed. 
Using SCS instead.
ECOS solver failed:  The solver ECOS is not installed. 
Using SCS instead.
ECOS solver failed:  The solver ECOS is not installed. 
Using SCS instead.
ECOS solver failed:  The solver ECOS is not installed. 
Using SCS instead.
ECOS solver failed:  The solver ECOS is not installed. 
Using SCS instead.
ECOS solver failed:  The solver ECOS is not installed. 
Using SCS instead.
ECOS solver failed:  The solver ECOS is not installed. 
Using SCS instead.
ECOS solver failed:  The solver ECOS is not installed. 
Using SCS instead.
M-step Design Matrix Calculation time (sec): 0.0180
ECOS solver failed in IPCW_HAL_init, falling back to SCS: The solver ECOS is not installed.
M-step CVXPY optimize time (sec): 0.7284
ECOS solver failed:  The solver ECOS is not installed. 
Using SCS instead.
ECOS solver failed:  The solver ECOS is not installed. 
Using SCS instead.
ECOS solver failed:  The solver ECOS is not installed. 
Using SCS instead.
ECOS solver failed:  The solver ECOS is not installed. 
Using SCS instead.
ECOS solver failed:  The solver ECOS is not installed. 
Using SCS instead.
ECOS solver failed:  The solver ECOS is not installed. 
Using SCS instead.
ECOS solver failed:  The solver ECOS is not installed. 
Using SCS instead.
ECOS solver failed:  The solver ECOS is not installed. 
Using SCS instead.
ECOS solver failed:  The solver ECOS is not installed. 
Using SCS instead.
ECOS solver failed:  The solver ECOS is not installed. 
Using SCS instead.
ECOS solver failed:  The solver ECOS is not installed. 
Using SCS instead.
ECOS solver failed:  The solver ECOS is not installed. 
Using SCS instead.
ECOS solver failed:  The solver ECOS is not installed. 
Using SCS instead.
ECOS solver failed:  The solver ECOS is not installed. 
Using SCS instead.
ECOS solver failed:  The solver ECOS is not installed. 
Using SCS instead.
ECOS solver failed:  The solver ECOS is not installed. 
Using SCS instead.
ECOS solver failed:  The solver ECOS is not installed. 
Using SCS instead.
ECOS solver failed:  The solver ECOS is not installed. 
Using SCS instead.
ECOS solver failed:  The solver ECOS is not installed. 
Using SCS instead.
ECOS solver failed:  The solver ECOS is not installed. 
Using SCS instead.
ECOS solver failed:  The solver ECOS is not installed. 
Using SCS instead.
M-step Design Matrix Calculation time (sec): 0.0185
ECOS solver failed in IPCW_HAL_init, falling back to SCS: The solver ECOS is not installed.
M-step CVXPY optimize time (sec): 0.4253
ECOS solver failed:  The solver ECOS is not installed. 
Using SCS instead.
ECOS solver failed:  The solver ECOS is not installed. 
Using SCS instead.
ECOS solver failed:  The solver ECOS is not installed. 
Using SCS instead.
ECOS solver failed:  The solver ECOS is not installed. 
Using SCS instead.
ECOS solver failed:  The solver ECOS is not installed. 
Using SCS instead.
ECOS solver failed:  The solver ECOS is not installed. 
Using SCS instead.
ECOS solver failed:  The solver ECOS is not installed. 
Using SCS instead.
ECOS solver failed:  The solver ECOS is not installed. 
Using SCS instead.
ECOS solver failed:  The solver ECOS is not installed. 
Using SCS instead.
ECOS solver failed:  The solver ECOS is not installed. 
Using SCS instead.
ECOS solver failed:  The solver ECOS is not installed. 
Using SCS instead.
ECOS solver failed:  The solver ECOS is not installed. 
Using SCS instead.
ECOS solver failed:  The solver ECOS is not installed. 
Using SCS instead.
ECOS solver failed:  The solver ECOS is not installed. 
Using SCS instead.
ECOS solver failed:  The solver ECOS is not installed. 
Using SCS instead.
ECOS solver failed:  The solver ECOS is not installed. 
Using SCS instead.
ECOS solver failed:  The solver ECOS is not installed. 
Using SCS instead.
ECOS solver failed:  The solver ECOS is not installed. 
Using SCS instead.
ECOS solver failed:  The solver ECOS is not installed. 
Using SCS instead.
ECOS solver failed:  The solver ECOS is not installed. 
Using SCS instead.
ECOS solver failed:  The solver ECOS is not installed. 
Using SCS instead.
M-step Design Matrix Calculation time (sec): 0.0195
ECOS solver failed in IPCW_HAL_init, falling back to SCS: The solver ECOS is not installed.
WARNING - large complementary slackness residual: 0.032784
M-step CVXPY optimize time (sec): 0.5057
ECOS solver failed:  The solver ECOS is not installed. 
Using SCS instead.
ECOS solver failed:  The solver ECOS is not installed. 
Using SCS instead.
ECOS solver failed:  The solver ECOS is not installed. 
Using SCS instead.
ECOS solver failed:  The solver ECOS is not installed. 
Using SCS instead.
ECOS solver failed:  The solver ECOS is not installed. 
Using SCS instead.
ECOS solver failed:  The solver ECOS is not installed. 
Using SCS instead.
ECOS solver failed:  The solver ECOS is not installed. 
Using SCS instead.
ECOS solver failed:  The solver ECOS is not installed. 
Using SCS instead.
ECOS solver failed:  The solver ECOS is not installed. 
Using SCS instead.
ECOS solver failed:  The solver ECOS is not installed. 
Using SCS instead.
ECOS solver failed:  The solver ECOS is not installed. 
Using SCS instead.
ECOS solver failed:  The solver ECOS is not installed. 
Using SCS instead.
ECOS solver failed:  The solver ECOS is not installed. 
Using SCS instead.
ECOS solver failed:  The solver ECOS is not installed. 
Using SCS instead.
ECOS solver failed:  The solver ECOS is not installed. 
Using SCS instead.
ECOS solver failed:  The solver ECOS is not installed. 
Using SCS instead.
ECOS solver failed:  The solver ECOS is not installed. 
Using SCS instead.
ECOS solver failed:  The solver ECOS is not installed. 
Using SCS instead.
ECOS solver failed:  The solver ECOS is not installed. 
Using SCS instead.
ECOS solver failed:  The solver ECOS is not installed. 
Using SCS instead.
ECOS solver failed:  The solver ECOS is not installed. 
Using SCS instead.
M-step Design Matrix Calculation time (sec): 0.0182
ECOS solver failed in IPCW_HAL_init, falling back to SCS: The solver ECOS is not installed.
M-step CVXPY optimize time (sec): 0.3808
ECOS solver failed:  The solver ECOS is not installed. 
Using SCS instead.
ECOS solver failed:  The solver ECOS is not installed. 
Using SCS instead.
ECOS solver failed:  The solver ECOS is not installed. 
Using SCS instead.
ECOS solver failed:  The solver ECOS is not installed. 
Using SCS instead.
ECOS solver failed:  The solver ECOS is not installed. 
Using SCS instead.
ECOS solver failed:  The solver ECOS is not installed. 
Using SCS instead.
ECOS solver failed:  The solver ECOS is not installed. 
Using SCS instead.
ECOS solver failed:  The solver ECOS is not installed. 
Using SCS instead.
ECOS solver failed:  The solver ECOS is not installed. 
Using SCS instead.
ECOS solver failed:  The solver ECOS is not installed. 
Using SCS instead.
ECOS solver failed:  The solver ECOS is not installed. 
Using SCS instead.
ECOS solver failed:  The solver ECOS is not installed. 
Using SCS instead.
ECOS solver failed:  The solver ECOS is not installed. 
Using SCS instead.
ECOS solver failed:  The solver ECOS is not installed. 
Using SCS instead.
ECOS solver failed:  The solver ECOS is not installed. 
Using SCS instead.
ECOS solver failed:  The solver ECOS is not installed. 
Using SCS instead.
ECOS solver failed:  The solver ECOS is not installed. 
Using SCS instead.
ECOS solver failed:  The solver ECOS is not installed. 
Using SCS instead.
ECOS solver failed:  The solver ECOS is not installed. 
Using SCS instead.
ECOS solver failed:  The solver ECOS is not installed. 
Using SCS instead.
ECOS solver failed:  The solver ECOS is not installed. 
Using SCS instead.
M-step Design Matrix Calculation time (sec): 0.0188
ECOS solver failed in IPCW_HAL_init, falling back to SCS: The solver ECOS is not installed.
M-step CVXPY optimize time (sec): 0.6641
ECOS solver failed:  The solver ECOS is not installed. 
Using SCS instead.
ECOS solver failed:  The solver ECOS is not installed. 
Using SCS instead.
ECOS solver failed:  The solver ECOS is not installed. 
Using SCS instead.
ECOS solver failed:  The solver ECOS is not installed. 
Using SCS instead.
ECOS solver failed:  The solver ECOS is not installed. 
Using SCS instead.
ECOS solver failed:  The solver ECOS is not installed. 
Using SCS instead.
ECOS solver failed:  The solver ECOS is not installed. 
Using SCS instead.
ECOS solver failed:  The solver ECOS is not installed. 
Using SCS instead.
ECOS solver failed:  The solver ECOS is not installed. 
Using SCS instead.
ECOS solver failed:  The solver ECOS is not installed. 
Using SCS instead.
ECOS solver failed:  The solver ECOS is not installed. 
Using SCS instead.
ECOS solver failed:  The solver ECOS is not installed. 
Using SCS instead.
ECOS solver failed:  The solver ECOS is not installed. 
Using SCS instead.
ECOS solver failed:  The solver ECOS is not installed. 
Using SCS instead.
ECOS solver failed:  The solver ECOS is not installed. 
Using SCS instead.
ECOS solver failed:  The solver ECOS is not installed. 
Using SCS instead.
ECOS solver failed:  The solver ECOS is not installed. 
Using SCS instead.
ECOS solver failed:  The solver ECOS is not installed. 
Using SCS instead.
ECOS solver failed:  The solver ECOS is not installed. 
Using SCS instead.
ECOS solver failed:  The solver ECOS is not installed. 
Using SCS instead.
ECOS solver failed:  The solver ECOS is not installed. 
Using SCS instead.
M-step Design Matrix Calculation time (sec): 0.0189
ECOS solver failed in IPCW_HAL_init, falling back to SCS: The solver ECOS is not installed.
WARNING - large complementary slackness residual: 0.007609
M-step CVXPY optimize time (sec): 1.2642
ECOS solver failed:  The solver ECOS is not installed. 
Using SCS instead.
ECOS solver failed:  The solver ECOS is not installed. 
Using SCS instead.
ECOS solver failed:  The solver ECOS is not installed. 
Using SCS instead.
ECOS solver failed:  The solver ECOS is not installed. 
Using SCS instead.
ECOS solver failed:  The solver ECOS is not installed. 
Using SCS instead.
ECOS solver failed:  The solver ECOS is not installed. 
Using SCS instead.
ECOS solver failed:  The solver ECOS is not installed. 
Using SCS instead.
ECOS solver failed:  The solver ECOS is not installed. 
Using SCS instead.
ECOS solver failed:  The solver ECOS is not installed. 
Using SCS instead.
ECOS solver failed:  The solver ECOS is not installed. 
Using SCS instead.
ECOS solver failed:  The solver ECOS is not installed. 
Using SCS instead.
ECOS solver failed:  The solver ECOS is not installed. 
Using SCS instead.
ECOS solver failed:  The solver ECOS is not installed. 
Using SCS instead.
ECOS solver failed:  The solver ECOS is not installed. 
Using SCS instead.
ECOS solver failed:  The solver ECOS is not installed. 
Using SCS instead.
ECOS solver failed:  The solver ECOS is not installed. 
Using SCS instead.
ECOS solver failed:  The solver ECOS is not installed. 
Using SCS instead.
ECOS solver failed:  The solver ECOS is not installed. 
Using SCS instead.
ECOS solver failed:  The solver ECOS is not installed. 
Using SCS instead.
ECOS solver failed:  The solver ECOS is not installed. 
Using SCS instead.
ECOS solver failed:  The solver ECOS is not installed. 
Using SCS instead.
M-step Design Matrix Calculation time (sec): 0.0188
ECOS solver failed in IPCW_HAL_init, falling back to SCS: The solver ECOS is not installed.
WARNING - large complementary slackness residual: 0.011712
M-step CVXPY optimize time (sec): 1.3863
ECOS solver failed:  The solver ECOS is not installed. 
Using SCS instead.
ECOS solver failed:  The solver ECOS is not installed. 
Using SCS instead.
ECOS solver failed:  The solver ECOS is not installed. 
Using SCS instead.
ECOS solver failed:  The solver ECOS is not installed. 
Using SCS instead.
ECOS solver failed:  The solver ECOS is not installed. 
Using SCS instead.
ECOS solver failed:  The solver ECOS is not installed. 
Using SCS instead.
ECOS solver failed:  The solver ECOS is not installed. 
Using SCS instead.
ECOS solver failed:  The solver ECOS is not installed. 
Using SCS instead.
ECOS solver failed:  The solver ECOS is not installed. 
Using SCS instead.
ECOS solver failed:  The solver ECOS is not installed. 
Using SCS instead.
ECOS solver failed:  The solver ECOS is not installed. 
Using SCS instead.
ECOS solver failed:  The solver ECOS is not installed. 
Using SCS instead.
ECOS solver failed:  The solver ECOS is not installed. 
Using SCS instead.
ECOS solver failed:  The solver ECOS is not installed. 
Using SCS instead.
ECOS solver failed:  The solver ECOS is not installed. 
Using SCS instead.
ECOS solver failed:  The solver ECOS is not installed. 
Using SCS instead.
ECOS solver failed:  The solver ECOS is not installed. 
Using SCS instead.
ECOS solver failed:  The solver ECOS is not installed. 
Using SCS instead.
ECOS solver failed:  The solver ECOS is not installed. 
Using SCS instead.
ECOS solver failed:  The solver ECOS is not installed. 
Using SCS instead.
ECOS solver failed:  The solver ECOS is not installed. 
Using SCS instead.
M-step Design Matrix Calculation time (sec): 0.0174
ECOS solver failed in IPCW_HAL_init, falling back to SCS: The solver ECOS is not installed.
WARNING - large complementary slackness residual: 0.015363
M-step CVXPY optimize time (sec): 1.4796
ECOS solver failed:  The solver ECOS is not installed. 
Using SCS instead.
ECOS solver failed:  The solver ECOS is not installed. 
Using SCS instead.
ECOS solver failed:  The solver ECOS is not installed. 
Using SCS instead.
ECOS solver failed:  The solver ECOS is not installed. 
Using SCS instead.
ECOS solver failed:  The solver ECOS is not installed. 
Using SCS instead.
ECOS solver failed:  The solver ECOS is not installed. 
Using SCS instead.
ECOS solver failed:  The solver ECOS is not installed. 
Using SCS instead.
ECOS solver failed:  The solver ECOS is not installed. 
Using SCS instead.
ECOS solver failed:  The solver ECOS is not installed. 
Using SCS instead.
ECOS solver failed:  The solver ECOS is not installed. 
Using SCS instead.
ECOS solver failed:  The solver ECOS is not installed. 
Using SCS instead.
ECOS solver failed:  The solver ECOS is not installed. 
Using SCS instead.
ECOS solver failed:  The solver ECOS is not installed. 
Using SCS instead.
ECOS solver failed:  The solver ECOS is not installed. 
Using SCS instead.
ECOS solver failed:  The solver ECOS is not installed. 
Using SCS instead.
ECOS solver failed:  The solver ECOS is not installed. 
Using SCS instead.
ECOS solver failed:  The solver ECOS is not installed. 
Using SCS instead.
ECOS solver failed:  The solver ECOS is not installed. 
Using SCS instead.
ECOS solver failed:  The solver ECOS is not installed. 
Using SCS instead.
ECOS solver failed:  The solver ECOS is not installed. 
Using SCS instead.
ECOS solver failed:  The solver ECOS is not installed. 
Using SCS instead.
M-step Design Matrix Calculation time (sec): 0.1176
ECOS solver failed in IPCW_HAL_init, falling back to SCS: The solver ECOS is not installed.
M-step CVXPY optimize time (sec): 0.7037
ECOS solver failed:  The solver ECOS is not installed. 
Using SCS instead.
ECOS solver failed:  The solver ECOS is not installed. 
Using SCS instead.
ECOS solver failed:  The solver ECOS is not installed. 
Using SCS instead.
ECOS solver failed:  The solver ECOS is not installed. 
Using SCS instead.
ECOS solver failed:  The solver ECOS is not installed. 
Using SCS instead.
ECOS solver failed:  The solver ECOS is not installed. 
Using SCS instead.
ECOS solver failed:  The solver ECOS is not installed. 
Using SCS instead.
ECOS solver failed:  The solver ECOS is not installed. 
Using SCS instead.
ECOS solver failed:  The solver ECOS is not installed. 
Using SCS instead.
ECOS solver failed:  The solver ECOS is not installed. 
Using SCS instead.
ECOS solver failed:  The solver ECOS is not installed. 
Using SCS instead.
ECOS solver failed:  The solver ECOS is not installed. 
Using SCS instead.
ECOS solver failed:  The solver ECOS is not installed. 
Using SCS instead.
ECOS solver failed:  The solver ECOS is not installed. 
Using SCS instead.
ECOS solver failed:  The solver ECOS is not installed. 
Using SCS instead.
ECOS solver failed:  The solver ECOS is not installed. 
Using SCS instead.
ECOS solver failed:  The solver ECOS is not installed. 
Using SCS instead.
ECOS solver failed:  The solver ECOS is not installed. 
Using SCS instead.
ECOS solver failed:  The solver ECOS is not installed. 
Using SCS instead.
ECOS solver failed:  The solver ECOS is not installed. 
Using SCS instead.
ECOS solver failed:  The solver ECOS is not installed. 
Using SCS instead.
M-step Design Matrix Calculation time (sec): 0.0398
ECOS solver failed in IPCW_HAL_init, falling back to SCS: The solver ECOS is not installed.
M-step CVXPY optimize time (sec): 0.7250
ECOS solver failed:  The solver ECOS is not installed. 
Using SCS instead.
ECOS solver failed:  The solver ECOS is not installed. 
Using SCS instead.
ECOS solver failed:  The solver ECOS is not installed. 
Using SCS instead.
ECOS solver failed:  The solver ECOS is not installed. 
Using SCS instead.
ECOS solver failed:  The solver ECOS is not installed. 
Using SCS instead.
ECOS solver failed:  The solver ECOS is not installed. 
Using SCS instead.
ECOS solver failed:  The solver ECOS is not installed. 
Using SCS instead.
ECOS solver failed:  The solver ECOS is not installed. 
Using SCS instead.
ECOS solver failed:  The solver ECOS is not installed. 
Using SCS instead.
ECOS solver failed:  The solver ECOS is not installed. 
Using SCS instead.
ECOS solver failed:  The solver ECOS is not installed. 
Using SCS instead.
ECOS solver failed:  The solver ECOS is not installed. 
Using SCS instead.
ECOS solver failed:  The solver ECOS is not installed. 
Using SCS instead.
ECOS solver failed:  The solver ECOS is not installed. 
Using SCS instead.
ECOS solver failed:  The solver ECOS is not installed. 
Using SCS instead.
ECOS solver failed:  The solver ECOS is not installed. 
Using SCS instead.
ECOS solver failed:  The solver ECOS is not installed. 
Using SCS instead.
ECOS solver failed:  The solver ECOS is not installed. 
Using SCS instead.
ECOS solver failed:  The solver ECOS is not installed. 
Using SCS instead.
ECOS solver failed:  The solver ECOS is not installed. 
Using SCS instead.
ECOS solver failed:  The solver ECOS is not installed. 
Using SCS instead.
M-step Design Matrix Calculation time (sec): 0.0542
ECOS solver failed in IPCW_HAL_init, falling back to SCS: The solver ECOS is not installed.
WARNING - large complementary slackness residual: 0.015901
M-step CVXPY optimize time (sec): 1.6810
ECOS solver failed:  The solver ECOS is not installed. 
Using SCS instead.
ECOS solver failed:  The solver ECOS is not installed. 
Using SCS instead.
ECOS solver failed:  The solver ECOS is not installed. 
Using SCS instead.
ECOS solver failed:  The solver ECOS is not installed. 
Using SCS instead.
ECOS solver failed:  The solver ECOS is not installed. 
Using SCS instead.
ECOS solver failed:  The solver ECOS is not installed. 
Using SCS instead.
ECOS solver failed:  The solver ECOS is not installed. 
Using SCS instead.
ECOS solver failed:  The solver ECOS is not installed. 
Using SCS instead.
ECOS solver failed:  The solver ECOS is not installed. 
Using SCS instead.
ECOS solver failed:  The solver ECOS is not installed. 
Using SCS instead.
ECOS solver failed:  The solver ECOS is not installed. 
Using SCS instead.
ECOS solver failed:  The solver ECOS is not installed. 
Using SCS instead.
ECOS solver failed:  The solver ECOS is not installed. 
Using SCS instead.
ECOS solver failed:  The solver ECOS is not installed. 
Using SCS instead.
ECOS solver failed:  The solver ECOS is not installed. 
Using SCS instead.
ECOS solver failed:  The solver ECOS is not installed. 
Using SCS instead.
ECOS solver failed:  The solver ECOS is not installed. 
Using SCS instead.
ECOS solver failed:  The solver ECOS is not installed. 
Using SCS instead.
ECOS solver failed:  The solver ECOS is not installed. 
Using SCS instead.
ECOS solver failed:  The solver ECOS is not installed. 
Using SCS instead.
ECOS solver failed:  The solver ECOS is not installed. 
Using SCS instead.
M-step Design Matrix Calculation time (sec): 0.0182
ECOS solver failed in IPCW_HAL_init, falling back to SCS: The solver ECOS is not installed.
M-step CVXPY optimize time (sec): 0.7728
ECOS solver failed:  The solver ECOS is not installed. 
Using SCS instead.
ECOS solver failed:  The solver ECOS is not installed. 
Using SCS instead.
ECOS solver failed:  The solver ECOS is not installed. 
Using SCS instead.
ECOS solver failed:  The solver ECOS is not installed. 
Using SCS instead.
ECOS solver failed:  The solver ECOS is not installed. 
Using SCS instead.
ECOS solver failed:  The solver ECOS is not installed. 
Using SCS instead.
ECOS solver failed:  The solver ECOS is not installed. 
Using SCS instead.
ECOS solver failed:  The solver ECOS is not installed. 
Using SCS instead.
ECOS solver failed:  The solver ECOS is not installed. 
Using SCS instead.
ECOS solver failed:  The solver ECOS is not installed. 
Using SCS instead.
ECOS solver failed:  The solver ECOS is not installed. 
Using SCS instead.
ECOS solver failed:  The solver ECOS is not installed. 
Using SCS instead.
ECOS solver failed:  The solver ECOS is not installed. 
Using SCS instead.
ECOS solver failed:  The solver ECOS is not installed. 
Using SCS instead.
ECOS solver failed:  The solver ECOS is not installed. 
Using SCS instead.
ECOS solver failed:  The solver ECOS is not installed. 
Using SCS instead.
ECOS solver failed:  The solver ECOS is not installed. 
Using SCS instead.
ECOS solver failed:  The solver ECOS is not installed. 
Using SCS instead.
ECOS solver failed:  The solver ECOS is not installed. 
Using SCS instead.
ECOS solver failed:  The solver ECOS is not installed. 
Using SCS instead.
ECOS solver failed:  The solver ECOS is not installed. 
Using SCS instead.
M-step Design Matrix Calculation time (sec): 0.0162
ECOS solver failed in IPCW_HAL_init, falling back to SCS: The solver ECOS is not installed.
WARNING - large complementary slackness residual: 0.021535
M-step CVXPY optimize time (sec): 0.5853
ECOS solver failed:  The solver ECOS is not installed. 
Using SCS instead.
ECOS solver failed:  The solver ECOS is not installed. 
Using SCS instead.
ECOS solver failed:  The solver ECOS is not installed. 
Using SCS instead.
ECOS solver failed:  The solver ECOS is not installed. 
Using SCS instead.
ECOS solver failed:  The solver ECOS is not installed. 
Using SCS instead.
ECOS solver failed:  The solver ECOS is not installed. 
Using SCS instead.
ECOS solver failed:  The solver ECOS is not installed. 
Using SCS instead.
ECOS solver failed:  The solver ECOS is not installed. 
Using SCS instead.
ECOS solver failed:  The solver ECOS is not installed. 
Using SCS instead.
ECOS solver failed:  The solver ECOS is not installed. 
Using SCS instead.
ECOS solver failed:  The solver ECOS is not installed. 
Using SCS instead.
ECOS solver failed:  The solver ECOS is not installed. 
Using SCS instead.
ECOS solver failed:  The solver ECOS is not installed. 
Using SCS instead.
ECOS solver failed:  The solver ECOS is not installed. 
Using SCS instead.
ECOS solver failed:  The solver ECOS is not installed. 
Using SCS instead.
ECOS solver failed:  The solver ECOS is not installed. 
Using SCS instead.
ECOS solver failed:  The solver ECOS is not installed. 
Using SCS instead.
ECOS solver failed:  The solver ECOS is not installed. 
Using SCS instead.
ECOS solver failed:  The solver ECOS is not installed. 
Using SCS instead.
ECOS solver failed:  The solver ECOS is not installed. 
Using SCS instead.
ECOS solver failed:  The solver ECOS is not installed. 
Using SCS instead.
M-step Design Matrix Calculation time (sec): 0.0585
ECOS solver failed in IPCW_HAL_init, falling back to SCS: The solver ECOS is not installed.
WARNING - large complementary slackness residual: 0.008056
M-step CVXPY optimize time (sec): 1.3378
ECOS solver failed:  The solver ECOS is not installed. 
Using SCS instead.
ECOS solver failed:  The solver ECOS is not installed. 
Using SCS instead.
ECOS solver failed:  The solver ECOS is not installed. 
Using SCS instead.
ECOS solver failed:  The solver ECOS is not installed. 
Using SCS instead.
ECOS solver failed:  The solver ECOS is not installed. 
Using SCS instead.
ECOS solver failed:  The solver ECOS is not installed. 
Using SCS instead.
ECOS solver failed:  The solver ECOS is not installed. 
Using SCS instead.
ECOS solver failed:  The solver ECOS is not installed. 
Using SCS instead.
ECOS solver failed:  The solver ECOS is not installed. 
Using SCS instead.
ECOS solver failed:  The solver ECOS is not installed. 
Using SCS instead.
ECOS solver failed:  The solver ECOS is not installed. 
Using SCS instead.
ECOS solver failed:  The solver ECOS is not installed. 
Using SCS instead.
ECOS solver failed:  The solver ECOS is not installed. 
Using SCS instead.
ECOS solver failed:  The solver ECOS is not installed. 
Using SCS instead.
ECOS solver failed:  The solver ECOS is not installed. 
Using SCS instead.
ECOS solver failed:  The solver ECOS is not installed. 
Using SCS instead.
ECOS solver failed:  The solver ECOS is not installed. 
Using SCS instead.
ECOS solver failed:  The solver ECOS is not installed. 
Using SCS instead.
ECOS solver failed:  The solver ECOS is not installed. 
Using SCS instead.
ECOS solver failed:  The solver ECOS is not installed. 
Using SCS instead.
ECOS solver failed:  The solver ECOS is not installed. 
Using SCS instead.
M-step Design Matrix Calculation time (sec): 0.0444
ECOS solver failed in IPCW_HAL_init, falling back to SCS: The solver ECOS is not installed.
M-step CVXPY optimize time (sec): 0.9071
ECOS solver failed:  The solver ECOS is not installed. 
Using SCS instead.
ECOS solver failed:  The solver ECOS is not installed. 
Using SCS instead.
ECOS solver failed:  The solver ECOS is not installed. 
Using SCS instead.
ECOS solver failed:  The solver ECOS is not installed. 
Using SCS instead.
ECOS solver failed:  The solver ECOS is not installed. 
Using SCS instead.
ECOS solver failed:  The solver ECOS is not installed. 
Using SCS instead.
ECOS solver failed:  The solver ECOS is not installed. 
Using SCS instead.
ECOS solver failed:  The solver ECOS is not installed. 
Using SCS instead.
ECOS solver failed:  The solver ECOS is not installed. 
Using SCS instead.
ECOS solver failed:  The solver ECOS is not installed. 
Using SCS instead.
ECOS solver failed:  The solver ECOS is not installed. 
Using SCS instead.
ECOS solver failed:  The solver ECOS is not installed. 
Using SCS instead.
ECOS solver failed:  The solver ECOS is not installed. 
Using SCS instead.
ECOS solver failed:  The solver ECOS is not installed. 
Using SCS instead.
ECOS solver failed:  The solver ECOS is not installed. 
Using SCS instead.
ECOS solver failed:  The solver ECOS is not installed. 
Using SCS instead.
ECOS solver failed:  The solver ECOS is not installed. 
Using SCS instead.
ECOS solver failed:  The solver ECOS is not installed. 
Using SCS instead.
ECOS solver failed:  The solver ECOS is not installed. 
Using SCS instead.
ECOS solver failed:  The solver ECOS is not installed. 
Using SCS instead.
ECOS solver failed:  The solver ECOS is not installed. 
Using SCS instead.
M-step Design Matrix Calculation time (sec): 0.0183
ECOS solver failed in IPCW_HAL_init, falling back to SCS: The solver ECOS is not installed.
M-step CVXPY optimize time (sec): 0.5619
ECOS solver failed:  The solver ECOS is not installed. 
Using SCS instead.
ECOS solver failed:  The solver ECOS is not installed. 
Using SCS instead.
ECOS solver failed:  The solver ECOS is not installed. 
Using SCS instead.
ECOS solver failed:  The solver ECOS is not installed. 
Using SCS instead.
ECOS solver failed:  The solver ECOS is not installed. 
Using SCS instead.
ECOS solver failed:  The solver ECOS is not installed. 
Using SCS instead.
ECOS solver failed:  The solver ECOS is not installed. 
Using SCS instead.
ECOS solver failed:  The solver ECOS is not installed. 
Using SCS instead.
ECOS solver failed:  The solver ECOS is not installed. 
Using SCS instead.
ECOS solver failed:  The solver ECOS is not installed. 
Using SCS instead.
ECOS solver failed:  The solver ECOS is not installed. 
Using SCS instead.
ECOS solver failed:  The solver ECOS is not installed. 
Using SCS instead.
ECOS solver failed:  The solver ECOS is not installed. 
Using SCS instead.
ECOS solver failed:  The solver ECOS is not installed. 
Using SCS instead.
ECOS solver failed:  The solver ECOS is not installed. 
Using SCS instead.
ECOS solver failed:  The solver ECOS is not installed. 
Using SCS instead.
ECOS solver failed:  The solver ECOS is not installed. 
Using SCS instead.
ECOS solver failed:  The solver ECOS is not installed. 
Using SCS instead.
ECOS solver failed:  The solver ECOS is not installed. 
Using SCS instead.
ECOS solver failed:  The solver ECOS is not installed. 
Using SCS instead.
ECOS solver failed:  The solver ECOS is not installed. 
Using SCS instead.
M-step Design Matrix Calculation time (sec): 0.0225
ECOS solver failed in IPCW_HAL_init, falling back to SCS: The solver ECOS is not installed.
WARNING - large complementary slackness residual: 0.020012
M-step CVXPY optimize time (sec): 0.9001
ECOS solver failed:  The solver ECOS is not installed. 
Using SCS instead.
ECOS solver failed:  The solver ECOS is not installed. 
Using SCS instead.
ECOS solver failed:  The solver ECOS is not installed. 
Using SCS instead.
ECOS solver failed:  The solver ECOS is not installed. 
Using SCS instead.
ECOS solver failed:  The solver ECOS is not installed. 
Using SCS instead.
ECOS solver failed:  The solver ECOS is not installed. 
Using SCS instead.
ECOS solver failed:  The solver ECOS is not installed. 
Using SCS instead.
ECOS solver failed:  The solver ECOS is not installed. 
Using SCS instead.
ECOS solver failed:  The solver ECOS is not installed. 
Using SCS instead.
ECOS solver failed:  The solver ECOS is not installed. 
Using SCS instead.
ECOS solver failed:  The solver ECOS is not installed. 
Using SCS instead.
ECOS solver failed:  The solver ECOS is not installed. 
Using SCS instead.
ECOS solver failed:  The solver ECOS is not installed. 
Using SCS instead.
ECOS solver failed:  The solver ECOS is not installed. 
Using SCS instead.
ECOS solver failed:  The solver ECOS is not installed. 
Using SCS instead.
ECOS solver failed:  The solver ECOS is not installed. 
Using SCS instead.
ECOS solver failed:  The solver ECOS is not installed. 
Using SCS instead.
ECOS solver failed:  The solver ECOS is not installed. 
Using SCS instead.
ECOS solver failed:  The solver ECOS is not installed. 
Using SCS instead.
ECOS solver failed:  The solver ECOS is not installed. 
Using SCS instead.
ECOS solver failed:  The solver ECOS is not installed. 
Using SCS instead.
M-step Design Matrix Calculation time (sec): 0.0197
ECOS solver failed in IPCW_HAL_init, falling back to SCS: The solver ECOS is not installed.
WARNING - large complementary slackness residual: 0.006588
M-step CVXPY optimize time (sec): 0.4389
ECOS solver failed:  The solver ECOS is not installed. 
Using SCS instead.
ECOS solver failed:  The solver ECOS is not installed. 
Using SCS instead.
ECOS solver failed:  The solver ECOS is not installed. 
Using SCS instead.
ECOS solver failed:  The solver ECOS is not installed. 
Using SCS instead.
ECOS solver failed:  The solver ECOS is not installed. 
Using SCS instead.
ECOS solver failed:  The solver ECOS is not installed. 
Using SCS instead.
ECOS solver failed:  The solver ECOS is not installed. 
Using SCS instead.
ECOS solver failed:  The solver ECOS is not installed. 
Using SCS instead.
ECOS solver failed:  The solver ECOS is not installed. 
Using SCS instead.
ECOS solver failed:  The solver ECOS is not installed. 
Using SCS instead.
ECOS solver failed:  The solver ECOS is not installed. 
Using SCS instead.
ECOS solver failed:  The solver ECOS is not installed. 
Using SCS instead.
ECOS solver failed:  The solver ECOS is not installed. 
Using SCS instead.
ECOS solver failed:  The solver ECOS is not installed. 
Using SCS instead.
ECOS solver failed:  The solver ECOS is not installed. 
Using SCS instead.
ECOS solver failed:  The solver ECOS is not installed. 
Using SCS instead.
ECOS solver failed:  The solver ECOS is not installed. 
Using SCS instead.
ECOS solver failed:  The solver ECOS is not installed. 
Using SCS instead.
ECOS solver failed:  The solver ECOS is not installed. 
Using SCS instead.
ECOS solver failed:  The solver ECOS is not installed. 
Using SCS instead.
ECOS solver failed:  The solver ECOS is not installed. 
Using SCS instead.
M-step Design Matrix Calculation time (sec): 0.0317
ECOS solver failed in IPCW_HAL_init, falling back to SCS: The solver ECOS is not installed.
WARNING - large complementary slackness residual: 0.017142
M-step CVXPY optimize time (sec): 1.8938
ECOS solver failed:  The solver ECOS is not installed. 
Using SCS instead.
ECOS solver failed:  The solver ECOS is not installed. 
Using SCS instead.
ECOS solver failed:  The solver ECOS is not installed. 
Using SCS instead.
ECOS solver failed:  The solver ECOS is not installed. 
Using SCS instead.
ECOS solver failed:  The solver ECOS is not installed. 
Using SCS instead.
ECOS solver failed:  The solver ECOS is not installed. 
Using SCS instead.
ECOS solver failed:  The solver ECOS is not installed. 
Using SCS instead.
ECOS solver failed:  The solver ECOS is not installed. 
Using SCS instead.
ECOS solver failed:  The solver ECOS is not installed. 
Using SCS instead.
ECOS solver failed:  The solver ECOS is not installed. 
Using SCS instead.
ECOS solver failed:  The solver ECOS is not installed. 
Using SCS instead.
ECOS solver failed:  The solver ECOS is not installed. 
Using SCS instead.
ECOS solver failed:  The solver ECOS is not installed. 
Using SCS instead.
ECOS solver failed:  The solver ECOS is not installed. 
Using SCS instead.
ECOS solver failed:  The solver ECOS is not installed. 
Using SCS instead.
ECOS solver failed:  The solver ECOS is not installed. 
Using SCS instead.
ECOS solver failed:  The solver ECOS is not installed. 
Using SCS instead.
ECOS solver failed:  The solver ECOS is not installed. 
Using SCS instead.
ECOS solver failed:  The solver ECOS is not installed. 
Using SCS instead.
ECOS solver failed:  The solver ECOS is not installed. 
Using SCS instead.
ECOS solver failed:  The solver ECOS is not installed. 
Using SCS instead.
M-step Design Matrix Calculation time (sec): 0.0179
ECOS solver failed in IPCW_HAL_init, falling back to SCS: The solver ECOS is not installed.
M-step CVXPY optimize time (sec): 0.1885
ECOS solver failed:  The solver ECOS is not installed. 
Using SCS instead.
ECOS solver failed:  The solver ECOS is not installed. 
Using SCS instead.
ECOS solver failed:  The solver ECOS is not installed. 
Using SCS instead.
ECOS solver failed:  The solver ECOS is not installed. 
Using SCS instead.
ECOS solver failed:  The solver ECOS is not installed. 
Using SCS instead.
ECOS solver failed:  The solver ECOS is not installed. 
Using SCS instead.
ECOS solver failed:  The solver ECOS is not installed. 
Using SCS instead.
ECOS solver failed:  The solver ECOS is not installed. 
Using SCS instead.
ECOS solver failed:  The solver ECOS is not installed. 
Using SCS instead.
ECOS solver failed:  The solver ECOS is not installed. 
Using SCS instead.
ECOS solver failed:  The solver ECOS is not installed. 
Using SCS instead.
ECOS solver failed:  The solver ECOS is not installed. 
Using SCS instead.
ECOS solver failed:  The solver ECOS is not installed. 
Using SCS instead.
ECOS solver failed:  The solver ECOS is not installed. 
Using SCS instead.
ECOS solver failed:  The solver ECOS is not installed. 
Using SCS instead.
ECOS solver failed:  The solver ECOS is not installed. 
Using SCS instead.
ECOS solver failed:  The solver ECOS is not installed. 
Using SCS instead.
ECOS solver failed:  The solver ECOS is not installed. 
Using SCS instead.
ECOS solver failed:  The solver ECOS is not installed. 
Using SCS instead.
ECOS solver failed:  The solver ECOS is not installed. 
Using SCS instead.
ECOS solver failed:  The solver ECOS is not installed. 
Using SCS instead.
M-step Design Matrix Calculation time (sec): 0.0171
ECOS solver failed in IPCW_HAL_init, falling back to SCS: The solver ECOS is not installed.
M-step CVXPY optimize time (sec): 0.5123
ECOS solver failed:  The solver ECOS is not installed. 
Using SCS instead.
ECOS solver failed:  The solver ECOS is not installed. 
Using SCS instead.
ECOS solver failed:  The solver ECOS is not installed. 
Using SCS instead.
ECOS solver failed:  The solver ECOS is not installed. 
Using SCS instead.
ECOS solver failed:  The solver ECOS is not installed. 
Using SCS instead.
ECOS solver failed:  The solver ECOS is not installed. 
Using SCS instead.
ECOS solver failed:  The solver ECOS is not installed. 
Using SCS instead.
ECOS solver failed:  The solver ECOS is not installed. 
Using SCS instead.
ECOS solver failed:  The solver ECOS is not installed. 
Using SCS instead.
ECOS solver failed:  The solver ECOS is not installed. 
Using SCS instead.
ECOS solver failed:  The solver ECOS is not installed. 
Using SCS instead.
ECOS solver failed:  The solver ECOS is not installed. 
Using SCS instead.
ECOS solver failed:  The solver ECOS is not installed. 
Using SCS instead.
ECOS solver failed:  The solver ECOS is not installed. 
Using SCS instead.
ECOS solver failed:  The solver ECOS is not installed. 
Using SCS instead.
ECOS solver failed:  The solver ECOS is not installed. 
Using SCS instead.
ECOS solver failed:  The solver ECOS is not installed. 
Using SCS instead.
ECOS solver failed:  The solver ECOS is not installed. 
Using SCS instead.
ECOS solver failed:  The solver ECOS is not installed. 
Using SCS instead.
ECOS solver failed:  The solver ECOS is not installed. 
Using SCS instead.
ECOS solver failed:  The solver ECOS is not installed. 
Using SCS instead.
M-step Design Matrix Calculation time (sec): 0.0254
ECOS solver failed in IPCW_HAL_init, falling back to SCS: The solver ECOS is not installed.
M-step CVXPY optimize time (sec): 0.4278
ECOS solver failed:  The solver ECOS is not installed. 
Using SCS instead.
ECOS solver failed:  The solver ECOS is not installed. 
Using SCS instead.
ECOS solver failed:  The solver ECOS is not installed. 
Using SCS instead.
ECOS solver failed:  The solver ECOS is not installed. 
Using SCS instead.
ECOS solver failed:  The solver ECOS is not installed. 
Using SCS instead.
ECOS solver failed:  The solver ECOS is not installed. 
Using SCS instead.
ECOS solver failed:  The solver ECOS is not installed. 
Using SCS instead.
ECOS solver failed:  The solver ECOS is not installed. 
Using SCS instead.
ECOS solver failed:  The solver ECOS is not installed. 
Using SCS instead.
ECOS solver failed:  The solver ECOS is not installed. 
Using SCS instead.
ECOS solver failed:  The solver ECOS is not installed. 
Using SCS instead.
ECOS solver failed:  The solver ECOS is not installed. 
Using SCS instead.
ECOS solver failed:  The solver ECOS is not installed. 
Using SCS instead.
ECOS solver failed:  The solver ECOS is not installed. 
Using SCS instead.
ECOS solver failed:  The solver ECOS is not installed. 
Using SCS instead.
ECOS solver failed:  The solver ECOS is not installed. 
Using SCS instead.
ECOS solver failed:  The solver ECOS is not installed. 
Using SCS instead.
ECOS solver failed:  The solver ECOS is not installed. 
Using SCS instead.
ECOS solver failed:  The solver ECOS is not installed. 
Using SCS instead.
ECOS solver failed:  The solver ECOS is not installed. 
Using SCS instead.
ECOS solver failed:  The solver ECOS is not installed. 
Using SCS instead.
M-step Design Matrix Calculation time (sec): 0.0153
ECOS solver failed in IPCW_HAL_init, falling back to SCS: The solver ECOS is not installed.
WARNING - large complementary slackness residual: 0.014798
M-step CVXPY optimize time (sec): 1.1456
ECOS solver failed:  The solver ECOS is not installed. 
Using SCS instead.
ECOS solver failed:  The solver ECOS is not installed. 
Using SCS instead.
ECOS solver failed:  The solver ECOS is not installed. 
Using SCS instead.
ECOS solver failed:  The solver ECOS is not installed. 
Using SCS instead.
ECOS solver failed:  The solver ECOS is not installed. 
Using SCS instead.
ECOS solver failed:  The solver ECOS is not installed. 
Using SCS instead.
ECOS solver failed:  The solver ECOS is not installed. 
Using SCS instead.
ECOS solver failed:  The solver ECOS is not installed. 
Using SCS instead.
ECOS solver failed:  The solver ECOS is not installed. 
Using SCS instead.
ECOS solver failed:  The solver ECOS is not installed. 
Using SCS instead.
ECOS solver failed:  The solver ECOS is not installed. 
Using SCS instead.
ECOS solver failed:  The solver ECOS is not installed. 
Using SCS instead.
ECOS solver failed:  The solver ECOS is not installed. 
Using SCS instead.
ECOS solver failed:  The solver ECOS is not installed. 
Using SCS instead.
ECOS solver failed:  The solver ECOS is not installed. 
Using SCS instead.
ECOS solver failed:  The solver ECOS is not installed. 
Using SCS instead.
ECOS solver failed:  The solver ECOS is not installed. 
Using SCS instead.
ECOS solver failed:  The solver ECOS is not installed. 
Using SCS instead.
ECOS solver failed:  The solver ECOS is not installed. 
Using SCS instead.
ECOS solver failed:  The solver ECOS is not installed. 
Using SCS instead.
ECOS solver failed:  The solver ECOS is not installed. 
Using SCS instead.
M-step Design Matrix Calculation time (sec): 0.0434
ECOS solver failed in IPCW_HAL_init, falling back to SCS: The solver ECOS is not installed.
WARNING - large complementary slackness residual: 0.033888
M-step CVXPY optimize time (sec): 0.4208
ECOS solver failed:  The solver ECOS is not installed. 
Using SCS instead.
ECOS solver failed:  The solver ECOS is not installed. 
Using SCS instead.
ECOS solver failed:  The solver ECOS is not installed. 
Using SCS instead.
ECOS solver failed:  The solver ECOS is not installed. 
Using SCS instead.
ECOS solver failed:  The solver ECOS is not installed. 
Using SCS instead.
ECOS solver failed:  The solver ECOS is not installed. 
Using SCS instead.
ECOS solver failed:  The solver ECOS is not installed. 
Using SCS instead.
ECOS solver failed:  The solver ECOS is not installed. 
Using SCS instead.
ECOS solver failed:  The solver ECOS is not installed. 
Using SCS instead.
ECOS solver failed:  The solver ECOS is not installed. 
Using SCS instead.
ECOS solver failed:  The solver ECOS is not installed. 
Using SCS instead.
ECOS solver failed:  The solver ECOS is not installed. 
Using SCS instead.
ECOS solver failed:  The solver ECOS is not installed. 
Using SCS instead.
ECOS solver failed:  The solver ECOS is not installed. 
Using SCS instead.
ECOS solver failed:  The solver ECOS is not installed. 
Using SCS instead.
ECOS solver failed:  The solver ECOS is not installed. 
Using SCS instead.
ECOS solver failed:  The solver ECOS is not installed. 
Using SCS instead.
ECOS solver failed:  The solver ECOS is not installed. 
Using SCS instead.
ECOS solver failed:  The solver ECOS is not installed. 
Using SCS instead.
ECOS solver failed:  The solver ECOS is not installed. 
Using SCS instead.
ECOS solver failed:  The solver ECOS is not installed. 
Using SCS instead.
M-step Design Matrix Calculation time (sec): 0.0189
ECOS solver failed in IPCW_HAL_init, falling back to SCS: The solver ECOS is not installed.
WARNING - large complementary slackness residual: 0.014510
M-step CVXPY optimize time (sec): 1.8093
ECOS solver failed:  The solver ECOS is not installed. 
Using SCS instead.
ECOS solver failed:  The solver ECOS is not installed. 
Using SCS instead.
ECOS solver failed:  The solver ECOS is not installed. 
Using SCS instead.
ECOS solver failed:  The solver ECOS is not installed. 
Using SCS instead.
ECOS solver failed:  The solver ECOS is not installed. 
Using SCS instead.
ECOS solver failed:  The solver ECOS is not installed. 
Using SCS instead.
ECOS solver failed:  The solver ECOS is not installed. 
Using SCS instead.
ECOS solver failed:  The solver ECOS is not installed. 
Using SCS instead.
ECOS solver failed:  The solver ECOS is not installed. 
Using SCS instead.
ECOS solver failed:  The solver ECOS is not installed. 
Using SCS instead.
ECOS solver failed:  The solver ECOS is not installed. 
Using SCS instead.
ECOS solver failed:  The solver ECOS is not installed. 
Using SCS instead.
ECOS solver failed:  The solver ECOS is not installed. 
Using SCS instead.
ECOS solver failed:  The solver ECOS is not installed. 
Using SCS instead.
ECOS solver failed:  The solver ECOS is not installed. 
Using SCS instead.
ECOS solver failed:  The solver ECOS is not installed. 
Using SCS instead.
ECOS solver failed:  The solver ECOS is not installed. 
Using SCS instead.
ECOS solver failed:  The solver ECOS is not installed. 
Using SCS instead.
ECOS solver failed:  The solver ECOS is not installed. 
Using SCS instead.
ECOS solver failed:  The solver ECOS is not installed. 
Using SCS instead.
ECOS solver failed:  The solver ECOS is not installed. 
Using SCS instead.
M-step Design Matrix Calculation time (sec): 0.0218
ECOS solver failed in IPCW_HAL_init, falling back to SCS: The solver ECOS is not installed.
WARNING - large complementary slackness residual: 0.005769
M-step CVXPY optimize time (sec): 1.1977
ECOS solver failed:  The solver ECOS is not installed. 
Using SCS instead.
ECOS solver failed:  The solver ECOS is not installed. 
Using SCS instead.
ECOS solver failed:  The solver ECOS is not installed. 
Using SCS instead.
ECOS solver failed:  The solver ECOS is not installed. 
Using SCS instead.
ECOS solver failed:  The solver ECOS is not installed. 
Using SCS instead.
ECOS solver failed:  The solver ECOS is not installed. 
Using SCS instead.
ECOS solver failed:  The solver ECOS is not installed. 
Using SCS instead.
ECOS solver failed:  The solver ECOS is not installed. 
Using SCS instead.
ECOS solver failed:  The solver ECOS is not installed. 
Using SCS instead.
ECOS solver failed:  The solver ECOS is not installed. 
Using SCS instead.
ECOS solver failed:  The solver ECOS is not installed. 
Using SCS instead.
ECOS solver failed:  The solver ECOS is not installed. 
Using SCS instead.
ECOS solver failed:  The solver ECOS is not installed. 
Using SCS instead.
ECOS solver failed:  The solver ECOS is not installed. 
Using SCS instead.
ECOS solver failed:  The solver ECOS is not installed. 
Using SCS instead.
ECOS solver failed:  The solver ECOS is not installed. 
Using SCS instead.
ECOS solver failed:  The solver ECOS is not installed. 
Using SCS instead.
ECOS solver failed:  The solver ECOS is not installed. 
Using SCS instead.
ECOS solver failed:  The solver ECOS is not installed. 
Using SCS instead.
ECOS solver failed:  The solver ECOS is not installed. 
Using SCS instead.
ECOS solver failed:  The solver ECOS is not installed. 
Using SCS instead.
M-step Design Matrix Calculation time (sec): 0.0502
ECOS solver failed in IPCW_HAL_init, falling back to SCS: The solver ECOS is not installed.
M-step CVXPY optimize time (sec): 0.6196
ECOS solver failed:  The solver ECOS is not installed. 
Using SCS instead.
ECOS solver failed:  The solver ECOS is not installed. 
Using SCS instead.
ECOS solver failed:  The solver ECOS is not installed. 
Using SCS instead.
ECOS solver failed:  The solver ECOS is not installed. 
Using SCS instead.
ECOS solver failed:  The solver ECOS is not installed. 
Using SCS instead.
ECOS solver failed:  The solver ECOS is not installed. 
Using SCS instead.
ECOS solver failed:  The solver ECOS is not installed. 
Using SCS instead.
ECOS solver failed:  The solver ECOS is not installed. 
Using SCS instead.
ECOS solver failed:  The solver ECOS is not installed. 
Using SCS instead.
ECOS solver failed:  The solver ECOS is not installed. 
Using SCS instead.
ECOS solver failed:  The solver ECOS is not installed. 
Using SCS instead.
ECOS solver failed:  The solver ECOS is not installed. 
Using SCS instead.
ECOS solver failed:  The solver ECOS is not installed. 
Using SCS instead.
ECOS solver failed:  The solver ECOS is not installed. 
Using SCS instead.
ECOS solver failed:  The solver ECOS is not installed. 
Using SCS instead.
ECOS solver failed:  The solver ECOS is not installed. 
Using SCS instead.
ECOS solver failed:  The solver ECOS is not installed. 
Using SCS instead.
ECOS solver failed:  The solver ECOS is not installed. 
Using SCS instead.
ECOS solver failed:  The solver ECOS is not installed. 
Using SCS instead.
ECOS solver failed:  The solver ECOS is not installed. 
Using SCS instead.
ECOS solver failed:  The solver ECOS is not installed. 
Using SCS instead.
M-step Design Matrix Calculation time (sec): 0.0341
ECOS solver failed in IPCW_HAL_init, falling back to SCS: The solver ECOS is not installed.
WARNING - large complementary slackness residual: 0.005994
M-step CVXPY optimize time (sec): 0.7714
ECOS solver failed:  The solver ECOS is not installed. 
Using SCS instead.
ECOS solver failed:  The solver ECOS is not installed. 
Using SCS instead.
ECOS solver failed:  The solver ECOS is not installed. 
Using SCS instead.
ECOS solver failed:  The solver ECOS is not installed. 
Using SCS instead.
ECOS solver failed:  The solver ECOS is not installed. 
Using SCS instead.
ECOS solver failed:  The solver ECOS is not installed. 
Using SCS instead.
ECOS solver failed:  The solver ECOS is not installed. 
Using SCS instead.
ECOS solver failed:  The solver ECOS is not installed. 
Using SCS instead.
ECOS solver failed:  The solver ECOS is not installed. 
Using SCS instead.
ECOS solver failed:  The solver ECOS is not installed. 
Using SCS instead.
ECOS solver failed:  The solver ECOS is not installed. 
Using SCS instead.
ECOS solver failed:  The solver ECOS is not installed. 
Using SCS instead.
ECOS solver failed:  The solver ECOS is not installed. 
Using SCS instead.
ECOS solver failed:  The solver ECOS is not installed. 
Using SCS instead.
ECOS solver failed:  The solver ECOS is not installed. 
Using SCS instead.
ECOS solver failed:  The solver ECOS is not installed. 
Using SCS instead.
ECOS solver failed:  The solver ECOS is not installed. 
Using SCS instead.
ECOS solver failed:  The solver ECOS is not installed. 
Using SCS instead.
ECOS solver failed:  The solver ECOS is not installed. 
Using SCS instead.
ECOS solver failed:  The solver ECOS is not installed. 
Using SCS instead.
ECOS solver failed:  The solver ECOS is not installed. 
Using SCS instead.
M-step Design Matrix Calculation time (sec): 0.0297
ECOS solver failed in IPCW_HAL_init, falling back to SCS: The solver ECOS is not installed.
WARNING - large complementary slackness residual: 0.015794
M-step CVXPY optimize time (sec): 1.1654
ECOS solver failed:  The solver ECOS is not installed. 
Using SCS instead.
ECOS solver failed:  The solver ECOS is not installed. 
Using SCS instead.
ECOS solver failed:  The solver ECOS is not installed. 
Using SCS instead.
ECOS solver failed:  The solver ECOS is not installed. 
Using SCS instead.
ECOS solver failed:  The solver ECOS is not installed. 
Using SCS instead.
ECOS solver failed:  The solver ECOS is not installed. 
Using SCS instead.
ECOS solver failed:  The solver ECOS is not installed. 
Using SCS instead.
ECOS solver failed:  The solver ECOS is not installed. 
Using SCS instead.
ECOS solver failed:  The solver ECOS is not installed. 
Using SCS instead.
ECOS solver failed:  The solver ECOS is not installed. 
Using SCS instead.
ECOS solver failed:  The solver ECOS is not installed. 
Using SCS instead.
ECOS solver failed:  The solver ECOS is not installed. 
Using SCS instead.
ECOS solver failed:  The solver ECOS is not installed. 
Using SCS instead.
ECOS solver failed:  The solver ECOS is not installed. 
Using SCS instead.
ECOS solver failed:  The solver ECOS is not installed. 
Using SCS instead.
ECOS solver failed:  The solver ECOS is not installed. 
Using SCS instead.
ECOS solver failed:  The solver ECOS is not installed. 
Using SCS instead.
ECOS solver failed:  The solver ECOS is not installed. 
Using SCS instead.
ECOS solver failed:  The solver ECOS is not installed. 
Using SCS instead.
ECOS solver failed:  The solver ECOS is not installed. 
Using SCS instead.
ECOS solver failed:  The solver ECOS is not installed. 
Using SCS instead.
M-step Design Matrix Calculation time (sec): 0.0185
ECOS solver failed in IPCW_HAL_init, falling back to SCS: The solver ECOS is not installed.
WARNING - large complementary slackness residual: 0.004809
M-step CVXPY optimize time (sec): 0.6824
ECOS solver failed:  The solver ECOS is not installed. 
Using SCS instead.
ECOS solver failed:  The solver ECOS is not installed. 
Using SCS instead.
ECOS solver failed:  The solver ECOS is not installed. 
Using SCS instead.
ECOS solver failed:  The solver ECOS is not installed. 
Using SCS instead.
ECOS solver failed:  The solver ECOS is not installed. 
Using SCS instead.
ECOS solver failed:  The solver ECOS is not installed. 
Using SCS instead.
ECOS solver failed:  The solver ECOS is not installed. 
Using SCS instead.
ECOS solver failed:  The solver ECOS is not installed. 
Using SCS instead.
ECOS solver failed:  The solver ECOS is not installed. 
Using SCS instead.
ECOS solver failed:  The solver ECOS is not installed. 
Using SCS instead.
ECOS solver failed:  The solver ECOS is not installed. 
Using SCS instead.
ECOS solver failed:  The solver ECOS is not installed. 
Using SCS instead.
ECOS solver failed:  The solver ECOS is not installed. 
Using SCS instead.
ECOS solver failed:  The solver ECOS is not installed. 
Using SCS instead.
ECOS solver failed:  The solver ECOS is not installed. 
Using SCS instead.
ECOS solver failed:  The solver ECOS is not installed. 
Using SCS instead.
ECOS solver failed:  The solver ECOS is not installed. 
Using SCS instead.
ECOS solver failed:  The solver ECOS is not installed. 
Using SCS instead.
ECOS solver failed:  The solver ECOS is not installed. 
Using SCS instead.
ECOS solver failed:  The solver ECOS is not installed. 
Using SCS instead.
ECOS solver failed:  The solver ECOS is not installed. 
Using SCS instead.
M-step Design Matrix Calculation time (sec): 0.0699
ECOS solver failed in IPCW_HAL_init, falling back to SCS: The solver ECOS is not installed.
WARNING - large complementary slackness residual: 0.008088
M-step CVXPY optimize time (sec): 1.1874
ECOS solver failed:  The solver ECOS is not installed. 
Using SCS instead.
ECOS solver failed:  The solver ECOS is not installed. 
Using SCS instead.
ECOS solver failed:  The solver ECOS is not installed. 
Using SCS instead.
ECOS solver failed:  The solver ECOS is not installed. 
Using SCS instead.
ECOS solver failed:  The solver ECOS is not installed. 
Using SCS instead.
ECOS solver failed:  The solver ECOS is not installed. 
Using SCS instead.
ECOS solver failed:  The solver ECOS is not installed. 
Using SCS instead.
ECOS solver failed:  The solver ECOS is not installed. 
Using SCS instead.
ECOS solver failed:  The solver ECOS is not installed. 
Using SCS instead.
ECOS solver failed:  The solver ECOS is not installed. 
Using SCS instead.
ECOS solver failed:  The solver ECOS is not installed. 
Using SCS instead.
ECOS solver failed:  The solver ECOS is not installed. 
Using SCS instead.
ECOS solver failed:  The solver ECOS is not installed. 
Using SCS instead.
ECOS solver failed:  The solver ECOS is not installed. 
Using SCS instead.
ECOS solver failed:  The solver ECOS is not installed. 
Using SCS instead.
ECOS solver failed:  The solver ECOS is not installed. 
Using SCS instead.
ECOS solver failed:  The solver ECOS is not installed. 
Using SCS instead.
ECOS solver failed:  The solver ECOS is not installed. 
Using SCS instead.
ECOS solver failed:  The solver ECOS is not installed. 
Using SCS instead.
ECOS solver failed:  The solver ECOS is not installed. 
Using SCS instead.
ECOS solver failed:  The solver ECOS is not installed. 
Using SCS instead.
M-step Design Matrix Calculation time (sec): 0.0220
ECOS solver failed in IPCW_HAL_init, falling back to SCS: The solver ECOS is not installed.
WARNING - large complementary slackness residual: 0.005286
M-step CVXPY optimize time (sec): 1.3229
ECOS solver failed:  The solver ECOS is not installed. 
Using SCS instead.
ECOS solver failed:  The solver ECOS is not installed. 
Using SCS instead.
ECOS solver failed:  The solver ECOS is not installed. 
Using SCS instead.
ECOS solver failed:  The solver ECOS is not installed. 
Using SCS instead.
ECOS solver failed:  The solver ECOS is not installed. 
Using SCS instead.
ECOS solver failed:  The solver ECOS is not installed. 
Using SCS instead.
ECOS solver failed:  The solver ECOS is not installed. 
Using SCS instead.
ECOS solver failed:  The solver ECOS is not installed. 
Using SCS instead.
ECOS solver failed:  The solver ECOS is not installed. 
Using SCS instead.
ECOS solver failed:  The solver ECOS is not installed. 
Using SCS instead.
ECOS solver failed:  The solver ECOS is not installed. 
Using SCS instead.
ECOS solver failed:  The solver ECOS is not installed. 
Using SCS instead.
ECOS solver failed:  The solver ECOS is not installed. 
Using SCS instead.
ECOS solver failed:  The solver ECOS is not installed. 
Using SCS instead.
ECOS solver failed:  The solver ECOS is not installed. 
Using SCS instead.
ECOS solver failed:  The solver ECOS is not installed. 
Using SCS instead.
ECOS solver failed:  The solver ECOS is not installed. 
Using SCS instead.
ECOS solver failed:  The solver ECOS is not installed. 
Using SCS instead.
ECOS solver failed:  The solver ECOS is not installed. 
Using SCS instead.
ECOS solver failed:  The solver ECOS is not installed. 
Using SCS instead.
ECOS solver failed:  The solver ECOS is not installed. 
Using SCS instead.
M-step Design Matrix Calculation time (sec): 0.0159
ECOS solver failed in IPCW_HAL_init, falling back to SCS: The solver ECOS is not installed.
WARNING - large complementary slackness residual: 0.016140
M-step CVXPY optimize time (sec): 1.3031
ECOS solver failed:  The solver ECOS is not installed. 
Using SCS instead.
ECOS solver failed:  The solver ECOS is not installed. 
Using SCS instead.
ECOS solver failed:  The solver ECOS is not installed. 
Using SCS instead.
ECOS solver failed:  The solver ECOS is not installed. 
Using SCS instead.
ECOS solver failed:  The solver ECOS is not installed. 
Using SCS instead.
ECOS solver failed:  The solver ECOS is not installed. 
Using SCS instead.
ECOS solver failed:  The solver ECOS is not installed. 
Using SCS instead.
ECOS solver failed:  The solver ECOS is not installed. 
Using SCS instead.
ECOS solver failed:  The solver ECOS is not installed. 
Using SCS instead.
ECOS solver failed:  The solver ECOS is not installed. 
Using SCS instead.
ECOS solver failed:  The solver ECOS is not installed. 
Using SCS instead.
ECOS solver failed:  The solver ECOS is not installed. 
Using SCS instead.
ECOS solver failed:  The solver ECOS is not installed. 
Using SCS instead.
ECOS solver failed:  The solver ECOS is not installed. 
Using SCS instead.
ECOS solver failed:  The solver ECOS is not installed. 
Using SCS instead.
ECOS solver failed:  The solver ECOS is not installed. 
Using SCS instead.
ECOS solver failed:  The solver ECOS is not installed. 
Using SCS instead.
ECOS solver failed:  The solver ECOS is not installed. 
Using SCS instead.
ECOS solver failed:  The solver ECOS is not installed. 
Using SCS instead.
ECOS solver failed:  The solver ECOS is not installed. 
Using SCS instead.
ECOS solver failed:  The solver ECOS is not installed. 
Using SCS instead.
M-step Design Matrix Calculation time (sec): 0.0198
ECOS solver failed in IPCW_HAL_init, falling back to SCS: The solver ECOS is not installed.
M-step CVXPY optimize time (sec): 0.6648
ECOS solver failed:  The solver ECOS is not installed. 
Using SCS instead.
ECOS solver failed:  The solver ECOS is not installed. 
Using SCS instead.
ECOS solver failed:  The solver ECOS is not installed. 
Using SCS instead.
ECOS solver failed:  The solver ECOS is not installed. 
Using SCS instead.
ECOS solver failed:  The solver ECOS is not installed. 
Using SCS instead.
ECOS solver failed:  The solver ECOS is not installed. 
Using SCS instead.
ECOS solver failed:  The solver ECOS is not installed. 
Using SCS instead.
ECOS solver failed:  The solver ECOS is not installed. 
Using SCS instead.
ECOS solver failed:  The solver ECOS is not installed. 
Using SCS instead.
ECOS solver failed:  The solver ECOS is not installed. 
Using SCS instead.
ECOS solver failed:  The solver ECOS is not installed. 
Using SCS instead.
ECOS solver failed:  The solver ECOS is not installed. 
Using SCS instead.
ECOS solver failed:  The solver ECOS is not installed. 
Using SCS instead.
ECOS solver failed:  The solver ECOS is not installed. 
Using SCS instead.
ECOS solver failed:  The solver ECOS is not installed. 
Using SCS instead.
ECOS solver failed:  The solver ECOS is not installed. 
Using SCS instead.
ECOS solver failed:  The solver ECOS is not installed. 
Using SCS instead.
ECOS solver failed:  The solver ECOS is not installed. 
Using SCS instead.
ECOS solver failed:  The solver ECOS is not installed. 
Using SCS instead.
ECOS solver failed:  The solver ECOS is not installed. 
Using SCS instead.
ECOS solver failed:  The solver ECOS is not installed. 
Using SCS instead.
M-step Design Matrix Calculation time (sec): 0.0185
ECOS solver failed in IPCW_HAL_init, falling back to SCS: The solver ECOS is not installed.
WARNING - large complementary slackness residual: 0.025964
M-step CVXPY optimize time (sec): 1.5132
ECOS solver failed:  The solver ECOS is not installed. 
Using SCS instead.
ECOS solver failed:  The solver ECOS is not installed. 
Using SCS instead.
ECOS solver failed:  The solver ECOS is not installed. 
Using SCS instead.
ECOS solver failed:  The solver ECOS is not installed. 
Using SCS instead.
ECOS solver failed:  The solver ECOS is not installed. 
Using SCS instead.
ECOS solver failed:  The solver ECOS is not installed. 
Using SCS instead.
ECOS solver failed:  The solver ECOS is not installed. 
Using SCS instead.
ECOS solver failed:  The solver ECOS is not installed. 
Using SCS instead.
ECOS solver failed:  The solver ECOS is not installed. 
Using SCS instead.
ECOS solver failed:  The solver ECOS is not installed. 
Using SCS instead.
ECOS solver failed:  The solver ECOS is not installed. 
Using SCS instead.
ECOS solver failed:  The solver ECOS is not installed. 
Using SCS instead.
ECOS solver failed:  The solver ECOS is not installed. 
Using SCS instead.
ECOS solver failed:  The solver ECOS is not installed. 
Using SCS instead.
ECOS solver failed:  The solver ECOS is not installed. 
Using SCS instead.
ECOS solver failed:  The solver ECOS is not installed. 
Using SCS instead.
ECOS solver failed:  The solver ECOS is not installed. 
Using SCS instead.
ECOS solver failed:  The solver ECOS is not installed. 
Using SCS instead.
ECOS solver failed:  The solver ECOS is not installed. 
Using SCS instead.
ECOS solver failed:  The solver ECOS is not installed. 
Using SCS instead.
ECOS solver failed:  The solver ECOS is not installed. 
Using SCS instead.
M-step Design Matrix Calculation time (sec): 0.0174
ECOS solver failed in IPCW_HAL_init, falling back to SCS: The solver ECOS is not installed.
WARNING - large complementary slackness residual: 0.023591
M-step CVXPY optimize time (sec): 0.6164
ECOS solver failed:  The solver ECOS is not installed. 
Using SCS instead.
ECOS solver failed:  The solver ECOS is not installed. 
Using SCS instead.
ECOS solver failed:  The solver ECOS is not installed. 
Using SCS instead.
ECOS solver failed:  The solver ECOS is not installed. 
Using SCS instead.
ECOS solver failed:  The solver ECOS is not installed. 
Using SCS instead.
ECOS solver failed:  The solver ECOS is not installed. 
Using SCS instead.
ECOS solver failed:  The solver ECOS is not installed. 
Using SCS instead.
ECOS solver failed:  The solver ECOS is not installed. 
Using SCS instead.
ECOS solver failed:  The solver ECOS is not installed. 
Using SCS instead.
ECOS solver failed:  The solver ECOS is not installed. 
Using SCS instead.
ECOS solver failed:  The solver ECOS is not installed. 
Using SCS instead.
ECOS solver failed:  The solver ECOS is not installed. 
Using SCS instead.
ECOS solver failed:  The solver ECOS is not installed. 
Using SCS instead.
ECOS solver failed:  The solver ECOS is not installed. 
Using SCS instead.
ECOS solver failed:  The solver ECOS is not installed. 
Using SCS instead.
ECOS solver failed:  The solver ECOS is not installed. 
Using SCS instead.
ECOS solver failed:  The solver ECOS is not installed. 
Using SCS instead.
ECOS solver failed:  The solver ECOS is not installed. 
Using SCS instead.
ECOS solver failed:  The solver ECOS is not installed. 
Using SCS instead.
ECOS solver failed:  The solver ECOS is not installed. 
Using SCS instead.
ECOS solver failed:  The solver ECOS is not installed. 
Using SCS instead.
M-step Design Matrix Calculation time (sec): 0.0216
ECOS solver failed in IPCW_HAL_init, falling back to SCS: The solver ECOS is not installed.
WARNING - large complementary slackness residual: 0.004181
M-step CVXPY optimize time (sec): 0.9285
ECOS solver failed:  The solver ECOS is not installed. 
Using SCS instead.
ECOS solver failed:  The solver ECOS is not installed. 
Using SCS instead.
ECOS solver failed:  The solver ECOS is not installed. 
Using SCS instead.
ECOS solver failed:  The solver ECOS is not installed. 
Using SCS instead.
ECOS solver failed:  The solver ECOS is not installed. 
Using SCS instead.
ECOS solver failed:  The solver ECOS is not installed. 
Using SCS instead.
ECOS solver failed:  The solver ECOS is not installed. 
Using SCS instead.
ECOS solver failed:  The solver ECOS is not installed. 
Using SCS instead.
ECOS solver failed:  The solver ECOS is not installed. 
Using SCS instead.
ECOS solver failed:  The solver ECOS is not installed. 
Using SCS instead.
ECOS solver failed:  The solver ECOS is not installed. 
Using SCS instead.
ECOS solver failed:  The solver ECOS is not installed. 
Using SCS instead.
ECOS solver failed:  The solver ECOS is not installed. 
Using SCS instead.
ECOS solver failed:  The solver ECOS is not installed. 
Using SCS instead.
ECOS solver failed:  The solver ECOS is not installed. 
Using SCS instead.
ECOS solver failed:  The solver ECOS is not installed. 
Using SCS instead.
ECOS solver failed:  The solver ECOS is not installed. 
Using SCS instead.
ECOS solver failed:  The solver ECOS is not installed. 
Using SCS instead.
ECOS solver failed:  The solver ECOS is not installed. 
Using SCS instead.
ECOS solver failed:  The solver ECOS is not installed. 
Using SCS instead.
ECOS solver failed:  The solver ECOS is not installed. 
Using SCS instead.
M-step Design Matrix Calculation time (sec): 0.0198
ECOS solver failed in IPCW_HAL_init, falling back to SCS: The solver ECOS is not installed.
M-step CVXPY optimize time (sec): 0.3815
ECOS solver failed:  The solver ECOS is not installed. 
Using SCS instead.
ECOS solver failed:  The solver ECOS is not installed. 
Using SCS instead.
ECOS solver failed:  The solver ECOS is not installed. 
Using SCS instead.
ECOS solver failed:  The solver ECOS is not installed. 
Using SCS instead.
ECOS solver failed:  The solver ECOS is not installed. 
Using SCS instead.
ECOS solver failed:  The solver ECOS is not installed. 
Using SCS instead.
ECOS solver failed:  The solver ECOS is not installed. 
Using SCS instead.
ECOS solver failed:  The solver ECOS is not installed. 
Using SCS instead.
ECOS solver failed:  The solver ECOS is not installed. 
Using SCS instead.
ECOS solver failed:  The solver ECOS is not installed. 
Using SCS instead.
ECOS solver failed:  The solver ECOS is not installed. 
Using SCS instead.
ECOS solver failed:  The solver ECOS is not installed. 
Using SCS instead.
ECOS solver failed:  The solver ECOS is not installed. 
Using SCS instead.
ECOS solver failed:  The solver ECOS is not installed. 
Using SCS instead.
ECOS solver failed:  The solver ECOS is not installed. 
Using SCS instead.
ECOS solver failed:  The solver ECOS is not installed. 
Using SCS instead.
ECOS solver failed:  The solver ECOS is not installed. 
Using SCS instead.
ECOS solver failed:  The solver ECOS is not installed. 
Using SCS instead.
ECOS solver failed:  The solver ECOS is not installed. 
Using SCS instead.
ECOS solver failed:  The solver ECOS is not installed. 
Using SCS instead.
ECOS solver failed:  The solver ECOS is not installed. 
Using SCS instead.
M-step Design Matrix Calculation time (sec): 0.0183
ECOS solver failed in IPCW_HAL_init, falling back to SCS: The solver ECOS is not installed.
M-step CVXPY optimize time (sec): 0.6696
ECOS solver failed:  The solver ECOS is not installed. 
Using SCS instead.
ECOS solver failed:  The solver ECOS is not installed. 
Using SCS instead.
ECOS solver failed:  The solver ECOS is not installed. 
Using SCS instead.
ECOS solver failed:  The solver ECOS is not installed. 
Using SCS instead.
ECOS solver failed:  The solver ECOS is not installed. 
Using SCS instead.
ECOS solver failed:  The solver ECOS is not installed. 
Using SCS instead.
ECOS solver failed:  The solver ECOS is not installed. 
Using SCS instead.
ECOS solver failed:  The solver ECOS is not installed. 
Using SCS instead.
ECOS solver failed:  The solver ECOS is not installed. 
Using SCS instead.
ECOS solver failed:  The solver ECOS is not installed. 
Using SCS instead.
ECOS solver failed:  The solver ECOS is not installed. 
Using SCS instead.
ECOS solver failed:  The solver ECOS is not installed. 
Using SCS instead.
ECOS solver failed:  The solver ECOS is not installed. 
Using SCS instead.
ECOS solver failed:  The solver ECOS is not installed. 
Using SCS instead.
ECOS solver failed:  The solver ECOS is not installed. 
Using SCS instead.
ECOS solver failed:  The solver ECOS is not installed. 
Using SCS instead.
ECOS solver failed:  The solver ECOS is not installed. 
Using SCS instead.
ECOS solver failed:  The solver ECOS is not installed. 
Using SCS instead.
ECOS solver failed:  The solver ECOS is not installed. 
Using SCS instead.
ECOS solver failed:  The solver ECOS is not installed. 
Using SCS instead.
ECOS solver failed:  The solver ECOS is not installed. 
Using SCS instead.
M-step Design Matrix Calculation time (sec): 0.0181
ECOS solver failed in IPCW_HAL_init, falling back to SCS: The solver ECOS is not installed.
WARNING - large complementary slackness residual: 0.004145
M-step CVXPY optimize time (sec): 0.6209
ECOS solver failed:  The solver ECOS is not installed. 
Using SCS instead.
ECOS solver failed:  The solver ECOS is not installed. 
Using SCS instead.
ECOS solver failed:  The solver ECOS is not installed. 
Using SCS instead.
ECOS solver failed:  The solver ECOS is not installed. 
Using SCS instead.
ECOS solver failed:  The solver ECOS is not installed. 
Using SCS instead.
ECOS solver failed:  The solver ECOS is not installed. 
Using SCS instead.
ECOS solver failed:  The solver ECOS is not installed. 
Using SCS instead.
ECOS solver failed:  The solver ECOS is not installed. 
Using SCS instead.
ECOS solver failed:  The solver ECOS is not installed. 
Using SCS instead.
ECOS solver failed:  The solver ECOS is not installed. 
Using SCS instead.
ECOS solver failed:  The solver ECOS is not installed. 
Using SCS instead.
ECOS solver failed:  The solver ECOS is not installed. 
Using SCS instead.
ECOS solver failed:  The solver ECOS is not installed. 
Using SCS instead.
ECOS solver failed:  The solver ECOS is not installed. 
Using SCS instead.
ECOS solver failed:  The solver ECOS is not installed. 
Using SCS instead.
ECOS solver failed:  The solver ECOS is not installed. 
Using SCS instead.
ECOS solver failed:  The solver ECOS is not installed. 
Using SCS instead.
ECOS solver failed:  The solver ECOS is not installed. 
Using SCS instead.
ECOS solver failed:  The solver ECOS is not installed. 
Using SCS instead.
ECOS solver failed:  The solver ECOS is not installed. 
Using SCS instead.
ECOS solver failed:  The solver ECOS is not installed. 
Using SCS instead.
M-step Design Matrix Calculation time (sec): 0.0729
ECOS solver failed in IPCW_HAL_init, falling back to SCS: The solver ECOS is not installed.
WARNING - large complementary slackness residual: 0.023117
M-step CVXPY optimize time (sec): 1.0700
ECOS solver failed:  The solver ECOS is not installed. 
Using SCS instead.
ECOS solver failed:  The solver ECOS is not installed. 
Using SCS instead.
ECOS solver failed:  The solver ECOS is not installed. 
Using SCS instead.
ECOS solver failed:  The solver ECOS is not installed. 
Using SCS instead.
ECOS solver failed:  The solver ECOS is not installed. 
Using SCS instead.
ECOS solver failed:  The solver ECOS is not installed. 
Using SCS instead.
ECOS solver failed:  The solver ECOS is not installed. 
Using SCS instead.
ECOS solver failed:  The solver ECOS is not installed. 
Using SCS instead.
ECOS solver failed:  The solver ECOS is not installed. 
Using SCS instead.
ECOS solver failed:  The solver ECOS is not installed. 
Using SCS instead.
ECOS solver failed:  The solver ECOS is not installed. 
Using SCS instead.
ECOS solver failed:  The solver ECOS is not installed. 
Using SCS instead.
ECOS solver failed:  The solver ECOS is not installed. 
Using SCS instead.
ECOS solver failed:  The solver ECOS is not installed. 
Using SCS instead.
ECOS solver failed:  The solver ECOS is not installed. 
Using SCS instead.
ECOS solver failed:  The solver ECOS is not installed. 
Using SCS instead.
ECOS solver failed:  The solver ECOS is not installed. 
Using SCS instead.
ECOS solver failed:  The solver ECOS is not installed. 
Using SCS instead.
ECOS solver failed:  The solver ECOS is not installed. 
Using SCS instead.
ECOS solver failed:  The solver ECOS is not installed. 
Using SCS instead.
ECOS solver failed:  The solver ECOS is not installed. 
Using SCS instead.
M-step Design Matrix Calculation time (sec): 0.0176
ECOS solver failed in IPCW_HAL_init, falling back to SCS: The solver ECOS is not installed.
M-step CVXPY optimize time (sec): 0.3594
ECOS solver failed:  The solver ECOS is not installed. 
Using SCS instead.
ECOS solver failed:  The solver ECOS is not installed. 
Using SCS instead.
ECOS solver failed:  The solver ECOS is not installed. 
Using SCS instead.
ECOS solver failed:  The solver ECOS is not installed. 
Using SCS instead.
ECOS solver failed:  The solver ECOS is not installed. 
Using SCS instead.
ECOS solver failed:  The solver ECOS is not installed. 
Using SCS instead.
ECOS solver failed:  The solver ECOS is not installed. 
Using SCS instead.
ECOS solver failed:  The solver ECOS is not installed. 
Using SCS instead.
ECOS solver failed:  The solver ECOS is not installed. 
Using SCS instead.
ECOS solver failed:  The solver ECOS is not installed. 
Using SCS instead.
ECOS solver failed:  The solver ECOS is not installed. 
Using SCS instead.
ECOS solver failed:  The solver ECOS is not installed. 
Using SCS instead.
ECOS solver failed:  The solver ECOS is not installed. 
Using SCS instead.
ECOS solver failed:  The solver ECOS is not installed. 
Using SCS instead.
ECOS solver failed:  The solver ECOS is not installed. 
Using SCS instead.
ECOS solver failed:  The solver ECOS is not installed. 
Using SCS instead.
ECOS solver failed:  The solver ECOS is not installed. 
Using SCS instead.
ECOS solver failed:  The solver ECOS is not installed. 
Using SCS instead.
ECOS solver failed:  The solver ECOS is not installed. 
Using SCS instead.
ECOS solver failed:  The solver ECOS is not installed. 
Using SCS instead.
ECOS solver failed:  The solver ECOS is not installed. 
Using SCS instead.
M-step Design Matrix Calculation time (sec): 0.0415
ECOS solver failed in IPCW_HAL_init, falling back to SCS: The solver ECOS is not installed.
M-step CVXPY optimize time (sec): 0.8017
ECOS solver failed:  The solver ECOS is not installed. 
Using SCS instead.
ECOS solver failed:  The solver ECOS is not installed. 
Using SCS instead.
ECOS solver failed:  The solver ECOS is not installed. 
Using SCS instead.
ECOS solver failed:  The solver ECOS is not installed. 
Using SCS instead.
ECOS solver failed:  The solver ECOS is not installed. 
Using SCS instead.
ECOS solver failed:  The solver ECOS is not installed. 
Using SCS instead.
ECOS solver failed:  The solver ECOS is not installed. 
Using SCS instead.
ECOS solver failed:  The solver ECOS is not installed. 
Using SCS instead.
ECOS solver failed:  The solver ECOS is not installed. 
Using SCS instead.
ECOS solver failed:  The solver ECOS is not installed. 
Using SCS instead.
ECOS solver failed:  The solver ECOS is not installed. 
Using SCS instead.
ECOS solver failed:  The solver ECOS is not installed. 
Using SCS instead.
ECOS solver failed:  The solver ECOS is not installed. 
Using SCS instead.
ECOS solver failed:  The solver ECOS is not installed. 
Using SCS instead.
ECOS solver failed:  The solver ECOS is not installed. 
Using SCS instead.
ECOS solver failed:  The solver ECOS is not installed. 
Using SCS instead.
ECOS solver failed:  The solver ECOS is not installed. 
Using SCS instead.
ECOS solver failed:  The solver ECOS is not installed. 
Using SCS instead.
ECOS solver failed:  The solver ECOS is not installed. 
Using SCS instead.
ECOS solver failed:  The solver ECOS is not installed. 
Using SCS instead.
ECOS solver failed:  The solver ECOS is not installed. 
Using SCS instead.
M-step Design Matrix Calculation time (sec): 0.0286
ECOS solver failed in IPCW_HAL_init, falling back to SCS: The solver ECOS is not installed.
WARNING - large complementary slackness residual: 0.015987
M-step CVXPY optimize time (sec): 1.0678
ECOS solver failed:  The solver ECOS is not installed. 
Using SCS instead.
ECOS solver failed:  The solver ECOS is not installed. 
Using SCS instead.
ECOS solver failed:  The solver ECOS is not installed. 
Using SCS instead.
ECOS solver failed:  The solver ECOS is not installed. 
Using SCS instead.
ECOS solver failed:  The solver ECOS is not installed. 
Using SCS instead.
ECOS solver failed:  The solver ECOS is not installed. 
Using SCS instead.
ECOS solver failed:  The solver ECOS is not installed. 
Using SCS instead.
ECOS solver failed:  The solver ECOS is not installed. 
Using SCS instead.
ECOS solver failed:  The solver ECOS is not installed. 
Using SCS instead.
ECOS solver failed:  The solver ECOS is not installed. 
Using SCS instead.
ECOS solver failed:  The solver ECOS is not installed. 
Using SCS instead.
ECOS solver failed:  The solver ECOS is not installed. 
Using SCS instead.
ECOS solver failed:  The solver ECOS is not installed. 
Using SCS instead.
ECOS solver failed:  The solver ECOS is not installed. 
Using SCS instead.
ECOS solver failed:  The solver ECOS is not installed. 
Using SCS instead.
ECOS solver failed:  The solver ECOS is not installed. 
Using SCS instead.
ECOS solver failed:  The solver ECOS is not installed. 
Using SCS instead.
ECOS solver failed:  The solver ECOS is not installed. 
Using SCS instead.
ECOS solver failed:  The solver ECOS is not installed. 
Using SCS instead.
ECOS solver failed:  The solver ECOS is not installed. 
Using SCS instead.
ECOS solver failed:  The solver ECOS is not installed. 
Using SCS instead.
M-step Design Matrix Calculation time (sec): 0.0545
ECOS solver failed in IPCW_HAL_init, falling back to SCS: The solver ECOS is not installed.
M-step CVXPY optimize time (sec): 1.9126
ECOS solver failed:  The solver ECOS is not installed. 
Using SCS instead.
ECOS solver failed:  The solver ECOS is not installed. 
Using SCS instead.
ECOS solver failed:  The solver ECOS is not installed. 
Using SCS instead.
ECOS solver failed:  The solver ECOS is not installed. 
Using SCS instead.
ECOS solver failed:  The solver ECOS is not installed. 
Using SCS instead.
ECOS solver failed:  The solver ECOS is not installed. 
Using SCS instead.
ECOS solver failed:  The solver ECOS is not installed. 
Using SCS instead.
ECOS solver failed:  The solver ECOS is not installed. 
Using SCS instead.
ECOS solver failed:  The solver ECOS is not installed. 
Using SCS instead.
ECOS solver failed:  The solver ECOS is not installed. 
Using SCS instead.
ECOS solver failed:  The solver ECOS is not installed. 
Using SCS instead.
ECOS solver failed:  The solver ECOS is not installed. 
Using SCS instead.
ECOS solver failed:  The solver ECOS is not installed. 
Using SCS instead.
ECOS solver failed:  The solver ECOS is not installed. 
Using SCS instead.
ECOS solver failed:  The solver ECOS is not installed. 
Using SCS instead.
ECOS solver failed:  The solver ECOS is not installed. 
Using SCS instead.
ECOS solver failed:  The solver ECOS is not installed. 
Using SCS instead.
ECOS solver failed:  The solver ECOS is not installed. 
Using SCS instead.
ECOS solver failed:  The solver ECOS is not installed. 
Using SCS instead.
ECOS solver failed:  The solver ECOS is not installed. 
Using SCS instead.
ECOS solver failed:  The solver ECOS is not installed. 
Using SCS instead.
M-step Design Matrix Calculation time (sec): 0.0188
ECOS solver failed in IPCW_HAL_init, falling back to SCS: The solver ECOS is not installed.
M-step CVXPY optimize time (sec): 0.6233
ECOS solver failed:  The solver ECOS is not installed. 
Using SCS instead.
ECOS solver failed:  The solver ECOS is not installed. 
Using SCS instead.
ECOS solver failed:  The solver ECOS is not installed. 
Using SCS instead.
ECOS solver failed:  The solver ECOS is not installed. 
Using SCS instead.
ECOS solver failed:  The solver ECOS is not installed. 
Using SCS instead.
ECOS solver failed:  The solver ECOS is not installed. 
Using SCS instead.
ECOS solver failed:  The solver ECOS is not installed. 
Using SCS instead.
ECOS solver failed:  The solver ECOS is not installed. 
Using SCS instead.
ECOS solver failed:  The solver ECOS is not installed. 
Using SCS instead.
ECOS solver failed:  The solver ECOS is not installed. 
Using SCS instead.
ECOS solver failed:  The solver ECOS is not installed. 
Using SCS instead.
ECOS solver failed:  The solver ECOS is not installed. 
Using SCS instead.
ECOS solver failed:  The solver ECOS is not installed. 
Using SCS instead.
ECOS solver failed:  The solver ECOS is not installed. 
Using SCS instead.
ECOS solver failed:  The solver ECOS is not installed. 
Using SCS instead.
ECOS solver failed:  The solver ECOS is not installed. 
Using SCS instead.
ECOS solver failed:  The solver ECOS is not installed. 
Using SCS instead.
ECOS solver failed:  The solver ECOS is not installed. 
Using SCS instead.
ECOS solver failed:  The solver ECOS is not installed. 
Using SCS instead.
ECOS solver failed:  The solver ECOS is not installed. 
Using SCS instead.
ECOS solver failed:  The solver ECOS is not installed. 
Using SCS instead.
M-step Design Matrix Calculation time (sec): 0.0316
ECOS solver failed in IPCW_HAL_init, falling back to SCS: The solver ECOS is not installed.
M-step CVXPY optimize time (sec): 0.6507
ECOS solver failed:  The solver ECOS is not installed. 
Using SCS instead.
ECOS solver failed:  The solver ECOS is not installed. 
Using SCS instead.
ECOS solver failed:  The solver ECOS is not installed. 
Using SCS instead.
ECOS solver failed:  The solver ECOS is not installed. 
Using SCS instead.
ECOS solver failed:  The solver ECOS is not installed. 
Using SCS instead.
ECOS solver failed:  The solver ECOS is not installed. 
Using SCS instead.
ECOS solver failed:  The solver ECOS is not installed. 
Using SCS instead.
ECOS solver failed:  The solver ECOS is not installed. 
Using SCS instead.
ECOS solver failed:  The solver ECOS is not installed. 
Using SCS instead.
ECOS solver failed:  The solver ECOS is not installed. 
Using SCS instead.
ECOS solver failed:  The solver ECOS is not installed. 
Using SCS instead.
ECOS solver failed:  The solver ECOS is not installed. 
Using SCS instead.
ECOS solver failed:  The solver ECOS is not installed. 
Using SCS instead.
ECOS solver failed:  The solver ECOS is not installed. 
Using SCS instead.
ECOS solver failed:  The solver ECOS is not installed. 
Using SCS instead.
ECOS solver failed:  The solver ECOS is not installed. 
Using SCS instead.
ECOS solver failed:  The solver ECOS is not installed. 
Using SCS instead.
ECOS solver failed:  The solver ECOS is not installed. 
Using SCS instead.
ECOS solver failed:  The solver ECOS is not installed. 
Using SCS instead.
ECOS solver failed:  The solver ECOS is not installed. 
Using SCS instead.
ECOS solver failed:  The solver ECOS is not installed. 
Using SCS instead.
M-step Design Matrix Calculation time (sec): 0.0350
ECOS solver failed in IPCW_HAL_init, falling back to SCS: The solver ECOS is not installed.
M-step CVXPY optimize time (sec): 1.1689
ECOS solver failed:  The solver ECOS is not installed. 
Using SCS instead.
ECOS solver failed:  The solver ECOS is not installed. 
Using SCS instead.
ECOS solver failed:  The solver ECOS is not installed. 
Using SCS instead.
ECOS solver failed:  The solver ECOS is not installed. 
Using SCS instead.
ECOS solver failed:  The solver ECOS is not installed. 
Using SCS instead.
ECOS solver failed:  The solver ECOS is not installed. 
Using SCS instead.
ECOS solver failed:  The solver ECOS is not installed. 
Using SCS instead.
ECOS solver failed:  The solver ECOS is not installed. 
Using SCS instead.
ECOS solver failed:  The solver ECOS is not installed. 
Using SCS instead.
ECOS solver failed:  The solver ECOS is not installed. 
Using SCS instead.
ECOS solver failed:  The solver ECOS is not installed. 
Using SCS instead.
ECOS solver failed:  The solver ECOS is not installed. 
Using SCS instead.
ECOS solver failed:  The solver ECOS is not installed. 
Using SCS instead.
ECOS solver failed:  The solver ECOS is not installed. 
Using SCS instead.
ECOS solver failed:  The solver ECOS is not installed. 
Using SCS instead.
ECOS solver failed:  The solver ECOS is not installed. 
Using SCS instead.
ECOS solver failed:  The solver ECOS is not installed. 
Using SCS instead.
ECOS solver failed:  The solver ECOS is not installed. 
Using SCS instead.
ECOS solver failed:  The solver ECOS is not installed. 
Using SCS instead.
ECOS solver failed:  The solver ECOS is not installed. 
Using SCS instead.
ECOS solver failed:  The solver ECOS is not installed. 
Using SCS instead.
M-step Design Matrix Calculation time (sec): 0.0185
ECOS solver failed in IPCW_HAL_init, falling back to SCS: The solver ECOS is not installed.
M-step CVXPY optimize time (sec): 0.5629
ECOS solver failed:  The solver ECOS is not installed. 
Using SCS instead.
ECOS solver failed:  The solver ECOS is not installed. 
Using SCS instead.
ECOS solver failed:  The solver ECOS is not installed. 
Using SCS instead.
ECOS solver failed:  The solver ECOS is not installed. 
Using SCS instead.
ECOS solver failed:  The solver ECOS is not installed. 
Using SCS instead.
ECOS solver failed:  The solver ECOS is not installed. 
Using SCS instead.
ECOS solver failed:  The solver ECOS is not installed. 
Using SCS instead.
ECOS solver failed:  The solver ECOS is not installed. 
Using SCS instead.
ECOS solver failed:  The solver ECOS is not installed. 
Using SCS instead.
ECOS solver failed:  The solver ECOS is not installed. 
Using SCS instead.
ECOS solver failed:  The solver ECOS is not installed. 
Using SCS instead.
ECOS solver failed:  The solver ECOS is not installed. 
Using SCS instead.
ECOS solver failed:  The solver ECOS is not installed. 
Using SCS instead.
ECOS solver failed:  The solver ECOS is not installed. 
Using SCS instead.
ECOS solver failed:  The solver ECOS is not installed. 
Using SCS instead.
ECOS solver failed:  The solver ECOS is not installed. 
Using SCS instead.
ECOS solver failed:  The solver ECOS is not installed. 
Using SCS instead.
ECOS solver failed:  The solver ECOS is not installed. 
Using SCS instead.
ECOS solver failed:  The solver ECOS is not installed. 
Using SCS instead.
ECOS solver failed:  The solver ECOS is not installed. 
Using SCS instead.
ECOS solver failed:  The solver ECOS is not installed. 
Using SCS instead.
M-step Design Matrix Calculation time (sec): 0.1250
ECOS solver failed in IPCW_HAL_init, falling back to SCS: The solver ECOS is not installed.
M-step CVXPY optimize time (sec): 0.5556
ECOS solver failed:  The solver ECOS is not installed. 
Using SCS instead.
ECOS solver failed:  The solver ECOS is not installed. 
Using SCS instead.
ECOS solver failed:  The solver ECOS is not installed. 
Using SCS instead.
ECOS solver failed:  The solver ECOS is not installed. 
Using SCS instead.
ECOS solver failed:  The solver ECOS is not installed. 
Using SCS instead.
ECOS solver failed:  The solver ECOS is not installed. 
Using SCS instead.
ECOS solver failed:  The solver ECOS is not installed. 
Using SCS instead.
ECOS solver failed:  The solver ECOS is not installed. 
Using SCS instead.
ECOS solver failed:  The solver ECOS is not installed. 
Using SCS instead.
ECOS solver failed:  The solver ECOS is not installed. 
Using SCS instead.
ECOS solver failed:  The solver ECOS is not installed. 
Using SCS instead.
ECOS solver failed:  The solver ECOS is not installed. 
Using SCS instead.
ECOS solver failed:  The solver ECOS is not installed. 
Using SCS instead.
ECOS solver failed:  The solver ECOS is not installed. 
Using SCS instead.
ECOS solver failed:  The solver ECOS is not installed. 
Using SCS instead.
ECOS solver failed:  The solver ECOS is not installed. 
Using SCS instead.
ECOS solver failed:  The solver ECOS is not installed. 
Using SCS instead.
ECOS solver failed:  The solver ECOS is not installed. 
Using SCS instead.
ECOS solver failed:  The solver ECOS is not installed. 
Using SCS instead.
ECOS solver failed:  The solver ECOS is not installed. 
Using SCS instead.
ECOS solver failed:  The solver ECOS is not installed. 
Using SCS instead.
M-step Design Matrix Calculation time (sec): 0.0195
ECOS solver failed in IPCW_HAL_init, falling back to SCS: The solver ECOS is not installed.
M-step CVXPY optimize time (sec): 0.7208
ECOS solver failed:  The solver ECOS is not installed. 
Using SCS instead.
ECOS solver failed:  The solver ECOS is not installed. 
Using SCS instead.
ECOS solver failed:  The solver ECOS is not installed. 
Using SCS instead.
ECOS solver failed:  The solver ECOS is not installed. 
Using SCS instead.
ECOS solver failed:  The solver ECOS is not installed. 
Using SCS instead.
ECOS solver failed:  The solver ECOS is not installed. 
Using SCS instead.
ECOS solver failed:  The solver ECOS is not installed. 
Using SCS instead.
ECOS solver failed:  The solver ECOS is not installed. 
Using SCS instead.
ECOS solver failed:  The solver ECOS is not installed. 
Using SCS instead.
ECOS solver failed:  The solver ECOS is not installed. 
Using SCS instead.
ECOS solver failed:  The solver ECOS is not installed. 
Using SCS instead.
ECOS solver failed:  The solver ECOS is not installed. 
Using SCS instead.
ECOS solver failed:  The solver ECOS is not installed. 
Using SCS instead.
ECOS solver failed:  The solver ECOS is not installed. 
Using SCS instead.
ECOS solver failed:  The solver ECOS is not installed. 
Using SCS instead.
ECOS solver failed:  The solver ECOS is not installed. 
Using SCS instead.
ECOS solver failed:  The solver ECOS is not installed. 
Using SCS instead.
ECOS solver failed:  The solver ECOS is not installed. 
Using SCS instead.
ECOS solver failed:  The solver ECOS is not installed. 
Using SCS instead.
ECOS solver failed:  The solver ECOS is not installed. 
Using SCS instead.
ECOS solver failed:  The solver ECOS is not installed. 
Using SCS instead.
M-step Design Matrix Calculation time (sec): 0.0180
ECOS solver failed in IPCW_HAL_init, falling back to SCS: The solver ECOS is not installed.
WARNING - large complementary slackness residual: 0.033591
M-step CVXPY optimize time (sec): 0.9303
ECOS solver failed:  The solver ECOS is not installed. 
Using SCS instead.
ECOS solver failed:  The solver ECOS is not installed. 
Using SCS instead.
ECOS solver failed:  The solver ECOS is not installed. 
Using SCS instead.
ECOS solver failed:  The solver ECOS is not installed. 
Using SCS instead.
ECOS solver failed:  The solver ECOS is not installed. 
Using SCS instead.
ECOS solver failed:  The solver ECOS is not installed. 
Using SCS instead.
ECOS solver failed:  The solver ECOS is not installed. 
Using SCS instead.
ECOS solver failed:  The solver ECOS is not installed. 
Using SCS instead.
ECOS solver failed:  The solver ECOS is not installed. 
Using SCS instead.
ECOS solver failed:  The solver ECOS is not installed. 
Using SCS instead.
ECOS solver failed:  The solver ECOS is not installed. 
Using SCS instead.
ECOS solver failed:  The solver ECOS is not installed. 
Using SCS instead.
ECOS solver failed:  The solver ECOS is not installed. 
Using SCS instead.
ECOS solver failed:  The solver ECOS is not installed. 
Using SCS instead.
ECOS solver failed:  The solver ECOS is not installed. 
Using SCS instead.
ECOS solver failed:  The solver ECOS is not installed. 
Using SCS instead.
ECOS solver failed:  The solver ECOS is not installed. 
Using SCS instead.
ECOS solver failed:  The solver ECOS is not installed. 
Using SCS instead.
ECOS solver failed:  The solver ECOS is not installed. 
Using SCS instead.
ECOS solver failed:  The solver ECOS is not installed. 
Using SCS instead.
ECOS solver failed:  The solver ECOS is not installed. 
Using SCS instead.
M-step Design Matrix Calculation time (sec): 0.0208
ECOS solver failed in IPCW_HAL_init, falling back to SCS: The solver ECOS is not installed.
WARNING - large complementary slackness residual: 0.004548
M-step CVXPY optimize time (sec): 0.8918
ECOS solver failed:  The solver ECOS is not installed. 
Using SCS instead.
ECOS solver failed:  The solver ECOS is not installed. 
Using SCS instead.
ECOS solver failed:  The solver ECOS is not installed. 
Using SCS instead.
ECOS solver failed:  The solver ECOS is not installed. 
Using SCS instead.
ECOS solver failed:  The solver ECOS is not installed. 
Using SCS instead.
ECOS solver failed:  The solver ECOS is not installed. 
Using SCS instead.
ECOS solver failed:  The solver ECOS is not installed. 
Using SCS instead.
ECOS solver failed:  The solver ECOS is not installed. 
Using SCS instead.
ECOS solver failed:  The solver ECOS is not installed. 
Using SCS instead.
ECOS solver failed:  The solver ECOS is not installed. 
Using SCS instead.
ECOS solver failed:  The solver ECOS is not installed. 
Using SCS instead.
ECOS solver failed:  The solver ECOS is not installed. 
Using SCS instead.
ECOS solver failed:  The solver ECOS is not installed. 
Using SCS instead.
ECOS solver failed:  The solver ECOS is not installed. 
Using SCS instead.
ECOS solver failed:  The solver ECOS is not installed. 
Using SCS instead.
ECOS solver failed:  The solver ECOS is not installed. 
Using SCS instead.
ECOS solver failed:  The solver ECOS is not installed. 
Using SCS instead.
ECOS solver failed:  The solver ECOS is not installed. 
Using SCS instead.
ECOS solver failed:  The solver ECOS is not installed. 
Using SCS instead.
ECOS solver failed:  The solver ECOS is not installed. 
Using SCS instead.
ECOS solver failed:  The solver ECOS is not installed. 
Using SCS instead.
M-step Design Matrix Calculation time (sec): 0.0199
ECOS solver failed in IPCW_HAL_init, falling back to SCS: The solver ECOS is not installed.
M-step CVXPY optimize time (sec): 0.5598
ECOS solver failed:  The solver ECOS is not installed. 
Using SCS instead.
ECOS solver failed:  The solver ECOS is not installed. 
Using SCS instead.
ECOS solver failed:  The solver ECOS is not installed. 
Using SCS instead.
ECOS solver failed:  The solver ECOS is not installed. 
Using SCS instead.
ECOS solver failed:  The solver ECOS is not installed. 
Using SCS instead.
ECOS solver failed:  The solver ECOS is not installed. 
Using SCS instead.
ECOS solver failed:  The solver ECOS is not installed. 
Using SCS instead.
ECOS solver failed:  The solver ECOS is not installed. 
Using SCS instead.
ECOS solver failed:  The solver ECOS is not installed. 
Using SCS instead.
ECOS solver failed:  The solver ECOS is not installed. 
Using SCS instead.
ECOS solver failed:  The solver ECOS is not installed. 
Using SCS instead.
ECOS solver failed:  The solver ECOS is not installed. 
Using SCS instead.
ECOS solver failed:  The solver ECOS is not installed. 
Using SCS instead.
ECOS solver failed:  The solver ECOS is not installed. 
Using SCS instead.
ECOS solver failed:  The solver ECOS is not installed. 
Using SCS instead.
ECOS solver failed:  The solver ECOS is not installed. 
Using SCS instead.
ECOS solver failed:  The solver ECOS is not installed. 
Using SCS instead.
ECOS solver failed:  The solver ECOS is not installed. 
Using SCS instead.
ECOS solver failed:  The solver ECOS is not installed. 
Using SCS instead.
ECOS solver failed:  The solver ECOS is not installed. 
Using SCS instead.
ECOS solver failed:  The solver ECOS is not installed. 
Using SCS instead.
M-step Design Matrix Calculation time (sec): 0.0225
ECOS solver failed in IPCW_HAL_init, falling back to SCS: The solver ECOS is not installed.
WARNING - large complementary slackness residual: 0.020866
M-step CVXPY optimize time (sec): 1.7617
ECOS solver failed:  The solver ECOS is not installed. 
Using SCS instead.
ECOS solver failed:  The solver ECOS is not installed. 
Using SCS instead.
ECOS solver failed:  The solver ECOS is not installed. 
Using SCS instead.
ECOS solver failed:  The solver ECOS is not installed. 
Using SCS instead.
ECOS solver failed:  The solver ECOS is not installed. 
Using SCS instead.
ECOS solver failed:  The solver ECOS is not installed. 
Using SCS instead.
ECOS solver failed:  The solver ECOS is not installed. 
Using SCS instead.
ECOS solver failed:  The solver ECOS is not installed. 
Using SCS instead.
ECOS solver failed:  The solver ECOS is not installed. 
Using SCS instead.
ECOS solver failed:  The solver ECOS is not installed. 
Using SCS instead.
ECOS solver failed:  The solver ECOS is not installed. 
Using SCS instead.
ECOS solver failed:  The solver ECOS is not installed. 
Using SCS instead.
ECOS solver failed:  The solver ECOS is not installed. 
Using SCS instead.
ECOS solver failed:  The solver ECOS is not installed. 
Using SCS instead.
ECOS solver failed:  The solver ECOS is not installed. 
Using SCS instead.
ECOS solver failed:  The solver ECOS is not installed. 
Using SCS instead.
ECOS solver failed:  The solver ECOS is not installed. 
Using SCS instead.
ECOS solver failed:  The solver ECOS is not installed. 
Using SCS instead.
ECOS solver failed:  The solver ECOS is not installed. 
Using SCS instead.
ECOS solver failed:  The solver ECOS is not installed. 
Using SCS instead.
ECOS solver failed:  The solver ECOS is not installed. 
Using SCS instead.
M-step Design Matrix Calculation time (sec): 0.0192
ECOS solver failed in IPCW_HAL_init, falling back to SCS: The solver ECOS is not installed.
M-step CVXPY optimize time (sec): 0.7002
ECOS solver failed:  The solver ECOS is not installed. 
Using SCS instead.
ECOS solver failed:  The solver ECOS is not installed. 
Using SCS instead.
ECOS solver failed:  The solver ECOS is not installed. 
Using SCS instead.
ECOS solver failed:  The solver ECOS is not installed. 
Using SCS instead.
ECOS solver failed:  The solver ECOS is not installed. 
Using SCS instead.
ECOS solver failed:  The solver ECOS is not installed. 
Using SCS instead.
ECOS solver failed:  The solver ECOS is not installed. 
Using SCS instead.
ECOS solver failed:  The solver ECOS is not installed. 
Using SCS instead.
ECOS solver failed:  The solver ECOS is not installed. 
Using SCS instead.
ECOS solver failed:  The solver ECOS is not installed. 
Using SCS instead.
ECOS solver failed:  The solver ECOS is not installed. 
Using SCS instead.
ECOS solver failed:  The solver ECOS is not installed. 
Using SCS instead.
ECOS solver failed:  The solver ECOS is not installed. 
Using SCS instead.
ECOS solver failed:  The solver ECOS is not installed. 
Using SCS instead.
ECOS solver failed:  The solver ECOS is not installed. 
Using SCS instead.
ECOS solver failed:  The solver ECOS is not installed. 
Using SCS instead.
ECOS solver failed:  The solver ECOS is not installed. 
Using SCS instead.
ECOS solver failed:  The solver ECOS is not installed. 
Using SCS instead.
ECOS solver failed:  The solver ECOS is not installed. 
Using SCS instead.
ECOS solver failed:  The solver ECOS is not installed. 
Using SCS instead.
ECOS solver failed:  The solver ECOS is not installed. 
Using SCS instead.
M-step Design Matrix Calculation time (sec): 0.0194
ECOS solver failed in IPCW_HAL_init, falling back to SCS: The solver ECOS is not installed.
M-step CVXPY optimize time (sec): 0.5891
ECOS solver failed:  The solver ECOS is not installed. 
Using SCS instead.
ECOS solver failed:  The solver ECOS is not installed. 
Using SCS instead.
ECOS solver failed:  The solver ECOS is not installed. 
Using SCS instead.
ECOS solver failed:  The solver ECOS is not installed. 
Using SCS instead.
ECOS solver failed:  The solver ECOS is not installed. 
Using SCS instead.
ECOS solver failed:  The solver ECOS is not installed. 
Using SCS instead.
ECOS solver failed:  The solver ECOS is not installed. 
Using SCS instead.
ECOS solver failed:  The solver ECOS is not installed. 
Using SCS instead.
ECOS solver failed:  The solver ECOS is not installed. 
Using SCS instead.
ECOS solver failed:  The solver ECOS is not installed. 
Using SCS instead.
ECOS solver failed:  The solver ECOS is not installed. 
Using SCS instead.
ECOS solver failed:  The solver ECOS is not installed. 
Using SCS instead.
ECOS solver failed:  The solver ECOS is not installed. 
Using SCS instead.
ECOS solver failed:  The solver ECOS is not installed. 
Using SCS instead.
ECOS solver failed:  The solver ECOS is not installed. 
Using SCS instead.
ECOS solver failed:  The solver ECOS is not installed. 
Using SCS instead.
ECOS solver failed:  The solver ECOS is not installed. 
Using SCS instead.
ECOS solver failed:  The solver ECOS is not installed. 
Using SCS instead.
ECOS solver failed:  The solver ECOS is not installed. 
Using SCS instead.
ECOS solver failed:  The solver ECOS is not installed. 
Using SCS instead.
ECOS solver failed:  The solver ECOS is not installed. 
Using SCS instead.
M-step Design Matrix Calculation time (sec): 0.0210
ECOS solver failed in IPCW_HAL_init, falling back to SCS: The solver ECOS is not installed.
M-step CVXPY optimize time (sec): 0.4690
ECOS solver failed:  The solver ECOS is not installed. 
Using SCS instead.
ECOS solver failed:  The solver ECOS is not installed. 
Using SCS instead.
ECOS solver failed:  The solver ECOS is not installed. 
Using SCS instead.
ECOS solver failed:  The solver ECOS is not installed. 
Using SCS instead.
ECOS solver failed:  The solver ECOS is not installed. 
Using SCS instead.
ECOS solver failed:  The solver ECOS is not installed. 
Using SCS instead.
ECOS solver failed:  The solver ECOS is not installed. 
Using SCS instead.
ECOS solver failed:  The solver ECOS is not installed. 
Using SCS instead.
ECOS solver failed:  The solver ECOS is not installed. 
Using SCS instead.
ECOS solver failed:  The solver ECOS is not installed. 
Using SCS instead.
ECOS solver failed:  The solver ECOS is not installed. 
Using SCS instead.
ECOS solver failed:  The solver ECOS is not installed. 
Using SCS instead.
ECOS solver failed:  The solver ECOS is not installed. 
Using SCS instead.
ECOS solver failed:  The solver ECOS is not installed. 
Using SCS instead.
ECOS solver failed:  The solver ECOS is not installed. 
Using SCS instead.
ECOS solver failed:  The solver ECOS is not installed. 
Using SCS instead.
ECOS solver failed:  The solver ECOS is not installed. 
Using SCS instead.
ECOS solver failed:  The solver ECOS is not installed. 
Using SCS instead.
ECOS solver failed:  The solver ECOS is not installed. 
Using SCS instead.
ECOS solver failed:  The solver ECOS is not installed. 
Using SCS instead.
ECOS solver failed:  The solver ECOS is not installed. 
Using SCS instead.
M-step Design Matrix Calculation time (sec): 0.0181
ECOS solver failed in IPCW_HAL_init, falling back to SCS: The solver ECOS is not installed.
WARNING - large complementary slackness residual: 0.030984
M-step CVXPY optimize time (sec): 0.8870
ECOS solver failed:  The solver ECOS is not installed. 
Using SCS instead.
ECOS solver failed:  The solver ECOS is not installed. 
Using SCS instead.
ECOS solver failed:  The solver ECOS is not installed. 
Using SCS instead.
ECOS solver failed:  The solver ECOS is not installed. 
Using SCS instead.
ECOS solver failed:  The solver ECOS is not installed. 
Using SCS instead.
ECOS solver failed:  The solver ECOS is not installed. 
Using SCS instead.
ECOS solver failed:  The solver ECOS is not installed. 
Using SCS instead.
ECOS solver failed:  The solver ECOS is not installed. 
Using SCS instead.
ECOS solver failed:  The solver ECOS is not installed. 
Using SCS instead.
ECOS solver failed:  The solver ECOS is not installed. 
Using SCS instead.
ECOS solver failed:  The solver ECOS is not installed. 
Using SCS instead.
ECOS solver failed:  The solver ECOS is not installed. 
Using SCS instead.
ECOS solver failed:  The solver ECOS is not installed. 
Using SCS instead.
ECOS solver failed:  The solver ECOS is not installed. 
Using SCS instead.
ECOS solver failed:  The solver ECOS is not installed. 
Using SCS instead.
ECOS solver failed:  The solver ECOS is not installed. 
Using SCS instead.
ECOS solver failed:  The solver ECOS is not installed. 
Using SCS instead.
ECOS solver failed:  The solver ECOS is not installed. 
Using SCS instead.
ECOS solver failed:  The solver ECOS is not installed. 
Using SCS instead.
ECOS solver failed:  The solver ECOS is not installed. 
Using SCS instead.
ECOS solver failed:  The solver ECOS is not installed. 
Using SCS instead.
M-step Design Matrix Calculation time (sec): 0.0200
ECOS solver failed in IPCW_HAL_init, falling back to SCS: The solver ECOS is not installed.
M-step CVXPY optimize time (sec): 0.2828
ECOS solver failed:  The solver ECOS is not installed. 
Using SCS instead.
ECOS solver failed:  The solver ECOS is not installed. 
Using SCS instead.
ECOS solver failed:  The solver ECOS is not installed. 
Using SCS instead.
ECOS solver failed:  The solver ECOS is not installed. 
Using SCS instead.
ECOS solver failed:  The solver ECOS is not installed. 
Using SCS instead.
ECOS solver failed:  The solver ECOS is not installed. 
Using SCS instead.
ECOS solver failed:  The solver ECOS is not installed. 
Using SCS instead.
ECOS solver failed:  The solver ECOS is not installed. 
Using SCS instead.
ECOS solver failed:  The solver ECOS is not installed. 
Using SCS instead.
ECOS solver failed:  The solver ECOS is not installed. 
Using SCS instead.
ECOS solver failed:  The solver ECOS is not installed. 
Using SCS instead.
ECOS solver failed:  The solver ECOS is not installed. 
Using SCS instead.
ECOS solver failed:  The solver ECOS is not installed. 
Using SCS instead.
ECOS solver failed:  The solver ECOS is not installed. 
Using SCS instead.
ECOS solver failed:  The solver ECOS is not installed. 
Using SCS instead.
ECOS solver failed:  The solver ECOS is not installed. 
Using SCS instead.
ECOS solver failed:  The solver ECOS is not installed. 
Using SCS instead.
ECOS solver failed:  The solver ECOS is not installed. 
Using SCS instead.
ECOS solver failed:  The solver ECOS is not installed. 
Using SCS instead.
ECOS solver failed:  The solver ECOS is not installed. 
Using SCS instead.
ECOS solver failed:  The solver ECOS is not installed. 
Using SCS instead.
M-step Design Matrix Calculation time (sec): 0.0166
ECOS solver failed in IPCW_HAL_init, falling back to SCS: The solver ECOS is not installed.
WARNING - large complementary slackness residual: 0.018453
M-step CVXPY optimize time (sec): 1.4052
ECOS solver failed:  The solver ECOS is not installed. 
Using SCS instead.
ECOS solver failed:  The solver ECOS is not installed. 
Using SCS instead.
ECOS solver failed:  The solver ECOS is not installed. 
Using SCS instead.
ECOS solver failed:  The solver ECOS is not installed. 
Using SCS instead.
ECOS solver failed:  The solver ECOS is not installed. 
Using SCS instead.
ECOS solver failed:  The solver ECOS is not installed. 
Using SCS instead.
ECOS solver failed:  The solver ECOS is not installed. 
Using SCS instead.
ECOS solver failed:  The solver ECOS is not installed. 
Using SCS instead.
ECOS solver failed:  The solver ECOS is not installed. 
Using SCS instead.
ECOS solver failed:  The solver ECOS is not installed. 
Using SCS instead.
ECOS solver failed:  The solver ECOS is not installed. 
Using SCS instead.
ECOS solver failed:  The solver ECOS is not installed. 
Using SCS instead.
ECOS solver failed:  The solver ECOS is not installed. 
Using SCS instead.
ECOS solver failed:  The solver ECOS is not installed. 
Using SCS instead.
ECOS solver failed:  The solver ECOS is not installed. 
Using SCS instead.
ECOS solver failed:  The solver ECOS is not installed. 
Using SCS instead.
ECOS solver failed:  The solver ECOS is not installed. 
Using SCS instead.
ECOS solver failed:  The solver ECOS is not installed. 
Using SCS instead.
ECOS solver failed:  The solver ECOS is not installed. 
Using SCS instead.
ECOS solver failed:  The solver ECOS is not installed. 
Using SCS instead.
ECOS solver failed:  The solver ECOS is not installed. 
Using SCS instead.
M-step Design Matrix Calculation time (sec): 0.0179
ECOS solver failed in IPCW_HAL_init, falling back to SCS: The solver ECOS is not installed.
WARNING - large complementary slackness residual: 0.023679
M-step CVXPY optimize time (sec): 0.9168
ECOS solver failed:  The solver ECOS is not installed. 
Using SCS instead.
ECOS solver failed:  The solver ECOS is not installed. 
Using SCS instead.
ECOS solver failed:  The solver ECOS is not installed. 
Using SCS instead.
ECOS solver failed:  The solver ECOS is not installed. 
Using SCS instead.
ECOS solver failed:  The solver ECOS is not installed. 
Using SCS instead.
ECOS solver failed:  The solver ECOS is not installed. 
Using SCS instead.
ECOS solver failed:  The solver ECOS is not installed. 
Using SCS instead.
ECOS solver failed:  The solver ECOS is not installed. 
Using SCS instead.
ECOS solver failed:  The solver ECOS is not installed. 
Using SCS instead.
ECOS solver failed:  The solver ECOS is not installed. 
Using SCS instead.
ECOS solver failed:  The solver ECOS is not installed. 
Using SCS instead.
ECOS solver failed:  The solver ECOS is not installed. 
Using SCS instead.
ECOS solver failed:  The solver ECOS is not installed. 
Using SCS instead.
ECOS solver failed:  The solver ECOS is not installed. 
Using SCS instead.
ECOS solver failed:  The solver ECOS is not installed. 
Using SCS instead.
ECOS solver failed:  The solver ECOS is not installed. 
Using SCS instead.
ECOS solver failed:  The solver ECOS is not installed. 
Using SCS instead.
ECOS solver failed:  The solver ECOS is not installed. 
Using SCS instead.
ECOS solver failed:  The solver ECOS is not installed. 
Using SCS instead.
ECOS solver failed:  The solver ECOS is not installed. 
Using SCS instead.
ECOS solver failed:  The solver ECOS is not installed. 
Using SCS instead.
M-step Design Matrix Calculation time (sec): 0.0192
ECOS solver failed in IPCW_HAL_init, falling back to SCS: The solver ECOS is not installed.
WARNING - large complementary slackness residual: 0.015923
M-step CVXPY optimize time (sec): 1.5403
ECOS solver failed:  The solver ECOS is not installed. 
Using SCS instead.
ECOS solver failed:  The solver ECOS is not installed. 
Using SCS instead.
ECOS solver failed:  The solver ECOS is not installed. 
Using SCS instead.
ECOS solver failed:  The solver ECOS is not installed. 
Using SCS instead.
ECOS solver failed:  The solver ECOS is not installed. 
Using SCS instead.
ECOS solver failed:  The solver ECOS is not installed. 
Using SCS instead.
ECOS solver failed:  The solver ECOS is not installed. 
Using SCS instead.
ECOS solver failed:  The solver ECOS is not installed. 
Using SCS instead.
ECOS solver failed:  The solver ECOS is not installed. 
Using SCS instead.
ECOS solver failed:  The solver ECOS is not installed. 
Using SCS instead.
ECOS solver failed:  The solver ECOS is not installed. 
Using SCS instead.
ECOS solver failed:  The solver ECOS is not installed. 
Using SCS instead.
ECOS solver failed:  The solver ECOS is not installed. 
Using SCS instead.
ECOS solver failed:  The solver ECOS is not installed. 
Using SCS instead.
ECOS solver failed:  The solver ECOS is not installed. 
Using SCS instead.
ECOS solver failed:  The solver ECOS is not installed. 
Using SCS instead.
ECOS solver failed:  The solver ECOS is not installed. 
Using SCS instead.
ECOS solver failed:  The solver ECOS is not installed. 
Using SCS instead.
ECOS solver failed:  The solver ECOS is not installed. 
Using SCS instead.
ECOS solver failed:  The solver ECOS is not installed. 
Using SCS instead.
ECOS solver failed:  The solver ECOS is not installed. 
Using SCS instead.
M-step Design Matrix Calculation time (sec): 0.0179
ECOS solver failed in IPCW_HAL_init, falling back to SCS: The solver ECOS is not installed.
WARNING - large complementary slackness residual: 0.006045
M-step CVXPY optimize time (sec): 1.2229
ECOS solver failed:  The solver ECOS is not installed. 
Using SCS instead.
ECOS solver failed:  The solver ECOS is not installed. 
Using SCS instead.
ECOS solver failed:  The solver ECOS is not installed. 
Using SCS instead.
ECOS solver failed:  The solver ECOS is not installed. 
Using SCS instead.
ECOS solver failed:  The solver ECOS is not installed. 
Using SCS instead.
ECOS solver failed:  The solver ECOS is not installed. 
Using SCS instead.
ECOS solver failed:  The solver ECOS is not installed. 
Using SCS instead.
ECOS solver failed:  The solver ECOS is not installed. 
Using SCS instead.
ECOS solver failed:  The solver ECOS is not installed. 
Using SCS instead.
ECOS solver failed:  The solver ECOS is not installed. 
Using SCS instead.
ECOS solver failed:  The solver ECOS is not installed. 
Using SCS instead.
ECOS solver failed:  The solver ECOS is not installed. 
Using SCS instead.
ECOS solver failed:  The solver ECOS is not installed. 
Using SCS instead.
ECOS solver failed:  The solver ECOS is not installed. 
Using SCS instead.
ECOS solver failed:  The solver ECOS is not installed. 
Using SCS instead.
ECOS solver failed:  The solver ECOS is not installed. 
Using SCS instead.
ECOS solver failed:  The solver ECOS is not installed. 
Using SCS instead.
ECOS solver failed:  The solver ECOS is not installed. 
Using SCS instead.
ECOS solver failed:  The solver ECOS is not installed. 
Using SCS instead.
ECOS solver failed:  The solver ECOS is not installed. 
Using SCS instead.
ECOS solver failed:  The solver ECOS is not installed. 
Using SCS instead.
M-step Design Matrix Calculation time (sec): 0.0675
ECOS solver failed in IPCW_HAL_init, falling back to SCS: The solver ECOS is not installed.
M-step CVXPY optimize time (sec): 0.7202
ECOS solver failed:  The solver ECOS is not installed. 
Using SCS instead.
ECOS solver failed:  The solver ECOS is not installed. 
Using SCS instead.
ECOS solver failed:  The solver ECOS is not installed. 
Using SCS instead.
ECOS solver failed:  The solver ECOS is not installed. 
Using SCS instead.
ECOS solver failed:  The solver ECOS is not installed. 
Using SCS instead.
ECOS solver failed:  The solver ECOS is not installed. 
Using SCS instead.
ECOS solver failed:  The solver ECOS is not installed. 
Using SCS instead.
ECOS solver failed:  The solver ECOS is not installed. 
Using SCS instead.
ECOS solver failed:  The solver ECOS is not installed. 
Using SCS instead.
ECOS solver failed:  The solver ECOS is not installed. 
Using SCS instead.
ECOS solver failed:  The solver ECOS is not installed. 
Using SCS instead.
ECOS solver failed:  The solver ECOS is not installed. 
Using SCS instead.
ECOS solver failed:  The solver ECOS is not installed. 
Using SCS instead.
ECOS solver failed:  The solver ECOS is not installed. 
Using SCS instead.
ECOS solver failed:  The solver ECOS is not installed. 
Using SCS instead.
ECOS solver failed:  The solver ECOS is not installed. 
Using SCS instead.
ECOS solver failed:  The solver ECOS is not installed. 
Using SCS instead.
ECOS solver failed:  The solver ECOS is not installed. 
Using SCS instead.
ECOS solver failed:  The solver ECOS is not installed. 
Using SCS instead.
ECOS solver failed:  The solver ECOS is not installed. 
Using SCS instead.
ECOS solver failed:  The solver ECOS is not installed. 
Using SCS instead.
M-step Design Matrix Calculation time (sec): 0.0188
ECOS solver failed in IPCW_HAL_init, falling back to SCS: The solver ECOS is not installed.
WARNING - large complementary slackness residual: 0.004689
M-step CVXPY optimize time (sec): 1.0130
ECOS solver failed:  The solver ECOS is not installed. 
Using SCS instead.
ECOS solver failed:  The solver ECOS is not installed. 
Using SCS instead.
ECOS solver failed:  The solver ECOS is not installed. 
Using SCS instead.
ECOS solver failed:  The solver ECOS is not installed. 
Using SCS instead.
ECOS solver failed:  The solver ECOS is not installed. 
Using SCS instead.
ECOS solver failed:  The solver ECOS is not installed. 
Using SCS instead.
ECOS solver failed:  The solver ECOS is not installed. 
Using SCS instead.
ECOS solver failed:  The solver ECOS is not installed. 
Using SCS instead.
ECOS solver failed:  The solver ECOS is not installed. 
Using SCS instead.
ECOS solver failed:  The solver ECOS is not installed. 
Using SCS instead.
ECOS solver failed:  The solver ECOS is not installed. 
Using SCS instead.
ECOS solver failed:  The solver ECOS is not installed. 
Using SCS instead.
ECOS solver failed:  The solver ECOS is not installed. 
Using SCS instead.
ECOS solver failed:  The solver ECOS is not installed. 
Using SCS instead.
ECOS solver failed:  The solver ECOS is not installed. 
Using SCS instead.
ECOS solver failed:  The solver ECOS is not installed. 
Using SCS instead.
ECOS solver failed:  The solver ECOS is not installed. 
Using SCS instead.
ECOS solver failed:  The solver ECOS is not installed. 
Using SCS instead.
ECOS solver failed:  The solver ECOS is not installed. 
Using SCS instead.
ECOS solver failed:  The solver ECOS is not installed. 
Using SCS instead.
ECOS solver failed:  The solver ECOS is not installed. 
Using SCS instead.
M-step Design Matrix Calculation time (sec): 0.0403
ECOS solver failed in IPCW_HAL_init, falling back to SCS: The solver ECOS is not installed.
WARNING - large complementary slackness residual: 0.026099
M-step CVXPY optimize time (sec): 1.9530
ECOS solver failed:  The solver ECOS is not installed. 
Using SCS instead.
ECOS solver failed:  The solver ECOS is not installed. 
Using SCS instead.
ECOS solver failed:  The solver ECOS is not installed. 
Using SCS instead.
ECOS solver failed:  The solver ECOS is not installed. 
Using SCS instead.
ECOS solver failed:  The solver ECOS is not installed. 
Using SCS instead.
ECOS solver failed:  The solver ECOS is not installed. 
Using SCS instead.
ECOS solver failed:  The solver ECOS is not installed. 
Using SCS instead.
ECOS solver failed:  The solver ECOS is not installed. 
Using SCS instead.
ECOS solver failed:  The solver ECOS is not installed. 
Using SCS instead.
ECOS solver failed:  The solver ECOS is not installed. 
Using SCS instead.
ECOS solver failed:  The solver ECOS is not installed. 
Using SCS instead.
ECOS solver failed:  The solver ECOS is not installed. 
Using SCS instead.
ECOS solver failed:  The solver ECOS is not installed. 
Using SCS instead.
ECOS solver failed:  The solver ECOS is not installed. 
Using SCS instead.
ECOS solver failed:  The solver ECOS is not installed. 
Using SCS instead.
ECOS solver failed:  The solver ECOS is not installed. 
Using SCS instead.
ECOS solver failed:  The solver ECOS is not installed. 
Using SCS instead.
ECOS solver failed:  The solver ECOS is not installed. 
Using SCS instead.
ECOS solver failed:  The solver ECOS is not installed. 
Using SCS instead.
ECOS solver failed:  The solver ECOS is not installed. 
Using SCS instead.
ECOS solver failed:  The solver ECOS is not installed. 
Using SCS instead.
M-step Design Matrix Calculation time (sec): 0.0194
ECOS solver failed in IPCW_HAL_init, falling back to SCS: The solver ECOS is not installed.
M-step CVXPY optimize time (sec): 0.7699
ECOS solver failed:  The solver ECOS is not installed. 
Using SCS instead.
ECOS solver failed:  The solver ECOS is not installed. 
Using SCS instead.
ECOS solver failed:  The solver ECOS is not installed. 
Using SCS instead.
ECOS solver failed:  The solver ECOS is not installed. 
Using SCS instead.
ECOS solver failed:  The solver ECOS is not installed. 
Using SCS instead.
ECOS solver failed:  The solver ECOS is not installed. 
Using SCS instead.
ECOS solver failed:  The solver ECOS is not installed. 
Using SCS instead.
ECOS solver failed:  The solver ECOS is not installed. 
Using SCS instead.
ECOS solver failed:  The solver ECOS is not installed. 
Using SCS instead.
ECOS solver failed:  The solver ECOS is not installed. 
Using SCS instead.
ECOS solver failed:  The solver ECOS is not installed. 
Using SCS instead.
ECOS solver failed:  The solver ECOS is not installed. 
Using SCS instead.
ECOS solver failed:  The solver ECOS is not installed. 
Using SCS instead.
ECOS solver failed:  The solver ECOS is not installed. 
Using SCS instead.
ECOS solver failed:  The solver ECOS is not installed. 
Using SCS instead.
ECOS solver failed:  The solver ECOS is not installed. 
Using SCS instead.
ECOS solver failed:  The solver ECOS is not installed. 
Using SCS instead.
ECOS solver failed:  The solver ECOS is not installed. 
Using SCS instead.
ECOS solver failed:  The solver ECOS is not installed. 
Using SCS instead.
ECOS solver failed:  The solver ECOS is not installed. 
Using SCS instead.
ECOS solver failed:  The solver ECOS is not installed. 
Using SCS instead.
M-step Design Matrix Calculation time (sec): 0.1555
ECOS solver failed in IPCW_HAL_init, falling back to SCS: The solver ECOS is not installed.
M-step CVXPY optimize time (sec): 0.8536
ECOS solver failed:  The solver ECOS is not installed. 
Using SCS instead.
ECOS solver failed:  The solver ECOS is not installed. 
Using SCS instead.
ECOS solver failed:  The solver ECOS is not installed. 
Using SCS instead.
ECOS solver failed:  The solver ECOS is not installed. 
Using SCS instead.
ECOS solver failed:  The solver ECOS is not installed. 
Using SCS instead.
ECOS solver failed:  The solver ECOS is not installed. 
Using SCS instead.
ECOS solver failed:  The solver ECOS is not installed. 
Using SCS instead.
ECOS solver failed:  The solver ECOS is not installed. 
Using SCS instead.
ECOS solver failed:  The solver ECOS is not installed. 
Using SCS instead.
ECOS solver failed:  The solver ECOS is not installed. 
Using SCS instead.
ECOS solver failed:  The solver ECOS is not installed. 
Using SCS instead.
ECOS solver failed:  The solver ECOS is not installed. 
Using SCS instead.
ECOS solver failed:  The solver ECOS is not installed. 
Using SCS instead.
ECOS solver failed:  The solver ECOS is not installed. 
Using SCS instead.
ECOS solver failed:  The solver ECOS is not installed. 
Using SCS instead.
ECOS solver failed:  The solver ECOS is not installed. 
Using SCS instead.
ECOS solver failed:  The solver ECOS is not installed. 
Using SCS instead.
ECOS solver failed:  The solver ECOS is not installed. 
Using SCS instead.
ECOS solver failed:  The solver ECOS is not installed. 
Using SCS instead.
ECOS solver failed:  The solver ECOS is not installed. 
Using SCS instead.
ECOS solver failed:  The solver ECOS is not installed. 
Using SCS instead.
M-step Design Matrix Calculation time (sec): 0.0206
ECOS solver failed in IPCW_HAL_init, falling back to SCS: The solver ECOS is not installed.
WARNING - large complementary slackness residual: 0.026368
M-step CVXPY optimize time (sec): 0.9465
ECOS solver failed:  The solver ECOS is not installed. 
Using SCS instead.
ECOS solver failed:  The solver ECOS is not installed. 
Using SCS instead.
ECOS solver failed:  The solver ECOS is not installed. 
Using SCS instead.
ECOS solver failed:  The solver ECOS is not installed. 
Using SCS instead.
ECOS solver failed:  The solver ECOS is not installed. 
Using SCS instead.
ECOS solver failed:  The solver ECOS is not installed. 
Using SCS instead.
ECOS solver failed:  The solver ECOS is not installed. 
Using SCS instead.
ECOS solver failed:  The solver ECOS is not installed. 
Using SCS instead.
ECOS solver failed:  The solver ECOS is not installed. 
Using SCS instead.
ECOS solver failed:  The solver ECOS is not installed. 
Using SCS instead.
ECOS solver failed:  The solver ECOS is not installed. 
Using SCS instead.
ECOS solver failed:  The solver ECOS is not installed. 
Using SCS instead.
ECOS solver failed:  The solver ECOS is not installed. 
Using SCS instead.
ECOS solver failed:  The solver ECOS is not installed. 
Using SCS instead.
ECOS solver failed:  The solver ECOS is not installed. 
Using SCS instead.
ECOS solver failed:  The solver ECOS is not installed. 
Using SCS instead.
ECOS solver failed:  The solver ECOS is not installed. 
Using SCS instead.
ECOS solver failed:  The solver ECOS is not installed. 
Using SCS instead.
ECOS solver failed:  The solver ECOS is not installed. 
Using SCS instead.
ECOS solver failed:  The solver ECOS is not installed. 
Using SCS instead.
ECOS solver failed:  The solver ECOS is not installed. 
Using SCS instead.
M-step Design Matrix Calculation time (sec): 0.0402
ECOS solver failed in IPCW_HAL_init, falling back to SCS: The solver ECOS is not installed.
M-step CVXPY optimize time (sec): 0.5218
ECOS solver failed:  The solver ECOS is not installed. 
Using SCS instead.
ECOS solver failed:  The solver ECOS is not installed. 
Using SCS instead.
ECOS solver failed:  The solver ECOS is not installed. 
Using SCS instead.
ECOS solver failed:  The solver ECOS is not installed. 
Using SCS instead.
ECOS solver failed:  The solver ECOS is not installed. 
Using SCS instead.
ECOS solver failed:  The solver ECOS is not installed. 
Using SCS instead.
ECOS solver failed:  The solver ECOS is not installed. 
Using SCS instead.
ECOS solver failed:  The solver ECOS is not installed. 
Using SCS instead.
ECOS solver failed:  The solver ECOS is not installed. 
Using SCS instead.
ECOS solver failed:  The solver ECOS is not installed. 
Using SCS instead.
ECOS solver failed:  The solver ECOS is not installed. 
Using SCS instead.
ECOS solver failed:  The solver ECOS is not installed. 
Using SCS instead.
ECOS solver failed:  The solver ECOS is not installed. 
Using SCS instead.
ECOS solver failed:  The solver ECOS is not installed. 
Using SCS instead.
ECOS solver failed:  The solver ECOS is not installed. 
Using SCS instead.
ECOS solver failed:  The solver ECOS is not installed. 
Using SCS instead.
ECOS solver failed:  The solver ECOS is not installed. 
Using SCS instead.
ECOS solver failed:  The solver ECOS is not installed. 
Using SCS instead.
ECOS solver failed:  The solver ECOS is not installed. 
Using SCS instead.
ECOS solver failed:  The solver ECOS is not installed. 
Using SCS instead.
ECOS solver failed:  The solver ECOS is not installed. 
Using SCS instead.
M-step Design Matrix Calculation time (sec): 0.0763
ECOS solver failed in IPCW_HAL_init, falling back to SCS: The solver ECOS is not installed.
WARNING - large complementary slackness residual: 0.015800
M-step CVXPY optimize time (sec): 2.3065
ECOS solver failed:  The solver ECOS is not installed. 
Using SCS instead.
ECOS solver failed:  The solver ECOS is not installed. 
Using SCS instead.
ECOS solver failed:  The solver ECOS is not installed. 
Using SCS instead.
ECOS solver failed:  The solver ECOS is not installed. 
Using SCS instead.
ECOS solver failed:  The solver ECOS is not installed. 
Using SCS instead.
ECOS solver failed:  The solver ECOS is not installed. 
Using SCS instead.
ECOS solver failed:  The solver ECOS is not installed. 
Using SCS instead.
ECOS solver failed:  The solver ECOS is not installed. 
Using SCS instead.
ECOS solver failed:  The solver ECOS is not installed. 
Using SCS instead.
ECOS solver failed:  The solver ECOS is not installed. 
Using SCS instead.
ECOS solver failed:  The solver ECOS is not installed. 
Using SCS instead.
ECOS solver failed:  The solver ECOS is not installed. 
Using SCS instead.
ECOS solver failed:  The solver ECOS is not installed. 
Using SCS instead.
ECOS solver failed:  The solver ECOS is not installed. 
Using SCS instead.
ECOS solver failed:  The solver ECOS is not installed. 
Using SCS instead.
ECOS solver failed:  The solver ECOS is not installed. 
Using SCS instead.
ECOS solver failed:  The solver ECOS is not installed. 
Using SCS instead.
ECOS solver failed:  The solver ECOS is not installed. 
Using SCS instead.
ECOS solver failed:  The solver ECOS is not installed. 
Using SCS instead.
ECOS solver failed:  The solver ECOS is not installed. 
Using SCS instead.
ECOS solver failed:  The solver ECOS is not installed. 
Using SCS instead.
M-step Design Matrix Calculation time (sec): 0.0440
ECOS solver failed in IPCW_HAL_init, falling back to SCS: The solver ECOS is not installed.
WARNING - large complementary slackness residual: 0.011584
M-step CVXPY optimize time (sec): 2.7225
ECOS solver failed:  The solver ECOS is not installed. 
Using SCS instead.
ECOS solver failed:  The solver ECOS is not installed. 
Using SCS instead.
ECOS solver failed:  The solver ECOS is not installed. 
Using SCS instead.
ECOS solver failed:  The solver ECOS is not installed. 
Using SCS instead.
ECOS solver failed:  The solver ECOS is not installed. 
Using SCS instead.
ECOS solver failed:  The solver ECOS is not installed. 
Using SCS instead.
ECOS solver failed:  The solver ECOS is not installed. 
Using SCS instead.
ECOS solver failed:  The solver ECOS is not installed. 
Using SCS instead.
ECOS solver failed:  The solver ECOS is not installed. 
Using SCS instead.
ECOS solver failed:  The solver ECOS is not installed. 
Using SCS instead.
ECOS solver failed:  The solver ECOS is not installed. 
Using SCS instead.
ECOS solver failed:  The solver ECOS is not installed. 
Using SCS instead.
ECOS solver failed:  The solver ECOS is not installed. 
Using SCS instead.
ECOS solver failed:  The solver ECOS is not installed. 
Using SCS instead.
ECOS solver failed:  The solver ECOS is not installed. 
Using SCS instead.
ECOS solver failed:  The solver ECOS is not installed. 
Using SCS instead.
ECOS solver failed:  The solver ECOS is not installed. 
Using SCS instead.
ECOS solver failed:  The solver ECOS is not installed. 
Using SCS instead.
ECOS solver failed:  The solver ECOS is not installed. 
Using SCS instead.
ECOS solver failed:  The solver ECOS is not installed. 
Using SCS instead.
ECOS solver failed:  The solver ECOS is not installed. 
Using SCS instead.
M-step Design Matrix Calculation time (sec): 0.0175
ECOS solver failed in IPCW_HAL_init, falling back to SCS: The solver ECOS is not installed.
WARNING - large complementary slackness residual: 0.033210
M-step CVXPY optimize time (sec): 0.9776
ECOS solver failed:  The solver ECOS is not installed. 
Using SCS instead.
ECOS solver failed:  The solver ECOS is not installed. 
Using SCS instead.
ECOS solver failed:  The solver ECOS is not installed. 
Using SCS instead.
ECOS solver failed:  The solver ECOS is not installed. 
Using SCS instead.
ECOS solver failed:  The solver ECOS is not installed. 
Using SCS instead.
ECOS solver failed:  The solver ECOS is not installed. 
Using SCS instead.
ECOS solver failed:  The solver ECOS is not installed. 
Using SCS instead.
ECOS solver failed:  The solver ECOS is not installed. 
Using SCS instead.
ECOS solver failed:  The solver ECOS is not installed. 
Using SCS instead.
ECOS solver failed:  The solver ECOS is not installed. 
Using SCS instead.
ECOS solver failed:  The solver ECOS is not installed. 
Using SCS instead.
ECOS solver failed:  The solver ECOS is not installed. 
Using SCS instead.
ECOS solver failed:  The solver ECOS is not installed. 
Using SCS instead.
ECOS solver failed:  The solver ECOS is not installed. 
Using SCS instead.
ECOS solver failed:  The solver ECOS is not installed. 
Using SCS instead.
ECOS solver failed:  The solver ECOS is not installed. 
Using SCS instead.
ECOS solver failed:  The solver ECOS is not installed. 
Using SCS instead.
ECOS solver failed:  The solver ECOS is not installed. 
Using SCS instead.
ECOS solver failed:  The solver ECOS is not installed. 
Using SCS instead.
ECOS solver failed:  The solver ECOS is not installed. 
Using SCS instead.
ECOS solver failed:  The solver ECOS is not installed. 
Using SCS instead.
M-step Design Matrix Calculation time (sec): 0.0185
ECOS solver failed in IPCW_HAL_init, falling back to SCS: The solver ECOS is not installed.
M-step CVXPY optimize time (sec): 0.7547
ECOS solver failed:  The solver ECOS is not installed. 
Using SCS instead.
ECOS solver failed:  The solver ECOS is not installed. 
Using SCS instead.
ECOS solver failed:  The solver ECOS is not installed. 
Using SCS instead.
ECOS solver failed:  The solver ECOS is not installed. 
Using SCS instead.
ECOS solver failed:  The solver ECOS is not installed. 
Using SCS instead.
ECOS solver failed:  The solver ECOS is not installed. 
Using SCS instead.
ECOS solver failed:  The solver ECOS is not installed. 
Using SCS instead.
ECOS solver failed:  The solver ECOS is not installed. 
Using SCS instead.
ECOS solver failed:  The solver ECOS is not installed. 
Using SCS instead.
ECOS solver failed:  The solver ECOS is not installed. 
Using SCS instead.
ECOS solver failed:  The solver ECOS is not installed. 
Using SCS instead.
ECOS solver failed:  The solver ECOS is not installed. 
Using SCS instead.
ECOS solver failed:  The solver ECOS is not installed. 
Using SCS instead.
ECOS solver failed:  The solver ECOS is not installed. 
Using SCS instead.
ECOS solver failed:  The solver ECOS is not installed. 
Using SCS instead.
ECOS solver failed:  The solver ECOS is not installed. 
Using SCS instead.
ECOS solver failed:  The solver ECOS is not installed. 
Using SCS instead.
ECOS solver failed:  The solver ECOS is not installed. 
Using SCS instead.
ECOS solver failed:  The solver ECOS is not installed. 
Using SCS instead.
ECOS solver failed:  The solver ECOS is not installed. 
Using SCS instead.
ECOS solver failed:  The solver ECOS is not installed. 
Using SCS instead.
M-step Design Matrix Calculation time (sec): 0.0180
ECOS solver failed in IPCW_HAL_init, falling back to SCS: The solver ECOS is not installed.
WARNING - large complementary slackness residual: 0.037290
M-step CVXPY optimize time (sec): 0.7946
ECOS solver failed:  The solver ECOS is not installed. 
Using SCS instead.
ECOS solver failed:  The solver ECOS is not installed. 
Using SCS instead.
ECOS solver failed:  The solver ECOS is not installed. 
Using SCS instead.
ECOS solver failed:  The solver ECOS is not installed. 
Using SCS instead.
ECOS solver failed:  The solver ECOS is not installed. 
Using SCS instead.
ECOS solver failed:  The solver ECOS is not installed. 
Using SCS instead.
ECOS solver failed:  The solver ECOS is not installed. 
Using SCS instead.
ECOS solver failed:  The solver ECOS is not installed. 
Using SCS instead.
ECOS solver failed:  The solver ECOS is not installed. 
Using SCS instead.
ECOS solver failed:  The solver ECOS is not installed. 
Using SCS instead.
ECOS solver failed:  The solver ECOS is not installed. 
Using SCS instead.
ECOS solver failed:  The solver ECOS is not installed. 
Using SCS instead.
ECOS solver failed:  The solver ECOS is not installed. 
Using SCS instead.
ECOS solver failed:  The solver ECOS is not installed. 
Using SCS instead.
ECOS solver failed:  The solver ECOS is not installed. 
Using SCS instead.
ECOS solver failed:  The solver ECOS is not installed. 
Using SCS instead.
ECOS solver failed:  The solver ECOS is not installed. 
Using SCS instead.
ECOS solver failed:  The solver ECOS is not installed. 
Using SCS instead.
ECOS solver failed:  The solver ECOS is not installed. 
Using SCS instead.
ECOS solver failed:  The solver ECOS is not installed. 
Using SCS instead.
ECOS solver failed:  The solver ECOS is not installed. 
Using SCS instead.
M-step Design Matrix Calculation time (sec): 0.0367
ECOS solver failed in IPCW_HAL_init, falling back to SCS: The solver ECOS is not installed.
WARNING - large complementary slackness residual: 0.007697
M-step CVXPY optimize time (sec): 0.7117
ECOS solver failed:  The solver ECOS is not installed. 
Using SCS instead.
ECOS solver failed:  The solver ECOS is not installed. 
Using SCS instead.
ECOS solver failed:  The solver ECOS is not installed. 
Using SCS instead.
ECOS solver failed:  The solver ECOS is not installed. 
Using SCS instead.
ECOS solver failed:  The solver ECOS is not installed. 
Using SCS instead.
ECOS solver failed:  The solver ECOS is not installed. 
Using SCS instead.
ECOS solver failed:  The solver ECOS is not installed. 
Using SCS instead.
ECOS solver failed:  The solver ECOS is not installed. 
Using SCS instead.
ECOS solver failed:  The solver ECOS is not installed. 
Using SCS instead.
ECOS solver failed:  The solver ECOS is not installed. 
Using SCS instead.
ECOS solver failed:  The solver ECOS is not installed. 
Using SCS instead.
ECOS solver failed:  The solver ECOS is not installed. 
Using SCS instead.
ECOS solver failed:  The solver ECOS is not installed. 
Using SCS instead.
ECOS solver failed:  The solver ECOS is not installed. 
Using SCS instead.
ECOS solver failed:  The solver ECOS is not installed. 
Using SCS instead.
ECOS solver failed:  The solver ECOS is not installed. 
Using SCS instead.
ECOS solver failed:  The solver ECOS is not installed. 
Using SCS instead.
ECOS solver failed:  The solver ECOS is not installed. 
Using SCS instead.
ECOS solver failed:  The solver ECOS is not installed. 
Using SCS instead.
ECOS solver failed:  The solver ECOS is not installed. 
Using SCS instead.
ECOS solver failed:  The solver ECOS is not installed. 
Using SCS instead.
M-step Design Matrix Calculation time (sec): 0.0181
ECOS solver failed in IPCW_HAL_init, falling back to SCS: The solver ECOS is not installed.
M-step CVXPY optimize time (sec): 0.5324
ECOS solver failed:  The solver ECOS is not installed. 
Using SCS instead.
ECOS solver failed:  The solver ECOS is not installed. 
Using SCS instead.
ECOS solver failed:  The solver ECOS is not installed. 
Using SCS instead.
ECOS solver failed:  The solver ECOS is not installed. 
Using SCS instead.
ECOS solver failed:  The solver ECOS is not installed. 
Using SCS instead.
ECOS solver failed:  The solver ECOS is not installed. 
Using SCS instead.
ECOS solver failed:  The solver ECOS is not installed. 
Using SCS instead.
ECOS solver failed:  The solver ECOS is not installed. 
Using SCS instead.
ECOS solver failed:  The solver ECOS is not installed. 
Using SCS instead.
ECOS solver failed:  The solver ECOS is not installed. 
Using SCS instead.
ECOS solver failed:  The solver ECOS is not installed. 
Using SCS instead.
ECOS solver failed:  The solver ECOS is not installed. 
Using SCS instead.
ECOS solver failed:  The solver ECOS is not installed. 
Using SCS instead.
ECOS solver failed:  The solver ECOS is not installed. 
Using SCS instead.
ECOS solver failed:  The solver ECOS is not installed. 
Using SCS instead.
ECOS solver failed:  The solver ECOS is not installed. 
Using SCS instead.
ECOS solver failed:  The solver ECOS is not installed. 
Using SCS instead.
ECOS solver failed:  The solver ECOS is not installed. 
Using SCS instead.
ECOS solver failed:  The solver ECOS is not installed. 
Using SCS instead.
ECOS solver failed:  The solver ECOS is not installed. 
Using SCS instead.
ECOS solver failed:  The solver ECOS is not installed. 
Using SCS instead.
M-step Design Matrix Calculation time (sec): 0.0260
ECOS solver failed in IPCW_HAL_init, falling back to SCS: The solver ECOS is not installed.
WARNING - large complementary slackness residual: 0.015797
M-step CVXPY optimize time (sec): 1.2884
ECOS solver failed:  The solver ECOS is not installed. 
Using SCS instead.
ECOS solver failed:  The solver ECOS is not installed. 
Using SCS instead.
ECOS solver failed:  The solver ECOS is not installed. 
Using SCS instead.
ECOS solver failed:  The solver ECOS is not installed. 
Using SCS instead.
ECOS solver failed:  The solver ECOS is not installed. 
Using SCS instead.
ECOS solver failed:  The solver ECOS is not installed. 
Using SCS instead.
ECOS solver failed:  The solver ECOS is not installed. 
Using SCS instead.
ECOS solver failed:  The solver ECOS is not installed. 
Using SCS instead.
ECOS solver failed:  The solver ECOS is not installed. 
Using SCS instead.
ECOS solver failed:  The solver ECOS is not installed. 
Using SCS instead.
ECOS solver failed:  The solver ECOS is not installed. 
Using SCS instead.
ECOS solver failed:  The solver ECOS is not installed. 
Using SCS instead.
ECOS solver failed:  The solver ECOS is not installed. 
Using SCS instead.
ECOS solver failed:  The solver ECOS is not installed. 
Using SCS instead.
ECOS solver failed:  The solver ECOS is not installed. 
Using SCS instead.
ECOS solver failed:  The solver ECOS is not installed. 
Using SCS instead.
ECOS solver failed:  The solver ECOS is not installed. 
Using SCS instead.
ECOS solver failed:  The solver ECOS is not installed. 
Using SCS instead.
ECOS solver failed:  The solver ECOS is not installed. 
Using SCS instead.
ECOS solver failed:  The solver ECOS is not installed. 
Using SCS instead.
ECOS solver failed:  The solver ECOS is not installed. 
Using SCS instead.
M-step Design Matrix Calculation time (sec): 0.0180
ECOS solver failed in IPCW_HAL_init, falling back to SCS: The solver ECOS is not installed.
WARNING - large complementary slackness residual: 0.005704
M-step CVXPY optimize time (sec): 0.2050
ECOS solver failed:  The solver ECOS is not installed. 
Using SCS instead.
ECOS solver failed:  The solver ECOS is not installed. 
Using SCS instead.
ECOS solver failed:  The solver ECOS is not installed. 
Using SCS instead.
ECOS solver failed:  The solver ECOS is not installed. 
Using SCS instead.
ECOS solver failed:  The solver ECOS is not installed. 
Using SCS instead.
ECOS solver failed:  The solver ECOS is not installed. 
Using SCS instead.
ECOS solver failed:  The solver ECOS is not installed. 
Using SCS instead.
ECOS solver failed:  The solver ECOS is not installed. 
Using SCS instead.
ECOS solver failed:  The solver ECOS is not installed. 
Using SCS instead.
ECOS solver failed:  The solver ECOS is not installed. 
Using SCS instead.
ECOS solver failed:  The solver ECOS is not installed. 
Using SCS instead.
ECOS solver failed:  The solver ECOS is not installed. 
Using SCS instead.
ECOS solver failed:  The solver ECOS is not installed. 
Using SCS instead.
ECOS solver failed:  The solver ECOS is not installed. 
Using SCS instead.
ECOS solver failed:  The solver ECOS is not installed. 
Using SCS instead.
ECOS solver failed:  The solver ECOS is not installed. 
Using SCS instead.
ECOS solver failed:  The solver ECOS is not installed. 
Using SCS instead.
ECOS solver failed:  The solver ECOS is not installed. 
Using SCS instead.
ECOS solver failed:  The solver ECOS is not installed. 
Using SCS instead.
ECOS solver failed:  The solver ECOS is not installed. 
Using SCS instead.
ECOS solver failed:  The solver ECOS is not installed. 
Using SCS instead.
M-step Design Matrix Calculation time (sec): 0.0181
ECOS solver failed in IPCW_HAL_init, falling back to SCS: The solver ECOS is not installed.
M-step CVXPY optimize time (sec): 0.8102
ECOS solver failed:  The solver ECOS is not installed. 
Using SCS instead.
ECOS solver failed:  The solver ECOS is not installed. 
Using SCS instead.
ECOS solver failed:  The solver ECOS is not installed. 
Using SCS instead.
ECOS solver failed:  The solver ECOS is not installed. 
Using SCS instead.
ECOS solver failed:  The solver ECOS is not installed. 
Using SCS instead.
ECOS solver failed:  The solver ECOS is not installed. 
Using SCS instead.
ECOS solver failed:  The solver ECOS is not installed. 
Using SCS instead.
ECOS solver failed:  The solver ECOS is not installed. 
Using SCS instead.
ECOS solver failed:  The solver ECOS is not installed. 
Using SCS instead.
ECOS solver failed:  The solver ECOS is not installed. 
Using SCS instead.
ECOS solver failed:  The solver ECOS is not installed. 
Using SCS instead.
ECOS solver failed:  The solver ECOS is not installed. 
Using SCS instead.
ECOS solver failed:  The solver ECOS is not installed. 
Using SCS instead.
ECOS solver failed:  The solver ECOS is not installed. 
Using SCS instead.
ECOS solver failed:  The solver ECOS is not installed. 
Using SCS instead.
ECOS solver failed:  The solver ECOS is not installed. 
Using SCS instead.
ECOS solver failed:  The solver ECOS is not installed. 
Using SCS instead.
ECOS solver failed:  The solver ECOS is not installed. 
Using SCS instead.
ECOS solver failed:  The solver ECOS is not installed. 
Using SCS instead.
ECOS solver failed:  The solver ECOS is not installed. 
Using SCS instead.
ECOS solver failed:  The solver ECOS is not installed. 
Using SCS instead.
M-step Design Matrix Calculation time (sec): 0.0181
ECOS solver failed in IPCW_HAL_init, falling back to SCS: The solver ECOS is not installed.
WARNING - large complementary slackness residual: 0.012817
M-step CVXPY optimize time (sec): 1.6567
ECOS solver failed:  The solver ECOS is not installed. 
Using SCS instead.
ECOS solver failed:  The solver ECOS is not installed. 
Using SCS instead.
ECOS solver failed:  The solver ECOS is not installed. 
Using SCS instead.
ECOS solver failed:  The solver ECOS is not installed. 
Using SCS instead.
ECOS solver failed:  The solver ECOS is not installed. 
Using SCS instead.
ECOS solver failed:  The solver ECOS is not installed. 
Using SCS instead.
ECOS solver failed:  The solver ECOS is not installed. 
Using SCS instead.
ECOS solver failed:  The solver ECOS is not installed. 
Using SCS instead.
ECOS solver failed:  The solver ECOS is not installed. 
Using SCS instead.
ECOS solver failed:  The solver ECOS is not installed. 
Using SCS instead.
ECOS solver failed:  The solver ECOS is not installed. 
Using SCS instead.
ECOS solver failed:  The solver ECOS is not installed. 
Using SCS instead.
ECOS solver failed:  The solver ECOS is not installed. 
Using SCS instead.
ECOS solver failed:  The solver ECOS is not installed. 
Using SCS instead.
ECOS solver failed:  The solver ECOS is not installed. 
Using SCS instead.
ECOS solver failed:  The solver ECOS is not installed. 
Using SCS instead.
ECOS solver failed:  The solver ECOS is not installed. 
Using SCS instead.
ECOS solver failed:  The solver ECOS is not installed. 
Using SCS instead.
ECOS solver failed:  The solver ECOS is not installed. 
Using SCS instead.
ECOS solver failed:  The solver ECOS is not installed. 
Using SCS instead.
ECOS solver failed:  The solver ECOS is not installed. 
Using SCS instead.
M-step Design Matrix Calculation time (sec): 0.0344
ECOS solver failed in IPCW_HAL_init, falling back to SCS: The solver ECOS is not installed.
M-step CVXPY optimize time (sec): 0.8068
ECOS solver failed:  The solver ECOS is not installed. 
Using SCS instead.
ECOS solver failed:  The solver ECOS is not installed. 
Using SCS instead.
ECOS solver failed:  The solver ECOS is not installed. 
Using SCS instead.
ECOS solver failed:  The solver ECOS is not installed. 
Using SCS instead.
ECOS solver failed:  The solver ECOS is not installed. 
Using SCS instead.
ECOS solver failed:  The solver ECOS is not installed. 
Using SCS instead.
ECOS solver failed:  The solver ECOS is not installed. 
Using SCS instead.
ECOS solver failed:  The solver ECOS is not installed. 
Using SCS instead.
ECOS solver failed:  The solver ECOS is not installed. 
Using SCS instead.
ECOS solver failed:  The solver ECOS is not installed. 
Using SCS instead.
ECOS solver failed:  The solver ECOS is not installed. 
Using SCS instead.
ECOS solver failed:  The solver ECOS is not installed. 
Using SCS instead.
ECOS solver failed:  The solver ECOS is not installed. 
Using SCS instead.
ECOS solver failed:  The solver ECOS is not installed. 
Using SCS instead.
ECOS solver failed:  The solver ECOS is not installed. 
Using SCS instead.
ECOS solver failed:  The solver ECOS is not installed. 
Using SCS instead.
ECOS solver failed:  The solver ECOS is not installed. 
Using SCS instead.
ECOS solver failed:  The solver ECOS is not installed. 
Using SCS instead.
ECOS solver failed:  The solver ECOS is not installed. 
Using SCS instead.
ECOS solver failed:  The solver ECOS is not installed. 
Using SCS instead.
ECOS solver failed:  The solver ECOS is not installed. 
Using SCS instead.
M-step Design Matrix Calculation time (sec): 0.0543
ECOS solver failed in IPCW_HAL_init, falling back to SCS: The solver ECOS is not installed.
WARNING - large complementary slackness residual: 0.005148
M-step CVXPY optimize time (sec): 1.2767
ECOS solver failed:  The solver ECOS is not installed. 
Using SCS instead.
ECOS solver failed:  The solver ECOS is not installed. 
Using SCS instead.
ECOS solver failed:  The solver ECOS is not installed. 
Using SCS instead.
ECOS solver failed:  The solver ECOS is not installed. 
Using SCS instead.
ECOS solver failed:  The solver ECOS is not installed. 
Using SCS instead.
ECOS solver failed:  The solver ECOS is not installed. 
Using SCS instead.
ECOS solver failed:  The solver ECOS is not installed. 
Using SCS instead.
ECOS solver failed:  The solver ECOS is not installed. 
Using SCS instead.
ECOS solver failed:  The solver ECOS is not installed. 
Using SCS instead.
ECOS solver failed:  The solver ECOS is not installed. 
Using SCS instead.
ECOS solver failed:  The solver ECOS is not installed. 
Using SCS instead.
ECOS solver failed:  The solver ECOS is not installed. 
Using SCS instead.
ECOS solver failed:  The solver ECOS is not installed. 
Using SCS instead.
ECOS solver failed:  The solver ECOS is not installed. 
Using SCS instead.
ECOS solver failed:  The solver ECOS is not installed. 
Using SCS instead.
ECOS solver failed:  The solver ECOS is not installed. 
Using SCS instead.
ECOS solver failed:  The solver ECOS is not installed. 
Using SCS instead.
ECOS solver failed:  The solver ECOS is not installed. 
Using SCS instead.
ECOS solver failed:  The solver ECOS is not installed. 
Using SCS instead.
ECOS solver failed:  The solver ECOS is not installed. 
Using SCS instead.
ECOS solver failed:  The solver ECOS is not installed. 
Using SCS instead.
M-step Design Matrix Calculation time (sec): 0.0186
ECOS solver failed in IPCW_HAL_init, falling back to SCS: The solver ECOS is not installed.
WARNING - large complementary slackness residual: 0.016595
M-step CVXPY optimize time (sec): 1.2054
ECOS solver failed:  The solver ECOS is not installed. 
Using SCS instead.
ECOS solver failed:  The solver ECOS is not installed. 
Using SCS instead.
ECOS solver failed:  The solver ECOS is not installed. 
Using SCS instead.
ECOS solver failed:  The solver ECOS is not installed. 
Using SCS instead.
ECOS solver failed:  The solver ECOS is not installed. 
Using SCS instead.
ECOS solver failed:  The solver ECOS is not installed. 
Using SCS instead.
ECOS solver failed:  The solver ECOS is not installed. 
Using SCS instead.
ECOS solver failed:  The solver ECOS is not installed. 
Using SCS instead.
ECOS solver failed:  The solver ECOS is not installed. 
Using SCS instead.
ECOS solver failed:  The solver ECOS is not installed. 
Using SCS instead.
ECOS solver failed:  The solver ECOS is not installed. 
Using SCS instead.
ECOS solver failed:  The solver ECOS is not installed. 
Using SCS instead.
ECOS solver failed:  The solver ECOS is not installed. 
Using SCS instead.
ECOS solver failed:  The solver ECOS is not installed. 
Using SCS instead.
ECOS solver failed:  The solver ECOS is not installed. 
Using SCS instead.
ECOS solver failed:  The solver ECOS is not installed. 
Using SCS instead.
ECOS solver failed:  The solver ECOS is not installed. 
Using SCS instead.
ECOS solver failed:  The solver ECOS is not installed. 
Using SCS instead.
ECOS solver failed:  The solver ECOS is not installed. 
Using SCS instead.
ECOS solver failed:  The solver ECOS is not installed. 
Using SCS instead.
ECOS solver failed:  The solver ECOS is not installed. 
Using SCS instead.
M-step Design Matrix Calculation time (sec): 0.0425
ECOS solver failed in IPCW_HAL_init, falling back to SCS: The solver ECOS is not installed.
M-step CVXPY optimize time (sec): 0.3344
ECOS solver failed:  The solver ECOS is not installed. 
Using SCS instead.
ECOS solver failed:  The solver ECOS is not installed. 
Using SCS instead.
ECOS solver failed:  The solver ECOS is not installed. 
Using SCS instead.
ECOS solver failed:  The solver ECOS is not installed. 
Using SCS instead.
ECOS solver failed:  The solver ECOS is not installed. 
Using SCS instead.
ECOS solver failed:  The solver ECOS is not installed. 
Using SCS instead.
ECOS solver failed:  The solver ECOS is not installed. 
Using SCS instead.
ECOS solver failed:  The solver ECOS is not installed. 
Using SCS instead.
ECOS solver failed:  The solver ECOS is not installed. 
Using SCS instead.
ECOS solver failed:  The solver ECOS is not installed. 
Using SCS instead.
ECOS solver failed:  The solver ECOS is not installed. 
Using SCS instead.
ECOS solver failed:  The solver ECOS is not installed. 
Using SCS instead.
ECOS solver failed:  The solver ECOS is not installed. 
Using SCS instead.
ECOS solver failed:  The solver ECOS is not installed. 
Using SCS instead.
ECOS solver failed:  The solver ECOS is not installed. 
Using SCS instead.
ECOS solver failed:  The solver ECOS is not installed. 
Using SCS instead.
ECOS solver failed:  The solver ECOS is not installed. 
Using SCS instead.
ECOS solver failed:  The solver ECOS is not installed. 
Using SCS instead.
ECOS solver failed:  The solver ECOS is not installed. 
Using SCS instead.
ECOS solver failed:  The solver ECOS is not installed. 
Using SCS instead.
ECOS solver failed:  The solver ECOS is not installed. 
Using SCS instead.
M-step Design Matrix Calculation time (sec): 0.0449
ECOS solver failed in IPCW_HAL_init, falling back to SCS: The solver ECOS is not installed.
M-step CVXPY optimize time (sec): 0.8896
ECOS solver failed:  The solver ECOS is not installed. 
Using SCS instead.
ECOS solver failed:  The solver ECOS is not installed. 
Using SCS instead.
ECOS solver failed:  The solver ECOS is not installed. 
Using SCS instead.
ECOS solver failed:  The solver ECOS is not installed. 
Using SCS instead.
ECOS solver failed:  The solver ECOS is not installed. 
Using SCS instead.
ECOS solver failed:  The solver ECOS is not installed. 
Using SCS instead.
ECOS solver failed:  The solver ECOS is not installed. 
Using SCS instead.
ECOS solver failed:  The solver ECOS is not installed. 
Using SCS instead.
ECOS solver failed:  The solver ECOS is not installed. 
Using SCS instead.
ECOS solver failed:  The solver ECOS is not installed. 
Using SCS instead.
ECOS solver failed:  The solver ECOS is not installed. 
Using SCS instead.
ECOS solver failed:  The solver ECOS is not installed. 
Using SCS instead.
ECOS solver failed:  The solver ECOS is not installed. 
Using SCS instead.
ECOS solver failed:  The solver ECOS is not installed. 
Using SCS instead.
ECOS solver failed:  The solver ECOS is not installed. 
Using SCS instead.
ECOS solver failed:  The solver ECOS is not installed. 
Using SCS instead.
ECOS solver failed:  The solver ECOS is not installed. 
Using SCS instead.
ECOS solver failed:  The solver ECOS is not installed. 
Using SCS instead.
ECOS solver failed:  The solver ECOS is not installed. 
Using SCS instead.
ECOS solver failed:  The solver ECOS is not installed. 
Using SCS instead.
ECOS solver failed:  The solver ECOS is not installed. 
Using SCS instead.
M-step Design Matrix Calculation time (sec): 0.0182
ECOS solver failed in IPCW_HAL_init, falling back to SCS: The solver ECOS is not installed.
WARNING - large complementary slackness residual: 0.028466
M-step CVXPY optimize time (sec): 0.7493
ECOS solver failed:  The solver ECOS is not installed. 
Using SCS instead.
ECOS solver failed:  The solver ECOS is not installed. 
Using SCS instead.
ECOS solver failed:  The solver ECOS is not installed. 
Using SCS instead.
ECOS solver failed:  The solver ECOS is not installed. 
Using SCS instead.
ECOS solver failed:  The solver ECOS is not installed. 
Using SCS instead.
ECOS solver failed:  The solver ECOS is not installed. 
Using SCS instead.
ECOS solver failed:  The solver ECOS is not installed. 
Using SCS instead.
ECOS solver failed:  The solver ECOS is not installed. 
Using SCS instead.
ECOS solver failed:  The solver ECOS is not installed. 
Using SCS instead.
ECOS solver failed:  The solver ECOS is not installed. 
Using SCS instead.
ECOS solver failed:  The solver ECOS is not installed. 
Using SCS instead.
ECOS solver failed:  The solver ECOS is not installed. 
Using SCS instead.
ECOS solver failed:  The solver ECOS is not installed. 
Using SCS instead.
ECOS solver failed:  The solver ECOS is not installed. 
Using SCS instead.
ECOS solver failed:  The solver ECOS is not installed. 
Using SCS instead.
ECOS solver failed:  The solver ECOS is not installed. 
Using SCS instead.
ECOS solver failed:  The solver ECOS is not installed. 
Using SCS instead.
ECOS solver failed:  The solver ECOS is not installed. 
Using SCS instead.
ECOS solver failed:  The solver ECOS is not installed. 
Using SCS instead.
ECOS solver failed:  The solver ECOS is not installed. 
Using SCS instead.
ECOS solver failed:  The solver ECOS is not installed. 
Using SCS instead.
M-step Design Matrix Calculation time (sec): 0.1412
ECOS solver failed in IPCW_HAL_init, falling back to SCS: The solver ECOS is not installed.
WARNING - large complementary slackness residual: 0.026448
M-step CVXPY optimize time (sec): 1.3925
ECOS solver failed:  The solver ECOS is not installed. 
Using SCS instead.
ECOS solver failed:  The solver ECOS is not installed. 
Using SCS instead.
ECOS solver failed:  The solver ECOS is not installed. 
Using SCS instead.
ECOS solver failed:  The solver ECOS is not installed. 
Using SCS instead.
ECOS solver failed:  The solver ECOS is not installed. 
Using SCS instead.
ECOS solver failed:  The solver ECOS is not installed. 
Using SCS instead.
ECOS solver failed:  The solver ECOS is not installed. 
Using SCS instead.
ECOS solver failed:  The solver ECOS is not installed. 
Using SCS instead.
ECOS solver failed:  The solver ECOS is not installed. 
Using SCS instead.
ECOS solver failed:  The solver ECOS is not installed. 
Using SCS instead.
ECOS solver failed:  The solver ECOS is not installed. 
Using SCS instead.
ECOS solver failed:  The solver ECOS is not installed. 
Using SCS instead.
ECOS solver failed:  The solver ECOS is not installed. 
Using SCS instead.
ECOS solver failed:  The solver ECOS is not installed. 
Using SCS instead.
ECOS solver failed:  The solver ECOS is not installed. 
Using SCS instead.
ECOS solver failed:  The solver ECOS is not installed. 
Using SCS instead.
ECOS solver failed:  The solver ECOS is not installed. 
Using SCS instead.
ECOS solver failed:  The solver ECOS is not installed. 
Using SCS instead.
ECOS solver failed:  The solver ECOS is not installed. 
Using SCS instead.
ECOS solver failed:  The solver ECOS is not installed. 
Using SCS instead.
ECOS solver failed:  The solver ECOS is not installed. 
Using SCS instead.
M-step Design Matrix Calculation time (sec): 0.1438
ECOS solver failed in IPCW_HAL_init, falling back to SCS: The solver ECOS is not installed.
M-step CVXPY optimize time (sec): 0.6013
ECOS solver failed:  The solver ECOS is not installed. 
Using SCS instead.
ECOS solver failed:  The solver ECOS is not installed. 
Using SCS instead.
ECOS solver failed:  The solver ECOS is not installed. 
Using SCS instead.
ECOS solver failed:  The solver ECOS is not installed. 
Using SCS instead.
ECOS solver failed:  The solver ECOS is not installed. 
Using SCS instead.
ECOS solver failed:  The solver ECOS is not installed. 
Using SCS instead.
ECOS solver failed:  The solver ECOS is not installed. 
Using SCS instead.
ECOS solver failed:  The solver ECOS is not installed. 
Using SCS instead.
ECOS solver failed:  The solver ECOS is not installed. 
Using SCS instead.
ECOS solver failed:  The solver ECOS is not installed. 
Using SCS instead.
ECOS solver failed:  The solver ECOS is not installed. 
Using SCS instead.
ECOS solver failed:  The solver ECOS is not installed. 
Using SCS instead.
ECOS solver failed:  The solver ECOS is not installed. 
Using SCS instead.
ECOS solver failed:  The solver ECOS is not installed. 
Using SCS instead.
ECOS solver failed:  The solver ECOS is not installed. 
Using SCS instead.
ECOS solver failed:  The solver ECOS is not installed. 
Using SCS instead.
ECOS solver failed:  The solver ECOS is not installed. 
Using SCS instead.
ECOS solver failed:  The solver ECOS is not installed. 
Using SCS instead.
ECOS solver failed:  The solver ECOS is not installed. 
Using SCS instead.
ECOS solver failed:  The solver ECOS is not installed. 
Using SCS instead.
ECOS solver failed:  The solver ECOS is not installed. 
Using SCS instead.
M-step Design Matrix Calculation time (sec): 0.0396
ECOS solver failed in IPCW_HAL_init, falling back to SCS: The solver ECOS is not installed.
WARNING - large complementary slackness residual: 0.017634
M-step CVXPY optimize time (sec): 2.3967
ECOS solver failed:  The solver ECOS is not installed. 
Using SCS instead.
ECOS solver failed:  The solver ECOS is not installed. 
Using SCS instead.
ECOS solver failed:  The solver ECOS is not installed. 
Using SCS instead.
ECOS solver failed:  The solver ECOS is not installed. 
Using SCS instead.
ECOS solver failed:  The solver ECOS is not installed. 
Using SCS instead.
ECOS solver failed:  The solver ECOS is not installed. 
Using SCS instead.
ECOS solver failed:  The solver ECOS is not installed. 
Using SCS instead.
ECOS solver failed:  The solver ECOS is not installed. 
Using SCS instead.
ECOS solver failed:  The solver ECOS is not installed. 
Using SCS instead.
ECOS solver failed:  The solver ECOS is not installed. 
Using SCS instead.
ECOS solver failed:  The solver ECOS is not installed. 
Using SCS instead.
ECOS solver failed:  The solver ECOS is not installed. 
Using SCS instead.
ECOS solver failed:  The solver ECOS is not installed. 
Using SCS instead.
ECOS solver failed:  The solver ECOS is not installed. 
Using SCS instead.
ECOS solver failed:  The solver ECOS is not installed. 
Using SCS instead.
ECOS solver failed:  The solver ECOS is not installed. 
Using SCS instead.
ECOS solver failed:  The solver ECOS is not installed. 
Using SCS instead.
ECOS solver failed:  The solver ECOS is not installed. 
Using SCS instead.
ECOS solver failed:  The solver ECOS is not installed. 
Using SCS instead.
ECOS solver failed:  The solver ECOS is not installed. 
Using SCS instead.
ECOS solver failed:  The solver ECOS is not installed. 
Using SCS instead.
M-step Design Matrix Calculation time (sec): 0.0991
ECOS solver failed in IPCW_HAL_init, falling back to SCS: The solver ECOS is not installed.
WARNING - large complementary slackness residual: 0.015847
M-step CVXPY optimize time (sec): 2.3550
ECOS solver failed:  The solver ECOS is not installed. 
Using SCS instead.
ECOS solver failed:  The solver ECOS is not installed. 
Using SCS instead.
ECOS solver failed:  The solver ECOS is not installed. 
Using SCS instead.
ECOS solver failed:  The solver ECOS is not installed. 
Using SCS instead.
ECOS solver failed:  The solver ECOS is not installed. 
Using SCS instead.
ECOS solver failed:  The solver ECOS is not installed. 
Using SCS instead.
ECOS solver failed:  The solver ECOS is not installed. 
Using SCS instead.
ECOS solver failed:  The solver ECOS is not installed. 
Using SCS instead.
ECOS solver failed:  The solver ECOS is not installed. 
Using SCS instead.
ECOS solver failed:  The solver ECOS is not installed. 
Using SCS instead.
ECOS solver failed:  The solver ECOS is not installed. 
Using SCS instead.
ECOS solver failed:  The solver ECOS is not installed. 
Using SCS instead.
ECOS solver failed:  The solver ECOS is not installed. 
Using SCS instead.
ECOS solver failed:  The solver ECOS is not installed. 
Using SCS instead.
ECOS solver failed:  The solver ECOS is not installed. 
Using SCS instead.
ECOS solver failed:  The solver ECOS is not installed. 
Using SCS instead.
ECOS solver failed:  The solver ECOS is not installed. 
Using SCS instead.
ECOS solver failed:  The solver ECOS is not installed. 
Using SCS instead.
ECOS solver failed:  The solver ECOS is not installed. 
Using SCS instead.
ECOS solver failed:  The solver ECOS is not installed. 
Using SCS instead.
ECOS solver failed:  The solver ECOS is not installed. 
Using SCS instead.
M-step Design Matrix Calculation time (sec): 0.0348
ECOS solver failed in IPCW_HAL_init, falling back to SCS: The solver ECOS is not installed.
M-step CVXPY optimize time (sec): 2.2352
ECOS solver failed:  The solver ECOS is not installed. 
Using SCS instead.
ECOS solver failed:  The solver ECOS is not installed. 
Using SCS instead.
ECOS solver failed:  The solver ECOS is not installed. 
Using SCS instead.
ECOS solver failed:  The solver ECOS is not installed. 
Using SCS instead.
ECOS solver failed:  The solver ECOS is not installed. 
Using SCS instead.
ECOS solver failed:  The solver ECOS is not installed. 
Using SCS instead.
ECOS solver failed:  The solver ECOS is not installed. 
Using SCS instead.
ECOS solver failed:  The solver ECOS is not installed. 
Using SCS instead.
ECOS solver failed:  The solver ECOS is not installed. 
Using SCS instead.
ECOS solver failed:  The solver ECOS is not installed. 
Using SCS instead.
ECOS solver failed:  The solver ECOS is not installed. 
Using SCS instead.
ECOS solver failed:  The solver ECOS is not installed. 
Using SCS instead.
ECOS solver failed:  The solver ECOS is not installed. 
Using SCS instead.
ECOS solver failed:  The solver ECOS is not installed. 
Using SCS instead.
ECOS solver failed:  The solver ECOS is not installed. 
Using SCS instead.
ECOS solver failed:  The solver ECOS is not installed. 
Using SCS instead.
ECOS solver failed:  The solver ECOS is not installed. 
Using SCS instead.
ECOS solver failed:  The solver ECOS is not installed. 
Using SCS instead.
ECOS solver failed:  The solver ECOS is not installed. 
Using SCS instead.
ECOS solver failed:  The solver ECOS is not installed. 
Using SCS instead.
ECOS solver failed:  The solver ECOS is not installed. 
Using SCS instead.
M-step Design Matrix Calculation time (sec): 0.0342
ECOS solver failed in IPCW_HAL_init, falling back to SCS: The solver ECOS is not installed.
WARNING - large complementary slackness residual: 0.033367
M-step CVXPY optimize time (sec): 1.1521
ECOS solver failed:  The solver ECOS is not installed. 
Using SCS instead.
ECOS solver failed:  The solver ECOS is not installed. 
Using SCS instead.
ECOS solver failed:  The solver ECOS is not installed. 
Using SCS instead.
ECOS solver failed:  The solver ECOS is not installed. 
Using SCS instead.
ECOS solver failed:  The solver ECOS is not installed. 
Using SCS instead.
ECOS solver failed:  The solver ECOS is not installed. 
Using SCS instead.
ECOS solver failed:  The solver ECOS is not installed. 
Using SCS instead.
ECOS solver failed:  The solver ECOS is not installed. 
Using SCS instead.
ECOS solver failed:  The solver ECOS is not installed. 
Using SCS instead.
ECOS solver failed:  The solver ECOS is not installed. 
Using SCS instead.
ECOS solver failed:  The solver ECOS is not installed. 
Using SCS instead.
ECOS solver failed:  The solver ECOS is not installed. 
Using SCS instead.
ECOS solver failed:  The solver ECOS is not installed. 
Using SCS instead.
ECOS solver failed:  The solver ECOS is not installed. 
Using SCS instead.
ECOS solver failed:  The solver ECOS is not installed. 
Using SCS instead.
ECOS solver failed:  The solver ECOS is not installed. 
Using SCS instead.
ECOS solver failed:  The solver ECOS is not installed. 
Using SCS instead.
ECOS solver failed:  The solver ECOS is not installed. 
Using SCS instead.
ECOS solver failed:  The solver ECOS is not installed. 
Using SCS instead.
ECOS solver failed:  The solver ECOS is not installed. 
Using SCS instead.
ECOS solver failed:  The solver ECOS is not installed. 
Using SCS instead.
M-step Design Matrix Calculation time (sec): 0.0171
ECOS solver failed in IPCW_HAL_init, falling back to SCS: The solver ECOS is not installed.
WARNING - large complementary slackness residual: 0.003983
M-step CVXPY optimize time (sec): 1.2512
ECOS solver failed:  The solver ECOS is not installed. 
Using SCS instead.
ECOS solver failed:  The solver ECOS is not installed. 
Using SCS instead.
ECOS solver failed:  The solver ECOS is not installed. 
Using SCS instead.
ECOS solver failed:  The solver ECOS is not installed. 
Using SCS instead.
ECOS solver failed:  The solver ECOS is not installed. 
Using SCS instead.
ECOS solver failed:  The solver ECOS is not installed. 
Using SCS instead.
ECOS solver failed:  The solver ECOS is not installed. 
Using SCS instead.
ECOS solver failed:  The solver ECOS is not installed. 
Using SCS instead.
ECOS solver failed:  The solver ECOS is not installed. 
Using SCS instead.
ECOS solver failed:  The solver ECOS is not installed. 
Using SCS instead.
ECOS solver failed:  The solver ECOS is not installed. 
Using SCS instead.
ECOS solver failed:  The solver ECOS is not installed. 
Using SCS instead.
ECOS solver failed:  The solver ECOS is not installed. 
Using SCS instead.
ECOS solver failed:  The solver ECOS is not installed. 
Using SCS instead.
ECOS solver failed:  The solver ECOS is not installed. 
Using SCS instead.
ECOS solver failed:  The solver ECOS is not installed. 
Using SCS instead.
ECOS solver failed:  The solver ECOS is not installed. 
Using SCS instead.
ECOS solver failed:  The solver ECOS is not installed. 
Using SCS instead.
ECOS solver failed:  The solver ECOS is not installed. 
Using SCS instead.
ECOS solver failed:  The solver ECOS is not installed. 
Using SCS instead.
ECOS solver failed:  The solver ECOS is not installed. 
Using SCS instead.
M-step Design Matrix Calculation time (sec): 0.0445
ECOS solver failed in IPCW_HAL_init, falling back to SCS: The solver ECOS is not installed.
WARNING - large complementary slackness residual: 0.017668
M-step CVXPY optimize time (sec): 1.4839
ECOS solver failed:  The solver ECOS is not installed. 
Using SCS instead.
ECOS solver failed:  The solver ECOS is not installed. 
Using SCS instead.
ECOS solver failed:  The solver ECOS is not installed. 
Using SCS instead.
ECOS solver failed:  The solver ECOS is not installed. 
Using SCS instead.
ECOS solver failed:  The solver ECOS is not installed. 
Using SCS instead.
ECOS solver failed:  The solver ECOS is not installed. 
Using SCS instead.
ECOS solver failed:  The solver ECOS is not installed. 
Using SCS instead.
ECOS solver failed:  The solver ECOS is not installed. 
Using SCS instead.
ECOS solver failed:  The solver ECOS is not installed. 
Using SCS instead.
ECOS solver failed:  The solver ECOS is not installed. 
Using SCS instead.
ECOS solver failed:  The solver ECOS is not installed. 
Using SCS instead.
ECOS solver failed:  The solver ECOS is not installed. 
Using SCS instead.
ECOS solver failed:  The solver ECOS is not installed. 
Using SCS instead.
ECOS solver failed:  The solver ECOS is not installed. 
Using SCS instead.
ECOS solver failed:  The solver ECOS is not installed. 
Using SCS instead.
ECOS solver failed:  The solver ECOS is not installed. 
Using SCS instead.
ECOS solver failed:  The solver ECOS is not installed. 
Using SCS instead.
ECOS solver failed:  The solver ECOS is not installed. 
Using SCS instead.
ECOS solver failed:  The solver ECOS is not installed. 
Using SCS instead.
ECOS solver failed:  The solver ECOS is not installed. 
Using SCS instead.
ECOS solver failed:  The solver ECOS is not installed. 
Using SCS instead.
M-step Design Matrix Calculation time (sec): 0.0183
ECOS solver failed in IPCW_HAL_init, falling back to SCS: The solver ECOS is not installed.
WARNING - large complementary slackness residual: 0.039701
M-step CVXPY optimize time (sec): 0.9896
ECOS solver failed:  The solver ECOS is not installed. 
Using SCS instead.
ECOS solver failed:  The solver ECOS is not installed. 
Using SCS instead.
ECOS solver failed:  The solver ECOS is not installed. 
Using SCS instead.
ECOS solver failed:  The solver ECOS is not installed. 
Using SCS instead.
ECOS solver failed:  The solver ECOS is not installed. 
Using SCS instead.
ECOS solver failed:  The solver ECOS is not installed. 
Using SCS instead.
ECOS solver failed:  The solver ECOS is not installed. 
Using SCS instead.
ECOS solver failed:  The solver ECOS is not installed. 
Using SCS instead.
ECOS solver failed:  The solver ECOS is not installed. 
Using SCS instead.
ECOS solver failed:  The solver ECOS is not installed. 
Using SCS instead.
ECOS solver failed:  The solver ECOS is not installed. 
Using SCS instead.
ECOS solver failed:  The solver ECOS is not installed. 
Using SCS instead.
ECOS solver failed:  The solver ECOS is not installed. 
Using SCS instead.
ECOS solver failed:  The solver ECOS is not installed. 
Using SCS instead.
ECOS solver failed:  The solver ECOS is not installed. 
Using SCS instead.
ECOS solver failed:  The solver ECOS is not installed. 
Using SCS instead.
ECOS solver failed:  The solver ECOS is not installed. 
Using SCS instead.
ECOS solver failed:  The solver ECOS is not installed. 
Using SCS instead.
ECOS solver failed:  The solver ECOS is not installed. 
Using SCS instead.
ECOS solver failed:  The solver ECOS is not installed. 
Using SCS instead.
ECOS solver failed:  The solver ECOS is not installed. 
Using SCS instead.
M-step Design Matrix Calculation time (sec): 0.0190
ECOS solver failed in IPCW_HAL_init, falling back to SCS: The solver ECOS is not installed.
WARNING - large complementary slackness residual: 0.006663
M-step CVXPY optimize time (sec): 0.9285
ECOS solver failed:  The solver ECOS is not installed. 
Using SCS instead.
ECOS solver failed:  The solver ECOS is not installed. 
Using SCS instead.
ECOS solver failed:  The solver ECOS is not installed. 
Using SCS instead.
ECOS solver failed:  The solver ECOS is not installed. 
Using SCS instead.
ECOS solver failed:  The solver ECOS is not installed. 
Using SCS instead.
ECOS solver failed:  The solver ECOS is not installed. 
Using SCS instead.
ECOS solver failed:  The solver ECOS is not installed. 
Using SCS instead.
ECOS solver failed:  The solver ECOS is not installed. 
Using SCS instead.
ECOS solver failed:  The solver ECOS is not installed. 
Using SCS instead.
ECOS solver failed:  The solver ECOS is not installed. 
Using SCS instead.
ECOS solver failed:  The solver ECOS is not installed. 
Using SCS instead.
ECOS solver failed:  The solver ECOS is not installed. 
Using SCS instead.
ECOS solver failed:  The solver ECOS is not installed. 
Using SCS instead.
ECOS solver failed:  The solver ECOS is not installed. 
Using SCS instead.
ECOS solver failed:  The solver ECOS is not installed. 
Using SCS instead.
ECOS solver failed:  The solver ECOS is not installed. 
Using SCS instead.
ECOS solver failed:  The solver ECOS is not installed. 
Using SCS instead.
ECOS solver failed:  The solver ECOS is not installed. 
Using SCS instead.
ECOS solver failed:  The solver ECOS is not installed. 
Using SCS instead.
ECOS solver failed:  The solver ECOS is not installed. 
Using SCS instead.
ECOS solver failed:  The solver ECOS is not installed. 
Using SCS instead.
M-step Design Matrix Calculation time (sec): 0.0273
ECOS solver failed in IPCW_HAL_init, falling back to SCS: The solver ECOS is not installed.
WARNING - large complementary slackness residual: 0.032910
M-step CVXPY optimize time (sec): 0.8378
ECOS solver failed:  The solver ECOS is not installed. 
Using SCS instead.
ECOS solver failed:  The solver ECOS is not installed. 
Using SCS instead.
ECOS solver failed:  The solver ECOS is not installed. 
Using SCS instead.
ECOS solver failed:  The solver ECOS is not installed. 
Using SCS instead.
ECOS solver failed:  The solver ECOS is not installed. 
Using SCS instead.
ECOS solver failed:  The solver ECOS is not installed. 
Using SCS instead.
ECOS solver failed:  The solver ECOS is not installed. 
Using SCS instead.
ECOS solver failed:  The solver ECOS is not installed. 
Using SCS instead.
ECOS solver failed:  The solver ECOS is not installed. 
Using SCS instead.
ECOS solver failed:  The solver ECOS is not installed. 
Using SCS instead.
ECOS solver failed:  The solver ECOS is not installed. 
Using SCS instead.
ECOS solver failed:  The solver ECOS is not installed. 
Using SCS instead.
ECOS solver failed:  The solver ECOS is not installed. 
Using SCS instead.
ECOS solver failed:  The solver ECOS is not installed. 
Using SCS instead.
ECOS solver failed:  The solver ECOS is not installed. 
Using SCS instead.
ECOS solver failed:  The solver ECOS is not installed. 
Using SCS instead.
ECOS solver failed:  The solver ECOS is not installed. 
Using SCS instead.
ECOS solver failed:  The solver ECOS is not installed. 
Using SCS instead.
ECOS solver failed:  The solver ECOS is not installed. 
Using SCS instead.
ECOS solver failed:  The solver ECOS is not installed. 
Using SCS instead.
ECOS solver failed:  The solver ECOS is not installed. 
Using SCS instead.
M-step Design Matrix Calculation time (sec): 0.0180
ECOS solver failed in IPCW_HAL_init, falling back to SCS: The solver ECOS is not installed.
WARNING - large complementary slackness residual: 0.018404
M-step CVXPY optimize time (sec): 0.8053
ECOS solver failed:  The solver ECOS is not installed. 
Using SCS instead.
ECOS solver failed:  The solver ECOS is not installed. 
Using SCS instead.
ECOS solver failed:  The solver ECOS is not installed. 
Using SCS instead.
ECOS solver failed:  The solver ECOS is not installed. 
Using SCS instead.
ECOS solver failed:  The solver ECOS is not installed. 
Using SCS instead.
ECOS solver failed:  The solver ECOS is not installed. 
Using SCS instead.
ECOS solver failed:  The solver ECOS is not installed. 
Using SCS instead.
ECOS solver failed:  The solver ECOS is not installed. 
Using SCS instead.
ECOS solver failed:  The solver ECOS is not installed. 
Using SCS instead.
ECOS solver failed:  The solver ECOS is not installed. 
Using SCS instead.
ECOS solver failed:  The solver ECOS is not installed. 
Using SCS instead.
ECOS solver failed:  The solver ECOS is not installed. 
Using SCS instead.
ECOS solver failed:  The solver ECOS is not installed. 
Using SCS instead.
ECOS solver failed:  The solver ECOS is not installed. 
Using SCS instead.
ECOS solver failed:  The solver ECOS is not installed. 
Using SCS instead.
ECOS solver failed:  The solver ECOS is not installed. 
Using SCS instead.
ECOS solver failed:  The solver ECOS is not installed. 
Using SCS instead.
ECOS solver failed:  The solver ECOS is not installed. 
Using SCS instead.
ECOS solver failed:  The solver ECOS is not installed. 
Using SCS instead.
ECOS solver failed:  The solver ECOS is not installed. 
Using SCS instead.
ECOS solver failed:  The solver ECOS is not installed. 
Using SCS instead.
M-step Design Matrix Calculation time (sec): 0.0349
ECOS solver failed in IPCW_HAL_init, falling back to SCS: The solver ECOS is not installed.
M-step CVXPY optimize time (sec): 0.7670
ECOS solver failed:  The solver ECOS is not installed. 
Using SCS instead.
ECOS solver failed:  The solver ECOS is not installed. 
Using SCS instead.
ECOS solver failed:  The solver ECOS is not installed. 
Using SCS instead.
ECOS solver failed:  The solver ECOS is not installed. 
Using SCS instead.
ECOS solver failed:  The solver ECOS is not installed. 
Using SCS instead.
ECOS solver failed:  The solver ECOS is not installed. 
Using SCS instead.
ECOS solver failed:  The solver ECOS is not installed. 
Using SCS instead.
ECOS solver failed:  The solver ECOS is not installed. 
Using SCS instead.
ECOS solver failed:  The solver ECOS is not installed. 
Using SCS instead.
ECOS solver failed:  The solver ECOS is not installed. 
Using SCS instead.
ECOS solver failed:  The solver ECOS is not installed. 
Using SCS instead.
ECOS solver failed:  The solver ECOS is not installed. 
Using SCS instead.
ECOS solver failed:  The solver ECOS is not installed. 
Using SCS instead.
ECOS solver failed:  The solver ECOS is not installed. 
Using SCS instead.
ECOS solver failed:  The solver ECOS is not installed. 
Using SCS instead.
ECOS solver failed:  The solver ECOS is not installed. 
Using SCS instead.
ECOS solver failed:  The solver ECOS is not installed. 
Using SCS instead.
ECOS solver failed:  The solver ECOS is not installed. 
Using SCS instead.
ECOSSaved CSV files and lambda frequency plot.
