ECOS solver failed:  The solver ECOS is not installed. 
Using SCS instead.
ECOS solver failed:  The solver ECOS is not installed. 
Using SCS instead.
ECOS solver failed:  The solver ECOS is not installed. 
Using SCS instead.
ECOS solver failed:  The solver ECOS is not installed. 
Using SCS instead.
ECOS solver failed:  The solver ECOS is not installed. 
Using SCS instead.
ECOS solver failed:  The solver ECOS is not installed. 
Using SCS instead.
ECOS solver failed:  The solver ECOS is not installed. 
Using SCS instead.
ECOS solver failed:  The solver ECOS is not installed. 
Using SCS instead.
ECOS solver failed:  The solver ECOS is not installed. 
Using SCS instead.
ECOS solver failed:  The solver ECOS is not installed. 
Using SCS instead.
ECOS solver failed:  The solver ECOS is not installed. 
Using SCS instead.
ECOS solver failed:  The solver ECOS is not installed. 
Using SCS instead.
ECOS solver failed:  The solver ECOS is not installed. 
Using SCS instead.
ECOS solver failed:  The solver ECOS is not installed. 
Using SCS instead.
ECOS solver failed:  The solver ECOS is not installed. 
Using SCS instead.
ECOS solver failed:  The solver ECOS is not installed. 
Using SCS instead.
ECOS solver failed:  The solver ECOS is not installed. 
Using SCS instead.
ECOS solver failed:  The solver ECOS is not installed. 
Using SCS instead.
ECOS solver failed:  The solver ECOS is not installed. 
Using SCS instead.
ECOS solver failed:  The solver ECOS is not installed. 
Using SCS instead.
ECOS solver failed:  The solver ECOS is not installed. 
Using SCS instead.
M-step Design Matrix Calculation time (sec): 0.0152
ECOS solver failed in IPCW_HAL_init, falling back to SCS: The solver ECOS is not installed.
WARNING - large complementary slackness residual: 0.001211
M-step CVXPY optimize time (sec): 0.5615
ECOS solver failed:  The solver ECOS is not installed. 
Using SCS instead.
ECOS solver failed:  The solver ECOS is not installed. 
Using SCS instead.
ECOS solver failed:  The solver ECOS is not installed. 
Using SCS instead.
ECOS solver failed:  The solver ECOS is not installed. 
Using SCS instead.
ECOS solver failed:  The solver ECOS is not installed. 
Using SCS instead.
ECOS solver failed:  The solver ECOS is not installed. 
Using SCS instead.
ECOS solver failed:  The solver ECOS is not installed. 
Using SCS instead.
ECOS solver failed:  The solver ECOS is not installed. 
Using SCS instead.
ECOS solver failed:  The solver ECOS is not installed. 
Using SCS instead.
ECOS solver failed:  The solver ECOS is not installed. 
Using SCS instead.
ECOS solver failed:  The solver ECOS is not installed. 
Using SCS instead.
ECOS solver failed:  The solver ECOS is not installed. 
Using SCS instead.
ECOS solver failed:  The solver ECOS is not installed. 
Using SCS instead.
ECOS solver failed:  The solver ECOS is not installed. 
Using SCS instead.
ECOS solver failed:  The solver ECOS is not installed. 
Using SCS instead.
ECOS solver failed:  The solver ECOS is not installed. 
Using SCS instead.
ECOS solver failed:  The solver ECOS is not installed. 
Using SCS instead.
ECOS solver failed:  The solver ECOS is not installed. 
Using SCS instead.
ECOS solver failed:  The solver ECOS is not installed. 
Using SCS instead.
ECOS solver failed:  The solver ECOS is not installed. 
Using SCS instead.
ECOS solver failed:  The solver ECOS is not installed. 
Using SCS instead.
M-step Design Matrix Calculation time (sec): 0.0526
ECOS solver failed in IPCW_HAL_init, falling back to SCS: The solver ECOS is not installed.
WARNING - large complementary slackness residual: 0.001617
M-step CVXPY optimize time (sec): 1.2412
ECOS solver failed:  The solver ECOS is not installed. 
Using SCS instead.
ECOS solver failed:  The solver ECOS is not installed. 
Using SCS instead.
ECOS solver failed:  The solver ECOS is not installed. 
Using SCS instead.
ECOS solver failed:  The solver ECOS is not installed. 
Using SCS instead.
ECOS solver failed:  The solver ECOS is not installed. 
Using SCS instead.
ECOS solver failed:  The solver ECOS is not installed. 
Using SCS instead.
ECOS solver failed:  The solver ECOS is not installed. 
Using SCS instead.
ECOS solver failed:  The solver ECOS is not installed. 
Using SCS instead.
ECOS solver failed:  The solver ECOS is not installed. 
Using SCS instead.
ECOS solver failed:  The solver ECOS is not installed. 
Using SCS instead.
ECOS solver failed:  The solver ECOS is not installed. 
Using SCS instead.
ECOS solver failed:  The solver ECOS is not installed. 
Using SCS instead.
ECOS solver failed:  The solver ECOS is not installed. 
Using SCS instead.
ECOS solver failed:  The solver ECOS is not installed. 
Using SCS instead.
ECOS solver failed:  The solver ECOS is not installed. 
Using SCS instead.
ECOS solver failed:  The solver ECOS is not installed. 
Using SCS instead.
ECOS solver failed:  The solver ECOS is not installed. 
Using SCS instead.
ECOS solver failed:  The solver ECOS is not installed. 
Using SCS instead.
ECOS solver failed:  The solver ECOS is not installed. 
Using SCS instead.
ECOS solver failed:  The solver ECOS is not installed. 
Using SCS instead.
ECOS solver failed:  The solver ECOS is not installed. 
Using SCS instead.
M-step Design Matrix Calculation time (sec): 0.0579
ECOS solver failed in IPCW_HAL_init, falling back to SCS: The solver ECOS is not installed.
WARNING - large complementary slackness residual: 0.001109
M-step CVXPY optimize time (sec): 1.2496
ECOS solver failed:  The solver ECOS is not installed. 
Using SCS instead.
ECOS solver failed:  The solver ECOS is not installed. 
Using SCS instead.
ECOS solver failed:  The solver ECOS is not installed. 
Using SCS instead.
ECOS solver failed:  The solver ECOS is not installed. 
Using SCS instead.
ECOS solver failed:  The solver ECOS is not installed. 
Using SCS instead.
ECOS solver failed:  The solver ECOS is not installed. 
Using SCS instead.
ECOS solver failed:  The solver ECOS is not installed. 
Using SCS instead.
ECOS solver failed:  The solver ECOS is not installed. 
Using SCS instead.
ECOS solver failed:  The solver ECOS is not installed. 
Using SCS instead.
ECOS solver failed:  The solver ECOS is not installed. 
Using SCS instead.
ECOS solver failed:  The solver ECOS is not installed. 
Using SCS instead.
ECOS solver failed:  The solver ECOS is not installed. 
Using SCS instead.
ECOS solver failed:  The solver ECOS is not installed. 
Using SCS instead.
ECOS solver failed:  The solver ECOS is not installed. 
Using SCS instead.
ECOS solver failed:  The solver ECOS is not installed. 
Using SCS instead.
ECOS solver failed:  The solver ECOS is not installed. 
Using SCS instead.
ECOS solver failed:  The solver ECOS is not installed. 
Using SCS instead.
ECOS solver failed:  The solver ECOS is not installed. 
Using SCS instead.
ECOS solver failed:  The solver ECOS is not installed. 
Using SCS instead.
ECOS solver failed:  The solver ECOS is not installed. 
Using SCS instead.
ECOS solver failed:  The solver ECOS is not installed. 
Using SCS instead.
M-step Design Matrix Calculation time (sec): 0.0139
ECOS solver failed in IPCW_HAL_init, falling back to SCS: The solver ECOS is not installed.
WARNING - large complementary slackness residual: 0.001003
M-step CVXPY optimize time (sec): 1.3850
ECOS solver failed:  The solver ECOS is not installed. 
Using SCS instead.
ECOS solver failed:  The solver ECOS is not installed. 
Using SCS instead.
ECOS solver failed:  The solver ECOS is not installed. 
Using SCS instead.
ECOS solver failed:  The solver ECOS is not installed. 
Using SCS instead.
ECOS solver failed:  The solver ECOS is not installed. 
Using SCS instead.
ECOS solver failed:  The solver ECOS is not installed. 
Using SCS instead.
ECOS solver failed:  The solver ECOS is not installed. 
Using SCS instead.
ECOS solver failed:  The solver ECOS is not installed. 
Using SCS instead.
ECOS solver failed:  The solver ECOS is not installed. 
Using SCS instead.
ECOS solver failed:  The solver ECOS is not installed. 
Using SCS instead.
ECOS solver failed:  The solver ECOS is not installed. 
Using SCS instead.
ECOS solver failed:  The solver ECOS is not installed. 
Using SCS instead.
ECOS solver failed:  The solver ECOS is not installed. 
Using SCS instead.
ECOS solver failed:  The solver ECOS is not installed. 
Using SCS instead.
ECOS solver failed:  The solver ECOS is not installed. 
Using SCS instead.
ECOS solver failed:  The solver ECOS is not installed. 
Using SCS instead.
ECOS solver failed:  The solver ECOS is not installed. 
Using SCS instead.
ECOS solver failed:  The solver ECOS is not installed. 
Using SCS instead.
ECOS solver failed:  The solver ECOS is not installed. 
Using SCS instead.
ECOS solver failed:  The solver ECOS is not installed. 
Using SCS instead.
ECOS solver failed:  The solver ECOS is not installed. 
Using SCS instead.
M-step Design Matrix Calculation time (sec): 0.0149
ECOS solver failed in IPCW_HAL_init, falling back to SCS: The solver ECOS is not installed.
WARNING - large complementary slackness residual: 0.002440
M-step CVXPY optimize time (sec): 0.9858
ECOS solver failed:  The solver ECOS is not installed. 
Using SCS instead.
ECOS solver failed:  The solver ECOS is not installed. 
Using SCS instead.
ECOS solver failed:  The solver ECOS is not installed. 
Using SCS instead.
ECOS solver failed:  The solver ECOS is not installed. 
Using SCS instead.
ECOS solver failed:  The solver ECOS is not installed. 
Using SCS instead.
ECOS solver failed:  The solver ECOS is not installed. 
Using SCS instead.
ECOS solver failed:  The solver ECOS is not installed. 
Using SCS instead.
ECOS solver failed:  The solver ECOS is not installed. 
Using SCS instead.
ECOS solver failed:  The solver ECOS is not installed. 
Using SCS instead.
ECOS solver failed:  The solver ECOS is not installed. 
Using SCS instead.
ECOS solver failed:  The solver ECOS is not installed. 
Using SCS instead.
ECOS solver failed:  The solver ECOS is not installed. 
Using SCS instead.
ECOS solver failed:  The solver ECOS is not installed. 
Using SCS instead.
ECOS solver failed:  The solver ECOS is not installed. 
Using SCS instead.
ECOS solver failed:  The solver ECOS is not installed. 
Using SCS instead.
ECOS solver failed:  The solver ECOS is not installed. 
Using SCS instead.
ECOS solver failed:  The solver ECOS is not installed. 
Using SCS instead.
ECOS solver failed:  The solver ECOS is not installed. 
Using SCS instead.
ECOS solver failed:  The solver ECOS is not installed. 
Using SCS instead.
ECOS solver failed:  The solver ECOS is not installed. 
Using SCS instead.
ECOS solver failed:  The solver ECOS is not installed. 
Using SCS instead.
M-step Design Matrix Calculation time (sec): 0.0411
ECOS solver failed in IPCW_HAL_init, falling back to SCS: The solver ECOS is not installed.
WARNING - large complementary slackness residual: 0.002195
M-step CVXPY optimize time (sec): 0.6419
ECOS solver failed:  The solver ECOS is not installed. 
Using SCS instead.
ECOS solver failed:  The solver ECOS is not installed. 
Using SCS instead.
ECOS solver failed:  The solver ECOS is not installed. 
Using SCS instead.
ECOS solver failed:  The solver ECOS is not installed. 
Using SCS instead.
ECOS solver failed:  The solver ECOS is not installed. 
Using SCS instead.
ECOS solver failed:  The solver ECOS is not installed. 
Using SCS instead.
ECOS solver failed:  The solver ECOS is not installed. 
Using SCS instead.
ECOS solver failed:  The solver ECOS is not installed. 
Using SCS instead.
ECOS solver failed:  The solver ECOS is not installed. 
Using SCS instead.
ECOS solver failed:  The solver ECOS is not installed. 
Using SCS instead.
ECOS solver failed:  The solver ECOS is not installed. 
Using SCS instead.
ECOS solver failed:  The solver ECOS is not installed. 
Using SCS instead.
ECOS solver failed:  The solver ECOS is not installed. 
Using SCS instead.
ECOS solver failed:  The solver ECOS is not installed. 
Using SCS instead.
ECOS solver failed:  The solver ECOS is not installed. 
Using SCS instead.
ECOS solver failed:  The solver ECOS is not installed. 
Using SCS instead.
ECOS solver failed:  The solver ECOS is not installed. 
Using SCS instead.
ECOS solver failed:  The solver ECOS is not installed. 
Using SCS instead.
ECOS solver failed:  The solver ECOS is not installed. 
Using SCS instead.
ECOS solver failed:  The solver ECOS is not installed. 
Using SCS instead.
ECOS solver failed:  The solver ECOS is not installed. 
Using SCS instead.
M-step Design Matrix Calculation time (sec): 0.2709
ECOS solver failed in IPCW_HAL_init, falling back to SCS: The solver ECOS is not installed.
M-step CVXPY optimize time (sec): 3.2174
ECOS solver failed:  The solver ECOS is not installed. 
Using SCS instead.
ECOS solver failed:  The solver ECOS is not installed. 
Using SCS instead.
ECOS solver failed:  The solver ECOS is not installed. 
Using SCS instead.
ECOS solver failed:  The solver ECOS is not installed. 
Using SCS instead.
ECOS solver failed:  The solver ECOS is not installed. 
Using SCS instead.
ECOS solver failed:  The solver ECOS is not installed. 
Using SCS instead.
ECOS solver failed:  The solver ECOS is not installed. 
Using SCS instead.
ECOS solver failed:  The solver ECOS is not installed. 
Using SCS instead.
ECOS solver failed:  The solver ECOS is not installed. 
Using SCS instead.
ECOS solver failed:  The solver ECOS is not installed. 
Using SCS instead.
ECOS solver failed:  The solver ECOS is not installed. 
Using SCS instead.
ECOS solver failed:  The solver ECOS is not installed. 
Using SCS instead.
ECOS solver failed:  The solver ECOS is not installed. 
Using SCS instead.
ECOS solver failed:  The solver ECOS is not installed. 
Using SCS instead.
ECOS solver failed:  The solver ECOS is not installed. 
Using SCS instead.
ECOS solver failed:  The solver ECOS is not installed. 
Using SCS instead.
ECOS solver failed:  The solver ECOS is not installed. 
Using SCS instead.
ECOS solver failed:  The solver ECOS is not installed. 
Using SCS instead.
ECOS solver failed:  The solver ECOS is not installed. 
Using SCS instead.
ECOS solver failed:  The solver ECOS is not installed. 
Using SCS instead.
ECOS solver failed:  The solver ECOS is not installed. 
Using SCS instead.
M-step Design Matrix Calculation time (sec): 0.1069
ECOS solver failed in IPCW_HAL_init, falling back to SCS: The solver ECOS is not installed.
M-step CVXPY optimize time (sec): 1.1374
ECOS solver failed:  The solver ECOS is not installed. 
Using SCS instead.
ECOS solver failed:  The solver ECOS is not installed. 
Using SCS instead.
ECOS solver failed:  The solver ECOS is not installed. 
Using SCS instead.
ECOS solver failed:  The solver ECOS is not installed. 
Using SCS instead.
ECOS solver failed:  The solver ECOS is not installed. 
Using SCS instead.
ECOS solver failed:  The solver ECOS is not installed. 
Using SCS instead.
ECOS solver failed:  The solver ECOS is not installed. 
Using SCS instead.
ECOS solver failed:  The solver ECOS is not installed. 
Using SCS instead.
ECOS solver failed:  The solver ECOS is not installed. 
Using SCS instead.
ECOS solver failed:  The solver ECOS is not installed. 
Using SCS instead.
ECOS solver failed:  The solver ECOS is not installed. 
Using SCS instead.
ECOS solver failed:  The solver ECOS is not installed. 
Using SCS instead.
ECOS solver failed:  The solver ECOS is not installed. 
Using SCS instead.
ECOS solver failed:  The solver ECOS is not installed. 
Using SCS instead.
ECOS solver failed:  The solver ECOS is not installed. 
Using SCS instead.
ECOS solver failed:  The solver ECOS is not installed. 
Using SCS instead.
ECOS solver failed:  The solver ECOS is not installed. 
Using SCS instead.
ECOS solver failed:  The solver ECOS is not installed. 
Using SCS instead.
ECOS solver failed:  The solver ECOS is not installed. 
Using SCS instead.
ECOS solver failed:  The solver ECOS is not installed. 
Using SCS instead.
ECOS solver failed:  The solver ECOS is not installed. 
Using SCS instead.
M-step Design Matrix Calculation time (sec): 0.0508
ECOS solver failed in IPCW_HAL_init, falling back to SCS: The solver ECOS is not installed.
WARNING - large complementary slackness residual: 0.001224
M-step CVXPY optimize time (sec): 2.0181
ECOS solver failed:  The solver ECOS is not installed. 
Using SCS instead.
ECOS solver failed:  The solver ECOS is not installed. 
Using SCS instead.
ECOS solver failed:  The solver ECOS is not installed. 
Using SCS instead.
ECOS solver failed:  The solver ECOS is not installed. 
Using SCS instead.
ECOS solver failed:  The solver ECOS is not installed. 
Using SCS instead.
ECOS solver failed:  The solver ECOS is not installed. 
Using SCS instead.
ECOS solver failed:  The solver ECOS is not installed. 
Using SCS instead.
ECOS solver failed:  The solver ECOS is not installed. 
Using SCS instead.
ECOS solver failed:  The solver ECOS is not installed. 
Using SCS instead.
ECOS solver failed:  The solver ECOS is not installed. 
Using SCS instead.
ECOS solver failed:  The solver ECOS is not installed. 
Using SCS instead.
ECOS solver failed:  The solver ECOS is not installed. 
Using SCS instead.
ECOS solver failed:  The solver ECOS is not installed. 
Using SCS instead.
ECOS solver failed:  The solver ECOS is not installed. 
Using SCS instead.
ECOS solver failed:  The solver ECOS is not installed. 
Using SCS instead.
ECOS solver failed:  The solver ECOS is not installed. 
Using SCS instead.
ECOS solver failed:  The solver ECOS is not installed. 
Using SCS instead.
ECOS solver failed:  The solver ECOS is not installed. 
Using SCS instead.
ECOS solver failed:  The solver ECOS is not installed. 
Using SCS instead.
ECOS solver failed:  The solver ECOS is not installed. 
Using SCS instead.
ECOS solver failed:  The solver ECOS is not installed. 
Using SCS instead.
M-step Design Matrix Calculation time (sec): 0.0161
ECOS solver failed in IPCW_HAL_init, falling back to SCS: The solver ECOS is not installed.
M-step CVXPY optimize time (sec): 0.6459
ECOS solver failed:  The solver ECOS is not installed. 
Using SCS instead.
ECOS solver failed:  The solver ECOS is not installed. 
Using SCS instead.
ECOS solver failed:  The solver ECOS is not installed. 
Using SCS instead.
ECOS solver failed:  The solver ECOS is not installed. 
Using SCS instead.
ECOS solver failed:  The solver ECOS is not installed. 
Using SCS instead.
ECOS solver failed:  The solver ECOS is not installed. 
Using SCS instead.
ECOS solver failed:  The solver ECOS is not installed. 
Using SCS instead.
ECOS solver failed:  The solver ECOS is not installed. 
Using SCS instead.
ECOS solver failed:  The solver ECOS is not installed. 
Using SCS instead.
ECOS solver failed:  The solver ECOS is not installed. 
Using SCS instead.
ECOS solver failed:  The solver ECOS is not installed. 
Using SCS instead.
ECOS solver failed:  The solver ECOS is not installed. 
Using SCS instead.
ECOS solver failed:  The solver ECOS is not installed. 
Using SCS instead.
ECOS solver failed:  The solver ECOS is not installed. 
Using SCS instead.
ECOS solver failed:  The solver ECOS is not installed. 
Using SCS instead.
ECOS solver failed:  The solver ECOS is not installed. 
Using SCS instead.
ECOS solver failed:  The solver ECOS is not installed. 
Using SCS instead.
ECOS solver failed:  The solver ECOS is not installed. 
Using SCS instead.
ECOS solver failed:  The solver ECOS is not installed. 
Using SCS instead.
ECOS solver failed:  The solver ECOS is not installed. 
Using SCS instead.
ECOS solver failed:  The solver ECOS is not installed. 
Using SCS instead.
M-step Design Matrix Calculation time (sec): 0.0928
ECOS solver failed in IPCW_HAL_init, falling back to SCS: The solver ECOS is not installed.
M-step CVXPY optimize time (sec): 2.4456
ECOS solver failed:  The solver ECOS is not installed. 
Using SCS instead.
ECOS solver failed:  The solver ECOS is not installed. 
Using SCS instead.
ECOS solver failed:  The solver ECOS is not installed. 
Using SCS instead.
ECOS solver failed:  The solver ECOS is not installed. 
Using SCS instead.
ECOS solver failed:  The solver ECOS is not installed. 
Using SCS instead.
ECOS solver failed:  The solver ECOS is not installed. 
Using SCS instead.
ECOS solver failed:  The solver ECOS is not installed. 
Using SCS instead.
ECOS solver failed:  The solver ECOS is not installed. 
Using SCS instead.
ECOS solver failed:  The solver ECOS is not installed. 
Using SCS instead.
ECOS solver failed:  The solver ECOS is not installed. 
Using SCS instead.
ECOS solver failed:  The solver ECOS is not installed. 
Using SCS instead.
ECOS solver failed:  The solver ECOS is not installed. 
Using SCS instead.
ECOS solver failed:  The solver ECOS is not installed. 
Using SCS instead.
ECOS solver failed:  The solver ECOS is not installed. 
Using SCS instead.
ECOS solver failed:  The solver ECOS is not installed. 
Using SCS instead.
ECOS solver failed:  The solver ECOS is not installed. 
Using SCS instead.
ECOS solver failed:  The solver ECOS is not installed. 
Using SCS instead.
ECOS solver failed:  The solver ECOS is not installed. 
Using SCS instead.
ECOS solver failed:  The solver ECOS is not installed. 
Using SCS instead.
ECOS solver failed:  The solver ECOS is not installed. 
Using SCS instead.
ECOS solver failed:  The solver ECOS is not installed. 
Using SCS instead.
M-step Design Matrix Calculation time (sec): 0.0311
ECOS solver failed in IPCW_HAL_init, falling back to SCS: The solver ECOS is not installed.
WARNING - large complementary slackness residual: 0.002954
M-step CVXPY optimize time (sec): 0.5880
ECOS solver failed:  The solver ECOS is not installed. 
Using SCS instead.
ECOS solver failed:  The solver ECOS is not installed. 
Using SCS instead.
ECOS solver failed:  The solver ECOS is not installed. 
Using SCS instead.
ECOS solver failed:  The solver ECOS is not installed. 
Using SCS instead.
ECOS solver failed:  The solver ECOS is not installed. 
Using SCS instead.
ECOS solver failed:  The solver ECOS is not installed. 
Using SCS instead.
ECOS solver failed:  The solver ECOS is not installed. 
Using SCS instead.
ECOS solver failed:  The solver ECOS is not installed. 
Using SCS instead.
ECOS solver failed:  The solver ECOS is not installed. 
Using SCS instead.
ECOS solver failed:  The solver ECOS is not installed. 
Using SCS instead.
ECOS solver failed:  The solver ECOS is not installed. 
Using SCS instead.
ECOS solver failed:  The solver ECOS is not installed. 
Using SCS instead.
ECOS solver failed:  The solver ECOS is not installed. 
Using SCS instead.
ECOS solver failed:  The solver ECOS is not installed. 
Using SCS instead.
ECOS solver failed:  The solver ECOS is not installed. 
Using SCS instead.
ECOS solver failed:  The solver ECOS is not installed. 
Using SCS instead.
ECOS solver failed:  The solver ECOS is not installed. 
Using SCS instead.
ECOS solver failed:  The solver ECOS is not installed. 
Using SCS instead.
ECOS solver failed:  The solver ECOS is not installed. 
Using SCS instead.
ECOS solver failed:  The solver ECOS is not installed. 
Using SCS instead.
ECOS solver failed:  The solver ECOS is not installed. 
Using SCS instead.
M-step Design Matrix Calculation time (sec): 0.0148
ECOS solver failed in IPCW_HAL_init, falling back to SCS: The solver ECOS is not installed.
WARNING - large complementary slackness residual: 0.004781
M-step CVXPY optimize time (sec): 0.9500
ECOS solver failed:  The solver ECOS is not installed. 
Using SCS instead.
ECOS solver failed:  The solver ECOS is not installed. 
Using SCS instead.
ECOS solver failed:  The solver ECOS is not installed. 
Using SCS instead.
ECOS solver failed:  The solver ECOS is not installed. 
Using SCS instead.
ECOS solver failed:  The solver ECOS is not installed. 
Using SCS instead.
ECOS solver failed:  The solver ECOS is not installed. 
Using SCS instead.
ECOS solver failed:  The solver ECOS is not installed. 
Using SCS instead.
ECOS solver failed:  The solver ECOS is not installed. 
Using SCS instead.
ECOS solver failed:  The solver ECOS is not installed. 
Using SCS instead.
ECOS solver failed:  The solver ECOS is not installed. 
Using SCS instead.
ECOS solver failed:  The solver ECOS is not installed. 
Using SCS instead.
ECOS solver failed:  The solver ECOS is not installed. 
Using SCS instead.
ECOS solver failed:  The solver ECOS is not installed. 
Using SCS instead.
ECOS solver failed:  The solver ECOS is not installed. 
Using SCS instead.
ECOS solver failed:  The solver ECOS is not installed. 
Using SCS instead.
ECOS solver failed:  The solver ECOS is not installed. 
Using SCS instead.
ECOS solver failed:  The solver ECOS is not installed. 
Using SCS instead.
ECOS solver failed:  The solver ECOS is not installed. 
Using SCS instead.
ECOS solver failed:  The solver ECOS is not installed. 
Using SCS instead.
ECOS solver failed:  The solver ECOS is not installed. 
Using SCS instead.
ECOS solver failed:  The solver ECOS is not installed. 
Using SCS instead.
M-step Design Matrix Calculation time (sec): 0.0276
ECOS solver failed in IPCW_HAL_init, falling back to SCS: The solver ECOS is not installed.
WARNING - large complementary slackness residual: 0.001172
M-step CVXPY optimize time (sec): 0.4853
ECOS solver failed:  The solver ECOS is not installed. 
Using SCS instead.
ECOS solver failed:  The solver ECOS is not installed. 
Using SCS instead.
ECOS solver failed:  The solver ECOS is not installed. 
Using SCS instead.
ECOS solver failed:  The solver ECOS is not installed. 
Using SCS instead.
ECOS solver failed:  The solver ECOS is not installed. 
Using SCS instead.
ECOS solver failed:  The solver ECOS is not installed. 
Using SCS instead.
ECOS solver failed:  The solver ECOS is not installed. 
Using SCS instead.
ECOS solver failed:  The solver ECOS is not installed. 
Using SCS instead.
ECOS solver failed:  The solver ECOS is not installed. 
Using SCS instead.
ECOS solver failed:  The solver ECOS is not installed. 
Using SCS instead.
ECOS solver failed:  The solver ECOS is not installed. 
Using SCS instead.
ECOS solver failed:  The solver ECOS is not installed. 
Using SCS instead.
ECOS solver failed:  The solver ECOS is not installed. 
Using SCS instead.
ECOS solver failed:  The solver ECOS is not installed. 
Using SCS instead.
ECOS solver failed:  The solver ECOS is not installed. 
Using SCS instead.
ECOS solver failed:  The solver ECOS is not installed. 
Using SCS instead.
ECOS solver failed:  The solver ECOS is not installed. 
Using SCS instead.
ECOS solver failed:  The solver ECOS is not installed. 
Using SCS instead.
ECOS solver failed:  The solver ECOS is not installed. 
Using SCS instead.
ECOS solver failed:  The solver ECOS is not installed. 
Using SCS instead.
ECOS solver failed:  The solver ECOS is not installed. 
Using SCS instead.
M-step Design Matrix Calculation time (sec): 0.0150
ECOS solver failed in IPCW_HAL_init, falling back to SCS: The solver ECOS is not installed.
WARNING - large complementary slackness residual: 0.001039
M-step CVXPY optimize time (sec): 0.5773
ECOS solver failed:  The solver ECOS is not installed. 
Using SCS instead.
ECOS solver failed:  The solver ECOS is not installed. 
Using SCS instead.
ECOS solver failed:  The solver ECOS is not installed. 
Using SCS instead.
ECOS solver failed:  The solver ECOS is not installed. 
Using SCS instead.
ECOS solver failed:  The solver ECOS is not installed. 
Using SCS instead.
ECOS solver failed:  The solver ECOS is not installed. 
Using SCS instead.
ECOS solver failed:  The solver ECOS is not installed. 
Using SCS instead.
ECOS solver failed:  The solver ECOS is not installed. 
Using SCS instead.
ECOS solver failed:  The solver ECOS is not installed. 
Using SCS instead.
ECOS solver failed:  The solver ECOS is not installed. 
Using SCS instead.
ECOS solver failed:  The solver ECOS is not installed. 
Using SCS instead.
ECOS solver failed:  The solver ECOS is not installed. 
Using SCS instead.
ECOS solver failed:  The solver ECOS is not installed. 
Using SCS instead.
ECOS solver failed:  The solver ECOS is not installed. 
Using SCS instead.
ECOS solver failed:  The solver ECOS is not installed. 
Using SCS instead.
ECOS solver failed:  The solver ECOS is not installed. 
Using SCS instead.
ECOS solver failed:  The solver ECOS is not installed. 
Using SCS instead.
ECOS solver failed:  The solver ECOS is not installed. 
Using SCS instead.
ECOS solver failed:  The solver ECOS is not installed. 
Using SCS instead.
ECOS solver failed:  The solver ECOS is not installed. 
Using SCS instead.
ECOS solver failed:  The solver ECOS is not installed. 
Using SCS instead.
M-step Design Matrix Calculation time (sec): 0.0313
ECOS solver failed in IPCW_HAL_init, falling back to SCS: The solver ECOS is not installed.
M-step CVXPY optimize time (sec): 0.4037
ECOS solver failed:  The solver ECOS is not installed. 
Using SCS instead.
ECOS solver failed:  The solver ECOS is not installed. 
Using SCS instead.
ECOS solver failed:  The solver ECOS is not installed. 
Using SCS instead.
ECOS solver failed:  The solver ECOS is not installed. 
Using SCS instead.
ECOS solver failed:  The solver ECOS is not installed. 
Using SCS instead.
ECOS solver failed:  The solver ECOS is not installed. 
Using SCS instead.
ECOS solver failed:  The solver ECOS is not installed. 
Using SCS instead.
ECOS solver failed:  The solver ECOS is not installed. 
Using SCS instead.
ECOS solver failed:  The solver ECOS is not installed. 
Using SCS instead.
ECOS solver failed:  The solver ECOS is not installed. 
Using SCS instead.
ECOS solver failed:  The solver ECOS is not installed. 
Using SCS instead.
ECOS solver failed:  The solver ECOS is not installed. 
Using SCS instead.
ECOS solver failed:  The solver ECOS is not installed. 
Using SCS instead.
ECOS solver failed:  The solver ECOS is not installed. 
Using SCS instead.
ECOS solver failed:  The solver ECOS is not installed. 
Using SCS instead.
ECOS solver failed:  The solver ECOS is not installed. 
Using SCS instead.
ECOS solver failed:  The solver ECOS is not installed. 
Using SCS instead.
ECOS solver failed:  The solver ECOS is not installed. 
Using SCS instead.
ECOS solver failed:  The solver ECOS is not installed. 
Using SCS instead.
ECOS solver failed:  The solver ECOS is not installed. 
Using SCS instead.
ECOS solver failed:  The solver ECOS is not installed. 
Using SCS instead.
M-step Design Matrix Calculation time (sec): 0.0149
ECOS solver failed in IPCW_HAL_init, falling back to SCS: The solver ECOS is not installed.
M-step CVXPY optimize time (sec): 0.7511
ECOS solver failed:  The solver ECOS is not installed. 
Using SCS instead.
ECOS solver failed:  The solver ECOS is not installed. 
Using SCS instead.
ECOS solver failed:  The solver ECOS is not installed. 
Using SCS instead.
ECOS solver failed:  The solver ECOS is not installed. 
Using SCS instead.
ECOS solver failed:  The solver ECOS is not installed. 
Using SCS instead.
ECOS solver failed:  The solver ECOS is not installed. 
Using SCS instead.
ECOS solver failed:  The solver ECOS is not installed. 
Using SCS instead.
ECOS solver failed:  The solver ECOS is not installed. 
Using SCS instead.
ECOS solver failed:  The solver ECOS is not installed. 
Using SCS instead.
ECOS solver failed:  The solver ECOS is not installed. 
Using SCS instead.
ECOS solver failed:  The solver ECOS is not installed. 
Using SCS instead.
ECOS solver failed:  The solver ECOS is not installed. 
Using SCS instead.
ECOS solver failed:  The solver ECOS is not installed. 
Using SCS instead.
ECOS solver failed:  The solver ECOS is not installed. 
Using SCS instead.
ECOS solver failed:  The solver ECOS is not installed. 
Using SCS instead.
ECOS solver failed:  The solver ECOS is not installed. 
Using SCS instead.
ECOS solver failed:  The solver ECOS is not installed. 
Using SCS instead.
ECOS solver failed:  The solver ECOS is not installed. 
Using SCS instead.
ECOS solver failed:  The solver ECOS is not installed. 
Using SCS instead.
ECOS solver failed:  The solver ECOS is not installed. 
Using SCS instead.
ECOS solver failed:  The solver ECOS is not installed. 
Using SCS instead.
M-step Design Matrix Calculation time (sec): 0.0150
ECOS solver failed in IPCW_HAL_init, falling back to SCS: The solver ECOS is not installed.
WARNING - large complementary slackness residual: 0.001639
M-step CVXPY optimize time (sec): 0.8946
ECOS solver failed:  The solver ECOS is not installed. 
Using SCS instead.
ECOS solver failed:  The solver ECOS is not installed. 
Using SCS instead.
ECOS solver failed:  The solver ECOS is not installed. 
Using SCS instead.
ECOS solver failed:  The solver ECOS is not installed. 
Using SCS instead.
ECOS solver failed:  The solver ECOS is not installed. 
Using SCS instead.
ECOS solver failed:  The solver ECOS is not installed. 
Using SCS instead.
ECOS solver failed:  The solver ECOS is not installed. 
Using SCS instead.
ECOS solver failed:  The solver ECOS is not installed. 
Using SCS instead.
ECOS solver failed:  The solver ECOS is not installed. 
Using SCS instead.
ECOS solver failed:  The solver ECOS is not installed. 
Using SCS instead.
ECOS solver failed:  The solver ECOS is not installed. 
Using SCS instead.
ECOS solver failed:  The solver ECOS is not installed. 
Using SCS instead.
ECOS solver failed:  The solver ECOS is not installed. 
Using SCS instead.
ECOS solver failed:  The solver ECOS is not installed. 
Using SCS instead.
ECOS solver failed:  The solver ECOS is not installed. 
Using SCS instead.
ECOS solver failed:  The solver ECOS is not installed. 
Using SCS instead.
ECOS solver failed:  The solver ECOS is not installed. 
Using SCS instead.
ECOS solver failed:  The solver ECOS is not installed. 
Using SCS instead.
ECOS solver failed:  The solver ECOS is not installed. 
Using SCS instead.
ECOS solver failed:  The solver ECOS is not installed. 
Using SCS instead.
ECOS solver failed:  The solver ECOS is not installed. 
Using SCS instead.
M-step Design Matrix Calculation time (sec): 0.0142
ECOS solver failed in IPCW_HAL_init, falling back to SCS: The solver ECOS is not installed.
WARNING - large complementary slackness residual: 0.001100
M-step CVXPY optimize time (sec): 0.6345
ECOS solver failed:  The solver ECOS is not installed. 
Using SCS instead.
ECOS solver failed:  The solver ECOS is not installed. 
Using SCS instead.
ECOS solver failed:  The solver ECOS is not installed. 
Using SCS instead.
ECOS solver failed:  The solver ECOS is not installed. 
Using SCS instead.
ECOS solver failed:  The solver ECOS is not installed. 
Using SCS instead.
ECOS solver failed:  The solver ECOS is not installed. 
Using SCS instead.
ECOS solver failed:  The solver ECOS is not installed. 
Using SCS instead.
ECOS solver failed:  The solver ECOS is not installed. 
Using SCS instead.
ECOS solver failed:  The solver ECOS is not installed. 
Using SCS instead.
ECOS solver failed:  The solver ECOS is not installed. 
Using SCS instead.
ECOS solver failed:  The solver ECOS is not installed. 
Using SCS instead.
ECOS solver failed:  The solver ECOS is not installed. 
Using SCS instead.
ECOS solver failed:  The solver ECOS is not installed. 
Using SCS instead.
ECOS solver failed:  The solver ECOS is not installed. 
Using SCS instead.
ECOS solver failed:  The solver ECOS is not installed. 
Using SCS instead.
ECOS solver failed:  The solver ECOS is not installed. 
Using SCS instead.
ECOS solver failed:  The solver ECOS is not installed. 
Using SCS instead.
ECOS solver failed:  The solver ECOS is not installed. 
Using SCS instead.
ECOS solver failed:  The solver ECOS is not installed. 
Using SCS instead.
ECOS solver failed:  The solver ECOS is not installed. 
Using SCS instead.
ECOS solver failed:  The solver ECOS is not installed. 
Using SCS instead.
M-step Design Matrix Calculation time (sec): 0.0144
ECOS solver failed in IPCW_HAL_init, falling back to SCS: The solver ECOS is not installed.
M-step CVXPY optimize time (sec): 0.3959
ECOS solver failed:  The solver ECOS is not installed. 
Using SCS instead.
ECOS solver failed:  The solver ECOS is not installed. 
Using SCS instead.
ECOS solver failed:  The solver ECOS is not installed. 
Using SCS instead.
ECOS solver failed:  The solver ECOS is not installed. 
Using SCS instead.
ECOS solver failed:  The solver ECOS is not installed. 
Using SCS instead.
ECOS solver failed:  The solver ECOS is not installed. 
Using SCS instead.
ECOS solver failed:  The solver ECOS is not installed. 
Using SCS instead.
ECOS solver failed:  The solver ECOS is not installed. 
Using SCS instead.
ECOS solver failed:  The solver ECOS is not installed. 
Using SCS instead.
ECOS solver failed:  The solver ECOS is not installed. 
Using SCS instead.
ECOS solver failed:  The solver ECOS is not installed. 
Using SCS instead.
ECOS solver failed:  The solver ECOS is not installed. 
Using SCS instead.
ECOS solver failed:  The solver ECOS is not installed. 
Using SCS instead.
ECOS solver failed:  The solver ECOS is not installed. 
Using SCS instead.
ECOS solver failed:  The solver ECOS is not installed. 
Using SCS instead.
ECOS solver failed:  The solver ECOS is not installed. 
Using SCS instead.
ECOS solver failed:  The solver ECOS is not installed. 
Using SCS instead.
ECOS solver failed:  The solver ECOS is not installed. 
Using SCS instead.
ECOS solver failed:  The solver ECOS is not installed. 
Using SCS instead.
ECOS solver failed:  The solver ECOS is not installed. 
Using SCS instead.
ECOS solver failed:  The solver ECOS is not installed. 
Using SCS instead.
M-step Design Matrix Calculation time (sec): 0.0152
ECOS solver failed in IPCW_HAL_init, falling back to SCS: The solver ECOS is not installed.
WARNING - large complementary slackness residual: 0.002706
M-step CVXPY optimize time (sec): 0.3341
ECOS solver failed:  The solver ECOS is not installed. 
Using SCS instead.
ECOS solver failed:  The solver ECOS is not installed. 
Using SCS instead.
ECOS solver failed:  The solver ECOS is not installed. 
Using SCS instead.
ECOS solver failed:  The solver ECOS is not installed. 
Using SCS instead.
ECOS solver failed:  The solver ECOS is not installed. 
Using SCS instead.
ECOS solver failed:  The solver ECOS is not installed. 
Using SCS instead.
ECOS solver failed:  The solver ECOS is not installed. 
Using SCS instead.
ECOS solver failed:  The solver ECOS is not installed. 
Using SCS instead.
ECOS solver failed:  The solver ECOS is not installed. 
Using SCS instead.
ECOS solver failed:  The solver ECOS is not installed. 
Using SCS instead.
ECOS solver failed:  The solver ECOS is not installed. 
Using SCS instead.
ECOS solver failed:  The solver ECOS is not installed. 
Using SCS instead.
ECOS solver failed:  The solver ECOS is not installed. 
Using SCS instead.
ECOS solver failed:  The solver ECOS is not installed. 
Using SCS instead.
ECOS solver failed:  The solver ECOS is not installed. 
Using SCS instead.
ECOS solver failed:  The solver ECOS is not installed. 
Using SCS instead.
ECOS solver failed:  The solver ECOS is not installed. 
Using SCS instead.
ECOS solver failed:  The solver ECOS is not installed. 
Using SCS instead.
ECOS solver failed:  The solver ECOS is not installed. 
Using SCS instead.
ECOS solver failed:  The solver ECOS is not installed. 
Using SCS instead.
ECOS solver failed:  The solver ECOS is not installed. 
Using SCS instead.
M-step Design Matrix Calculation time (sec): 0.0146
ECOS solver failed in IPCW_HAL_init, falling back to SCS: The solver ECOS is not installed.
WARNING - large complementary slackness residual: 0.001118
M-step CVXPY optimize time (sec): 0.6634
ECOS solver failed:  The solver ECOS is not installed. 
Using SCS instead.
ECOS solver failed:  The solver ECOS is not installed. 
Using SCS instead.
ECOS solver failed:  The solver ECOS is not installed. 
Using SCS instead.
ECOS solver failed:  The solver ECOS is not installed. 
Using SCS instead.
ECOS solver failed:  The solver ECOS is not installed. 
Using SCS instead.
ECOS solver failed:  The solver ECOS is not installed. 
Using SCS instead.
ECOS solver failed:  The solver ECOS is not installed. 
Using SCS instead.
ECOS solver failed:  The solver ECOS is not installed. 
Using SCS instead.
ECOS solver failed:  The solver ECOS is not installed. 
Using SCS instead.
ECOS solver failed:  The solver ECOS is not installed. 
Using SCS instead.
ECOS solver failed:  The solver ECOS is not installed. 
Using SCS instead.
ECOS solver failed:  The solver ECOS is not installed. 
Using SCS instead.
ECOS solver failed:  The solver ECOS is not installed. 
Using SCS instead.
ECOS solver failed:  The solver ECOS is not installed. 
Using SCS instead.
ECOS solver failed:  The solver ECOS is not installed. 
Using SCS instead.
ECOS solver failed:  The solver ECOS is not installed. 
Using SCS instead.
ECOS solver failed:  The solver ECOS is not installed. 
Using SCS instead.
ECOS solver failed:  The solver ECOS is not installed. 
Using SCS instead.
ECOS solver failed:  The solver ECOS is not installed. 
Using SCS instead.
ECOS solver failed:  The solver ECOS is not installed. 
Using SCS instead.
ECOS solver failed:  The solver ECOS is not installed. 
Using SCS instead.
M-step Design Matrix Calculation time (sec): 0.0156
ECOS solver failed in IPCW_HAL_init, falling back to SCS: The solver ECOS is not installed.
M-step CVXPY optimize time (sec): 0.7259
ECOS solver failed:  The solver ECOS is not installed. 
Using SCS instead.
ECOS solver failed:  The solver ECOS is not installed. 
Using SCS instead.
ECOS solver failed:  The solver ECOS is not installed. 
Using SCS instead.
ECOS solver failed:  The solver ECOS is not installed. 
Using SCS instead.
ECOS solver failed:  The solver ECOS is not installed. 
Using SCS instead.
ECOS solver failed:  The solver ECOS is not installed. 
Using SCS instead.
ECOS solver failed:  The solver ECOS is not installed. 
Using SCS instead.
ECOS solver failed:  The solver ECOS is not installed. 
Using SCS instead.
ECOS solver failed:  The solver ECOS is not installed. 
Using SCS instead.
ECOS solver failed:  The solver ECOS is not installed. 
Using SCS instead.
ECOS solver failed:  The solver ECOS is not installed. 
Using SCS instead.
ECOS solver failed:  The solver ECOS is not installed. 
Using SCS instead.
ECOS solver failed:  The solver ECOS is not installed. 
Using SCS instead.
ECOS solver failed:  The solver ECOS is not installed. 
Using SCS instead.
ECOS solver failed:  The solver ECOS is not installed. 
Using SCS instead.
ECOS solver failed:  The solver ECOS is not installed. 
Using SCS instead.
ECOS solver failed:  The solver ECOS is not installed. 
Using SCS instead.
ECOS solver failed:  The solver ECOS is not installed. 
Using SCS instead.
ECOS solver failed:  The solver ECOS is not installed. 
Using SCS instead.
ECOS solver failed:  The solver ECOS is not installed. 
Using SCS instead.
ECOS solver failed:  The solver ECOS is not installed. 
Using SCS instead.
M-step Design Matrix Calculation time (sec): 0.0189
ECOS solver failed in IPCW_HAL_init, falling back to SCS: The solver ECOS is not installed.
M-step CVXPY optimize time (sec): 1.7407
ECOS solver failed:  The solver ECOS is not installed. 
Using SCS instead.
ECOS solver failed:  The solver ECOS is not installed. 
Using SCS instead.
ECOS solver failed:  The solver ECOS is not installed. 
Using SCS instead.
ECOS solver failed:  The solver ECOS is not installed. 
Using SCS instead.
ECOS solver failed:  The solver ECOS is not installed. 
Using SCS instead.
ECOS solver failed:  The solver ECOS is not installed. 
Using SCS instead.
ECOS solver failed:  The solver ECOS is not installed. 
Using SCS instead.
ECOS solver failed:  The solver ECOS is not installed. 
Using SCS instead.
ECOS solver failed:  The solver ECOS is not installed. 
Using SCS instead.
ECOS solver failed:  The solver ECOS is not installed. 
Using SCS instead.
ECOS solver failed:  The solver ECOS is not installed. 
Using SCS instead.
ECOS solver failed:  The solver ECOS is not installed. 
Using SCS instead.
ECOS solver failed:  The solver ECOS is not installed. 
Using SCS instead.
ECOS solver failed:  The solver ECOS is not installed. 
Using SCS instead.
ECOS solver failed:  The solver ECOS is not installed. 
Using SCS instead.
ECOS solver failed:  The solver ECOS is not installed. 
Using SCS instead.
ECOS solver failed:  The solver ECOS is not installed. 
Using SCS instead.
ECOS solver failed:  The solver ECOS is not installed. 
Using SCS instead.
ECOS solver failed:  The solver ECOS is not installed. 
Using SCS instead.
ECOS solver failed:  The solver ECOS is not installed. 
Using SCS instead.
ECOS solver failed:  The solver ECOS is not installed. 
Using SCS instead.
M-step Design Matrix Calculation time (sec): 0.0150
ECOS solver failed in IPCW_HAL_init, falling back to SCS: The solver ECOS is not installed.
M-step CVXPY optimize time (sec): 0.8923
ECOS solver failed:  The solver ECOS is not installed. 
Using SCS instead.
ECOS solver failed:  The solver ECOS is not installed. 
Using SCS instead.
ECOS solver failed:  The solver ECOS is not installed. 
Using SCS instead.
ECOS solver failed:  The solver ECOS is not installed. 
Using SCS instead.
ECOS solver failed:  The solver ECOS is not installed. 
Using SCS instead.
ECOS solver failed:  The solver ECOS is not installed. 
Using SCS instead.
ECOS solver failed:  The solver ECOS is not installed. 
Using SCS instead.
ECOS solver failed:  The solver ECOS is not installed. 
Using SCS instead.
ECOS solver failed:  The solver ECOS is not installed. 
Using SCS instead.
ECOS solver failed:  The solver ECOS is not installed. 
Using SCS instead.
ECOS solver failed:  The solver ECOS is not installed. 
Using SCS instead.
ECOS solver failed:  The solver ECOS is not installed. 
Using SCS instead.
ECOS solver failed:  The solver ECOS is not installed. 
Using SCS instead.
ECOS solver failed:  The solver ECOS is not installed. 
Using SCS instead.
ECOS solver failed:  The solver ECOS is not installed. 
Using SCS instead.
ECOS solver failed:  The solver ECOS is not installed. 
Using SCS instead.
ECOS solver failed:  The solver ECOS is not installed. 
Using SCS instead.
ECOS solver failed:  The solver ECOS is not installed. 
Using SCS instead.
ECOS solver failed:  The solver ECOS is not installed. 
Using SCS instead.
ECOS solver failed:  The solver ECOS is not installed. 
Using SCS instead.
ECOS solver failed:  The solver ECOS is not installed. 
Using SCS instead.
M-step Design Matrix Calculation time (sec): 0.0150
ECOS solver failed in IPCW_HAL_init, falling back to SCS: The solver ECOS is not installed.
WARNING - large complementary slackness residual: 0.000970
M-step CVXPY optimize time (sec): 1.1035
ECOS solver failed:  The solver ECOS is not installed. 
Using SCS instead.
ECOS solver failed:  The solver ECOS is not installed. 
Using SCS instead.
ECOS solver failed:  The solver ECOS is not installed. 
Using SCS instead.
ECOS solver failed:  The solver ECOS is not installed. 
Using SCS instead.
ECOS solver failed:  The solver ECOS is not installed. 
Using SCS instead.
ECOS solver failed:  The solver ECOS is not installed. 
Using SCS instead.
ECOS solver failed:  The solver ECOS is not installed. 
Using SCS instead.
ECOS solver failed:  The solver ECOS is not installed. 
Using SCS instead.
ECOS solver failed:  The solver ECOS is not installed. 
Using SCS instead.
ECOS solver failed:  The solver ECOS is not installed. 
Using SCS instead.
ECOS solver failed:  The solver ECOS is not installed. 
Using SCS instead.
ECOS solver failed:  The solver ECOS is not installed. 
Using SCS instead.
ECOS solver failed:  The solver ECOS is not installed. 
Using SCS instead.
ECOS solver failed:  The solver ECOS is not installed. 
Using SCS instead.
ECOS solver failed:  The solver ECOS is not installed. 
Using SCS instead.
ECOS solver failed:  The solver ECOS is not installed. 
Using SCS instead.
ECOS solver failed:  The solver ECOS is not installed. 
Using SCS instead.
ECOS solver failed:  The solver ECOS is not installed. 
Using SCS instead.
ECOS solver failed:  The solver ECOS is not installed. 
Using SCS instead.
ECOS solver failed:  The solver ECOS is not installed. 
Using SCS instead.
ECOS solver failed:  The solver ECOS is not installed. 
Using SCS instead.
M-step Design Matrix Calculation time (sec): 0.0291
ECOS solver failed in IPCW_HAL_init, falling back to SCS: The solver ECOS is not installed.
WARNING - large complementary slackness residual: 0.001789
M-step CVXPY optimize time (sec): 0.5996
ECOS solver failed:  The solver ECOS is not installed. 
Using SCS instead.
ECOS solver failed:  The solver ECOS is not installed. 
Using SCS instead.
ECOS solver failed:  The solver ECOS is not installed. 
Using SCS instead.
ECOS solver failed:  The solver ECOS is not installed. 
Using SCS instead.
ECOS solver failed:  The solver ECOS is not installed. 
Using SCS instead.
ECOS solver failed:  The solver ECOS is not installed. 
Using SCS instead.
ECOS solver failed:  The solver ECOS is not installed. 
Using SCS instead.
ECOS solver failed:  The solver ECOS is not installed. 
Using SCS instead.
ECOS solver failed:  The solver ECOS is not installed. 
Using SCS instead.
ECOS solver failed:  The solver ECOS is not installed. 
Using SCS instead.
ECOS solver failed:  The solver ECOS is not installed. 
Using SCS instead.
ECOS solver failed:  The solver ECOS is not installed. 
Using SCS instead.
ECOS solver failed:  The solver ECOS is not installed. 
Using SCS instead.
ECOS solver failed:  The solver ECOS is not installed. 
Using SCS instead.
ECOS solver failed:  The solver ECOS is not installed. 
Using SCS instead.
ECOS solver failed:  The solver ECOS is not installed. 
Using SCS instead.
ECOS solver failed:  The solver ECOS is not installed. 
Using SCS instead.
ECOS solver failed:  The solver ECOS is not installed. 
Using SCS instead.
ECOS solver failed:  The solver ECOS is not installed. 
Using SCS instead.
ECOS solver failed:  The solver ECOS is not installed. 
Using SCS instead.
ECOS solver failed:  The solver ECOS is not installed. 
Using SCS instead.
M-step Design Matrix Calculation time (sec): 0.0416
ECOS solver failed in IPCW_HAL_init, falling back to SCS: The solver ECOS is not installed.
M-step CVXPY optimize time (sec): 0.4612
ECOS solver failed:  The solver ECOS is not installed. 
Using SCS instead.
ECOS solver failed:  The solver ECOS is not installed. 
Using SCS instead.
ECOS solver failed:  The solver ECOS is not installed. 
Using SCS instead.
ECOS solver failed:  The solver ECOS is not installed. 
Using SCS instead.
ECOS solver failed:  The solver ECOS is not installed. 
Using SCS instead.
ECOS solver failed:  The solver ECOS is not installed. 
Using SCS instead.
ECOS solver failed:  The solver ECOS is not installed. 
Using SCS instead.
ECOS solver failed:  The solver ECOS is not installed. 
Using SCS instead.
ECOS solver failed:  The solver ECOS is not installed. 
Using SCS instead.
ECOS solver failed:  The solver ECOS is not installed. 
Using SCS instead.
ECOS solver failed:  The solver ECOS is not installed. 
Using SCS instead.
ECOS solver failed:  The solver ECOS is not installed. 
Using SCS instead.
ECOS solver failed:  The solver ECOS is not installed. 
Using SCS instead.
ECOS solver failed:  The solver ECOS is not installed. 
Using SCS instead.
ECOS solver failed:  The solver ECOS is not installed. 
Using SCS instead.
ECOS solver failed:  The solver ECOS is not installed. 
Using SCS instead.
ECOS solver failed:  The solver ECOS is not installed. 
Using SCS instead.
ECOS solver failed:  The solver ECOS is not installed. 
Using SCS instead.
ECOS solver failed:  The solver ECOS is not installed. 
Using SCS instead.
ECOS solver failed:  The solver ECOS is not installed. 
Using SCS instead.
ECOS solver failed:  The solver ECOS is not installed. 
Using SCS instead.
M-step Design Matrix Calculation time (sec): 0.0274
ECOS solver failed in IPCW_HAL_init, falling back to SCS: The solver ECOS is not installed.
WARNING - large complementary slackness residual: 0.001616
M-step CVXPY optimize time (sec): 1.1423
ECOS solver failed:  The solver ECOS is not installed. 
Using SCS instead.
ECOS solver failed:  The solver ECOS is not installed. 
Using SCS instead.
ECOS solver failed:  The solver ECOS is not installed. 
Using SCS instead.
ECOS solver failed:  The solver ECOS is not installed. 
Using SCS instead.
ECOS solver failed:  The solver ECOS is not installed. 
Using SCS instead.
ECOS solver failed:  The solver ECOS is not installed. 
Using SCS instead.
ECOS solver failed:  The solver ECOS is not installed. 
Using SCS instead.
ECOS solver failed:  The solver ECOS is not installed. 
Using SCS instead.
ECOS solver failed:  The solver ECOS is not installed. 
Using SCS instead.
ECOS solver failed:  The solver ECOS is not installed. 
Using SCS instead.
ECOS solver failed:  The solver ECOS is not installed. 
Using SCS instead.
ECOS solver failed:  The solver ECOS is not installed. 
Using SCS instead.
ECOS solver failed:  The solver ECOS is not installed. 
Using SCS instead.
ECOS solver failed:  The solver ECOS is not installed. 
Using SCS instead.
ECOS solver failed:  The solver ECOS is not installed. 
Using SCS instead.
ECOS solver failed:  The solver ECOS is not installed. 
Using SCS instead.
ECOS solver failed:  The solver ECOS is not installed. 
Using SCS instead.
ECOS solver failed:  The solver ECOS is not installed. 
Using SCS instead.
ECOS solver failed:  The solver ECOS is not installed. 
Using SCS instead.
ECOS solver failed:  The solver ECOS is not installed. 
Using SCS instead.
ECOS solver failed:  The solver ECOS is not installed. 
Using SCS instead.
M-step Design Matrix Calculation time (sec): 0.0144
ECOS solver failed in IPCW_HAL_init, falling back to SCS: The solver ECOS is not installed.
WARNING - large complementary slackness residual: 0.001143
M-step CVXPY optimize time (sec): 1.3960
ECOS solver failed:  The solver ECOS is not installed. 
Using SCS instead.
ECOS solver failed:  The solver ECOS is not installed. 
Using SCS instead.
ECOS solver failed:  The solver ECOS is not installed. 
Using SCS instead.
ECOS solver failed:  The solver ECOS is not installed. 
Using SCS instead.
ECOS solver failed:  The solver ECOS is not installed. 
Using SCS instead.
ECOS solver failed:  The solver ECOS is not installed. 
Using SCS instead.
ECOS solver failed:  The solver ECOS is not installed. 
Using SCS instead.
ECOS solver failed:  The solver ECOS is not installed. 
Using SCS instead.
ECOS solver failed:  The solver ECOS is not installed. 
Using SCS instead.
ECOS solver failed:  The solver ECOS is not installed. 
Using SCS instead.
ECOS solver failed:  The solver ECOS is not installed. 
Using SCS instead.
ECOS solver failed:  The solver ECOS is not installed. 
Using SCS instead.
ECOS solver failed:  The solver ECOS is not installed. 
Using SCS instead.
ECOS solver failed:  The solver ECOS is not installed. 
Using SCS instead.
ECOS solver failed:  The solver ECOS is not installed. 
Using SCS instead.
ECOS solver failed:  The solver ECOS is not installed. 
Using SCS instead.
ECOS solver failed:  The solver ECOS is not installed. 
Using SCS instead.
ECOS solver failed:  The solver ECOS is not installed. 
Using SCS instead.
ECOS solver failed:  The solver ECOS is not installed. 
Using SCS instead.
ECOS solver failed:  The solver ECOS is not installed. 
Using SCS instead.
ECOS solver failed:  The solver ECOS is not installed. 
Using SCS instead.
M-step Design Matrix Calculation time (sec): 0.0142
ECOS solver failed in IPCW_HAL_init, falling back to SCS: The solver ECOS is not installed.
WARNING - large complementary slackness residual: 0.002541
M-step CVXPY optimize time (sec): 0.9817
ECOS solver failed:  The solver ECOS is not installed. 
Using SCS instead.
ECOS solver failed:  The solver ECOS is not installed. 
Using SCS instead.
ECOS solver failed:  The solver ECOS is not installed. 
Using SCS instead.
ECOS solver failed:  The solver ECOS is not installed. 
Using SCS instead.
ECOS solver failed:  The solver ECOS is not installed. 
Using SCS instead.
ECOS solver failed:  The solver ECOS is not installed. 
Using SCS instead.
ECOS solver failed:  The solver ECOS is not installed. 
Using SCS instead.
ECOS solver failed:  The solver ECOS is not installed. 
Using SCS instead.
ECOS solver failed:  The solver ECOS is not installed. 
Using SCS instead.
ECOS solver failed:  The solver ECOS is not installed. 
Using SCS instead.
ECOS solver failed:  The solver ECOS is not installed. 
Using SCS instead.
ECOS solver failed:  The solver ECOS is not installed. 
Using SCS instead.
ECOS solver failed:  The solver ECOS is not installed. 
Using SCS instead.
ECOS solver failed:  The solver ECOS is not installed. 
Using SCS instead.
ECOS solver failed:  The solver ECOS is not installed. 
Using SCS instead.
ECOS solver failed:  The solver ECOS is not installed. 
Using SCS instead.
ECOS solver failed:  The solver ECOS is not installed. 
Using SCS instead.
ECOS solver failed:  The solver ECOS is not installed. 
Using SCS instead.
ECOS solver failed:  The solver ECOS is not installed. 
Using SCS instead.
ECOS solver failed:  The solver ECOS is not installed. 
Using SCS instead.
ECOS solver failed:  The solver ECOS is not installed. 
Using SCS instead.
M-step Design Matrix Calculation time (sec): 0.0138
ECOS solver failed in IPCW_HAL_init, falling back to SCS: The solver ECOS is not installed.
M-step CVXPY optimize time (sec): 2.0159
ECOS solver failed:  The solver ECOS is not installed. 
Using SCS instead.
ECOS solver failed:  The solver ECOS is not installed. 
Using SCS instead.
ECOS solver failed:  The solver ECOS is not installed. 
Using SCS instead.
ECOS solver failed:  The solver ECOS is not installed. 
Using SCS instead.
ECOS solver failed:  The solver ECOS is not installed. 
Using SCS instead.
ECOS solver failed:  The solver ECOS is not installed. 
Using SCS instead.
ECOS solver failed:  The solver ECOS is not installed. 
Using SCS instead.
ECOS solver failed:  The solver ECOS is not installed. 
Using SCS instead.
ECOS solver failed:  The solver ECOS is not installed. 
Using SCS instead.
ECOS solver failed:  The solver ECOS is not installed. 
Using SCS instead.
ECOS solver failed:  The solver ECOS is not installed. 
Using SCS instead.
ECOS solver failed:  The solver ECOS is not installed. 
Using SCS instead.
ECOS solver failed:  The solver ECOS is not installed. 
Using SCS instead.
ECOS solver failed:  The solver ECOS is not installed. 
Using SCS instead.
ECOS solver failed:  The solver ECOS is not installed. 
Using SCS instead.
ECOS solver failed:  The solver ECOS is not installed. 
Using SCS instead.
ECOS solver failed:  The solver ECOS is not installed. 
Using SCS instead.
ECOS solver failed:  The solver ECOS is not installed. 
Using SCS instead.
ECOS solver failed:  The solver ECOS is not installed. 
Using SCS instead.
ECOS solver failed:  The solver ECOS is not installed. 
Using SCS instead.
ECOS solver failed:  The solver ECOS is not installed. 
Using SCS instead.
M-step Design Matrix Calculation time (sec): 0.0387
ECOS solver failed in IPCW_HAL_init, falling back to SCS: The solver ECOS is not installed.
M-step CVXPY optimize time (sec): 2.6176
ECOS solver failed:  The solver ECOS is not installed. 
Using SCS instead.
ECOS solver failed:  The solver ECOS is not installed. 
Using SCS instead.
ECOS solver failed:  The solver ECOS is not installed. 
Using SCS instead.
ECOS solver failed:  The solver ECOS is not installed. 
Using SCS instead.
ECOS solver failed:  The solver ECOS is not installed. 
Using SCS instead.
ECOS solver failed:  The solver ECOS is not installed. 
Using SCS instead.
ECOS solver failed:  The solver ECOS is not installed. 
Using SCS instead.
ECOS solver failed:  The solver ECOS is not installed. 
Using SCS instead.
ECOS solver failed:  The solver ECOS is not installed. 
Using SCS instead.
ECOS solver failed:  The solver ECOS is not installed. 
Using SCS instead.
ECOS solver failed:  The solver ECOS is not installed. 
Using SCS instead.
ECOS solver failed:  The solver ECOS is not installed. 
Using SCS instead.
ECOS solver failed:  The solver ECOS is not installed. 
Using SCS instead.
ECOS solver failed:  The solver ECOS is not installed. 
Using SCS instead.
ECOS solver failed:  The solver ECOS is not installed. 
Using SCS instead.
ECOS solver failed:  The solver ECOS is not installed. 
Using SCS instead.
ECOS solver failed:  The solver ECOS is not installed. 
Using SCS instead.
ECOS solver failed:  The solver ECOS is not installed. 
Using SCS instead.
ECOS solver failed:  The solver ECOS is not installed. 
Using SCS instead.
ECOS solver failed:  The solver ECOS is not installed. 
Using SCS instead.
ECOS solver failed:  The solver ECOS is not installed. 
Using SCS instead.
M-step Design Matrix Calculation time (sec): 0.0141
ECOS solver failed in IPCW_HAL_init, falling back to SCS: The solver ECOS is not installed.
WARNING - large complementary slackness residual: 0.001070
M-step CVXPY optimize time (sec): 3.6666
ECOS solver failed:  The solver ECOS is not installed. 
Using SCS instead.
ECOS solver failed:  The solver ECOS is not installed. 
Using SCS instead.
ECOS solver failed:  The solver ECOS is not installed. 
Using SCS instead.
ECOS solver failed:  The solver ECOS is not installed. 
Using SCS instead.
ECOS solver failed:  The solver ECOS is not installed. 
Using SCS instead.
ECOS solver failed:  The solver ECOS is not installed. 
Using SCS instead.
ECOS solver failed:  The solver ECOS is not installed. 
Using SCS instead.
ECOS solver failed:  The solver ECOS is not installed. 
Using SCS instead.
ECOS solver failed:  The solver ECOS is not installed. 
Using SCS instead.
ECOS solver failed:  The solver ECOS is not installed. 
Using SCS instead.
ECOS solver failed:  The solver ECOS is not installed. 
Using SCS instead.
ECOS solver failed:  The solver ECOS is not installed. 
Using SCS instead.
ECOS solver failed:  The solver ECOS is not installed. 
Using SCS instead.
ECOS solver failed:  The solver ECOS is not installed. 
Using SCS instead.
ECOS solver failed:  The solver ECOS is not installed. 
Using SCS instead.
ECOS solver failed:  The solver ECOS is not installed. 
Using SCS instead.
ECOS solver failed:  The solver ECOS is not installed. 
Using SCS instead.
ECOS solver failed:  The solver ECOS is not installed. 
Using SCS instead.
ECOS solver failed:  The solver ECOS is not installed. 
Using SCS instead.
ECOS solver failed:  The solver ECOS is not installed. 
Using SCS instead.
ECOS solver failed:  The solver ECOS is not installed. 
Using SCS instead.
M-step Design Matrix Calculation time (sec): 0.0647
ECOS solver failed in IPCW_HAL_init, falling back to SCS: The solver ECOS is not installed.
WARNING - large complementary slackness residual: 0.002068
M-step CVXPY optimize time (sec): 0.8326
ECOS solver failed:  The solver ECOS is not installed. 
Using SCS instead.
ECOS solver failed:  The solver ECOS is not installed. 
Using SCS instead.
ECOS solver failed:  The solver ECOS is not installed. 
Using SCS instead.
ECOS solver failed:  The solver ECOS is not installed. 
Using SCS instead.
ECOS solver failed:  The solver ECOS is not installed. 
Using SCS instead.
ECOS solver failed:  The solver ECOS is not installed. 
Using SCS instead.
ECOS solver failed:  The solver ECOS is not installed. 
Using SCS instead.
ECOS solver failed:  The solver ECOS is not installed. 
Using SCS instead.
ECOS solver failed:  The solver ECOS is not installed. 
Using SCS instead.
ECOS solver failed:  The solver ECOS is not installed. 
Using SCS instead.
ECOS solver failed:  The solver ECOS is not installed. 
Using SCS instead.
ECOS solver failed:  The solver ECOS is not installed. 
Using SCS instead.
ECOS solver failed:  The solver ECOS is not installed. 
Using SCS instead.
ECOS solver failed:  The solver ECOS is not installed. 
Using SCS instead.
ECOS solver failed:  The solver ECOS is not installed. 
Using SCS instead.
ECOS solver failed:  The solver ECOS is not installed. 
Using SCS instead.
ECOS solver failed:  The solver ECOS is not installed. 
Using SCS instead.
ECOS solver failed:  The solver ECOS is not installed. 
Using SCS instead.
ECOS solver failed:  The solver ECOS is not installed. 
Using SCS instead.
ECOS solver failed:  The solver ECOS is not installed. 
Using SCS instead.
ECOS solver failed:  The solver ECOS is not installed. 
Using SCS instead.
M-step Design Matrix Calculation time (sec): 0.0155
ECOS solver failed in IPCW_HAL_init, falling back to SCS: The solver ECOS is not installed.
M-step CVXPY optimize time (sec): 1.1078
ECOS solver failed:  The solver ECOS is not installed. 
Using SCS instead.
ECOS solver failed:  The solver ECOS is not installed. 
Using SCS instead.
ECOS solver failed:  The solver ECOS is not installed. 
Using SCS instead.
ECOS solver failed:  The solver ECOS is not installed. 
Using SCS instead.
ECOS solver failed:  The solver ECOS is not installed. 
Using SCS instead.
ECOS solver failed:  The solver ECOS is not installed. 
Using SCS instead.
ECOS solver failed:  The solver ECOS is not installed. 
Using SCS instead.
ECOS solver failed:  The solver ECOS is not installed. 
Using SCS instead.
ECOS solver failed:  The solver ECOS is not installed. 
Using SCS instead.
ECOS solver failed:  The solver ECOS is not installed. 
Using SCS instead.
ECOS solver failed:  The solver ECOS is not installed. 
Using SCS instead.
ECOS solver failed:  The solver ECOS is not installed. 
Using SCS instead.
ECOS solver failed:  The solver ECOS is not installed. 
Using SCS instead.
ECOS solver failed:  The solver ECOS is not installed. 
Using SCS instead.
ECOS solver failed:  The solver ECOS is not installed. 
Using SCS instead.
ECOS solver failed:  The solver ECOS is not installed. 
Using SCS instead.
ECOS solver failed:  The solver ECOS is not installed. 
Using SCS instead.
ECOS solver failed:  The solver ECOS is not installed. 
Using SCS instead.
ECOS solver failed:  The solver ECOS is not installed. 
Using SCS instead.
ECOS solver failed:  The solver ECOS is not installed. 
Using SCS instead.
ECOS solver failed:  The solver ECOS is not installed. 
Using SCS instead.
M-step Design Matrix Calculation time (sec): 0.0161
ECOS solver failed in IPCW_HAL_init, falling back to SCS: The solver ECOS is not installed.
WARNING - large complementary slackness residual: 0.002721
M-step CVXPY optimize time (sec): 0.8353
ECOS solver failed:  The solver ECOS is not installed. 
Using SCS instead.
ECOS solver failed:  The solver ECOS is not installed. 
Using SCS instead.
ECOS solver failed:  The solver ECOS is not installed. 
Using SCS instead.
ECOS solver failed:  The solver ECOS is not installed. 
Using SCS instead.
ECOS solver failed:  The solver ECOS is not installed. 
Using SCS instead.
ECOS solver failed:  The solver ECOS is not installed. 
Using SCS instead.
ECOS solver failed:  The solver ECOS is not installed. 
Using SCS instead.
ECOS solver failed:  The solver ECOS is not installed. 
Using SCS instead.
ECOS solver failed:  The solver ECOS is not installed. 
Using SCS instead.
ECOS solver failed:  The solver ECOS is not installed. 
Using SCS instead.
ECOS solver failed:  The solver ECOS is not installed. 
Using SCS instead.
ECOS solver failed:  The solver ECOS is not installed. 
Using SCS instead.
ECOS solver failed:  The solver ECOS is not installed. 
Using SCS instead.
ECOS solver failed:  The solver ECOS is not installed. 
Using SCS instead.
ECOS solver failed:  The solver ECOS is not installed. 
Using SCS instead.
ECOS solver failed:  The solver ECOS is not installed. 
Using SCS instead.
ECOS solver failed:  The solver ECOS is not installed. 
Using SCS instead.
ECOS solver failed:  The solver ECOS is not installed. 
Using SCS instead.
ECOS solver failed:  The solver ECOS is not installed. 
Using SCS instead.
ECOS solver failed:  The solver ECOS is not installed. 
Using SCS instead.
ECOS solver failed:  The solver ECOS is not installed. 
Using SCS instead.
M-step Design Matrix Calculation time (sec): 0.0155
ECOS solver failed in IPCW_HAL_init, falling back to SCS: The solver ECOS is not installed.
M-step CVXPY optimize time (sec): 0.7534
ECOS solver failed:  The solver ECOS is not installed. 
Using SCS instead.
ECOS solver failed:  The solver ECOS is not installed. 
Using SCS instead.
ECOS solver failed:  The solver ECOS is not installed. 
Using SCS instead.
ECOS solver failed:  The solver ECOS is not installed. 
Using SCS instead.
ECOS solver failed:  The solver ECOS is not installed. 
Using SCS instead.
ECOS solver failed:  The solver ECOS is not installed. 
Using SCS instead.
ECOS solver failed:  The solver ECOS is not installed. 
Using SCS instead.
ECOS solver failed:  The solver ECOS is not installed. 
Using SCS instead.
ECOS solver failed:  The solver ECOS is not installed. 
Using SCS instead.
ECOS solver failed:  The solver ECOS is not installed. 
Using SCS instead.
ECOS solver failed:  The solver ECOS is not installed. 
Using SCS instead.
ECOS solver failed:  The solver ECOS is not installed. 
Using SCS instead.
ECOS solver failed:  The solver ECOS is not installed. 
Using SCS instead.
ECOS solver failed:  The solver ECOS is not installed. 
Using SCS instead.
ECOS solver failed:  The solver ECOS is not installed. 
Using SCS instead.
ECOS solver failed:  The solver ECOS is not installed. 
Using SCS instead.
ECOS solver failed:  The solver ECOS is not installed. 
Using SCS instead.
ECOS solver failed:  The solver ECOS is not installed. 
Using SCS instead.
ECOS solver failed:  The solver ECOS is not installed. 
Using SCS instead.
ECOS solver failed:  The solver ECOS is not installed. 
Using SCS instead.
ECOS solver failed:  The solver ECOS is not installed. 
Using SCS instead.
M-step Design Matrix Calculation time (sec): 0.0352
ECOS solver failed in IPCW_HAL_init, falling back to SCS: The solver ECOS is not installed.
WARNING - large complementary slackness residual: 0.001251
M-step CVXPY optimize time (sec): 2.3334
ECOS solver failed:  The solver ECOS is not installed. 
Using SCS instead.
ECOS solver failed:  The solver ECOS is not installed. 
Using SCS instead.
ECOS solver failed:  The solver ECOS is not installed. 
Using SCS instead.
ECOS solver failed:  The solver ECOS is not installed. 
Using SCS instead.
ECOS solver failed:  The solver ECOS is not installed. 
Using SCS instead.
ECOS solver failed:  The solver ECOS is not installed. 
Using SCS instead.
ECOS solver failed:  The solver ECOS is not installed. 
Using SCS instead.
ECOS solver failed:  The solver ECOS is not installed. 
Using SCS instead.
ECOS solver failed:  The solver ECOS is not installed. 
Using SCS instead.
ECOS solver failed:  The solver ECOS is not installed. 
Using SCS instead.
ECOS solver failed:  The solver ECOS is not installed. 
Using SCS instead.
ECOS solver failed:  The solver ECOS is not installed. 
Using SCS instead.
ECOS solver failed:  The solver ECOS is not installed. 
Using SCS instead.
ECOS solver failed:  The solver ECOS is not installed. 
Using SCS instead.
ECOS solver failed:  The solver ECOS is not installed. 
Using SCS instead.
ECOS solver failed:  The solver ECOS is not installed. 
Using SCS instead.
ECOS solver failed:  The solver ECOS is not installed. 
Using SCS instead.
ECOS solver failed:  The solver ECOS is not installed. 
Using SCS instead.
ECOS solver failed:  The solver ECOS is not installed. 
Using SCS instead.
ECOS solver failed:  The solver ECOS is not installed. 
Using SCS instead.
ECOS solver failed:  The solver ECOS is not installed. 
Using SCS instead.
M-step Design Matrix Calculation time (sec): 0.0152
ECOS solver failed in IPCW_HAL_init, falling back to SCS: The solver ECOS is not installed.
WARNING - large complementary slackness residual: 0.001514
M-step CVXPY optimize time (sec): 0.5123
ECOS solver failed:  The solver ECOS is not installed. 
Using SCS instead.
ECOS solver failed:  The solver ECOS is not installed. 
Using SCS instead.
ECOS solver failed:  The solver ECOS is not installed. 
Using SCS instead.
ECOS solver failed:  The solver ECOS is not installed. 
Using SCS instead.
ECOS solver failed:  The solver ECOS is not installed. 
Using SCS instead.
ECOS solver failed:  The solver ECOS is not installed. 
Using SCS instead.
ECOS solver failed:  The solver ECOS is not installed. 
Using SCS instead.
ECOS solver failed:  The solver ECOS is not installed. 
Using SCS instead.
ECOS solver failed:  The solver ECOS is not installed. 
Using SCS instead.
ECOS solver failed:  The solver ECOS is not installed. 
Using SCS instead.
ECOS solver failed:  The solver ECOS is not installed. 
Using SCS instead.
ECOS solver failed:  The solver ECOS is not installed. 
Using SCS instead.
ECOS solver failed:  The solver ECOS is not installed. 
Using SCS instead.
ECOS solver failed:  The solver ECOS is not installed. 
Using SCS instead.
ECOS solver failed:  The solver ECOS is not installed. 
Using SCS instead.
ECOS solver failed:  The solver ECOS is not installed. 
Using SCS instead.
ECOS solver failed:  The solver ECOS is not installed. 
Using SCS instead.
ECOS solver failed:  The solver ECOS is not installed. 
Using SCS instead.
ECOS solver failed:  The solver ECOS is not installed. 
Using SCS instead.
ECOS solver failed:  The solver ECOS is not installed. 
Using SCS instead.
ECOS solver failed:  The solver ECOS is not installed. 
Using SCS instead.
M-step Design Matrix Calculation time (sec): 0.0128
ECOS solver failed in IPCW_HAL_init, falling back to SCS: The solver ECOS is not installed.
WARNING - large complementary slackness residual: 0.001186
M-step CVXPY optimize time (sec): 0.5435
ECOS solver failed:  The solver ECOS is not installed. 
Using SCS instead.
ECOS solver failed:  The solver ECOS is not installed. 
Using SCS instead.
ECOS solver failed:  The solver ECOS is not installed. 
Using SCS instead.
ECOS solver failed:  The solver ECOS is not installed. 
Using SCS instead.
ECOS solver failed:  The solver ECOS is not installed. 
Using SCS instead.
ECOS solver failed:  The solver ECOS is not installed. 
Using SCS instead.
ECOS solver failed:  The solver ECOS is not installed. 
Using SCS instead.
ECOS solver failed:  The solver ECOS is not installed. 
Using SCS instead.
ECOS solver failed:  The solver ECOS is not installed. 
Using SCS instead.
ECOS solver failed:  The solver ECOS is not installed. 
Using SCS instead.
ECOS solver failed:  The solver ECOS is not installed. 
Using SCS instead.
ECOS solver failed:  The solver ECOS is not installed. 
Using SCS instead.
ECOS solver failed:  The solver ECOS is not installed. 
Using SCS instead.
ECOS solver failed:  The solver ECOS is not installed. 
Using SCS instead.
ECOS solver failed:  The solver ECOS is not installed. 
Using SCS instead.
ECOS solver failed:  The solver ECOS is not installed. 
Using SCS instead.
ECOS solver failed:  The solver ECOS is not installed. 
Using SCS instead.
ECOS solver failed:  The solver ECOS is not installed. 
Using SCS instead.
ECOS solver failed:  The solver ECOS is not installed. 
Using SCS instead.
ECOS solver failed:  The solver ECOS is not installed. 
Using SCS instead.
ECOS solver failed:  The solver ECOS is not installed. 
Using SCS instead.
M-step Design Matrix Calculation time (sec): 0.0321
ECOS solver failed in IPCW_HAL_init, falling back to SCS: The solver ECOS is not installed.
WARNING - large complementary slackness residual: 0.001338
M-step CVXPY optimize time (sec): 0.9940
ECOS solver failed:  The solver ECOS is not installed. 
Using SCS instead.
ECOS solver failed:  The solver ECOS is not installed. 
Using SCS instead.
ECOS solver failed:  The solver ECOS is not installed. 
Using SCS instead.
ECOS solver failed:  The solver ECOS is not installed. 
Using SCS instead.
ECOS solver failed:  The solver ECOS is not installed. 
Using SCS instead.
ECOS solver failed:  The solver ECOS is not installed. 
Using SCS instead.
ECOS solver failed:  The solver ECOS is not installed. 
Using SCS instead.
ECOS solver failed:  The solver ECOS is not installed. 
Using SCS instead.
ECOS solver failed:  The solver ECOS is not installed. 
Using SCS instead.
ECOS solver failed:  The solver ECOS is not installed. 
Using SCS instead.
ECOS solver failed:  The solver ECOS is not installed. 
Using SCS instead.
ECOS solver failed:  The solver ECOS is not installed. 
Using SCS instead.
ECOS solver failed:  The solver ECOS is not installed. 
Using SCS instead.
ECOS solver failed:  The solver ECOS is not installed. 
Using SCS instead.
ECOS solver failed:  The solver ECOS is not installed. 
Using SCS instead.
ECOS solver failed:  The solver ECOS is not installed. 
Using SCS instead.
ECOS solver failed:  The solver ECOS is not installed. 
Using SCS instead.
ECOS solver failed:  The solver ECOS is not installed. 
Using SCS instead.
ECOS solver failed:  The solver ECOS is not installed. 
Using SCS instead.
ECOS solver failed:  The solver ECOS is not installed. 
Using SCS instead.
ECOS solver failed:  The solver ECOS is not installed. 
Using SCS instead.
M-step Design Matrix Calculation time (sec): 0.0162
ECOS solver failed in IPCW_HAL_init, falling back to SCS: The solver ECOS is not installed.
WARNING - large complementary slackness residual: 0.001844
M-step CVXPY optimize time (sec): 0.4176
ECOS solver failed:  The solver ECOS is not installed. 
Using SCS instead.
ECOS solver failed:  The solver ECOS is not installed. 
Using SCS instead.
ECOS solver failed:  The solver ECOS is not installed. 
Using SCS instead.
ECOS solver failed:  The solver ECOS is not installed. 
Using SCS instead.
ECOS solver failed:  The solver ECOS is not installed. 
Using SCS instead.
ECOS solver failed:  The solver ECOS is not installed. 
Using SCS instead.
ECOS solver failed:  The solver ECOS is not installed. 
Using SCS instead.
ECOS solver failed:  The solver ECOS is not installed. 
Using SCS instead.
ECOS solver failed:  The solver ECOS is not installed. 
Using SCS instead.
ECOS solver failed:  The solver ECOS is not installed. 
Using SCS instead.
ECOS solver failed:  The solver ECOS is not installed. 
Using SCS instead.
ECOS solver failed:  The solver ECOS is not installed. 
Using SCS instead.
ECOS solver failed:  The solver ECOS is not installed. 
Using SCS instead.
ECOS solver failed:  The solver ECOS is not installed. 
Using SCS instead.
ECOS solver failed:  The solver ECOS is not installed. 
Using SCS instead.
ECOS solver failed:  The solver ECOS is not installed. 
Using SCS instead.
ECOS solver failed:  The solver ECOS is not installed. 
Using SCS instead.
ECOS solver failed:  The solver ECOS is not installed. 
Using SCS instead.
ECOS solver failed:  The solver ECOS is not installed. 
Using SCS instead.
ECOS solver failed:  The solver ECOS is not installed. 
Using SCS instead.
ECOS solver failed:  The solver ECOS is not installed. 
Using SCS instead.
M-step Design Matrix Calculation time (sec): 0.0152
ECOS solver failed in IPCW_HAL_init, falling back to SCS: The solver ECOS is not installed.
WARNING - large complementary slackness residual: 0.001810
M-step CVXPY optimize time (sec): 0.8172
ECOS solver failed:  The solver ECOS is not installed. 
Using SCS instead.
ECOS solver failed:  The solver ECOS is not installed. 
Using SCS instead.
ECOS solver failed:  The solver ECOS is not installed. 
Using SCS instead.
ECOS solver failed:  The solver ECOS is not installed. 
Using SCS instead.
ECOS solver failed:  The solver ECOS is not installed. 
Using SCS instead.
ECOS solver failed:  The solver ECOS is not installed. 
Using SCS instead.
ECOS solver failed:  The solver ECOS is not installed. 
Using SCS instead.
ECOS solver failed:  The solver ECOS is not installed. 
Using SCS instead.
ECOS solver failed:  The solver ECOS is not installed. 
Using SCS instead.
ECOS solver failed:  The solver ECOS is not installed. 
Using SCS instead.
ECOS solver failed:  The solver ECOS is not installed. 
Using SCS instead.
ECOS solver failed:  The solver ECOS is not installed. 
Using SCS instead.
ECOS solver failed:  The solver ECOS is not installed. 
Using SCS instead.
ECOS solver failed:  The solver ECOS is not installed. 
Using SCS instead.
ECOS solver failed:  The solver ECOS is not installed. 
Using SCS instead.
ECOS solver failed:  The solver ECOS is not installed. 
Using SCS instead.
ECOS solver failed:  The solver ECOS is not installed. 
Using SCS instead.
ECOS solver failed:  The solver ECOS is not installed. 
Using SCS instead.
ECOS solver failed:  The solver ECOS is not installed. 
Using SCS instead.
ECOS solver failed:  The solver ECOS is not installed. 
Using SCS instead.
ECOS solver failed:  The solver ECOS is not installed. 
Using SCS instead.
M-step Design Matrix Calculation time (sec): 0.0136
ECOS solver failed in IPCW_HAL_init, falling back to SCS: The solver ECOS is not installed.
WARNING - large complementary slackness residual: 0.002661
M-step CVXPY optimize time (sec): 0.7714
ECOS solver failed:  The solver ECOS is not installed. 
Using SCS instead.
ECOS solver failed:  The solver ECOS is not installed. 
Using SCS instead.
ECOS solver failed:  The solver ECOS is not installed. 
Using SCS instead.
ECOS solver failed:  The solver ECOS is not installed. 
Using SCS instead.
ECOS solver failed:  The solver ECOS is not installed. 
Using SCS instead.
ECOS solver failed:  The solver ECOS is not installed. 
Using SCS instead.
ECOS solver failed:  The solver ECOS is not installed. 
Using SCS instead.
ECOS solver failed:  The solver ECOS is not installed. 
Using SCS instead.
ECOS solver failed:  The solver ECOS is not installed. 
Using SCS instead.
ECOS solver failed:  The solver ECOS is not installed. 
Using SCS instead.
ECOS solver failed:  The solver ECOS is not installed. 
Using SCS instead.
ECOS solver failed:  The solver ECOS is not installed. 
Using SCS instead.
ECOS solver failed:  The solver ECOS is not installed. 
Using SCS instead.
ECOS solver failed:  The solver ECOS is not installed. 
Using SCS instead.
ECOS solver failed:  The solver ECOS is not installed. 
Using SCS instead.
ECOS solver failed:  The solver ECOS is not installed. 
Using SCS instead.
ECOS solver failed:  The solver ECOS is not installed. 
Using SCS instead.
ECOS solver failed:  The solver ECOS is not installed. 
Using SCS instead.
ECOS solver failed:  The solver ECOS is not installed. 
Using SCS instead.
ECOS solver failed:  The solver ECOS is not installed. 
Using SCS instead.
ECOS solver failed:  The solver ECOS is not installed. 
Using SCS instead.
M-step Design Matrix Calculation time (sec): 0.0153
ECOS solver failed in IPCW_HAL_init, falling back to SCS: The solver ECOS is not installed.
WARNING - large complementary slackness residual: 0.001315
M-step CVXPY optimize time (sec): 0.5508
ECOS solver failed:  The solver ECOS is not installed. 
Using SCS instead.
ECOS solver failed:  The solver ECOS is not installed. 
Using SCS instead.
ECOS solver failed:  The solver ECOS is not installed. 
Using SCS instead.
ECOS solver failed:  The solver ECOS is not installed. 
Using SCS instead.
ECOS solver failed:  The solver ECOS is not installed. 
Using SCS instead.
ECOS solver failed:  The solver ECOS is not installed. 
Using SCS instead.
ECOS solver failed:  The solver ECOS is not installed. 
Using SCS instead.
ECOS solver failed:  The solver ECOS is not installed. 
Using SCS instead.
ECOS solver failed:  The solver ECOS is not installed. 
Using SCS instead.
ECOS solver failed:  The solver ECOS is not installed. 
Using SCS instead.
ECOS solver failed:  The solver ECOS is not installed. 
Using SCS instead.
ECOS solver failed:  The solver ECOS is not installed. 
Using SCS instead.
ECOS solver failed:  The solver ECOS is not installed. 
Using SCS instead.
ECOS solver failed:  The solver ECOS is not installed. 
Using SCS instead.
ECOS solver failed:  The solver ECOS is not installed. 
Using SCS instead.
ECOS solver failed:  The solver ECOS is not installed. 
Using SCS instead.
ECOS solver failed:  The solver ECOS is not installed. 
Using SCS instead.
ECOS solver failed:  The solver ECOS is not installed. 
Using SCS instead.
ECOS solver failed:  The solver ECOS is not installed. 
Using SCS instead.
ECOS solver failed:  The solver ECOS is not installed. 
Using SCS instead.
ECOS solver failed:  The solver ECOS is not installed. 
Using SCS instead.
M-step Design Matrix Calculation time (sec): 0.0143
ECOS solver failed in IPCW_HAL_init, falling back to SCS: The solver ECOS is not installed.
WARNING - large complementary slackness residual: 0.001949
M-step CVXPY optimize time (sec): 2.2089
ECOS solver failed:  The solver ECOS is not installed. 
Using SCS instead.
ECOS solver failed:  The solver ECOS is not installed. 
Using SCS instead.
ECOS solver failed:  The solver ECOS is not installed. 
Using SCS instead.
ECOS solver failed:  The solver ECOS is not installed. 
Using SCS instead.
ECOS solver failed:  The solver ECOS is not installed. 
Using SCS instead.
ECOS solver failed:  The solver ECOS is not installed. 
Using SCS instead.
ECOS solver failed:  The solver ECOS is not installed. 
Using SCS instead.
ECOS solver failed:  The solver ECOS is not installed. 
Using SCS instead.
ECOS solver failed:  The solver ECOS is not installed. 
Using SCS instead.
ECOS solver failed:  The solver ECOS is not installed. 
Using SCS instead.
ECOS solver failed:  The solver ECOS is not installed. 
Using SCS instead.
ECOS solver failed:  The solver ECOS is not installed. 
Using SCS instead.
ECOS solver failed:  The solver ECOS is not installed. 
Using SCS instead.
ECOS solver failed:  The solver ECOS is not installed. 
Using SCS instead.
ECOS solver failed:  The solver ECOS is not installed. 
Using SCS instead.
ECOS solver failed:  The solver ECOS is not installed. 
Using SCS instead.
ECOS solver failed:  The solver ECOS is not installed. 
Using SCS instead.
ECOS solver failed:  The solver ECOS is not installed. 
Using SCS instead.
ECOS solver failed:  The solver ECOS is not installed. 
Using SCS instead.
ECOS solver failed:  The solver ECOS is not installed. 
Using SCS instead.
ECOS solver failed:  The solver ECOS is not installed. 
Using SCS instead.
M-step Design Matrix Calculation time (sec): 0.0158
ECOS solver failed in IPCW_HAL_init, falling back to SCS: The solver ECOS is not installed.
M-step CVXPY optimize time (sec): 0.6285
ECOS solver failed:  The solver ECOS is not installed. 
Using SCS instead.
ECOS solver failed:  The solver ECOS is not installed. 
Using SCS instead.
ECOS solver failed:  The solver ECOS is not installed. 
Using SCS instead.
ECOS solver failed:  The solver ECOS is not installed. 
Using SCS instead.
ECOS solver failed:  The solver ECOS is not installed. 
Using SCS instead.
ECOS solver failed:  The solver ECOS is not installed. 
Using SCS instead.
ECOS solver failed:  The solver ECOS is not installed. 
Using SCS instead.
ECOS solver failed:  The solver ECOS is not installed. 
Using SCS instead.
ECOS solver failed:  The solver ECOS is not installed. 
Using SCS instead.
ECOS solver failed:  The solver ECOS is not installed. 
Using SCS instead.
ECOS solver failed:  The solver ECOS is not installed. 
Using SCS instead.
ECOS solver failed:  The solver ECOS is not installed. 
Using SCS instead.
ECOS solver failed:  The solver ECOS is not installed. 
Using SCS instead.
ECOS solver failed:  The solver ECOS is not installed. 
Using SCS instead.
ECOS solver failed:  The solver ECOS is not installed. 
Using SCS instead.
ECOS solver failed:  The solver ECOS is not installed. 
Using SCS instead.
ECOS solver failed:  The solver ECOS is not installed. 
Using SCS instead.
ECOS solver failed:  The solver ECOS is not installed. 
Using SCS instead.
ECOS solver failed:  The solver ECOS is not installed. 
Using SCS instead.
ECOS solver failed:  The solver ECOS is not installed. 
Using SCS instead.
ECOS solver failed:  The solver ECOS is not installed. 
Using SCS instead.
M-step Design Matrix Calculation time (sec): 0.0156
ECOS solver failed in IPCW_HAL_init, falling back to SCS: The solver ECOS is not installed.
WARNING - large complementary slackness residual: 0.001366
M-step CVXPY optimize time (sec): 2.3803
ECOS solver failed:  The solver ECOS is not installed. 
Using SCS instead.
ECOS solver failed:  The solver ECOS is not installed. 
Using SCS instead.
ECOS solver failed:  The solver ECOS is not installed. 
Using SCS instead.
ECOS solver failed:  The solver ECOS is not installed. 
Using SCS instead.
ECOS solver failed:  The solver ECOS is not installed. 
Using SCS instead.
ECOS solver failed:  The solver ECOS is not installed. 
Using SCS instead.
ECOS solver failed:  The solver ECOS is not installed. 
Using SCS instead.
ECOS solver failed:  The solver ECOS is not installed. 
Using SCS instead.
ECOS solver failed:  The solver ECOS is not installed. 
Using SCS instead.
ECOS solver failed:  The solver ECOS is not installed. 
Using SCS instead.
ECOS solver failed:  The solver ECOS is not installed. 
Using SCS instead.
ECOS solver failed:  The solver ECOS is not installed. 
Using SCS instead.
ECOS solver failed:  The solver ECOS is not installed. 
Using SCS instead.
ECOS solver failed:  The solver ECOS is not installed. 
Using SCS instead.
ECOS solver failed:  The solver ECOS is not installed. 
Using SCS instead.
ECOS solver failed:  The solver ECOS is not installed. 
Using SCS instead.
ECOS solver failed:  The solver ECOS is not installed. 
Using SCS instead.
ECOS solver failed:  The solver ECOS is not installed. 
Using SCS instead.
ECOS solver failed:  The solver ECOS is not installed. 
Using SCS instead.
ECOS solver failed:  The solver ECOS is not installed. 
Using SCS instead.
ECOS solver failed:  The solver ECOS is not installed. 
Using SCS instead.
M-step Design Matrix Calculation time (sec): 0.0153
ECOS solver failed in IPCW_HAL_init, falling back to SCS: The solver ECOS is not installed.
WARNING - large complementary slackness residual: 0.001513
M-step CVXPY optimize time (sec): 1.9976
ECOS solver failed:  The solver ECOS is not installed. 
Using SCS instead.
ECOS solver failed:  The solver ECOS is not installed. 
Using SCS instead.
ECOS solver failed:  The solver ECOS is not installed. 
Using SCS instead.
ECOS solver failed:  The solver ECOS is not installed. 
Using SCS instead.
ECOS solver failed:  The solver ECOS is not installed. 
Using SCS instead.
ECOS solver failed:  The solver ECOS is not installed. 
Using SCS instead.
ECOS solver failed:  The solver ECOS is not installed. 
Using SCS instead.
ECOS solver failed:  The solver ECOS is not installed. 
Using SCS instead.
ECOS solver failed:  The solver ECOS is not installed. 
Using SCS instead.
ECOS solver failed:  The solver ECOS is not installed. 
Using SCS instead.
ECOS solver failed:  The solver ECOS is not installed. 
Using SCS instead.
ECOS solver failed:  The solver ECOS is not installed. 
Using SCS instead.
ECOS solver failed:  The solver ECOS is not installed. 
Using SCS instead.
ECOS solver failed:  The solver ECOS is not installed. 
Using SCS instead.
ECOS solver failed:  The solver ECOS is not installed. 
Using SCS instead.
ECOS solver failed:  The solver ECOS is not installed. 
Using SCS instead.
ECOS solver failed:  The solver ECOS is not installed. 
Using SCS instead.
ECOS solver failed:  The solver ECOS is not installed. 
Using SCS instead.
ECOS solver failed:  The solver ECOS is not installed. 
Using SCS instead.
ECOS solver failed:  The solver ECOS is not installed. 
Using SCS instead.
ECOS solver failed:  The solver ECOS is not installed. 
Using SCS instead.
M-step Design Matrix Calculation time (sec): 0.0463
ECOS solver failed in IPCW_HAL_init, falling back to SCS: The solver ECOS is not installed.
WARNING - large complementary slackness residual: 0.002086
M-step CVXPY optimize time (sec): 0.8326
ECOS solver failed:  The solver ECOS is not installed. 
Using SCS instead.
ECOS solver failed:  The solver ECOS is not installed. 
Using SCS instead.
ECOS solver failed:  The solver ECOS is not installed. 
Using SCS instead.
ECOS solver failed:  The solver ECOS is not installed. 
Using SCS instead.
ECOS solver failed:  The solver ECOS is not installed. 
Using SCS instead.
ECOS solver failed:  The solver ECOS is not installed. 
Using SCS instead.
ECOS solver failed:  The solver ECOS is not installed. 
Using SCS instead.
ECOS solver failed:  The solver ECOS is not installed. 
Using SCS instead.
ECOS solver failed:  The solver ECOS is not installed. 
Using SCS instead.
ECOS solver failed:  The solver ECOS is not installed. 
Using SCS instead.
ECOS solver failed:  The solver ECOS is not installed. 
Using SCS instead.
ECOS solver failed:  The solver ECOS is not installed. 
Using SCS instead.
ECOS solver failed:  The solver ECOS is not installed. 
Using SCS instead.
ECOS solver failed:  The solver ECOS is not installed. 
Using SCS instead.
ECOS solver failed:  The solver ECOS is not installed. 
Using SCS instead.
ECOS solver failed:  The solver ECOS is not installed. 
Using SCS instead.
ECOS solver failed:  The solver ECOS is not installed. 
Using SCS instead.
ECOS solver failed:  The solver ECOS is not installed. 
Using SCS instead.
ECOS solver failed:  The solver ECOS is not installed. 
Using SCS instead.
ECOS solver failed:  The solver ECOS is not installed. 
Using SCS instead.
ECOS solver failed:  The solver ECOS is not installed. 
Using SCS instead.
M-step Design Matrix Calculation time (sec): 0.0152
ECOS solver failed in IPCW_HAL_init, falling back to SCS: The solver ECOS is not installed.
M-step CVXPY optimize time (sec): 1.1895
ECOS solver failed:  The solver ECOS is not installed. 
Using SCS instead.
ECOS solver failed:  The solver ECOS is not installed. 
Using SCS instead.
ECOS solver failed:  The solver ECOS is not installed. 
Using SCS instead.
ECOS solver failed:  The solver ECOS is not installed. 
Using SCS instead.
ECOS solver failed:  The solver ECOS is not installed. 
Using SCS instead.
ECOS solver failed:  The solver ECOS is not installed. 
Using SCS instead.
ECOS solver failed:  The solver ECOS is not installed. 
Using SCS instead.
ECOS solver failed:  The solver ECOS is not installed. 
Using SCS instead.
ECOS solver failed:  The solver ECOS is not installed. 
Using SCS instead.
ECOS solver failed:  The solver ECOS is not installed. 
Using SCS instead.
ECOS solver failed:  The solver ECOS is not installed. 
Using SCS instead.
ECOS solver failed:  The solver ECOS is not installed. 
Using SCS instead.
ECOS solver failed:  The solver ECOS is not installed. 
Using SCS instead.
ECOS solver failed:  The solver ECOS is not installed. 
Using SCS instead.
ECOS solver failed:  The solver ECOS is not installed. 
Using SCS instead.
ECOS solver failed:  The solver ECOS is not installed. 
Using SCS instead.
ECOS solver failed:  The solver ECOS is not installed. 
Using SCS instead.
ECOS solver failed:  The solver ECOS is not installed. 
Using SCS instead.
ECOS solver failed:  The solver ECOS is not installed. 
Using SCS instead.
ECOS solver failed:  The solver ECOS is not installed. 
Using SCS instead.
ECOS solver failed:  The solver ECOS is not installed. 
Using SCS instead.
M-step Design Matrix Calculation time (sec): 0.0151
ECOS solver failed in IPCW_HAL_init, falling back to SCS: The solver ECOS is not installed.
M-step CVXPY optimize time (sec): 0.8613
ECOS solver failed:  The solver ECOS is not installed. 
Using SCS instead.
ECOS solver failed:  The solver ECOS is not installed. 
Using SCS instead.
ECOS solver failed:  The solver ECOS is not installed. 
Using SCS instead.
ECOS solver failed:  The solver ECOS is not installed. 
Using SCS instead.
ECOS solver failed:  The solver ECOS is not installed. 
Using SCS instead.
ECOS solver failed:  The solver ECOS is not installed. 
Using SCS instead.
ECOS solver failed:  The solver ECOS is not installed. 
Using SCS instead.
ECOS solver failed:  The solver ECOS is not installed. 
Using SCS instead.
ECOS solver failed:  The solver ECOS is not installed. 
Using SCS instead.
ECOS solver failed:  The solver ECOS is not installed. 
Using SCS instead.
ECOS solver failed:  The solver ECOS is not installed. 
Using SCS instead.
ECOS solver failed:  The solver ECOS is not installed. 
Using SCS instead.
ECOS solver failed:  The solver ECOS is not installed. 
Using SCS instead.
ECOS solver failed:  The solver ECOS is not installed. 
Using SCS instead.
ECOS solver failed:  The solver ECOS is not installed. 
Using SCS instead.
ECOS solver failed:  The solver ECOS is not installed. 
Using SCS instead.
ECOS solver failed:  The solver ECOS is not installed. 
Using SCS instead.
ECOS solver failed:  The solver ECOS is not installed. 
Using SCS instead.
ECOS solver failed:  The solver ECOS is not installed. 
Using SCS instead.
ECOS solver failed:  The solver ECOS is not installed. 
Using SCS instead.
ECOS solver failed:  The solver ECOS is not installed. 
Using SCS instead.
M-step Design Matrix Calculation time (sec): 0.0275
ECOS solver failed in IPCW_HAL_init, falling back to SCS: The solver ECOS is not installed.
M-step CVXPY optimize time (sec): 1.1004
ECOS solver failed:  The solver ECOS is not installed. 
Using SCS instead.
ECOS solver failed:  The solver ECOS is not installed. 
Using SCS instead.
ECOS solver failed:  The solver ECOS is not installed. 
Using SCS instead.
ECOS solver failed:  The solver ECOS is not installed. 
Using SCS instead.
ECOS solver failed:  The solver ECOS is not installed. 
Using SCS instead.
ECOS solver failed:  The solver ECOS is not installed. 
Using SCS instead.
ECOS solver failed:  The solver ECOS is not installed. 
Using SCS instead.
ECOS solver failed:  The solver ECOS is not installed. 
Using SCS instead.
ECOS solver failed:  The solver ECOS is not installed. 
Using SCS instead.
ECOS solver failed:  The solver ECOS is not installed. 
Using SCS instead.
ECOS solver failed:  The solver ECOS is not installed. 
Using SCS instead.
ECOS solver failed:  The solver ECOS is not installed. 
Using SCS instead.
ECOS solver failed:  The solver ECOS is not installed. 
Using SCS instead.
ECOS solver failed:  The solver ECOS is not installed. 
Using SCS instead.
ECOS solver failed:  The solver ECOS is not installed. 
Using SCS instead.
ECOS solver failed:  The solver ECOS is not installed. 
Using SCS instead.
ECOS solver failed:  The solver ECOS is not installed. 
Using SCS instead.
ECOS solver failed:  The solver ECOS is not installed. 
Using SCS instead.
ECOS solver failed:  The solver ECOS is not installed. 
Using SCS instead.
ECOS solver failed:  The solver ECOS is not installed. 
Using SCS instead.
ECOS solver failed:  The solver ECOS is not installed. 
Using SCS instead.
M-step Design Matrix Calculation time (sec): 0.0155
ECOS solver failed in IPCW_HAL_init, falling back to SCS: The solver ECOS is not installed.
M-step CVXPY optimize time (sec): 0.6336
ECOS solver failed:  The solver ECOS is not installed. 
Using SCS instead.
ECOS solver failed:  The solver ECOS is not installed. 
Using SCS instead.
ECOS solver failed:  The solver ECOS is not installed. 
Using SCS instead.
ECOS solver failed:  The solver ECOS is not installed. 
Using SCS instead.
ECOS solver failed:  The solver ECOS is not installed. 
Using SCS instead.
ECOS solver failed:  The solver ECOS is not installed. 
Using SCS instead.
ECOS solver failed:  The solver ECOS is not installed. 
Using SCS instead.
ECOS solver failed:  The solver ECOS is not installed. 
Using SCS instead.
ECOS solver failed:  The solver ECOS is not installed. 
Using SCS instead.
ECOS solver failed:  The solver ECOS is not installed. 
Using SCS instead.
ECOS solver failed:  The solver ECOS is not installed. 
Using SCS instead.
ECOS solver failed:  The solver ECOS is not installed. 
Using SCS instead.
ECOS solver failed:  The solver ECOS is not installed. 
Using SCS instead.
ECOS solver failed:  The solver ECOS is not installed. 
Using SCS instead.
ECOS solver failed:  The solver ECOS is not installed. 
Using SCS instead.
ECOS solver failed:  The solver ECOS is not installed. 
Using SCS instead.
ECOS solver failed:  The solver ECOS is not installed. 
Using SCS instead.
ECOS solver failed:  The solver ECOS is not installed. 
Using SCS instead.
ECOS solver failed:  The solver ECOS is not installed. 
Using SCS instead.
ECOS solver failed:  The solver ECOS is not installed. 
Using SCS instead.
ECOS solver failed:  The solver ECOS is not installed. 
Using SCS instead.
M-step Design Matrix Calculation time (sec): 0.0528
ECOS solver failed in IPCW_HAL_init, falling back to SCS: The solver ECOS is not installed.
WARNING - large complementary slackness residual: 0.001922
M-step CVXPY optimize time (sec): 0.6902
ECOS solver failed:  The solver ECOS is not installed. 
Using SCS instead.
ECOS solver failed:  The solver ECOS is not installed. 
Using SCS instead.
ECOS solver failed:  The solver ECOS is not installed. 
Using SCS instead.
ECOS solver failed:  The solver ECOS is not installed. 
Using SCS instead.
ECOS solver failed:  The solver ECOS is not installed. 
Using SCS instead.
ECOS solver failed:  The solver ECOS is not installed. 
Using SCS instead.
ECOS solver failed:  The solver ECOS is not installed. 
Using SCS instead.
ECOS solver failed:  The solver ECOS is not installed. 
Using SCS instead.
ECOS solver failed:  The solver ECOS is not installed. 
Using SCS instead.
ECOS solver failed:  The solver ECOS is not installed. 
Using SCS instead.
ECOS solver failed:  The solver ECOS is not installed. 
Using SCS instead.
ECOS solver failed:  The solver ECOS is not installed. 
Using SCS instead.
ECOS solver failed:  The solver ECOS is not installed. 
Using SCS instead.
ECOS solver failed:  The solver ECOS is not installed. 
Using SCS instead.
ECOS solver failed:  The solver ECOS is not installed. 
Using SCS instead.
ECOS solver failed:  The solver ECOS is not installed. 
Using SCS instead.
ECOS solver failed:  The solver ECOS is not installed. 
Using SCS instead.
ECOS solver failed:  The solver ECOS is not installed. 
Using SCS instead.
ECOS solver failed:  The solver ECOS is not installed. 
Using SCS instead.
ECOS solver failed:  The solver ECOS is not installed. 
Using SCS instead.
ECOS solver failed:  The solver ECOS is not installed. 
Using SCS instead.
M-step Design Matrix Calculation time (sec): 0.0233
ECOS solver failed in IPCW_HAL_init, falling back to SCS: The solver ECOS is not installed.
WARNING - large complementary slackness residual: 0.001279
M-step CVXPY optimize time (sec): 0.7404
ECOS solver failed:  The solver ECOS is not installed. 
Using SCS instead.
ECOS solver failed:  The solver ECOS is not installed. 
Using SCS instead.
ECOS solver failed:  The solver ECOS is not installed. 
Using SCS instead.
ECOS solver failed:  The solver ECOS is not installed. 
Using SCS instead.
ECOS solver failed:  The solver ECOS is not installed. 
Using SCS instead.
ECOS solver failed:  The solver ECOS is not installed. 
Using SCS instead.
ECOS solver failed:  The solver ECOS is not installed. 
Using SCS instead.
ECOS solver failed:  The solver ECOS is not installed. 
Using SCS instead.
ECOS solver failed:  The solver ECOS is not installed. 
Using SCS instead.
ECOS solver failed:  The solver ECOS is not installed. 
Using SCS instead.
ECOS solver failed:  The solver ECOS is not installed. 
Using SCS instead.
ECOS solver failed:  The solver ECOS is not installed. 
Using SCS instead.
ECOS solver failed:  The solver ECOS is not installed. 
Using SCS instead.
ECOS solver failed:  The solver ECOS is not installed. 
Using SCS instead.
ECOS solver failed:  The solver ECOS is not installed. 
Using SCS instead.
ECOS solver failed:  The solver ECOS is not installed. 
Using SCS instead.
ECOS solver failed:  The solver ECOS is not installed. 
Using SCS instead.
ECOS solver failed:  The solver ECOS is not installed. 
Using SCS instead.
ECOS solver failed:  The solver ECOS is not installed. 
Using SCS instead.
ECOS solver failed:  The solver ECOS is not installed. 
Using SCS instead.
ECOS solver failed:  The solver ECOS is not installed. 
Using SCS instead.
M-step Design Matrix Calculation time (sec): 0.0153
ECOS solver failed in IPCW_HAL_init, falling back to SCS: The solver ECOS is not installed.
M-step CVXPY optimize time (sec): 0.7132
ECOS solver failed:  The solver ECOS is not installed. 
Using SCS instead.
ECOS solver failed:  The solver ECOS is not installed. 
Using SCS instead.
ECOS solver failed:  The solver ECOS is not installed. 
Using SCS instead.
ECOS solver failed:  The solver ECOS is not installed. 
Using SCS instead.
ECOS solver failed:  The solver ECOS is not installed. 
Using SCS instead.
ECOS solver failed:  The solver ECOS is not installed. 
Using SCS instead.
ECOS solver failed:  The solver ECOS is not installed. 
Using SCS instead.
ECOS solver failed:  The solver ECOS is not installed. 
Using SCS instead.
ECOS solver failed:  The solver ECOS is not installed. 
Using SCS instead.
ECOS solver failed:  The solver ECOS is not installed. 
Using SCS instead.
ECOS solver failed:  The solver ECOS is not installed. 
Using SCS instead.
ECOS solver failed:  The solver ECOS is not installed. 
Using SCS instead.
ECOS solver failed:  The solver ECOS is not installed. 
Using SCS instead.
ECOS solver failed:  The solver ECOS is not installed. 
Using SCS instead.
ECOS solver failed:  The solver ECOS is not installed. 
Using SCS instead.
ECOS solver failed:  The solver ECOS is not installed. 
Using SCS instead.
ECOS solver failed:  The solver ECOS is not installed. 
Using SCS instead.
ECOS solver failed:  The solver ECOS is not installed. 
Using SCS instead.
ECOS solver failed:  The solver ECOS is not installed. 
Using SCS instead.
ECOS solver failed:  The solver ECOS is not installed. 
Using SCS instead.
ECOS solver failed:  The solver ECOS is not installed. 
Using SCS instead.
M-step Design Matrix Calculation time (sec): 0.0156
ECOS solver failed in IPCW_HAL_init, falling back to SCS: The solver ECOS is not installed.
WARNING - large complementary slackness residual: 0.001085
M-step CVXPY optimize time (sec): 0.6358
ECOS solver failed:  The solver ECOS is not installed. 
Using SCS instead.
ECOS solver failed:  The solver ECOS is not installed. 
Using SCS instead.
ECOS solver failed:  The solver ECOS is not installed. 
Using SCS instead.
ECOS solver failed:  The solver ECOS is not installed. 
Using SCS instead.
ECOS solver failed:  The solver ECOS is not installed. 
Using SCS instead.
ECOS solver failed:  The solver ECOS is not installed. 
Using SCS instead.
ECOS solver failed:  The solver ECOS is not installed. 
Using SCS instead.
ECOS solver failed:  The solver ECOS is not installed. 
Using SCS instead.
ECOS solver failed:  The solver ECOS is not installed. 
Using SCS instead.
ECOS solver failed:  The solver ECOS is not installed. 
Using SCS instead.
ECOS solver failed:  The solver ECOS is not installed. 
Using SCS instead.
ECOS solver failed:  The solver ECOS is not installed. 
Using SCS instead.
ECOS solver failed:  The solver ECOS is not installed. 
Using SCS instead.
ECOS solver failed:  The solver ECOS is not installed. 
Using SCS instead.
ECOS solver failed:  The solver ECOS is not installed. 
Using SCS instead.
ECOS solver failed:  The solver ECOS is not installed. 
Using SCS instead.
ECOS solver failed:  The solver ECOS is not installed. 
Using SCS instead.
ECOS solver failed:  The solver ECOS is not installed. 
Using SCS instead.
ECOS solver failed:  The solver ECOS is not installed. 
Using SCS instead.
ECOS solver failed:  The solver ECOS is not installed. 
Using SCS instead.
ECOS solver failed:  The solver ECOS is not installed. 
Using SCS instead.
M-step Design Matrix Calculation time (sec): 0.0157
ECOS solver failed in IPCW_HAL_init, falling back to SCS: The solver ECOS is not installed.
WARNING - large complementary slackness residual: 0.002134
M-step CVXPY optimize time (sec): 1.2971
ECOS solver failed:  The solver ECOS is not installed. 
Using SCS instead.
ECOS solver failed:  The solver ECOS is not installed. 
Using SCS instead.
ECOS solver failed:  The solver ECOS is not installed. 
Using SCS instead.
ECOS solver failed:  The solver ECOS is not installed. 
Using SCS instead.
ECOS solver failed:  The solver ECOS is not installed. 
Using SCS instead.
ECOS solver failed:  The solver ECOS is not installed. 
Using SCS instead.
ECOS solver failed:  The solver ECOS is not installed. 
Using SCS instead.
ECOS solver failed:  The solver ECOS is not installed. 
Using SCS instead.
ECOS solver failed:  The solver ECOS is not installed. 
Using SCS instead.
ECOS solver failed:  The solver ECOS is not installed. 
Using SCS instead.
ECOS solver failed:  The solver ECOS is not installed. 
Using SCS instead.
ECOS solver failed:  The solver ECOS is not installed. 
Using SCS instead.
ECOS solver failed:  The solver ECOS is not installed. 
Using SCS instead.
ECOS solver failed:  The solver ECOS is not installed. 
Using SCS instead.
ECOS solver failed:  The solver ECOS is not installed. 
Using SCS instead.
ECOS solver failed:  The solver ECOS is not installed. 
Using SCS instead.
ECOS solver failed:  The solver ECOS is not installed. 
Using SCS instead.
ECOS solver failed:  The solver ECOS is not installed. 
Using SCS instead.
ECOS solver failed:  The solver ECOS is not installed. 
Using SCS instead.
ECOS solver failed:  The solver ECOS is not installed. 
Using SCS instead.
ECOS solver failed:  The solver ECOS is not installed. 
Using SCS instead.
M-step Design Matrix Calculation time (sec): 0.0143
ECOS solver failed in IPCW_HAL_init, falling back to SCS: The solver ECOS is not installed.
WARNING - large complementary slackness residual: 0.001755
M-step CVXPY optimize time (sec): 0.8563
ECOS solver failed:  The solver ECOS is not installed. 
Using SCS instead.
ECOS solver failed:  The solver ECOS is not installed. 
Using SCS instead.
ECOS solver failed:  The solver ECOS is not installed. 
Using SCS instead.
ECOS solver failed:  The solver ECOS is not installed. 
Using SCS instead.
ECOS solver failed:  The solver ECOS is not installed. 
Using SCS instead.
ECOS solver failed:  The solver ECOS is not installed. 
Using SCS instead.
ECOS solver failed:  The solver ECOS is not installed. 
Using SCS instead.
ECOS solver failed:  The solver ECOS is not installed. 
Using SCS instead.
ECOS solver failed:  The solver ECOS is not installed. 
Using SCS instead.
ECOS solver failed:  The solver ECOS is not installed. 
Using SCS instead.
ECOS solver failed:  The solver ECOS is not installed. 
Using SCS instead.
ECOS solver failed:  The solver ECOS is not installed. 
Using SCS instead.
ECOS solver failed:  The solver ECOS is not installed. 
Using SCS instead.
ECOS solver failed:  The solver ECOS is not installed. 
Using SCS instead.
ECOS solver failed:  The solver ECOS is not installed. 
Using SCS instead.
ECOS solver failed:  The solver ECOS is not installed. 
Using SCS instead.
ECOS solver failed:  The solver ECOS is not installed. 
Using SCS instead.
ECOS solver failed:  The solver ECOS is not installed. 
Using SCS instead.
ECOS solver failed:  The solver ECOS is not installed. 
Using SCS instead.
ECOS solver failed:  The solver ECOS is not installed. 
Using SCS instead.
ECOS solver failed:  The solver ECOS is not installed. 
Using SCS instead.
M-step Design Matrix Calculation time (sec): 0.0786
ECOS solver failed in IPCW_HAL_init, falling back to SCS: The solver ECOS is not installed.
WARNING - large complementary slackness residual: 0.003073
M-step CVXPY optimize time (sec): 0.7249
ECOS solver failed:  The solver ECOS is not installed. 
Using SCS instead.
ECOS solver failed:  The solver ECOS is not installed. 
Using SCS instead.
ECOS solver failed:  The solver ECOS is not installed. 
Using SCS instead.
ECOS solver failed:  The solver ECOS is not installed. 
Using SCS instead.
ECOS solver failed:  The solver ECOS is not installed. 
Using SCS instead.
ECOS solver failed:  The solver ECOS is not installed. 
Using SCS instead.
ECOS solver failed:  The solver ECOS is not installed. 
Using SCS instead.
ECOS solver failed:  The solver ECOS is not installed. 
Using SCS instead.
ECOS solver failed:  The solver ECOS is not installed. 
Using SCS instead.
ECOS solver failed:  The solver ECOS is not installed. 
Using SCS instead.
ECOS solver failed:  The solver ECOS is not installed. 
Using SCS instead.
ECOS solver failed:  The solver ECOS is not installed. 
Using SCS instead.
ECOS solver failed:  The solver ECOS is not installed. 
Using SCS instead.
ECOS solver failed:  The solver ECOS is not installed. 
Using SCS instead.
ECOS solver failed:  The solver ECOS is not installed. 
Using SCS instead.
ECOS solver failed:  The solver ECOS is not installed. 
Using SCS instead.
ECOS solver failed:  The solver ECOS is not installed. 
Using SCS instead.
ECOS solver failed:  The solver ECOS is not installed. 
Using SCS instead.
ECOS solver failed:  The solver ECOS is not installed. 
Using SCS instead.
ECOS solver failed:  The solver ECOS is not installed. 
Using SCS instead.
ECOS solver failed:  The solver ECOS is not installed. 
Using SCS instead.
M-step Design Matrix Calculation time (sec): 0.0136
ECOS solver failed in IPCW_HAL_init, falling back to SCS: The solver ECOS is not installed.
M-step CVXPY optimize time (sec): 0.5595
ECOS solver failed:  The solver ECOS is not installed. 
Using SCS instead.
ECOS solver failed:  The solver ECOS is not installed. 
Using SCS instead.
ECOS solver failed:  The solver ECOS is not installed. 
Using SCS instead.
ECOS solver failed:  The solver ECOS is not installed. 
Using SCS instead.
ECOS solver failed:  The solver ECOS is not installed. 
Using SCS instead.
ECOS solver failed:  The solver ECOS is not installed. 
Using SCS instead.
ECOS solver failed:  The solver ECOS is not installed. 
Using SCS instead.
ECOS solver failed:  The solver ECOS is not installed. 
Using SCS instead.
ECOS solver failed:  The solver ECOS is not installed. 
Using SCS instead.
ECOS solver failed:  The solver ECOS is not installed. 
Using SCS instead.
ECOS solver failed:  The solver ECOS is not installed. 
Using SCS instead.
ECOS solver failed:  The solver ECOS is not installed. 
Using SCS instead.
ECOS solver failed:  The solver ECOS is not installed. 
Using SCS instead.
ECOS solver failed:  The solver ECOS is not installed. 
Using SCS instead.
ECOS solver failed:  The solver ECOS is not installed. 
Using SCS instead.
ECOS solver failed:  The solver ECOS is not installed. 
Using SCS instead.
ECOS solver failed:  The solver ECOS is not installed. 
Using SCS instead.
ECOS solver failed:  The solver ECOS is not installed. 
Using SCS instead.
ECOS solver failed:  The solver ECOS is not installed. 
Using SCS instead.
ECOS solver failed:  The solver ECOS is not installed. 
Using SCS instead.
ECOS solver failed:  The solver ECOS is not installed. 
Using SCS instead.
M-step Design Matrix Calculation time (sec): 0.0161
ECOS solver failed in IPCW_HAL_init, falling back to SCS: The solver ECOS is not installed.
WARNING - large complementary slackness residual: 0.002184
M-step CVXPY optimize time (sec): 1.1786
ECOS solver failed:  The solver ECOS is not installed. 
Using SCS instead.
ECOS solver failed:  The solver ECOS is not installed. 
Using SCS instead.
ECOS solver failed:  The solver ECOS is not installed. 
Using SCS instead.
ECOS solver failed:  The solver ECOS is not installed. 
Using SCS instead.
ECOS solver failed:  The solver ECOS is not installed. 
Using SCS instead.
ECOS solver failed:  The solver ECOS is not installed. 
Using SCS instead.
ECOS solver failed:  The solver ECOS is not installed. 
Using SCS instead.
ECOS solver failed:  The solver ECOS is not installed. 
Using SCS instead.
ECOS solver failed:  The solver ECOS is not installed. 
Using SCS instead.
ECOS solver failed:  The solver ECOS is not installed. 
Using SCS instead.
ECOS solver failed:  The solver ECOS is not installed. 
Using SCS instead.
ECOS solver failed:  The solver ECOS is not installed. 
Using SCS instead.
ECOS solver failed:  The solver ECOS is not installed. 
Using SCS instead.
ECOS solver failed:  The solver ECOS is not installed. 
Using SCS instead.
ECOS solver failed:  The solver ECOS is not installed. 
Using SCS instead.
ECOS solver failed:  The solver ECOS is not installed. 
Using SCS instead.
ECOS solver failed:  The solver ECOS is not installed. 
Using SCS instead.
ECOS solver failed:  The solver ECOS is not installed. 
Using SCS instead.
ECOS solver failed:  The solver ECOS is not installed. 
Using SCS instead.
ECOS solver failed:  The solver ECOS is not installed. 
Using SCS instead.
ECOS solver failed:  The solver ECOS is not installed. 
Using SCS instead.
M-step Design Matrix Calculation time (sec): 0.0159
ECOS solver failed in IPCW_HAL_init, falling back to SCS: The solver ECOS is not installed.
M-step CVXPY optimize time (sec): 0.5958
ECOS solver failed:  The solver ECOS is not installed. 
Using SCS instead.
ECOS solver failed:  The solver ECOS is not installed. 
Using SCS instead.
ECOS solver failed:  The solver ECOS is not installed. 
Using SCS instead.
ECOS solver failed:  The solver ECOS is not installed. 
Using SCS instead.
ECOS solver failed:  The solver ECOS is not installed. 
Using SCS instead.
ECOS solver failed:  The solver ECOS is not installed. 
Using SCS instead.
ECOS solver failed:  The solver ECOS is not installed. 
Using SCS instead.
ECOS solver failed:  The solver ECOS is not installed. 
Using SCS instead.
ECOS solver failed:  The solver ECOS is not installed. 
Using SCS instead.
ECOS solver failed:  The solver ECOS is not installed. 
Using SCS instead.
ECOS solver failed:  The solver ECOS is not installed. 
Using SCS instead.
ECOS solver failed:  The solver ECOS is not installed. 
Using SCS instead.
ECOS solver failed:  The solver ECOS is not installed. 
Using SCS instead.
ECOS solver failed:  The solver ECOS is not installed. 
Using SCS instead.
ECOS solver failed:  The solver ECOS is not installed. 
Using SCS instead.
ECOS solver failed:  The solver ECOS is not installed. 
Using SCS instead.
ECOS solver failed:  The solver ECOS is not installed. 
Using SCS instead.
ECOS solver failed:  The solver ECOS is not installed. 
Using SCS instead.
ECOS solver failed:  The solver ECOS is not installed. 
Using SCS instead.
ECOS solver failed:  The solver ECOS is not installed. 
Using SCS instead.
ECOS solver failed:  The solver ECOS is not installed. 
Using SCS instead.
M-step Design Matrix Calculation time (sec): 0.0506
ECOS solver failed in IPCW_HAL_init, falling back to SCS: The solver ECOS is not installed.
WARNING - large complementary slackness residual: 0.001206
M-step CVXPY optimize time (sec): 0.7143
ECOS solver failed:  The solver ECOS is not installed. 
Using SCS instead.
ECOS solver failed:  The solver ECOS is not installed. 
Using SCS instead.
ECOS solver failed:  The solver ECOS is not installed. 
Using SCS instead.
ECOS solver failed:  The solver ECOS is not installed. 
Using SCS instead.
ECOS solver failed:  The solver ECOS is not installed. 
Using SCS instead.
ECOS solver failed:  The solver ECOS is not installed. 
Using SCS instead.
ECOS solver failed:  The solver ECOS is not installed. 
Using SCS instead.
ECOS solver failed:  The solver ECOS is not installed. 
Using SCS instead.
ECOS solver failed:  The solver ECOS is not installed. 
Using SCS instead.
ECOS solver failed:  The solver ECOS is not installed. 
Using SCS instead.
ECOS solver failed:  The solver ECOS is not installed. 
Using SCS instead.
ECOS solver failed:  The solver ECOS is not installed. 
Using SCS instead.
ECOS solver failed:  The solver ECOS is not installed. 
Using SCS instead.
ECOS solver failed:  The solver ECOS is not installed. 
Using SCS instead.
ECOS solver failed:  The solver ECOS is not installed. 
Using SCS instead.
ECOS solver failed:  The solver ECOS is not installed. 
Using SCS instead.
ECOS solver failed:  The solver ECOS is not installed. 
Using SCS instead.
ECOS solver failed:  The solver ECOS is not installed. 
Using SCS instead.
ECOS solver failed:  The solver ECOS is not installed. 
Using SCS instead.
ECOS solver failed:  The solver ECOS is not installed. 
Using SCS instead.
ECOS solver failed:  The solver ECOS is not installed. 
Using SCS instead.
M-step Design Matrix Calculation time (sec): 0.0145
ECOS solver failed in IPCW_HAL_init, falling back to SCS: The solver ECOS is not installed.
WARNING - large complementary slackness residual: 0.000972
M-step CVXPY optimize time (sec): 1.9088
ECOS solver failed:  The solver ECOS is not installed. 
Using SCS instead.
ECOS solver failed:  The solver ECOS is not installed. 
Using SCS instead.
ECOS solver failed:  The solver ECOS is not installed. 
Using SCS instead.
ECOS solver failed:  The solver ECOS is not installed. 
Using SCS instead.
ECOS solver failed:  The solver ECOS is not installed. 
Using SCS instead.
ECOS solver failed:  The solver ECOS is not installed. 
Using SCS instead.
ECOS solver failed:  The solver ECOS is not installed. 
Using SCS instead.
ECOS solver failed:  The solver ECOS is not installed. 
Using SCS instead.
ECOS solver failed:  The solver ECOS is not installed. 
Using SCS instead.
ECOS solver failed:  The solver ECOS is not installed. 
Using SCS instead.
ECOS solver failed:  The solver ECOS is not installed. 
Using SCS instead.
ECOS solver failed:  The solver ECOS is not installed. 
Using SCS instead.
ECOS solver failed:  The solver ECOS is not installed. 
Using SCS instead.
ECOS solver failed:  The solver ECOS is not installed. 
Using SCS instead.
ECOS solver failed:  The solver ECOS is not installed. 
Using SCS instead.
ECOS solver failed:  The solver ECOS is not installed. 
Using SCS instead.
ECOS solver failed:  The solver ECOS is not installed. 
Using SCS instead.
ECOS solver failed:  The solver ECOS is not installed. 
Using SCS instead.
ECOS solver failed:  The solver ECOS is not installed. 
Using SCS instead.
ECOS solver failed:  The solver ECOS is not installed. 
Using SCS instead.
ECOS solver failed:  The solver ECOS is not installed. 
Using SCS instead.
M-step Design Matrix Calculation time (sec): 0.0309
ECOS solver failed in IPCW_HAL_init, falling back to SCS: The solver ECOS is not installed.
WARNING - large complementary slackness residual: 0.001717
M-step CVXPY optimize time (sec): 0.8130
ECOS solver failed:  The solver ECOS is not installed. 
Using SCS instead.
ECOS solver failed:  The solver ECOS is not installed. 
Using SCS instead.
ECOS solver failed:  The solver ECOS is not installed. 
Using SCS instead.
ECOS solver failed:  The solver ECOS is not installed. 
Using SCS instead.
ECOS solver failed:  The solver ECOS is not installed. 
Using SCS instead.
ECOS solver failed:  The solver ECOS is not installed. 
Using SCS instead.
ECOS solver failed:  The solver ECOS is not installed. 
Using SCS instead.
ECOS solver failed:  The solver ECOS is not installed. 
Using SCS instead.
ECOS solver failed:  The solver ECOS is not installed. 
Using SCS instead.
ECOS solver failed:  The solver ECOS is not installed. 
Using SCS instead.
ECOS solver failed:  The solver ECOS is not installed. 
Using SCS instead.
ECOS solver failed:  The solver ECOS is not installed. 
Using SCS instead.
ECOS solver failed:  The solver ECOS is not installed. 
Using SCS instead.
ECOS solver failed:  The solver ECOS is not installed. 
Using SCS instead.
ECOS solver failed:  The solver ECOS is not installed. 
Using SCS instead.
ECOS solver failed:  The solver ECOS is not installed. 
Using SCS instead.
ECOS solver failed:  The solver ECOS is not installed. 
Using SCS instead.
ECOS solver failed:  The solver ECOS is not installed. 
Using SCS instead.
ECOS solver failed:  The solver ECOS is not installed. 
Using SCS instead.
ECOS solver failed:  The solver ECOS is not installed. 
Using SCS instead.
ECOS solver failed:  The solver ECOS is not installed. 
Using SCS instead.
M-step Design Matrix Calculation time (sec): 0.0157
ECOS solver failed in IPCW_HAL_init, falling back to SCS: The solver ECOS is not installed.
M-step CVXPY optimize time (sec): 0.7822
ECOS solver failed:  The solver ECOS is not installed. 
Using SCS instead.
ECOS solver failed:  The solver ECOS is not installed. 
Using SCS instead.
ECOS solver failed:  The solver ECOS is not installed. 
Using SCS instead.
ECOS solver failed:  The solver ECOS is not installed. 
Using SCS instead.
ECOS solver failed:  The solver ECOS is not installed. 
Using SCS instead.
ECOS solver failed:  The solver ECOS is not installed. 
Using SCS instead.
ECOS solver failed:  The solver ECOS is not installed. 
Using SCS instead.
ECOS solver failed:  The solver ECOS is not installed. 
Using SCS instead.
ECOS solver failed:  The solver ECOS is not installed. 
Using SCS instead.
ECOS solver failed:  The solver ECOS is not installed. 
Using SCS instead.
ECOS solver failed:  The solver ECOS is not installed. 
Using SCS instead.
ECOS solver failed:  The solver ECOS is not installed. 
Using SCS instead.
ECOS solver failed:  The solver ECOS is not installed. 
Using SCS instead.
ECOS solver failed:  The solver ECOS is not installed. 
Using SCS instead.
ECOS solver failed:  The solver ECOS is not installed. 
Using SCS instead.
ECOS solver failed:  The solver ECOS is not installed. 
Using SCS instead.
ECOS solver failed:  The solver ECOS is not installed. 
Using SCS instead.
ECOS solver failed:  The solver ECOS is not installed. 
Using SCS instead.
ECOS solver failed:  The solver ECOS is not installed. 
Using SCS instead.
ECOS solver failed:  The solver ECOS is not installed. 
Using SCS instead.
ECOS solver failed:  The solver ECOS is not installed. 
Using SCS instead.
M-step Design Matrix Calculation time (sec): 0.0750
ECOS solver failed in IPCW_HAL_init, falling back to SCS: The solver ECOS is not installed.
WARNING - large complementary slackness residual: 0.001231
M-step CVXPY optimize time (sec): 2.1903
ECOS solver failed:  The solver ECOS is not installed. 
Using SCS instead.
ECOS solver failed:  The solver ECOS is not installed. 
Using SCS instead.
ECOS solver failed:  The solver ECOS is not installed. 
Using SCS instead.
ECOS solver failed:  The solver ECOS is not installed. 
Using SCS instead.
ECOS solver failed:  The solver ECOS is not installed. 
Using SCS instead.
ECOS solver failed:  The solver ECOS is not installed. 
Using SCS instead.
ECOS solver failed:  The solver ECOS is not installed. 
Using SCS instead.
ECOS solver failed:  The solver ECOS is not installed. 
Using SCS instead.
ECOS solver failed:  The solver ECOS is not installed. 
Using SCS instead.
ECOS solver failed:  The solver ECOS is not installed. 
Using SCS instead.
ECOS solver failed:  The solver ECOS is not installed. 
Using SCS instead.
ECOS solver failed:  The solver ECOS is not installed. 
Using SCS instead.
ECOS solver failed:  The solver ECOS is not installed. 
Using SCS instead.
ECOS solver failed:  The solver ECOS is not installed. 
Using SCS instead.
ECOS solver failed:  The solver ECOS is not installed. 
Using SCS instead.
ECOS solver failed:  The solver ECOS is not installed. 
Using SCS instead.
ECOS solver failed:  The solver ECOS is not installed. 
Using SCS instead.
ECOS solver failed:  The solver ECOS is not installed. 
Using SCS instead.
ECOS solver failed:  The solver ECOS is not installed. 
Using SCS instead.
ECOS solver failed:  The solver ECOS is not installed. 
Using SCS instead.
ECOS solver failed:  The solver ECOS is not installed. 
Using SCS instead.
M-step Design Matrix Calculation time (sec): 0.0329
ECOS solver failed in IPCW_HAL_init, falling back to SCS: The solver ECOS is not installed.
M-step CVXPY optimize time (sec): 0.9428
ECOS solver failed:  The solver ECOS is not installed. 
Using SCS instead.
ECOS solver failed:  The solver ECOS is not installed. 
Using SCS instead.
ECOS solver failed:  The solver ECOS is not installed. 
Using SCS instead.
ECOS solver failed:  The solver ECOS is not installed. 
Using SCS instead.
ECOS solver failed:  The solver ECOS is not installed. 
Using SCS instead.
ECOS solver failed:  The solver ECOS is not installed. 
Using SCS instead.
ECOS solver failed:  The solver ECOS is not installed. 
Using SCS instead.
ECOS solver failed:  The solver ECOS is not installed. 
Using SCS instead.
ECOS solver failed:  The solver ECOS is not installed. 
Using SCS instead.
ECOS solver failed:  The solver ECOS is not installed. 
Using SCS instead.
ECOS solver failed:  The solver ECOS is not installed. 
Using SCS instead.
ECOS solver failed:  The solver ECOS is not installed. 
Using SCS instead.
ECOS solver failed:  The solver ECOS is not installed. 
Using SCS instead.
ECOS solver failed:  The solver ECOS is not installed. 
Using SCS instead.
ECOS solver failed:  The solver ECOS is not installed. 
Using SCS instead.
ECOS solver failed:  The solver ECOS is not installed. 
Using SCS instead.
ECOS solver failed:  The solver ECOS is not installed. 
Using SCS instead.
ECOS solver failed:  The solver ECOS is not installed. 
Using SCS instead.
ECOS solver failed:  The solver ECOS is not installed. 
Using SCS instead.
ECOS solver failed:  The solver ECOS is not installed. 
Using SCS instead.
ECOS solver failed:  The solver ECOS is not installed. 
Using SCS instead.
M-step Design Matrix Calculation time (sec): 0.0147
ECOS solver failed in IPCW_HAL_init, falling back to SCS: The solver ECOS is not installed.
WARNING - large complementary slackness residual: 0.001625
M-step CVXPY optimize time (sec): 1.6695
ECOS solver failed:  The solver ECOS is not installed. 
Using SCS instead.
ECOS solver failed:  The solver ECOS is not installed. 
Using SCS instead.
ECOS solver failed:  The solver ECOS is not installed. 
Using SCS instead.
ECOS solver failed:  The solver ECOS is not installed. 
Using SCS instead.
ECOS solver failed:  The solver ECOS is not installed. 
Using SCS instead.
ECOS solver failed:  The solver ECOS is not installed. 
Using SCS instead.
ECOS solver failed:  The solver ECOS is not installed. 
Using SCS instead.
ECOS solver failed:  The solver ECOS is not installed. 
Using SCS instead.
ECOS solver failed:  The solver ECOS is not installed. 
Using SCS instead.
ECOS solver failed:  The solver ECOS is not installed. 
Using SCS instead.
ECOS solver failed:  The solver ECOS is not installed. 
Using SCS instead.
ECOS solver failed:  The solver ECOS is not installed. 
Using SCS instead.
ECOS solver failed:  The solver ECOS is not installed. 
Using SCS instead.
ECOS solver failed:  The solver ECOS is not installed. 
Using SCS instead.
ECOS solver failed:  The solver ECOS is not installed. 
Using SCS instead.
ECOS solver failed:  The solver ECOS is not installed. 
Using SCS instead.
ECOS solver failed:  The solver ECOS is not installed. 
Using SCS instead.
ECOS solver failed:  The solver ECOS is not installed. 
Using SCS instead.
ECOS solver failed:  The solver ECOS is not installed. 
Using SCS instead.
ECOS solver failed:  The solver ECOS is not installed. 
Using SCS instead.
ECOS solver failed:  The solver ECOS is not installed. 
Using SCS instead.
M-step Design Matrix Calculation time (sec): 0.0439
ECOS solver failed in IPCW_HAL_init, falling back to SCS: The solver ECOS is not installed.
WARNING - large complementary slackness residual: 0.002719
M-step CVXPY optimize time (sec): 2.1896
ECOS solver failed:  The solver ECOS is not installed. 
Using SCS instead.
ECOS solver failed:  The solver ECOS is not installed. 
Using SCS instead.
ECOS solver failed:  The solver ECOS is not installed. 
Using SCS instead.
ECOS solver failed:  The solver ECOS is not installed. 
Using SCS instead.
ECOS solver failed:  The solver ECOS is not installed. 
Using SCS instead.
ECOS solver failed:  The solver ECOS is not installed. 
Using SCS instead.
ECOS solver failed:  The solver ECOS is not installed. 
Using SCS instead.
ECOS solver failed:  The solver ECOS is not installed. 
Using SCS instead.
ECOS solver failed:  The solver ECOS is not installed. 
Using SCS instead.
ECOS solver failed:  The solver ECOS is not installed. 
Using SCS instead.
ECOS solver failed:  The solver ECOS is not installed. 
Using SCS instead.
ECOS solver failed:  The solver ECOS is not installed. 
Using SCS instead.
ECOS solver failed:  The solver ECOS is not installed. 
Using SCS instead.
ECOS solver failed:  The solver ECOS is not installed. 
Using SCS instead.
ECOS solver failed:  The solver ECOS is not installed. 
Using SCS instead.
ECOS solver failed:  The solver ECOS is not installed. 
Using SCS instead.
ECOS solver failed:  The solver ECOS is not installed. 
Using SCS instead.
ECOS solver failed:  The solver ECOS is not installed. 
Using SCS instead.
ECOS solver failed:  The solver ECOS is not installed. 
Using SCS instead.
ECOS solver failed:  The solver ECOS is not installed. 
Using SCS instead.
ECOS solver failed:  The solver ECOS is not installed. 
Using SCS instead.
M-step Design Matrix Calculation time (sec): 0.0648
ECOS solver failed in IPCW_HAL_init, falling back to SCS: The solver ECOS is not installed.
WARNING - large complementary slackness residual: 0.001255
M-step CVXPY optimize time (sec): 3.8632
ECOS solver failed:  The solver ECOS is not installed. 
Using SCS instead.
ECOS solver failed:  The solver ECOS is not installed. 
Using SCS instead.
ECOS solver failed:  The solver ECOS is not installed. 
Using SCS instead.
ECOS solver failed:  The solver ECOS is not installed. 
Using SCS instead.
ECOS solver failed:  The solver ECOS is not installed. 
Using SCS instead.
ECOS solver failed:  The solver ECOS is not installed. 
Using SCS instead.
ECOS solver failed:  The solver ECOS is not installed. 
Using SCS instead.
ECOS solver failed:  The solver ECOS is not installed. 
Using SCS instead.
ECOS solver failed:  The solver ECOS is not installed. 
Using SCS instead.
ECOS solver failed:  The solver ECOS is not installed. 
Using SCS instead.
ECOS solver failed:  The solver ECOS is not installed. 
Using SCS instead.
ECOS solver failed:  The solver ECOS is not installed. 
Using SCS instead.
ECOS solver failed:  The solver ECOS is not installed. 
Using SCS instead.
ECOS solver failed:  The solver ECOS is not installed. 
Using SCS instead.
ECOS solver failed:  The solver ECOS is not installed. 
Using SCS instead.
ECOS solver failed:  The solver ECOS is not installed. 
Using SCS instead.
ECOS solver failed:  The solver ECOS is not installed. 
Using SCS instead.
ECOS solver failed:  The solver ECOS is not installed. 
Using SCS instead.
ECOS solver failed:  The solver ECOS is not installed. 
Using SCS instead.
ECOS solver failed:  The solver ECOS is not installed. 
Using SCS instead.
ECOS solver failed:  The solver ECOS is not installed. 
Using SCS instead.
M-step Design Matrix Calculation time (sec): 0.0148
ECOS solver failed in IPCW_HAL_init, falling back to SCS: The solver ECOS is not installed.
WARNING - large complementary slackness residual: 0.002707
M-step CVXPY optimize time (sec): 0.3486
ECOS solver failed:  The solver ECOS is not installed. 
Using SCS instead.
ECOS solver failed:  The solver ECOS is not installed. 
Using SCS instead.
ECOS solver failed:  The solver ECOS is not installed. 
Using SCS instead.
ECOS solver failed:  The solver ECOS is not installed. 
Using SCS instead.
ECOS solver failed:  The solver ECOS is not installed. 
Using SCS instead.
ECOS solver failed:  The solver ECOS is not installed. 
Using SCS instead.
ECOS solver failed:  The solver ECOS is not installed. 
Using SCS instead.
ECOS solver failed:  The solver ECOS is not installed. 
Using SCS instead.
ECOS solver failed:  The solver ECOS is not installed. 
Using SCS instead.
ECOS solver failed:  The solver ECOS is not installed. 
Using SCS instead.
ECOS solver failed:  The solver ECOS is not installed. 
Using SCS instead.
ECOS solver failed:  The solver ECOS is not installed. 
Using SCS instead.
ECOS solver failed:  The solver ECOS is not installed. 
Using SCS instead.
ECOS solver failed:  The solver ECOS is not installed. 
Using SCS instead.
ECOS solver failed:  The solver ECOS is not installed. 
Using SCS instead.
ECOS solver failed:  The solver ECOS is not installed. 
Using SCS instead.
ECOS solver failed:  The solver ECOS is not installed. 
Using SCS instead.
ECOS solver failed:  The solver ECOS is not installed. 
Using SCS instead.
ECOS solver failed:  The solver ECOS is not installed. 
Using SCS instead.
ECOS solver failed:  The solver ECOS is not installed. 
Using SCS instead.
ECOS solver failed:  The solver ECOS is not installed. 
Using SCS instead.
M-step Design Matrix Calculation time (sec): 0.0134
ECOS solver failed in IPCW_HAL_init, falling back to SCS: The solver ECOS is not installed.
WARNING - large complementary slackness residual: 0.001938
M-step CVXPY optimize time (sec): 0.6408
ECOS solver failed:  The solver ECOS is not installed. 
Using SCS instead.
ECOS solver failed:  The solver ECOS is not installed. 
Using SCS instead.
ECOS solver failed:  The solver ECOS is not installed. 
Using SCS instead.
ECOS solver failed:  The solver ECOS is not installed. 
Using SCS instead.
ECOS solver failed:  The solver ECOS is not installed. 
Using SCS instead.
ECOS solver failed:  The solver ECOS is not installed. 
Using SCS instead.
ECOS solver failed:  The solver ECOS is not installed. 
Using SCS instead.
ECOS solver failed:  The solver ECOS is not installed. 
Using SCS instead.
ECOS solver failed:  The solver ECOS is not installed. 
Using SCS instead.
ECOS solver failed:  The solver ECOS is not installed. 
Using SCS instead.
ECOS solver failed:  The solver ECOS is not installed. 
Using SCS instead.
ECOS solver failed:  The solver ECOS is not installed. 
Using SCS instead.
ECOS solver failed:  The solver ECOS is not installed. 
Using SCS instead.
ECOS solver failed:  The solver ECOS is not installed. 
Using SCS instead.
ECOS solver failed:  The solver ECOS is not installed. 
Using SCS instead.
ECOS solver failed:  The solver ECOS is not installed. 
Using SCS instead.
ECOS solver failed:  The solver ECOS is not installed. 
Using SCS instead.
ECOS solver failed:  The solver ECOS is not installed. 
Using SCS instead.
ECOS solver failed:  The solver ECOS is not installed. 
Using SCS instead.
ECOS solver failed:  The solver ECOS is not installed. 
Using SCS instead.
ECOS solver failed:  The solver ECOS is not installed. 
Using SCS instead.
M-step Design Matrix Calculation time (sec): 0.0430
ECOS solver failed in IPCW_HAL_init, falling back to SCS: The solver ECOS is not installed.
WARNING - large complementary slackness residual: 0.003159
M-step CVXPY optimize time (sec): 0.4629
ECOS solver failed:  The solver ECOS is not installed. 
Using SCS instead.
ECOS solver failed:  The solver ECOS is not installed. 
Using SCS instead.
ECOS solver failed:  The solver ECOS is not installed. 
Using SCS instead.
ECOS solver failed:  The solver ECOS is not installed. 
Using SCS instead.
ECOS solver failed:  The solver ECOS is not installed. 
Using SCS instead.
ECOS solver failed:  The solver ECOS is not installed. 
Using SCS instead.
ECOS solver failed:  The solver ECOS is not installed. 
Using SCS instead.
ECOS solver failed:  The solver ECOS is not installed. 
Using SCS instead.
ECOS solver failed:  The solver ECOS is not installed. 
Using SCS instead.
ECOS solver failed:  The solver ECOS is not installed. 
Using SCS instead.
ECOS solver failed:  The solver ECOS is not installed. 
Using SCS instead.
ECOS solver failed:  The solver ECOS is not installed. 
Using SCS instead.
ECOS solver failed:  The solver ECOS is not installed. 
Using SCS instead.
ECOS solver failed:  The solver ECOS is not installed. 
Using SCS instead.
ECOS solver failed:  The solver ECOS is not installed. 
Using SCS instead.
ECOS solver failed:  The solver ECOS is not installed. 
Using SCS instead.
ECOS solver failed:  The solver ECOS is not installed. 
Using SCS instead.
ECOS solver failed:  The solver ECOS is not installed. 
Using SCS instead.
ECOS solver failed:  The solver ECOS is not installed. 
Using SCS instead.
ECOS solver failed:  The solver ECOS is not installed. 
Using SCS instead.
ECOS solver failed:  The solver ECOS is not installed. 
Using SCS instead.
M-step Design Matrix Calculation time (sec): 0.0247
ECOS solver failed in IPCW_HAL_init, falling back to SCS: The solver ECOS is not installed.
M-step CVXPY optimize time (sec): 0.6989
ECOS solver failed:  The solver ECOS is not installed. 
Using SCS instead.
ECOS solver failed:  The solver ECOS is not installed. 
Using SCS instead.
ECOS solver failed:  The solver ECOS is not installed. 
Using SCS instead.
ECOS solver failed:  The solver ECOS is not installed. 
Using SCS instead.
ECOS solver failed:  The solver ECOS is not installed. 
Using SCS instead.
ECOS solver failed:  The solver ECOS is not installed. 
Using SCS instead.
ECOS solver failed:  The solver ECOS is not installed. 
Using SCS instead.
ECOS solver failed:  The solver ECOS is not installed. 
Using SCS instead.
ECOS solver failed:  The solver ECOS is not installed. 
Using SCS instead.
ECOS solver failed:  The solver ECOS is not installed. 
Using SCS instead.
ECOS solver failed:  The solver ECOS is not installed. 
Using SCS instead.
ECOS solver failed:  The solver ECOS is not installed. 
Using SCS instead.
ECOS solver failed:  The solver ECOS is not installed. 
Using SCS instead.
ECOS solver failed:  The solver ECOS is not installed. 
Using SCS instead.
ECOS solver failed:  The solver ECOS is not installed. 
Using SCS instead.
ECOS solver failed:  The solver ECOS is not installed. 
Using SCS instead.
ECOS solver failed:  The solver ECOS is not installed. 
Using SCS instead.
ECOS solver failed:  The solver ECOS is not installed. 
Using SCS instead.
ECOS solver failed:  The solver ECOS is not installed. 
Using SCS instead.
ECOS solver failed:  The solver ECOS is not installed. 
Using SCS instead.
ECOS solver failed:  The solver ECOS is not installed. 
Using SCS instead.
M-step Design Matrix Calculation time (sec): 0.0153
ECOS solver failed in IPCW_HAL_init, falling back to SCS: The solver ECOS is not installed.
WARNING - large complementary slackness residual: 0.001570
M-step CVXPY optimize time (sec): 1.0015
ECOS solver failed:  The solver ECOS is not installed. 
Using SCS instead.
ECOS solver failed:  The solver ECOS is not installed. 
Using SCS instead.
ECOS solver failed:  The solver ECOS is not installed. 
Using SCS instead.
ECOS solver failed:  The solver ECOS is not installed. 
Using SCS instead.
ECOS solver failed:  The solver ECOS is not installed. 
Using SCS instead.
ECOS solver failed:  The solver ECOS is not installed. 
Using SCS instead.
ECOS solver failed:  The solver ECOS is not installed. 
Using SCS instead.
ECOS solver failed:  The solver ECOS is not installed. 
Using SCS instead.
ECOS solver failed:  The solver ECOS is not installed. 
Using SCS instead.
ECOS solver failed:  The solver ECOS is not installed. 
Using SCS instead.
ECOS solver failed:  The solver ECOS is not installed. 
Using SCS instead.
ECOS solver failed:  The solver ECOS is not installed. 
Using SCS instead.
ECOS solver failed:  The solver ECOS is not installed. 
Using SCS instead.
ECOS solver failed:  The solver ECOS is not installed. 
Using SCS instead.
ECOS solver failed:  The solver ECOS is not installed. 
Using SCS instead.
ECOS solver failed:  The solver ECOS is not installed. 
Using SCS instead.
ECOS solver failed:  The solver ECOS is not installed. 
Using SCS instead.
ECOS solver failed:  The solver ECOS is not installed. 
Using SCS instead.
ECOS solver failed:  The solver ECOS is not installed. 
Using SCS instead.
ECOS solver failed:  The solver ECOS is not installed. 
Using SCS instead.
ECOS solver failed:  The solver ECOS is not installed. 
Using SCS instead.
M-step Design Matrix Calculation time (sec): 0.0146
ECOS solver failed in IPCW_HAL_init, falling back to SCS: The solver ECOS is not installed.
WARNING - large complementary slackness residual: 0.001650
M-step CVXPY optimize time (sec): 1.8915
ECOS solver failed:  The solver ECOS is not installed. 
Using SCS instead.
ECOS solver failed:  The solver ECOS is not installed. 
Using SCS instead.
ECOS solver failed:  The solver ECOS is not installed. 
Using SCS instead.
ECOS solver failed:  The solver ECOS is not installed. 
Using SCS instead.
ECOS solver failed:  The solver ECOS is not installed. 
Using SCS instead.
ECOS solver failed:  The solver ECOS is not installed. 
Using SCS instead.
ECOS solver failed:  The solver ECOS is not installed. 
Using SCS instead.
ECOS solver failed:  The solver ECOS is not installed. 
Using SCS instead.
ECOS solver failed:  The solver ECOS is not installed. 
Using SCS instead.
ECOS solver failed:  The solver ECOS is not installed. 
Using SCS instead.
ECOS solver failed:  The solver ECOS is not installed. 
Using SCS instead.
ECOS solver failed:  The solver ECOS is not installed. 
Using SCS instead.
ECOS solver failed:  The solver ECOS is not installed. 
Using SCS instead.
ECOS solver failed:  The solver ECOS is not installed. 
Using SCS instead.
ECOS solver failed:  The solver ECOS is not installed. 
Using SCS instead.
ECOS solver failed:  The solver ECOS is not installed. 
Using SCS instead.
ECOS solver failed:  The solver ECOS is not installed. 
Using SCS instead.
ECOS solver failed:  The solver ECOS is not installed. 
Using SCS instead.
ECOS solver failed:  The solver ECOS is not installed. 
Using SCS instead.
ECOS solver failed:  The solver ECOS is not installed. 
Using SCS instead.
ECOS solver failed:  The solver ECOS is not installed. 
Using SCS instead.
M-step Design Matrix Calculation time (sec): 0.0378
ECOS solver failed in IPCW_HAL_init, falling back to SCS: The solver ECOS is not installed.
WARNING - large complementary slackness residual: 0.001314
M-step CVXPY optimize time (sec): 2.6416
ECOS solver failed:  The solver ECOS is not installed. 
Using SCS instead.
ECOS solver failed:  The solver ECOS is not installed. 
Using SCS instead.
ECOS solver failed:  The solver ECOS is not installed. 
Using SCS instead.
ECOS solver failed:  The solver ECOS is not installed. 
Using SCS instead.
ECOS solver failed:  The solver ECOS is not installed. 
Using SCS instead.
ECOS solver failed:  The solver ECOS is not installed. 
Using SCS instead.
ECOS solver failed:  The solver ECOS is not installed. 
Using SCS instead.
ECOS solver failed:  The solver ECOS is not installed. 
Using SCS instead.
ECOS solver failed:  The solver ECOS is not installed. 
Using SCS instead.
ECOS solver failed:  The solver ECOS is not installed. 
Using SCS instead.
ECOS solver failed:  The solver ECOS is not installed. 
Using SCS instead.
ECOS solver failed:  The solver ECOS is not installed. 
Using SCS instead.
ECOS solver failed:  The solver ECOS is not installed. 
Using SCS instead.
ECOS solver failed:  The solver ECOS is not installed. 
Using SCS instead.
ECOS solver failed:  The solver ECOS is not installed. 
Using SCS instead.
ECOS solver failed:  The solver ECOS is not installed. 
Using SCS instead.
ECOS solver failed:  The solver ECOS is not installed. 
Using SCS instead.
ECOS solver failed:  The solver ECOS is not installed. 
Using SCS instead.
ECOS solver failed:  The solver ECOS is not installed. 
Using SCS instead.
ECOS solver failed:  The solver ECOS is not installed. 
Using SCS instead.
ECOS solver failed:  The solver ECOS is not installed. 
Using SCS instead.
M-step Design Matrix Calculation time (sec): 0.0328
ECOS solver failed in IPCW_HAL_init, falling back to SCS: The solver ECOS is not installed.
WARNING - large complementary slackness residual: 0.001532
M-step CVXPY optimize time (sec): 1.2500
ECOS solver failed:  The solver ECOS is not installed. 
Using SCS instead.
ECOS solver failed:  The solver ECOS is not installed. 
Using SCS instead.
ECOS solver failed:  The solver ECOS is not installed. 
Using SCS instead.
ECOS solver failed:  The solver ECOS is not installed. 
Using SCS instead.
ECOS solver failed:  The solver ECOS is not installed. 
Using SCS instead.
ECOS solver failed:  The solver ECOS is not installed. 
Using SCS instead.
ECOS solver failed:  The solver ECOS is not installed. 
Using SCS instead.
ECOS solver failed:  The solver ECOS is not installed. 
Using SCS instead.
ECOS solver failed:  The solver ECOS is not installed. 
Using SCS instead.
ECOS solver failed:  The solver ECOS is not installed. 
Using SCS instead.
ECOS solver failed:  The solver ECOS is not installed. 
Using SCS instead.
ECOS solver failed:  The solver ECOS is not installed. 
Using SCS instead.
ECOS solver failed:  The solver ECOS is not installed. 
Using SCS instead.
ECOS solver failed:  The solver ECOS is not installed. 
Using SCS instead.
ECOS solver failed:  The solver ECOS is not installed. 
Using SCS instead.
ECOS solver failed:  The solver ECOS is not installed. 
Using SCS instead.
ECOS solver failed:  The solver ECOS is not installed. 
Using SCS instead.
ECOS solver failed:  The solver ECOS is not installed. 
Using SCS instead.
ECOS solver failed:  The solver ECOS is not installed. 
Using SCS instead.
ECOS solver failed:  The solver ECOS is not installed. 
Using SCS instead.
ECOS solver failed:  The solver ECOS is not installed. 
Using SCS instead.
M-step Design Matrix Calculation time (sec): 0.0887
ECOS solver failed in IPCW_HAL_init, falling back to SCS: The solver ECOS is not installed.
WARNING - large complementary slackness residual: 0.001438
M-step CVXPY optimize time (sec): 0.5448
ECOS solver failed:  The solver ECOS is not installed. 
Using SCS instead.
ECOS solver failed:  The solver ECOS is not installed. 
Using SCS instead.
ECOS solver failed:  The solver ECOS is not installed. 
Using SCS instead.
ECOS solver failed:  The solver ECOS is not installed. 
Using SCS instead.
ECOS solver failed:  The solver ECOS is not installed. 
Using SCS instead.
ECOS solver failed:  The solver ECOS is not installed. 
Using SCS instead.
ECOS solver failed:  The solver ECOS is not installed. 
Using SCS instead.
ECOS solver failed:  The solver ECOS is not installed. 
Using SCS instead.
ECOS solver failed:  The solver ECOS is not installed. 
Using SCS instead.
ECOS solver failed:  The solver ECOS is not installed. 
Using SCS instead.
ECOS solver failed:  The solver ECOS is not installed. 
Using SCS instead.
ECOS solver failed:  The solver ECOS is not installed. 
Using SCS instead.
ECOS solver failed:  The solver ECOS is not installed. 
Using SCS instead.
ECOS solver failed:  The solver ECOS is not installed. 
Using SCS instead.
ECOS solver failed:  The solver ECOS is not installed. 
Using SCS instead.
ECOS solver failed:  The solver ECOS is not installed. 
Using SCS instead.
ECOS solver failed:  The solver ECOS is not installed. 
Using SCS instead.
ECOS solver failed:  The solver ECOS is not installed. 
Using SCS instead.
ECOS solver failed:  The solver ECOS is not installed. 
Using SCS instead.
ECOS solver failed:  The solver ECOS is not installed. 
Using SCS instead.
ECOS solver failed:  The solver ECOS is not installed. 
Using SCS instead.
M-step Design Matrix Calculation time (sec): 0.0153
ECOS solver failed in IPCW_HAL_init, falling back to SCS: The solver ECOS is not installed.
M-step CVXPY optimize time (sec): 0.6669
ECOS solver failed:  The solver ECOS is not installed. 
Using SCS instead.
ECOS solver failed:  The solver ECOS is not installed. 
Using SCS instead.
ECOS solver failed:  The solver ECOS is not installed. 
Using SCS instead.
ECOS solver failed:  The solver ECOS is not installed. 
Using SCS instead.
ECOS solver failed:  The solver ECOS is not installed. 
Using SCS instead.
ECOS solver failed:  The solver ECOS is not installed. 
Using SCS instead.
ECOS solver failed:  The solver ECOS is not installed. 
Using SCS instead.
ECOS solver failed:  The solver ECOS is not installed. 
Using SCS instead.
ECOS solver failed:  The solver ECOS is not installed. 
Using SCS instead.
ECOS solver failed:  The solver ECOS is not installed. 
Using SCS instead.
ECOS solver failed:  The solver ECOS is not installed. 
Using SCS instead.
ECOS solver failed:  The solver ECOS is not installed. 
Using SCS instead.
ECOS solver failed:  The solver ECOS is not installed. 
Using SCS instead.
ECOS solver failed:  The solver ECOS is not installed. 
Using SCS instead.
ECOS solver failed:  The solver ECOS is not installed. 
Using SCS instead.
ECOS solver failed:  The solver ECOS is not installed. 
Using SCS instead.
ECOS solver failed:  The solver ECOS is not installed. 
Using SCS instead.
ECOS solver failed:  The solver ECOS is not installed. 
Using SCS instead.
ECOS solver failed:  The solver ECOS is not installed. 
Using SCS instead.
ECOS solver failed:  The solver ECOS is not installed. 
Using SCS instead.
ECOS solver failed:  The solver ECOS is not installed. 
Using SCS instead.
M-step Design Matrix Calculation time (sec): 0.0170
ECOS solver failed in IPCW_HAL_init, falling back to SCS: The solver ECOS is not installed.
WARNING - large complementary slackness residual: 0.001748
M-step CVXPY optimize time (sec): 0.8986
ECOS solver failed:  The solver ECOS is not installed. 
Using SCS instead.
ECOS solver failed:  The solver ECOS is not installed. 
Using SCS instead.
ECOS solver failed:  The solver ECOS is not installed. 
Using SCS instead.
ECOS solver failed:  The solver ECOS is not installed. 
Using SCS instead.
ECOS solver failed:  The solver ECOS is not installed. 
Using SCS instead.
ECOS solver failed:  The solver ECOS is not installed. 
Using SCS instead.
ECOS solver failed:  The solver ECOS is not installed. 
Using SCS instead.
ECOS solver failed:  The solver ECOS is not installed. 
Using SCS instead.
ECOS solver failed:  The solver ECOS is not installed. 
Using SCS instead.
ECOS solver failed:  The solver ECOS is not installed. 
Using SCS instead.
ECOS solver failed:  The solver ECOS is not installed. 
Using SCS instead.
ECOS solver failed:  The solver ECOS is not installed. 
Using SCS instead.
ECOS solver failed:  The solver ECOS is not installed. 
Using SCS instead.
ECOS solver failed:  The solver ECOS is not installed. 
Using SCS instead.
ECOS solver failed:  The solver ECOS is not installed. 
Using SCS instead.
ECOS solver failed:  The solver ECOS is not installed. 
Using SCS instead.
ECOS solver failed:  The solver ECOS is not installed. 
Using SCS instead.
ECOS solver failed:  The solver ECOS is not installed. 
Using SCS instead.
ECOS solver failed:  The solver ECOS is not installed. 
Using SCS instead.
ECOS solver failed:  The solver ECOS is not installed. 
Using SCS instead.
ECOS solver failed:  The solver ECOS is not installed. 
Using SCS instead.
M-step Design Matrix Calculation time (sec): 0.0142
ECOS solver failed in IPCW_HAL_init, falling back to SCS: The solver ECOS is not installed.
WARNING - large complementary slackness residual: 0.001063
M-step CVXPY optimize time (sec): 0.9734
ECOS solver failed:  The solver ECOS is not installed. 
Using SCS instead.
ECOS solver failed:  The solver ECOS is not installed. 
Using SCS instead.
ECOS solver failed:  The solver ECOS is not installed. 
Using SCS instead.
ECOS solver failed:  The solver ECOS is not installed. 
Using SCS instead.
ECOS solver failed:  The solver ECOS is not installed. 
Using SCS instead.
ECOS solver failed:  The solver ECOS is not installed. 
Using SCS instead.
ECOS solver failed:  The solver ECOS is not installed. 
Using SCS instead.
ECOS solver failed:  The solver ECOS is not installed. 
Using SCS instead.
ECOS solver failed:  The solver ECOS is not installed. 
Using SCS instead.
ECOS solver failed:  The solver ECOS is not installed. 
Using SCS instead.
ECOS solver failed:  The solver ECOS is not installed. 
Using SCS instead.
ECOS solver failed:  The solver ECOS is not installed. 
Using SCS instead.
ECOS solver failed:  The solver ECOS is not installed. 
Using SCS instead.
ECOS solver failed:  The solver ECOS is not installed. 
Using SCS instead.
ECOS solver failed:  The solver ECOS is not installed. 
Using SCS instead.
ECOS solver failed:  The solver ECOS is not installed. 
Using SCS instead.
ECOS solver failed:  The solver ECOS is not installed. 
Using SCS instead.
ECOS solver failed:  The solver ECOS is not installed. 
Using SCS instead.
ECOS solver failed:  The solver ECOS is not installed. 
Using SCS instead.
ECOS solver failed:  The solver ECOS is not installed. 
Using SCS instead.
ECOS solver failed:  The solver ECOS is not installed. 
Using SCS instead.
M-step Design Matrix Calculation time (sec): 0.0146
ECOS solver failed in IPCW_HAL_init, falling back to SCS: The solver ECOS is not installed.
WARNING - large complementary slackness residual: 0.003013
M-step CVXPY optimize time (sec): 0.9127
ECOS solver failed:  The solver ECOS is not installed. 
Using SCS instead.
ECOS solver failed:  The solver ECOS is not installed. 
Using SCS instead.
ECOS solver failed:  The solver ECOS is not installed. 
Using SCS instead.
ECOS solver failed:  The solver ECOS is not installed. 
Using SCS instead.
ECOS solver failed:  The solver ECOS is not installed. 
Using SCS instead.
ECOS solver failed:  The solver ECOS is not installed. 
Using SCS instead.
ECOS solver failed:  The solver ECOS is not installed. 
Using SCS instead.
ECOS solver failed:  The solver ECOS is not installed. 
Using SCS instead.
ECOS solver failed:  The solver ECOS is not installed. 
Using SCS instead.
ECOS solver failed:  The solver ECOS is not installed. 
Using SCS instead.
ECOS solver failed:  The solver ECOS is not installed. 
Using SCS instead.
ECOS solver failed:  The solver ECOS is not installed. 
Using SCS instead.
ECOS solver failed:  The solver ECOS is not installed. 
Using SCS instead.
ECOS solver failed:  The solver ECOS is not installed. 
Using SCS instead.
ECOS solver failed:  The solver ECOS is not installed. 
Using SCS instead.
ECOS solver failed:  The solver ECOS is not installed. 
Using SCS instead.
ECOS solver failed:  The solver ECOS is not installed. 
Using SCS instead.
ECOS solver failed:  The solver ECOS is not installed. 
Using SCS instead.
ECOS solver failed:  The solver ECOS is not installed. 
Using SCS instead.
ECOS solver failed:  The solver ECOS is not installed. 
Using SCS instead.
ECOS solver failed:  The solver ECOS is not installed. 
Using SCS instead.
M-step Design Matrix Calculation time (sec): 0.0152
ECOS solver failed in IPCW_HAL_init, falling back to SCS: The solver ECOS is not installed.
WARNING - large complementary slackness residual: 0.002149
M-step CVXPY optimize time (sec): 0.5822
ECOS solver failed:  The solver ECOS is not installed. 
Using SCS instead.
ECOS solver failed:  The solver ECOS is not installed. 
Using SCS instead.
ECOS solver failed:  The solver ECOS is not installed. 
Using SCS instead.
ECOS solver failed:  The solver ECOS is not installed. 
Using SCS instead.
ECOS solver failed:  The solver ECOS is not installed. 
Using SCS instead.
ECOS solver failed:  The solver ECOS is not installed. 
Using SCS instead.
ECOS solver failed:  The solver ECOS is not installed. 
Using SCS instead.
ECOS solver failed:  The solver ECOS is not installed. 
Using SCS instead.
ECOS solver failed:  The solver ECOS is not installed. 
Using SCS instead.
ECOS solver failed:  The solver ECOS is not installed. 
Using SCS instead.
ECOS solver failed:  The solver ECOS is not installed. 
Using SCS instead.
ECOS solver failed:  The solver ECOS is not installed. 
Using SCS instead.
ECOS solver failed:  The solver ECOS is not installed. 
Using SCS instead.
ECOS solver failed:  The solver ECOS is not installed. 
Using SCS instead.
ECOS solver failed:  The solver ECOS is not installed. 
Using SCS instead.
ECOS solver failed:  The solver ECOS is not installed. 
Using SCS instead.
ECOS solver failed:  The solver ECOS is not installed. 
Using SCS instead.
ECOS solver failed:  The solver ECOS is not installed. 
Using SCS instead.
ECOS solver failed:  The solver ECOS is not installed. 
Using SCS instead.
ECOS solver failed:  The solver ECOS is not installed. 
Using SCS instead.
ECOS solver failed:  The solver ECOS is not installed. 
Using SCS instead.
M-step Design Matrix Calculation time (sec): 0.0235
ECOS solver failed in IPCW_HAL_init, falling back to SCS: The solver ECOS is not installed.
WARNING - large complementary slackness residual: 0.001217
M-step CVXPY optimize time (sec): 0.8471
ECOS solver failed:  The solver ECOS is not installed. 
Using SCS instead.
ECOS solver failed:  The solver ECOS is not installed. 
Using SCS instead.
ECOS solver failed:  The solver ECOS is not installed. 
Using SCS instead.
ECOS solver failed:  The solver ECOS is not installed. 
Using SCS instead.
ECOS solver failed:  The solver ECOS is not installed. 
Using SCS instead.
ECOS solver failed:  The solver ECOS is not installed. 
Using SCS instead.
ECOS solver failed:  The solver ECOS is not installed. 
Using SCS instead.
ECOS solver failed:  The solver ECOS is not installed. 
Using SCS instead.
ECOS solver failed:  The solver ECOS is not installed. 
Using SCS instead.
ECOS solver failed:  The solver ECOS is not installed. 
Using SCS instead.
ECOS solver failed:  The solver ECOS is not installed. 
Using SCS instead.
ECOS solver failed:  The solver ECOS is not installed. 
Using SCS instead.
ECOS solver failed:  The solver ECOS is not installed. 
Using SCS instead.
ECOS solver failed:  The solver ECOS is not installed. 
Using SCS instead.
ECOS solver failed:  The solver ECOS is not installed. 
Using SCS instead.
ECOS solver failed:  The solver ECOS is not installed. 
Using SCS instead.
ECOS solver failed:  The solver ECOS is not installed. 
Using SCS instead.
ECOS solver failed:  The solver ECOS is not installed. 
Using SCS instead.
ECOS solver failed:  The solver ECOS is not installed. 
Using SCS instead.
ECOS solver failed:  The solver ECOS is not installed. 
Using SCS instead.
ECOS solver failed:  The solver ECOS is not installed. 
Using SCS instead.
M-step Design Matrix Calculation time (sec): 0.0331
ECOS solver failed in IPCW_HAL_init, falling back to SCS: The solver ECOS is not installed.
WARNING - large complementary slackness residual: 0.001114
M-step CVXPY optimize time (sec): 0.7713
ECOS solver failed:  The solver ECOS is not installed. 
Using SCS instead.
ECOS solver failed:  The solver ECOS is not installed. 
Using SCS instead.
ECOS solver failed:  The solver ECOS is not installed. 
Using SCS instead.
ECOS solver failed:  The solver ECOS is not installed. 
Using SCS instead.
ECOS solver failed:  The solver ECOS is not installed. 
Using SCS instead.
ECOS solver failed:  The solver ECOS is not installed. 
Using SCS instead.
ECOS solver failed:  The solver ECOS is not installed. 
Using SCS instead.
ECOS solver failed:  The solver ECOS is not installed. 
Using SCS instead.
ECOS solver failed:  The solver ECOS is not installed. 
Using SCS instead.
ECOS solver failed:  The solver ECOS is not installed. 
Using SCS instead.
ECOS solver failed:  The solver ECOS is not installed. 
Using SCS instead.
ECOS solver failed:  The solver ECOS is not installed. 
Using SCS instead.
ECOS solver failed:  The solver ECOS is not installed. 
Using SCS instead.
ECOS solver failed:  The solver ECOS is not installed. 
Using SCS instead.
ECOS solver failed:  The solver ECOS is not installed. 
Using SCS instead.
ECOS solver failed:  The solver ECOS is not installed. 
Using SCS instead.
ECOS solver failed:  The solver ECOS is not installed. 
Using SCS instead.
ECOS solver failed:  The solver ECOS is not installed. 
Using SCS instead.
ECOS solver failed:  The solver ECOS is not installed. 
Using SCS instead.
ECOS solver failed:  The solver ECOS is not installed. 
Using SCS instead.
ECOS solver failed:  The solver ECOS is not installed. 
Using SCS instead.
M-step Design Matrix Calculation time (sec): 0.0523
ECOS solver failed in IPCW_HAL_init, falling back to SCS: The solver ECOS is not installed.
WARNING - large complementary slackness residual: 0.001863
M-step CVXPY optimize time (sec): 0.9254
ECOS solver failed:  The solver ECOS is not installed. 
Using SCS instead.
ECOS solver failed:  The solver ECOS is not installed. 
Using SCS instead.
ECOS solver failed:  The solver ECOS is not installed. 
Using SCS instead.
ECOS solver failed:  The solver ECOS is not installed. 
Using SCS instead.
ECOS solver failed:  The solver ECOS is not installed. 
Using SCS instead.
ECOS solver failed:  The solver ECOS is not installed. 
Using SCS instead.
ECOS solver failed:  The solver ECOS is not installed. 
Using SCS instead.
ECOS solver failed:  The solver ECOS is not installed. 
Using SCS instead.
ECOS solver failed:  The solver ECOS is not installed. 
Using SCS instead.
ECOS solver failed:  The solver ECOS is not installed. 
Using SCS instead.
ECOS solver failed:  The solver ECOS is not installed. 
Using SCS instead.
ECOS solver failed:  The solver ECOS is not installed. 
Using SCS instead.
ECOS solver failed:  The solver ECOS is not installed. 
Using SCS instead.
ECOS solver failed:  The solver ECOS is not installed. 
Using SCS instead.
ECOS solver failed:  The solver ECOS is not installed. 
Using SCS instead.
ECOS solver failed:  The solver ECOS is not installed. 
Using SCS instead.
ECOS solver failed:  The solver ECOS is not installed. 
Using SCS instead.
ECOS solver failed:  The solver ECOS is not installed. 
Using SCS instead.
ECOS solver failed:  The solver ECOS is not installed. 
Using SCS instead.
ECOS solver failed:  The solver ECOS is not installed. 
Using SCS instead.
ECOS solver failed:  The solver ECOS is not installed. 
Using SCS instead.
M-step Design Matrix Calculation time (sec): 0.0156
ECOS solver failed in IPCW_HAL_init, falling back to SCS: The solver ECOS is not installed.
WARNING - large complementary slackness residual: 0.002365
M-step CVXPY optimize time (sec): 0.4722
ECOS solver failed:  The solver ECOS is not installed. 
Using SCS instead.
ECOS solver failed:  The solver ECOS is not installed. 
Using SCS instead.
ECOS solver failed:  The solver ECOS is not installed. 
Using SCS instead.
ECOS solver failed:  The solver ECOS is not installed. 
Using SCS instead.
ECOS solver failed:  The solver ECOS is not installed. 
Using SCS instead.
ECOS solver failed:  The solver ECOS is not installed. 
Using SCS instead.
ECOS solver failed:  The solver ECOS is not installed. 
Using SCS instead.
ECOS solver failed:  The solver ECOS is not installed. 
Using SCS instead.
ECOS solver failed:  The solver ECOS is not installed. 
Using SCS instead.
ECOS solver failed:  The solver ECOS is not installed. 
Using SCS instead.
ECOS solver failed:  The solver ECOS is not installed. 
Using SCS instead.
ECOS solver failed:  The solver ECOS is not installed. 
Using SCS instead.
ECOS solver failed:  The solver ECOS is not installed. 
Using SCS instead.
ECOS solver failed:  The solver ECOS is not installed. 
Using SCS instead.
ECOS solver failed:  The solver ECOS is not installed. 
Using SCS instead.
ECOS solver failed:  The solver ECOS is not installed. 
Using SCS instead.
ECOS solver failed:  The solver ECOS is not installed. 
Using SCS instead.
ECOS solver failed:  The solver ECOS is not installed. 
Using SCS instead.
ECOS solver failed:  The solver ECOS is not installed. 
Using SCS instead.
ECOS solver failed:  The solver ECOS is not installed. 
Using SCS instead.
ECOS solver failed:  The solver ECOS is not installed. 
Using SCS instead.
M-step Design Matrix Calculation time (sec): 0.0157
ECOS solver failed in IPCW_HAL_init, falling back to SCS: The solver ECOS is not installed.
M-step CVXPY optimize time (sec): 0.9364
ECOS solver failed:  The solver ECOS is not installed. 
Using SCS instead.
ECOS solver failed:  The solver ECOS is not installed. 
Using SCS instead.
ECOS solver failed:  The solver ECOS is not installed. 
Using SCS instead.
ECOS solver failed:  The solver ECOS is not installed. 
Using SCS instead.
ECOS solver failed:  The solver ECOS is not installed. 
Using SCS instead.
ECOS solver failed:  The solver ECOS is not installed. 
Using SCS instead.
ECOS solver failed:  The solver ECOS is not installed. 
Using SCS instead.
ECOS solver failed:  The solver ECOS is not installed. 
Using SCS instead.
ECOS solver failed:  The solver ECOS is not installed. 
Using SCS instead.
ECOS solver failed:  The solver ECOS is not installed. 
Using SCS instead.
ECOS solver failed:  The solver ECOS is not installed. 
Using SCS instead.
ECOS solver failed:  The solver ECOS is not installed. 
Using SCS instead.
ECOS solver failed:  The solver ECOS is not installed. 
Using SCS instead.
ECOS solver failed:  The solver ECOS is not installed. 
Using SCS instead.
ECOS solver failed:  The solver ECOS is not installed. 
Using SCS instead.
ECOS solver failed:  The solver ECOS is not installed. 
Using SCS instead.
ECOS solver failed:  The solver ECOS is not installed. 
Using SCS instead.
ECOS solver failed:  The solver ECOS is not installed. 
Using SCS instead.
ECOS solver failed:  The solver ECOS is not installed. 
Using SCS instead.
ECOS solver failed:  The solver ECOS is not installed. 
Using SCS instead.
ECOS solver failed:  The solver ECOS is not installed. 
Using SCS instead.
M-step Design Matrix Calculation time (sec): 0.0282
ECOS solver failed in IPCW_HAL_init, falling back to SCS: The solver ECOS is not installed.
M-step CVXPY optimize time (sec): 0.3559
ECOS solver failed:  The solver ECOS is not installed. 
Using SCS instead.
ECOS solver failed:  The solver ECOS is not installed. 
Using SCS instead.
ECOS solver failed:  The solver ECOS is not installed. 
Using SCS instead.
ECOS solver failed:  The solver ECOS is not installed. 
Using SCS instead.
ECOS solver failed:  The solver ECOS is not installed. 
Using SCS instead.
ECOS solver failed:  The solver ECOS is not installed. 
Using SCS instead.
ECOS solver failed:  The solver ECOS is not installed. 
Using SCS instead.
ECOS solver failed:  The solver ECOS is not installed. 
Using SCS instead.
ECOS solver failed:  The solver ECOS is not installed. 
Using SCS instead.
ECOS solver failed:  The solver ECOS is not installed. 
Using SCS instead.
ECOS solver failed:  The solver ECOS is not installed. 
Using SCS instead.
ECOS solver failed:  The solver ECOS is not installed. 
Using SCS instead.
ECOS solver failed:  The solver ECOS is not installed. 
Using SCS instead.
ECOS solver failed:  The solver ECOS is not installed. 
Using SCS instead.
ECOS solver failed:  The solver ECOS is not installed. 
Using SCS instead.
ECOS solver failed:  The solver ECOS is not installed. 
Using SCS instead.
ECOS solver failed:  The solver ECOS is not installed. 
Using SCS instead.
ECOS solver failed:  The solver ECOS is not installed. 
Using SCS instead.
ECOS solver failed:  The solver ECOS is not installed. 
Using SCS instead.
ECOS solver failed:  The solver ECOS is not installed. 
Using SCS instead.
ECOS solver failed:  The solver ECOS is not installed. 
Using SCS instead.
M-step Design Matrix Calculation time (sec): 0.0150
ECOS solver failed in IPCW_HAL_init, falling back to SCS: The solver ECOS is not installed.
M-step CVXPY optimize time (sec): 0.4251
ECOS solver failed:  The solver ECOS is not installed. 
Using SCS instead.
ECOS solver failed:  The solver ECOS is not installed. 
Using SCS instead.
ECOS solver failed:  The solver ECOS is not installed. 
Using SCS instead.
ECOS solver failed:  The solver ECOS is not installed. 
Using SCS instead.
ECOS solver failed:  The solver ECOS is not installed. 
Using SCS instead.
ECOS solver failed:  The solver ECOS is not installed. 
Using SCS instead.
ECOS solver failed:  The solver ECOS is not installed. 
Using SCS instead.
ECOS solver failed:  The solver ECOS is not installed. 
Using SCS instead.
ECOS solver failed:  The solver ECOS is not installed. 
Using SCS instead.
ECOS solver failed:  The solver ECOS is not installed. 
Using SCS instead.
ECOS solver failed:  The solver ECOS is not installed. 
Using SCS instead.
ECOS solver failed:  The solver ECOS is not installed. 
Using SCS instead.
ECOS solver failed:  The solver ECOS is not installed. 
Using SCS instead.
ECOS solver failed:  The solver ECOS is not installed. 
Using SCS instead.
ECOS solver failed:  The solver ECOS is not installed. 
Using SCS instead.
ECOS solver failed:  The solver ECOS is not installed. 
Using SCS instead.
ECOS solver failed:  The solver ECOS is not installed. 
Using SCS instead.
ECOS solver failed:  The solver ECOS is not installed. 
Using SCS instead.
ECOS solver failed:  The solver ECOS is not installed. 
Using SCS instead.
ECOS solver failed:  The solver ECOS is not installed. 
Using SCS instead.
ECOS solver failed:  The solver ECOS is not installed. 
Using SCS instead.
M-step Design Matrix Calculation time (sec): 0.0133
ECOS solver failed in IPCW_HAL_init, falling back to SCS: The solver ECOS is not installed.
WARNING - large complementary slackness residual: 0.002220
M-step CVXPY optimize time (sec): 0.6945
ECOS solver failed:  The solver ECOS is not installed. 
Using SCS instead.
ECOS solver failed:  The solver ECOS is not installed. 
Using SCS instead.
ECOS solver failed:  The solver ECOS is not installed. 
Using SCS instead.
ECOS solver failed:  The solver ECOS is not installed. 
Using SCS instead.
ECOS solver failed:  The solver ECOS is not installed. 
Using SCS instead.
ECOS solver failed:  The solver ECOS is not installed. 
Using SCS instead.
ECOS solver failed:  The solver ECOS is not installed. 
Using SCS instead.
ECOS solver failed:  The solver ECOS is not installed. 
Using SCS instead.
ECOS solver failed:  The solver ECOS is not installed. 
Using SCS instead.
ECOS solver failed:  The solver ECOS is not installed. 
Using SCS instead.
ECOS solver failed:  The solver ECOS is not installed. 
Using SCS instead.
ECOS solver failed:  The solver ECOS is not installed. 
Using SCS instead.
ECOS solver failed:  The solver ECOS is not installed. 
Using SCS instead.
ECOS solver failed:  The solver ECOS is not installed. 
Using SCS instead.
ECOS solver failed:  The solver ECOS is not installed. 
Using SCS instead.
ECOS solver failed:  The solver ECOS is not installed. 
Using SCS instead.
ECOS solver failed:  The solver ECOS is not installed. 
Using SCS instead.
ECOS solver failed:  The solver ECOS is not installed. 
Using SCS instead.
ECOS solver failed:  The solver ECOS is not installed. 
Using SCS instead.
ECOS solver failed:  The solver ECOS is not installed. 
Using SCS instead.
ECOS solver failed:  The solver ECOS is not installed. 
Using SCS instead.
M-step Design Matrix Calculation time (sec): 0.0831
ECOS solver failed in IPCW_HAL_init, falling back to SCS: The solver ECOS is not installed.
WARNING - large complementary slackness residual: 0.001386
M-step CVXPY optimize time (sec): 0.7655
ECOS solver failed:  The solver ECOS is not installed. 
Using SCS instead.
ECOS solver failed:  The solver ECOS is not installed. 
Using SCS instead.
ECOS solver failed:  The solver ECOS is not installed. 
Using SCS instead.
ECOS solver failed:  The solver ECOS is not installed. 
Using SCS instead.
ECOS solver failed:  The solver ECOS is not installed. 
Using SCS instead.
ECOS solver failed:  The solver ECOS is not installed. 
Using SCS instead.
ECOS solver failed:  The solver ECOS is not installed. 
Using SCS instead.
ECOS solver failed:  The solver ECOS is not installed. 
Using SCS instead.
ECOS solver failed:  The solver ECOS is not installed. 
Using SCS instead.
ECOS solver failed:  The solver ECOS is not installed. 
Using SCS instead.
ECOS solver failed:  The solver ECOS is not installed. 
Using SCS instead.
ECOS solver failed:  The solver ECOS is not installed. 
Using SCS instead.
ECOS solver failed:  The solver ECOS is not installed. 
Using SCS instead.
ECOS solver failed:  The solver ECOS is not installed. 
Using SCS instead.
ECOS solver failed:  The solver ECOS is not installed. 
Using SCS instead.
ECOS solver failed:  The solver ECOS is not installed. 
Using SCS instead.
ECOS solver failed:  The solver ECOS is not installed. 
Using SCS instead.
ECOS solver failed:  The solver ECOS is not installed. 
Using SCS instead.
ECOS solver failed:  The solver ECOS is not installed. 
Using SCS instead.
ECOS solver failed:  The solver ECOS is not installed. 
Using SCS instead.
ECOS solver failed:  The solver ECOS is not installed. 
Using SCS instead.
M-step Design Matrix Calculation time (sec): 0.0152
ECOS solver failed in IPCW_HAL_init, falling back to SCS: The solver ECOS is not installed.
M-step CVXPY optimize time (sec): 1.1713
ECOS solver failed:  The solver ECOS is not installed. 
Using SCS instead.
ECOS solver failed:  The solver ECOS is not installed. 
Using SCS instead.
ECOS solver failed:  The solver ECOS is not installed. 
Using SCS instead.
ECOS solver failed:  The solver ECOS is not installed. 
Using SCS instead.
ECOS solver failed:  The solver ECOS is not installed. 
Using SCS instead.
ECOS solver failed:  The solver ECOS is not installed. 
Using SCS instead.
ECOS solver failed:  The solver ECOS is not installed. 
Using SCS instead.
ECOS solver failed:  The solver ECOS is not installed. 
Using SCS instead.
ECOS solver failed:  The solver ECOS is not installed. 
Using SCS instead.
ECOS solver failed:  The solver ECOS is not installed. 
Using SCS instead.
ECOS solver failed:  The solver ECOS is not installed. 
Using SCS instead.
ECOS solver failed:  The solver ECOS is not installed. 
Using SCS instead.
ECOS solver failed:  The solver ECOS is not installed. 
Using SCS instead.
ECOS solver failed:  The solver ECOS is not installed. 
Using SCS instead.
ECOS solver failed:  The solver ECOS is not installed. 
Using SCS instead.
ECOS solver failed:  The solver ECOS is not installed. 
Using SCS instead.
ECOS solver failed:  The solver ECOS is not installed. 
Using SCS instead.
ECOS solver failed:  The solver ECOS is not installed. 
Using SCS instead.
ECOS solver failed:  The solver ECOS is not installed. 
Using SCS instead.
ECOS solver failed:  The solver ECOS is not installed. 
Using SCS instead.
ECOS solver failed:  The solver ECOS is not installed. 
Using SCS instead.
M-step Design Matrix Calculation time (sec): 0.0755
ECOS solver failed in IPCW_HAL_init, falling back to SCS: The solver ECOS is not installed.
M-step CVXPY optimize time (sec): 0.6274
ECOS solver failed:  The solver ECOS is not installed. 
Using SCS instead.
ECOS solver failed:  The solver ECOS is not installed. 
Using SCS instead.
ECOS solver failed:  The solver ECOS is not installed. 
Using SCS instead.
ECOS solver failed:  The solver ECOS is not installed. 
Using SCS instead.
ECOS solver failed:  The solver ECOS is not installed. 
Using SCS instead.
ECOS solver failed:  The solver ECOS is not installed. 
Using SCS instead.
ECOS solver failed:  The solver ECOS is not installed. 
Using SCS instead.
ECOS solver failed:  The solver ECOS is not installed. 
Using SCS instead.
ECOS solver failed:  The solver ECOS is not installed. 
Using SCS instead.
ECOS solver failed:  The solver ECOS is not installed. 
Using SCS instead.
ECOS solver failed:  The solver ECOS is not installed. 
Using SCS instead.
ECOS solver failed:  The solver ECOS is not installed. 
Using SCS instead.
ECOS solver failed:  The solver ECOS is not installed. 
Using SCS instead.
ECOS solver failed:  The solver ECOS is not installed. 
Using SCS instead.
ECOS solver failed:  The solver ECOS is not installed. 
Using SCS instead.
ECOS solver failed:  The solver ECOS is not installed. 
Using SCS instead.
ECOS solver failed:  The solver ECOS is not installed. 
Using SCS instead.
ECOS solver failed:  The solver ECOS is not installed. 
Using SCS instead.
ECOS solver failed:  The solver ECOS is not installed. 
Using SCS instead.
ECOS solver failed:  The solver ECOS is not installed. 
Using SCS instead.
ECOS solver failed:  The solver ECOS is not installed. 
Using SCS instead.
M-step Design Matrix Calculation time (sec): 0.0965
ECOS solver failed in IPCW_HAL_init, falling back to SCS: The solver ECOS is not installed.
M-step CVXPY optimize time (sec): 0.2744
ECOS solver failed:  The solver ECOS is not installed. 
Using SCS instead.
ECOS solver failed:  The solver ECOS is not installed. 
Using SCS instead.
ECOS solver failed:  The solver ECOS is not installed. 
Using SCS instead.
ECOS solver failed:  The solver ECOS is not installed. 
Using SCS instead.
ECOS solver failed:  The solver ECOS is not installed. 
Using SCS instead.
ECOS solver failed:  The solver ECOS is not installed. 
Using SCS instead.
ECOS solver failed:  The solver ECOS is not installed. 
Using SCS instead.
ECOS solver failed:  The solver ECOS is not installed. 
Using SCS instead.
ECOS solver failed:  The solver ECOS is not installed. 
Using SCS instead.
ECOS solver failed:  The solver ECOS is not installed. 
Using SCS instead.
ECOS solver failed:  The solver ECOS is not installed. 
Using SCS instead.
ECOS solver failed:  The solver ECOS is not installed. 
Using SCS instead.
ECOS solver failed:  The solver ECOS is not installed. 
Using SCS instead.
ECOS solver failed:  The solver ECOS is not installed. 
Using SCS instead.
ECOS solver failed:  The solver ECOS is not installed. 
Using SCS instead.
ECOS solver failed:  The solver ECOS is not installed. 
Using SCS instead.
ECOS solver failed:  The solver ECOS is not installed. 
Using SCS instead.
ECOS solver failed:  The solver ECOS is not installed. 
Using SCS instead.
ECOS solver failed:  The solver ECOS is not installed. 
Using SCS instead.
ECOS solver failed:  The solver ECOS is not installed. 
Using SCS instead.
ECOS solver failed:  The solver ECOS is not installed. 
Using SCS instead.
M-step Design Matrix Calculation time (sec): 0.0158
ECOS solver failed in IPCW_HAL_init, falling back to SCS: The solver ECOS is not installed.
WARNING - large complementary slackness residual: 0.001931
M-step CVXPY optimize time (sec): 0.6354
ECOS solver failed:  The solver ECOS is not installed. 
Using SCS instead.
ECOS solver failed:  The solver ECOS is not installed. 
Using SCS instead.
ECOS solver failed:  The solver ECOS is not installed. 
Using SCS instead.
ECOS solver failed:  The solver ECOS is not installed. 
Using SCS instead.
ECOS solver failed:  The solver ECOS is not installed. 
Using SCS instead.
ECOS solver failed:  The solver ECOS is not installed. 
Using SCS instead.
ECOS solver failed:  The solver ECOS is not installed. 
Using SCS instead.
ECOS solver failed:  The solver ECOS is not installed. 
Using SCS instead.
ECOS solver failed:  The solver ECOS is not installed. 
Using SCS instead.
ECOS solver failed:  The solver ECOS is not installed. 
Using SCS instead.
ECOS solver failed:  The solver ECOS is not installed. 
Using SCS instead.
ECOS solver failed:  The solver ECOS is not installed. 
Using SCS instead.
ECOS solver failed:  The solver ECOS is not installed. 
Using SCS instead.
ECOS solver failed:  The solver ECOS is not installed. 
Using SCS instead.
ECOS solver failed:  The solver ECOS is not installed. 
Using SCS instead.
ECOS solver failed:  The solver ECOS is not installed. 
Using SCS instead.
ECOS solver failed:  The solver ECOS is not installed. 
Using SCS instead.
ECOS solver failed:  The solver ECOS is not installed. 
Using SCS instead.
ECOS solver failed:  The solver ECOS is not installed. 
Using SCS instead.
ECOS solver failed:  The solver ECOS is not installed. 
Using SCS instead.
ECOS solver failed:  The solver ECOS is not installed. 
Using SCS instead.
M-step Design Matrix Calculation time (sec): 0.0284
ECOS solver failed in IPCW_HAL_init, falling back to SCS: The solver ECOS is not installed.
M-step CVXPY optimize time (sec): 1.3947
ECOS solver failed:  The solver ECOS is not installed. 
Using SCS instead.
ECOS solver failed:  The solver ECOS is not installed. 
Using SCS instead.
ECOS solver failed:  The solver ECOS is not installed. 
Using SCS instead.
ECOS solver failed:  The solver ECOS is not installed. 
Using SCS instead.
ECOS solver failed:  The solver ECOS is not installed. 
Using SCS instead.
ECOS solver failed:  The solver ECOS is not installed. 
Using SCS instead.
ECOS solver failed:  The solver ECOS is not installed. 
Using SCS instead.
ECOS solver failed:  The solver ECOS is not installed. 
Using SCS instead.
ECOS solver failed:  The solver ECOS is not installed. 
Using SCS instead.
ECOS solver failed:  The solver ECOS is not installed. 
Using SCS instead.
ECOS solver failed:  The solver ECOS is not installed. 
Using SCS instead.
ECOS solver failed:  The solver ECOS is not installed. 
Using SCS instead.
ECOS solver failed:  The solver ECOS is not installed. 
Using SCS instead.
ECOS solver failed:  The solver ECOS is not installed. 
Using SCS instead.
ECOS solver failed:  The solver ECOS is not installed. 
Using SCS instead.
ECOS solver failed:  The solver ECOS is not installed. 
Using SCS instead.
ECOS solver failed:  The solver ECOS is not installed. 
Using SCS instead.
ECOS solver failed:  The solver ECOS is not installed. 
Using SCS instead.
ECOS solver failed:  The solver ECOS is not installed. 
Using SCS instead.
ECOS solver failed:  The solver ECOS is not installed. 
Using SCS instead.
ECOS solver failed:  The solver ECOS is not installed. 
Using SCS instead.
M-step Design Matrix Calculation time (sec): 0.0159
ECOS solver failed in IPCW_HAL_init, falling back to SCS: The solver ECOS is not installed.
M-step CVXPY optimize time (sec): 2.1190
ECOS solver failed:  The solver ECOS is not installed. 
Using SCS instead.
ECOS solver failed:  The solver ECOS is not installed. 
Using SCS instead.
ECOS solver failed:  The solver ECOS is not installed. 
Using SCS instead.
ECOS solver failed:  The solver ECOS is not installed. 
Using SCS instead.
ECOS solver failed:  The solver ECOS is not installed. 
Using SCS instead.
ECOS solver failed:  The solver ECOS is not installed. 
Using SCS instead.
ECOS solver failed:  The solver ECOS is not installed. 
Using SCS instead.
ECOS solver failed:  The solver ECOS is not installed. 
Using SCS instead.
ECOS solver failed:  The solver ECOS is not installed. 
Using SCS instead.
ECOS solver failed:  The solver ECOS is not installed. 
Using SCS instead.
ECOS solver failed:  The solver ECOS is not installed. 
Using SCS instead.
ECOS solver failed:  The solver ECOS is not installed. 
Using SCS instead.
ECOS solver failed:  The solver ECOS is not installed. 
Using SCS instead.
ECOS solver failed:  The solver ECOS is not installed. 
Using SCS instead.
ECOS solver failed:  The solver ECOS is not installed. 
Using SCS instead.
ECOS solver failed:  The solver ECOS is not installed. 
Using SCS instead.
ECOS solver failed:  The solver ECOS is not installed. 
Using SCS instead.
ECOS solver failed:  The solver ECOS is not installed. 
Using SCS instead.
ECOS solver failed:  The solver ECOS is not installed. 
Using SCS instead.
ECOS solver failed:  The solver ECOS is not installed. 
Using SCS instead.
ECOS solver failed:  The solver ECOS is not installed. 
Using SCS instead.
M-step Design Matrix Calculation time (sec): 0.0229
ECOS solver failed in IPCW_HAL_init, falling back to SCS: The solver ECOS is not installed.
WARNING - large complementary slackness residual: 0.002395
M-step CVXPY optimize time (sec): 1.0506
ECOS solver failed:  The solver ECOS is not installed. 
Using SCS instead.
ECOS solver failed:  The solver ECOS is not installed. 
Using SCS instead.
ECOS solver failed:  The solver ECOS is not installed. 
Using SCS instead.
ECOS solver failed:  The solver ECOS is not installed. 
Using SCS instead.
ECOS solver failed:  The solver ECOS is not installed. 
Using SCS instead.
ECOS solver failed:  The solver ECOS is not installed. 
Using SCS instead.
ECOS solver failed:  The solver ECOS is not installed. 
Using SCS instead.
ECOS solver failed:  The solver ECOS is not installed. 
Using SCS instead.
ECOS solver failed:  The solver ECOS is not installed. 
Using SCS instead.
ECOS solver failed:  The solver ECOS is not installed. 
Using SCS instead.
ECOS solver failed:  The solver ECOS is not installed. 
Using SCS instead.
ECOS solver failed:  The solver ECOS is not installed. 
Using SCS instead.
ECOS solver failed:  The solver ECOS is not installed. 
Using SCS instead.
ECOS solver failed:  The solver ECOS is not installed. 
Using SCS instead.
ECOS solver failed:  The solver ECOS is not installed. 
Using SCS instead.
ECOS solver failed:  The solver ECOS is not installed. 
Using SCS instead.
ECOS solver failed:  The solver ECOS is not installed. 
Using SCS instead.
ECOS solver failed:  The solver ECOS is not installed. 
Using SCS instead.
ECOS solver failed:  The solver ECOS is not installed. 
Using SCS instead.
ECOS solver failed:  The solver ECOS is not installed. 
Using SCS instead.
ECOS solver failed:  The solver ECOS is not installed. 
Using SCS instead.
M-step Design Matrix Calculation time (sec): 0.0507
ECOS solver failed in IPCW_HAL_init, falling back to SCS: The solver ECOS is not installed.
M-step CVXPY optimize time (sec): 0.9622
ECOS solver failed:  The solver ECOS is not installed. 
Using SCS instead.
ECOS solver failed:  The solver ECOS is not installed. 
Using SCS instead.
ECOS solver failed:  The solver ECOS is not installed. 
Using SCS instead.
ECOS solver failed:  The solver ECOS is not installed. 
Using SCS instead.
ECOS solver failed:  The solver ECOS is not installed. 
Using SCS instead.
ECOS solver failed:  The solver ECOS is not installed. 
Using SCS instead.
ECOS solver failed:  The solver ECOS is not installed. 
Using SCS instead.
ECOS solver failed:  The solver ECOS is not installed. 
Using SCS instead.
ECOS solver failed:  The solver ECOS is not installed. 
Using SCS instead.
ECOS solver failed:  The solver ECOS is not installed. 
Using SCS instead.
ECOS solver failed:  The solver ECOS is not installed. 
Using SCS instead.
ECOS solver failed:  The solver ECOS is not installed. 
Using SCS instead.
ECOS solver failed:  The solver ECOS is not installed. 
Using SCS instead.
ECOS solver failed:  The solver ECOS is not installed. 
Using SCS instead.
ECOS solver failed:  The solver ECOS is not installed. 
Using SCS instead.
ECOS solver failed:  The solver ECOS is not installed. 
Using SCS instead.
ECOS solver failed:  The solver ECOS is not installed. 
Using SCS instead.
ECOS solver failed:  The solver ECOS is not installed. 
Using SCS instead.
ECOS solver failed:  The solver ECOS is not installed. 
Using SCS instead.
ECOS solver failed:  The solver ECOS is not installed. 
Using SCS instead.
ECOS solver failed:  The solver ECOS is not installed. 
Using SCS instead.
M-step Design Matrix Calculation time (sec): 0.0418
ECOS solver failed in IPCW_HAL_init, falling back to SCS: The solver ECOS is not installed.
M-step CVXPY optimize time (sec): 2.0010
ECOS solver failed:  The solver ECOS is not installed. 
Using SCS instead.
ECOS solver failed:  The solver ECOS is not installed. 
Using SCS instead.
ECOS solver failed:  The solver ECOS is not installed. 
Using SCS instead.
ECOS solver failed:  The solver ECOS is not installed. 
Using SCS instead.
ECOS solver failed:  The solver ECOS is not installed. 
Using SCS instead.
ECOS solver failed:  The solver ECOS is not installed. 
Using SCS instead.
ECOS solver failed:  The solver ECOS is not installed. 
Using SCS instead.
ECOS solver failed:  The solver ECOS is not installed. 
Using SCS instead.
ECOS solver failed:  The solver ECOS is not installed. 
Using SCS instead.
ECOS solver failed:  The solver ECOS is not installed. 
Using SCS instead.
ECOS solver failed:  The solver ECOS is not installed. 
Using SCS instead.
ECOS solver failed:  The solver ECOS is not installed. 
Using SCS instead.
ECOS solver failed:  The solver ECOS is not installed. 
Using SCS instead.
ECOS solver failed:  The solver ECOS is not installed. 
Using SCS instead.
ECOS solver failed:  The solver ECOS is not installed. 
Using SCS instead.
ECOS solver failed:  The solver ECOS is not installed. 
Using SCS instead.
ECOS solver failed:  The solver ECOS is not installed. 
Using SCS instead.
ECOS solver failed:  The solver ECOS is not installed. 
Using SCS instead.
ECOS solver failed:  The solver ECOS is not installed. 
Using SCS instead.
ECOS solver failed:  The solver ECOS is not installed. 
Using SCS instead.
ECOS solver failed:  The solver ECOS is not installed. 
Using SCS instead.
M-step Design Matrix Calculation time (sec): 0.0130
ECOS solver failed in IPCW_HAL_init, falling back to SCS: The solver ECOS is not installed.
M-step CVXPY optimize time (sec): 0.8176
ECOS solver failed:  The solver ECOS is not installed. 
Using SCS instead.
ECOS solver failed:  The solver ECOS is not installed. 
Using SCS instead.
ECOS solver failed:  The solver ECOS is not installed. 
Using SCS instead.
ECOS solver failed:  The solver ECOS is not installed. 
Using SCS instead.
ECOS solver failed:  The solver ECOS is not installed. 
Using SCS instead.
ECOS solver failed:  The solver ECOS is not installed. 
Using SCS instead.
ECOS solver failed:  The solver ECOS is not installed. 
Using SCS instead.
ECOS solver failed:  The solver ECOS is not installed. 
Using SCS instead.
ECOS solver failed:  The solver ECOS is not installed. 
Using SCS instead.
ECOS solver failed:  The solver ECOS is not installed. 
Using SCS instead.
ECOS solver failed:  The solver ECOS is not installed. 
Using SCS instead.
ECOS solver failed:  The solver ECOS is not installed. 
Using SCS instead.
ECOS solver failed:  The solver ECOS is not installed. 
Using SCS instead.
ECOS solver failed:  The solver ECOS is not installed. 
Using SCS instead.
ECOS solver failed:  The solver ECOS is not installed. 
Using SCS instead.
ECOS solver failed:  The solver ECOS is not installed. 
Using SCS instead.
ECOS solver failed:  The solver ECOS is not installed. 
Using SCS instead.
ECOS solver failed:  The solver ECOS is not installed. 
Using SCS instead.
ECOS solver failed:  The solver ECOS is not installed. 
Using SCS instead.
ECOS solver failed:  The solver ECOS is not installed. 
Using SCS instead.
ECOS solver failed:  The solver ECOS is not installed. 
Using SCS instead.
M-step Design Matrix Calculation time (sec): 0.0332
ECOS solver failed in IPCW_HAL_init, falling back to SCS: The solver ECOS is not installed.
WARNING - large complementary slackness residual: 0.001785
M-step CVXPY optimize time (sec): 0.5443
ECOS solver failed:  The solver ECOS is not installed. 
Using SCS instead.
ECOS solver failed:  The solver ECOS is not installed. 
Using SCS instead.
ECOS solver failed:  The solver ECOS is not installed. 
Using SCS instead.
ECOS solver failed:  The solver ECOS is not installed. 
Using SCS instead.
ECOS solver failed:  The solver ECOS is not installed. 
Using SCS instead.
ECOS solver failed:  The solver ECOS is not installed. 
Using SCS instead.
ECOS solver failed:  The solver ECOS is not installed. 
Using SCS instead.
ECOS solver failed:  The solver ECOS is not installed. 
Using SCS instead.
ECOS solver failed:  The solver ECOS is not installed. 
Using SCS instead.
ECOS solver failed:  The solver ECOS is not installed. 
Using SCS instead.
ECOS solver failed:  The solver ECOS is not installed. 
Using SCS instead.
ECOS solver failed:  The solver ECOS is not installed. 
Using SCS instead.
ECOS solver failed:  The solver ECOS is not installed. 
Using SCS instead.
ECOS solver failed:  The solver ECOS is not installed. 
Using SCS instead.
ECOS solver failed:  The solver ECOS is not installed. 
Using SCS instead.
ECOS solver failed:  The solver ECOS is not installed. 
Using SCS instead.
ECOS solver failed:  The solver ECOS is not installed. 
Using SCS instead.
ECOS solver failed:  The solver ECOS is not installed. 
Using SCS instead.
ECOS solver failed:  The solver ECOS is not installed. 
Using SCS instead.
ECOS solver failed:  The solver ECOS is not installed. 
Using SCS instead.
ECOS solver failed:  The solver ECOS is not installed. 
Using SCS instead.
M-step Design Matrix Calculation time (sec): 0.0468
ECOS solver failed in IPCW_HAL_init, falling back to SCS: The solver ECOS is not installed.
M-step CVXPY optimize time (sec): 0.9957
ECOS solver failed:  The solver ECOS is not installed. 
Using SCS instead.
ECOS solver failed:  The solver ECOS is not installed. 
Using SCS instead.
ECOS solver failed:  The solver ECOS is not installed. 
Using SCS instead.
ECOS solver failed:  The solver ECOS is not installed. 
Using SCS instead.
ECOS solver failed:  The solver ECOS is not installed. 
Using SCS instead.
ECOS solver failed:  The solver ECOS is not installed. 
Using SCS instead.
ECOS solver failed:  The solver ECOS is not installed. 
Using SCS instead.
ECOS solver failed:  The solver ECOS is not installed. 
Using SCS instead.
ECOS solver failed:  The solver ECOS is not installed. 
Using SCS instead.
ECOS solver failed:  The solver ECOS is not installed. 
Using SCS instead.
ECOS solver failed:  The solver ECOS is not installed. 
Using SCS instead.
ECOS solver failed:  The solver ECOS is not installed. 
Using SCS instead.
ECOS solver failed:  The solver ECOS is not installed. 
Using SCS instead.
ECOS solver failed:  The solver ECOS is not installed. 
Using SCS instead.
ECOS solver failed:  The solver ECOS is not installed. 
Using SCS instead.
ECOS solver failed:  The solver ECOS is not installed. 
Using SCS instead.
ECOS solver failed:  The solver ECOS is not installed. 
Using SCS instead.
ECOS solver failed:  The solver ECOS is not installed. 
Using SCS instead.
ECOS solver failed:  The solver ECOS is not installed. 
Using SCS instead.
ECOS solver failed:  The solver ECOS is not installed. 
Using SCS instead.
ECOS solver failed:  The solver ECOS is not installed. 
Using SCS instead.
M-step Design Matrix Calculation time (sec): 0.0141
ECOS solver failed in IPCW_HAL_init, falling back to SCS: The solver ECOS is not installed.
M-step CVXPY optimize time (sec): 0.5918
ECOS solver failed:  The solver ECOS is not installed. 
Using SCS instead.
ECOS solver failed:  The solver ECOS is not installed. 
Using SCS instead.
ECOS solver failed:  The solver ECOS is not installed. 
Using SCS instead.
ECOS solver failed:  The solver ECOS is not installed. 
Using SCS instead.
ECOS solver failed:  The solver ECOS is not installed. 
Using SCS instead.
ECOS solver failed:  The solver ECOS is not installed. 
Using SCS instead.
ECOS solver failed:  The solver ECOS is not installed. 
Using SCS instead.
ECOS solver failed:  The solver ECOS is not installed. 
Using SCS instead.
ECOS solver failed:  The solver ECOS is not installed. 
Using SCS instead.
ECOS solver failed:  The solver ECOS is not installed. 
Using SCS instead.
ECOS solver failed:  The solver ECOS is not installed. 
Using SCS instead.
ECOS solver failed:  The solver ECOS is not installed. 
Using SCS instead.
ECOS solver failed:  The solver ECOS is not installed. 
Using SCS instead.
ECOS solver failed:  The solver ECOS is not installed. 
Using SCS instead.
ECOS solver failed:  The solver ECOS is not installed. 
Using SCS instead.
ECOS solver failed:  The solver ECOS is not installed. 
Using SCS instead.
ECOS solver failed:  The solver ECOS is not installed. 
Using SCS instead.
ECOS solver failed:  The solver ECOS is not installed. 
Using SCS instead.
ECOS solver failed:  The solver ECOS is not installed. 
Using SCS instead.
ECOS solver failed:  The solver ECOS is not installed. 
Using SCS instead.
ECOS solver failed:  The solver ECOS is not installed. 
Using SCS instead.
M-step Design Matrix Calculation time (sec): 0.0160
ECOS solver failed in IPCW_HAL_init, falling back to SCS: The solver ECOS is not installed.
WARNING - large complementary slackness residual: 0.001210
M-step CVXPY optimize time (sec): 2.2921
ECOS solver failed:  The solver ECOS is not installed. 
Using SCS instead.
ECOS solver failed:  The solver ECOS is not installed. 
Using SCS instead.
ECOS solver failed:  The solver ECOS is not installed. 
Using SCS instead.
ECOS solver failed:  The solver ECOS is not installed. 
Using SCS instead.
ECOS solver failed:  The solver ECOS is not installed. 
Using SCS instead.
ECOS solver failed:  The solver ECOS is not installed. 
Using SCS instead.
ECOS solver failed:  The solver ECOS is not installed. 
Using SCS instead.
ECOS solver failed:  The solver ECOS is not installed. 
Using SCS instead.
ECOS solver failed:  The solver ECOS is not installed. 
Using SCS instead.
ECOS solver failed:  The solver ECOS is not installed. 
Using SCS instead.
ECOS solver failed:  The solver ECOS is not installed. 
Using SCS instead.
ECOS solver failed:  The solver ECOS is not installed. 
Using SCS instead.
ECOS solver failed:  The solver ECOS is not installed. 
Using SCS instead.
ECOS solver failed:  The solver ECOS is not installed. 
Using SCS instead.
ECOS solver failed:  The solver ECOS is not installed. 
Using SCS instead.
ECOS solver failed:  The solver ECOS is not installed. 
Using SCS instead.
ECOS solver failed:  The solver ECOS is not installed. 
Using SCS instead.
ECOS solver failed:  The solver ECOS is not installed. 
Using SCS instead.
ECOS solver failed:  The solver ECOS is not installed. 
Using SCS instead.
ECOS solver failed:  The solver ECOS is not installed. 
Using SCS instead.
ECOS solver failed:  The solver ECOS is not installed. 
Using SCS instead.
M-step Design Matrix Calculation time (sec): 0.0230
ECOS solver failed in IPCW_HAL_init, falling back to SCS: The solver ECOS is not installed.
M-step CVXPY optimize time (sec): 3.0290
ECOS solver failed:  The solver ECOS is not installed. 
Using SCS instead.
ECOS solver failed:  The solver ECOS is not installed. 
Using SCS instead.
ECOS solver failed:  The solver ECOS is not installed. 
Using SCS instead.
ECOS solver failed:  The solver ECOS is not installed. 
Using SCS instead.
ECOS solver failed:  The solver ECOS is not installed. 
Using SCS instead.
ECOS solver failed:  The solver ECOS is not installed. 
Using SCS instead.
ECOS solver failed:  The solver ECOS is not installed. 
Using SCS instead.
ECOS solver failed:  The solver ECOS is not installed. 
Using SCS instead.
ECOS solver failed:  The solver ECOS is not installed. 
Using SCS instead.
ECOS solver failed:  The solver ECOS is not installed. 
Using SCS instead.
ECOS solver failed:  The solver ECOS is not installed. 
Using SCS instead.
ECOS solver failed:  The solver ECOS is not installed. 
Using SCS instead.
ECOS solver failed:  The solver ECOS is not installed. 
Using SCS instead.
ECOS solver failed:  The solver ECOS is not installed. 
Using SCS instead.
ECOS solver failed:  The solver ECOS is not installed. 
Using SCS instead.
ECOS solver failed:  The solver ECOS is not installed. 
Using SCS instead.
ECOS solver failed:  The solver ECOS is not installed. 
Using SCS instead.
ECOS solver failed:  The solver ECOS is not installed. 
Using SCS instead.
ECOS solver failed:  The solver ECOS is not installed. 
Using SCS instead.
ECOS solver failed:  The solver ECOS is not installed. 
Using SCS instead.
ECOS solver failed:  The solver ECOS is not installed. 
Using SCS instead.
M-step Design Matrix Calculation time (sec): 0.0152
ECOS solver failed in IPCW_HAL_init, falling back to SCS: The solver ECOS is not installed.
WARNING - large complementary slackness residual: 0.001328
M-step CVXPY optimize time (sec): 0.9335
ECOS solver failed:  The solver ECOS is not installed. 
Using SCS instead.
ECOS solver failed:  The solver ECOS is not installed. 
Using SCS instead.
ECOS solver failed:  The solver ECOS is not installed. 
Using SCS instead.
ECOS solver failed:  The solver ECOS is not installed. 
Using SCS instead.
ECOS solver failed:  The solver ECOS is not installed. 
Using SCS instead.
ECOS solver failed:  The solver ECOS is not installed. 
Using SCS instead.
ECOS solver failed:  The solver ECOS is not installed. 
Using SCS instead.
ECOS solver failed:  The solver ECOS is not installed. 
Using SCS instead.
ECOS solver failed:  The solver ECOS is not installed. 
Using SCS instead.
ECOS solver failed:  The solver ECOS is not installed. 
Using SCS instead.
ECOS solver failed:  The solver ECOS is not installed. 
Using SCS instead.
ECOS solver failed:  The solver ECOS is not installed. 
Using SCS instead.
ECOS solver failed:  The solver ECOS is not installed. 
Using SCS instead.
ECOS solver failed:  The solver ECOS is not installed. 
Using SCS instead.
ECOS solver failed:  The solver ECOS is not installed. 
Using SCS instead.
ECOS solver failed:  The solver ECOS is not installed. 
Using SCS instead.
ECOS solver failed:  The solver ECOS is not installed. 
Using SCS instead.
ECOS solver failed:  The solver ECOS is not installed. 
Using SCS instead.
ECOS solver failed:  The solver ECOS is not installed. 
Using SCS instead.
ECOS solver failed:  The solver ECOS is not installed. 
Using SCS instead.
ECOS solver failed:  The solver ECOS is not installed. 
Using SCS instead.
M-step Design Matrix Calculation time (sec): 0.0166
ECOS solver failed in IPCW_HAL_init, falling back to SCS: The solver ECOS is not installed.
WARNING - large complementary slackness residual: 0.001798
M-step CVXPY optimize time (sec): 0.7613
ECOS solver failed:  The solver ECOS is not installed. 
Using SCS instead.
ECOS solver failed:  The solver ECOS is not installed. 
Using SCS instead.
ECOS solver failed:  The solver ECOS is not installed. 
Using SCS instead.
ECOS solver failed:  The solver ECOS is not installed. 
Using SCS instead.
ECOS solver failed:  The solver ECOS is not installed. 
Using SCS instead.
ECOS solver failed:  The solver ECOS is not installed. 
Using SCS instead.
ECOS solver failed:  The solver ECOS is not installed. 
Using SCS instead.
ECOS solver failed:  The solver ECOS is not installed. 
Using SCS instead.
ECOS solver failed:  The solver ECOS is not installed. 
Using SCS instead.
ECOS solver failed:  The solver ECOS is not installed. 
Using SCS instead.
ECOS solver failed:  The solver ECOS is not installed. 
Using SCS instead.
ECOS solver failed:  The solver ECOS is not installed. 
Using SCS instead.
ECOS solver failed:  The solver ECOS is not installed. 
Using SCS instead.
ECOS solver failed:  The solver ECOS is not installed. 
Using SCS instead.
ECOS solver failed:  The solver ECOS is not installed. 
Using SCS instead.
ECOS solver failed:  The solver ECOS is not installed. 
Using SCS instead.
ECOS solver failed:  The solver ECOS is not installed. 
Using SCS instead.
ECOS solver failed:  The solver ECOS is not installed. 
Using SCS instead.
ECOS solver failed:  The solver ECOS is not installed. 
Using SCS instead.
ECOS solver failed:  The solver ECOS is not installed. 
Using SCS instead.
ECOS solver failed:  The solver ECOS is not installed. 
Using SCS instead.
M-step Design Matrix Calculation time (sec): 0.0175
ECOS solver failed in IPCW_HAL_init, falling back to SCS: The solver ECOS is not installed.
WARNING - large complementary slackness residual: 0.001499
M-step CVXPY optimize time (sec): 0.9330
ECOS solver failed:  The solver ECOS is not installed. 
Using SCS instead.
ECOS solver failed:  The solver ECOS is not installed. 
Using SCS instead.
ECOS solver failed:  The solver ECOS is not installed. 
Using SCS instead.
ECOS solver failed:  The solver ECOS is not installed. 
Using SCS instead.
ECOS solver failed:  The solver ECOS is not installed. 
Using SCS instead.
ECOS solver failed:  The solver ECOS is not installed. 
Using SCS instead.
ECOS solver failed:  The solver ECOS is not installed. 
Using SCS instead.
ECOS solver failed:  The solver ECOS is not installed. 
Using SCS instead.
ECOS solver failed:  The solver ECOS is not installed. 
Using SCS instead.
ECOS solver failed:  The solver ECOS is not installed. 
Using SCS instead.
ECOS solver failed:  The solver ECOS is not installed. 
Using SCS instead.
ECOS solver failed:  The solver ECOS is not installed. 
Using SCS instead.
ECOS solver failed:  The solver ECOS is not installed. 
Using SCS instead.
ECOS solver failed:  The solver ECOS is not installed. 
Using SCS instead.
ECOS solver failed:  The solver ECOS is not installed. 
Using SCS instead.
ECOS solver failed:  The solver ECOS is not installed. 
Using SCS instead.
ECOS solver failed:  The solver ECOS is not installed. 
Using SCS instead.
ECOS solver failed:  The solver ECOS is not installed. 
Using SCS instead.
ECOS solver failed:  The solver ECOS is not installed. 
Using SCS instead.
ECOS solver failed:  The solver ECOS is not installed. 
Using SCS instead.
ECOS solver failed:  The solver ECOS is not installed. 
Using SCS instead.
M-step Design Matrix Calculation time (sec): 0.0165
ECOS solver failed in IPCW_HAL_init, falling back to SCS: The solver ECOS is not installed.
M-step CVXPY optimize time (sec): 3.2855
ECOS solver failed:  The solver ECOS is not installed. 
Using SCS instead.
ECOS solver failed:  The solver ECOS is not installed. 
Using SCS instead.
ECOS solver failed:  The solver ECOS is not installed. 
Using SCS instead.
ECOS solver failed:  The solver ECOS is not installed. 
Using SCS instead.
ECOS solver failed:  The solver ECOS is not installed. 
Using SCS instead.
ECOS solver failed:  The solver ECOS is not installed. 
Using SCS instead.
ECOS solver failed:  The solver ECOS is not installed. 
Using SCS instead.
ECOS solver failed:  The solver ECOS is not installed. 
Using SCS instead.
ECOS solver failed:  The solver ECOS is not installed. 
Using SCS instead.
ECOS solver failed:  The solver ECOS is not installed. 
Using SCS instead.
ECOS solver failed:  The solver ECOS is not installed. 
Using SCS instead.
ECOS solver failed:  The solver ECOS is not installed. 
Using SCS instead.
ECOS solver failed:  The solver ECOS is not installed. 
Using SCS instead.
ECOS solver failed:  The solver ECOS is not installed. 
Using SCS instead.
ECOS solver failed:  The solver ECOS is not installed. 
Using SCS instead.
ECOS solver failed:  The solver ECOS is not installed. 
Using SCS instead.
ECOS solver failed:  The solver ECOS is not installed. 
Using SCS instead.
ECOS solver failed:  The solver ECOS is not installed. 
Using SCS instead.
ECOS solver failed:  The solver ECOS is not installed. 
Using SCS instead.
ECOS solver failed:  The solver ECOS is not installed. 
Using SCS instead.
ECOS solver failed:  The solver ECOS is not installed. 
Using SCS instead.
M-step Design Matrix Calculation time (sec): 0.0657
ECOS solver failed in IPCW_HAL_init, falling back to SCS: The solver ECOS is not installed.
M-step CVXPY optimize time (sec): 0.9742
ECOS solver failed:  The solver ECOS is not installed. 
Using SCS instead.
ECOS solver failed:  The solver ECOS is not installed. 
Using SCS instead.
ECOS solver failed:  The solver ECOS is not installed. 
Using SCS instead.
ECOS solver failed:  The solver ECOS is not installed. 
Using SCS instead.
ECOS solver failed:  The solver ECOS is not installed. 
Using SCS instead.
ECOS solver failed:  The solver ECOS is not installed. 
Using SCS instead.
ECOS solver failed:  The solver ECOS is not installed. 
Using SCS instead.
ECOS solver failed:  The solver ECOS is not installed. 
Using SCS instead.
ECOS solver failed:  The solver ECOS is not installed. 
Using SCS instead.
ECOS solver failed:  The solver ECOS is not installed. 
Using SCS instead.
ECOS solver failed:  The solver ECOS is not installed. 
Using SCS instead.
ECOS solver failed:  The solver ECOS is not installed. 
Using SCS instead.
ECOS solver failed:  The solver ECOS is not installed. 
Using SCS instead.
ECOS solver failed:  The solver ECOS is not installed. 
Using SCS instead.
ECOS solver failed:  The solver ECOS is not installed. 
Using SCS instead.
ECOS solver failed:  The solver ECOS is not installed. 
Using SCS instead.
ECOS solver failed:  The solver ECOS is not installed. 
Using SCS instead.
ECOS solver failed:  The solver ECOS is not installed. 
Using SCS instead.
ECOS solver failed:  The solver ECOS is not installed. 
Using SCS instead.
ECOS solver failed:  The solver ECOS is not installed. 
Using SCS instead.
ECOS solver failed:  The solver ECOS is not installed. 
Using SCS instead.
M-step Design Matrix Calculation time (sec): 0.0283
ECOS solver failed in IPCW_HAL_init, falling back to SCS: The solver ECOS is not installed.
WARNING - large complementary slackness residual: 0.001172
M-step CVXPY optimize time (sec): 0.7070
ECOS solver failed:  The solver ECOS is not installed. 
Using SCS instead.
ECOS solver failed:  The solver ECOS is not installed. 
Using SCS instead.
ECOS solver failed:  The solver ECOS is not installed. 
Using SCS instead.
ECOS solver failed:  The solver ECOS is not installed. 
Using SCS instead.
ECOS solver failed:  The solver ECOS is not installed. 
Using SCS instead.
ECOS solver failed:  The solver ECOS is not installed. 
Using SCS instead.
ECOS solver failed:  The solver ECOS is not installed. 
Using SCS instead.
ECOS solver failed:  The solver ECOS is not installed. 
Using SCS instead.
ECOS solver failed:  The solver ECOS is not installed. 
Using SCS instead.
ECOS solver failed:  The solver ECOS is not installed. 
Using SCS instead.
ECOS solver failed:  The solver ECOS is not installed. 
Using SCS instead.
ECOS solver failed:  The solver ECOS is not installed. 
Using SCS instead.
ECOS solver failed:  The solver ECOS is not installed. 
Using SCS instead.
ECOS solver failed:  The solver ECOS is not installed. 
Using SCS instead.
ECOS solver failed:  The solver ECOS is not installed. 
Using SCS instead.
ECOS solver failed:  The solver ECOS is not installed. 
Using SCS instead.
ECOS solver failed:  The solver ECOS is not installed. 
Using SCS instead.
ECOS solver failed:  The solver ECOS is not installed. 
Using SCS instead.
ECOS solver failed:  The solver ECOS is not installed. 
Using SCS instead.
ECOS solver failed:  The solver ECOS is not installed. 
Using SCS instead.
ECOS solver failed:  The solver ECOS is not installed. 
Using SCS instead.
M-step Design Matrix Calculation time (sec): 0.0156
ECOS solver failed in IPCW_HAL_init, falling back to SCS: The solver ECOS is not installed.
WARNING - large complementary slackness residual: 0.002073
M-step CVXPY optimize time (sec): 0.8622
ECOS solver failed:  The solver ECOS is not installed. 
Using SCS instead.
ECOS solver failed:  The solver ECOS is not installed. 
Using SCS instead.
ECOS solver failed:  The solver ECOS is not installed. 
Using SCS instead.
ECOS solver failed:  The solver ECOS is not installed. 
Using SCS instead.
ECOS solver failed:  The solver ECOS is not installed. 
Using SCS instead.
ECOS solver failed:  The solver ECOS is not installed. 
Using SCS instead.
ECOS solver failed:  The solver ECOS is not installed. 
Using SCS instead.
ECOS solver failed:  The solver ECOS is not installed. 
Using SCS instead.
ECOS solver failed:  The solver ECOS is not installed. 
Using SCS instead.
ECOS solver failed:  The solver ECOS is not installed. 
Using SCS instead.
ECOS solver failed:  The solver ECOS is not installed. 
Using SCS instead.
ECOS solver failed:  The solver ECOS is not installed. 
Using SCS instead.
ECOS solver failed:  The solver ECOS is not installed. 
Using SCS instead.
ECOS solver failed:  The solver ECOS is not installed. 
Using SCS instead.
ECOS solver failed:  The solver ECOS is not installed. 
Using SCS instead.
ECOS solver failed:  The solver ECOS is not installed. 
Using SCS instead.
ECOS solver failed:  The solver ECOS is not installed. 
Using SCS instead.
ECOS solver failed:  The solver ECOS is not installed. 
Using SCS instead.
ECOS solver failed:  The solver ECOS is not installed. 
Using SCS instead.
ECOS solver failed:  The solver ECOS is not installed. 
Using SCS instead.
ECOS solver failed:  The solver ECOS is not installed. 
Using SCS instead.
M-step Design Matrix Calculation time (sec): 0.0347
ECOS solver failed in IPCW_HAL_init, falling back to SCS: The solver ECOS is not installed.
M-step CVXPY optimize time (sec): 0.4823
ECOS solver failed:  The solver ECOS is not installed. 
Using SCS instead.
ECOS solver failed:  The solver ECOS is not installed. 
Using SCS instead.
ECOS solver failed:  The solver ECOS is not installed. 
Using SCS instead.
ECOS solver failed:  The solver ECOS is not installed. 
Using SCS instead.
ECOS solver failed:  The solver ECOS is not installed. 
Using SCS instead.
ECOS solver failed:  The solver ECOS is not installed. 
Using SCS instead.
ECOS solver failed:  The solver ECOS is not installed. 
Using SCS instead.
ECOS solver failed:  The solver ECOS is not installed. 
Using SCS instead.
ECOS solver failed:  The solver ECOS is not installed. 
Using SCS instead.
ECOS solver failed:  The solver ECOS is not installed. 
Using SCS instead.
ECOS solver failed:  The solver ECOS is not installed. 
Using SCS instead.
ECOS solver failed:  The solver ECOS is not installed. 
Using SCS instead.
ECOS solver failed:  The solver ECOS is not installed. 
Using SCS instead.
ECOS solver failed:  The solver ECOS is not installed. 
Using SCS instead.
ECOS solver failed:  The solver ECOS is not installed. 
Using SCS instead.
ECOS solver failed:  The solver ECOS is not installed. 
Using SCS instead.
ECOS solver failed:  The solver ECOS is not installed. 
Using SCS instead.
ECOS solver failed:  The solver ECOS is not installed. 
Using SCS instead.
ECOS solver failed:  The solver ECOS is not installed. 
Using SCS instead.
ECOS solver failed:  The solver ECOS is not installed. 
Using SCS instead.
ECOS solver failed:  The solver ECOS is not installed. 
Using SCS instead.
M-step Design Matrix Calculation time (sec): 0.0501
ECOS solver failed in IPCW_HAL_init, falling back to SCS: The solver ECOS is not installed.
WARNING - large complementary slackness residual: 0.001476
M-step CVXPY optimize time (sec): 0.7443
ECOS solver failed:  The solver ECOS is not installed. 
Using SCS instead.
ECOS solver failed:  The solver ECOS is not installed. 
Using SCS instead.
ECOS solver failed:  The solver ECOS is not installed. 
Using SCS instead.
ECOS solver failed:  The solver ECOS is not installed. 
Using SCS instead.
ECOS solver failed:  The solver ECOS is not installed. 
Using SCS instead.
ECOS solver failed:  The solver ECOS is not installed. 
Using SCS instead.
ECOS solver failed:  The solver ECOS is not installed. 
Using SCS instead.
ECOS solver failed:  The solver ECOS is not installed. 
Using SCS instead.
ECOS solver failed:  The solver ECOS is not installed. 
Using SCS instead.
ECOS solver failed:  The solver ECOS is not installed. 
Using SCS instead.
ECOS solver failed:  The solver ECOS is not installed. 
Using SCS instead.
ECOS solver failed:  The solver ECOS is not installed. 
Using SCS instead.
ECOS solver failed:  The solver ECOS is not installed. 
Using SCS instead.
ECOS solver failed:  The solver ECOS is not installed. 
Using SCS instead.
ECOS solver failed:  The solver ECOS is not installed. 
Using SCS instead.
ECOS solver failed:  The solver ECOS is not installed. 
Using SCS instead.
ECOS solver failed:  The solver ECOS is not installed. 
Using SCS instead.
ECOS solver failed:  The solver ECOS is not installed. 
Using SCS instead.
ECOS solver failed:  The solver ECOS is not installed. 
Using SCS instead.
ECOS solver failed:  The solver ECOS is not installed. 
Using SCS instead.
ECOS solver failed:  The solver ECOS is not installed. 
Using SCS instead.
M-step Design Matrix Calculation time (sec): 0.0532
ECOS solver failed in IPCW_HAL_init, falling back to SCS: The solver ECOS is not installed.
WARNING - large complementary slackness residual: 0.000981
M-step CVXPY optimize time (sec): 1.2794
ECOS solver failed:  The solver ECOS is not installed. 
Using SCS instead.
ECOS solver failed:  The solver ECOS is not installed. 
Using SCS instead.
ECOS solver failed:  The solver ECOS is not installed. 
Using SCS instead.
ECOS solver failed:  The solver ECOS is not installed. 
Using SCS instead.
ECOS solver failed:  The solver ECOS is not installed. 
Using SCS instead.
ECOS solver failed:  The solver ECOS is not installed. 
Using SCS instead.
ECOS solver failed:  The solver ECOS is not installed. 
Using SCS instead.
ECOS solver failed:  The solver ECOS is not installed. 
Using SCS instead.
ECOS solver failed:  The solver ECOS is not installed. 
Using SCS instead.
ECOS solver failed:  The solver ECOS is not installed. 
Using SCS instead.
ECOS solver failed:  The solver ECOS is not installed. 
Using SCS instead.
ECOS solver failed:  The solver ECOS is not installed. 
Using SCS instead.
ECOS solver failed:  The solver ECOS is not installed. 
Using SCS instead.
ECOS solver failed:  The solver ECOS is not installed. 
Using SCS instead.
ECOS solver failed:  The solver ECOS is not installed. 
Using SCS instead.
ECOS solver failed:  The solver ECOS is not installed. 
Using SCS instead.
ECOS solver failed:  The solver ECOS is not installed. 
Using SCS instead.
ECOS solver failed:  The solver ECOS is not installed. 
Using SCS instead.
ECOS solver failed:  The solver ECOS is not installed. 
Using SCS instead.
ECOS solver failed:  The solver ECOS is not installed. 
Using SCS instead.
ECOS solver failed:  The solver ECOS is not installed. 
Using SCS instead.
M-step Design Matrix Calculation time (sec): 0.0428
ECOS solver failed in IPCW_HAL_init, falling back to SCS: The solver ECOS is not installed.
WARNING - large complementary slackness residual: 0.001833
M-step CVXPY optimize time (sec): 0.3453
ECOS solver failed:  The solver ECOS is not installed. 
Using SCS instead.
ECOS solver failed:  The solver ECOS is not installed. 
Using SCS instead.
ECOS solver failed:  The solver ECOS is not installed. 
Using SCS instead.
ECOS solver failed:  The solver ECOS is not installed. 
Using SCS instead.
ECOS solver failed:  The solver ECOS is not installed. 
Using SCS instead.
ECOS solver failed:  The solver ECOS is not installed. 
Using SCS instead.
ECOS solver failed:  The solver ECOS is not installed. 
Using SCS instead.
ECOS solver failed:  The solver ECOS is not installed. 
Using SCS instead.
ECOS solver failed:  The solver ECOS is not installed. 
Using SCS instead.
ECOS solver failed:  The solver ECOS is not installed. 
Using SCS instead.
ECOS solver failed:  The solver ECOS is not installed. 
Using SCS instead.
ECOS solver failed:  The solver ECOS is not installed. 
Using SCS instead.
ECOS solver failed:  The solver ECOS is not installed. 
Using SCS instead.
ECOS solver failed:  The solver ECOS is not installed. 
Using SCS instead.
ECOS solver failed:  The solver ECOS is not installed. 
Using SCS instead.
ECOS solver failed:  The solver ECOS is not installed. 
Using SCS instead.
ECOS solver failed:  The solver ECOS is not installed. 
Using SCS instead.
ECOS solver failed:  The solver ECOS is not installed. 
Using SCS instead.
ECOS solver failed:  The solver ECOS is not installed. 
Using SCS instead.
ECOS solver failed:  The solver ECOS is not installed. 
Using SCS instead.
ECOS solver failed:  The solver ECOS is not installed. 
Using SCS instead.
M-step Design Matrix Calculation time (sec): 0.0229
ECOS solver failed in IPCW_HAL_init, falling back to SCS: The solver ECOS is not installed.
M-step CVXPY optimize time (sec): 0.5162
ECOS solver failed:  The solver ECOS is not installed. 
Using SCS instead.
ECOS solver failed:  The solver ECOS is not installed. 
Using SCS instead.
ECOS solver failed:  The solver ECOS is not installed. 
Using SCS instead.
ECOS solver failed:  The solver ECOS is not installed. 
Using SCS instead.
ECOS solver failed:  The solver ECOS is not installed. 
Using SCS instead.
ECOS solver failed:  The solver ECOS is not installed. 
Using SCS instead.
ECOS solver failed:  The solver ECOS is not installed. 
Using SCS instead.
ECOS solver failed:  The solver ECOS is not installed. 
Using SCS instead.
ECOS solver failed:  The solver ECOS is not installed. 
Using SCS instead.
ECOS solver failed:  The solver ECOS is not installed. 
Using SCS instead.
ECOS solver failed:  The solver ECOS is not installed. 
Using SCS instead.
ECOS solver failed:  The solver ECOS is not installed. 
Using SCS instead.
ECOS solver failed:  The solver ECOS is not installed. 
Using SCS instead.
ECOS solver failed:  The solver ECOS is not installed. 
Using SCS instead.
ECOS solver failed:  The solver ECOS is not installed. 
Using SCS instead.
ECOS solver failed:  The solver ECOS is not installed. 
Using SCS instead.
ECOS solver failed:  The solver ECOS is not installed. 
Using SCS instead.
ECOS solver failed:  The solver ECOS is not installed. 
Using SCS instead.
ECOS solver failed:  The solver ECOS is not installed. 
Using SCS instead.
ECOS solver failed:  The solver ECOS is not installed. 
Using SCS instead.
ECOS solver failed:  The solver ECOS is not installed. 
Using SCS instead.
M-step Design Matrix Calculation time (sec): 0.0145
ECOS solver failed in IPCW_HAL_init, falling back to SCS: The solver ECOS is not installed.
M-step CVXPY optimize time (sec): 1.4291
ECOS solver failed:  The solver ECOS is not installed. 
Using SCS instead.
ECOS solver failed:  The solver ECOS is not installed. 
Using SCS instead.
ECOS solver failed:  The solver ECOS is not installed. 
Using SCS instead.
ECOS solver failed:  The solver ECOS is not installed. 
Using SCS instead.
ECOS solver failed:  The solver ECOS is not installed. 
Using SCS instead.
ECOS solver failed:  The solver ECOS is not installed. 
Using SCS instead.
ECOS solver failed:  The solver ECOS is not installed. 
Using SCS instead.
ECOS solver failed:  The solver ECOS is not installed. 
Using SCS instead.
ECOS solver failed:  The solver ECOS is not installed. 
Using SCS instead.
ECOS solver failed:  The solver ECOS is not installed. 
Using SCS instead.
ECOS solver failed:  The solver ECOS is not installed. 
Using SCS instead.
ECOS solver failed:  The solver ECOS is not installed. 
Using SCS instead.
ECOS solver failed:  The solver ECOS is not installed. 
Using SCS instead.
ECOS solver failed:  The solver ECOS is not installed. 
Using SCS instead.
ECOS solver failed:  The solver ECOS is not installed. 
Using SCS instead.
ECOS solver failed:  The solver ECOS is not installed. 
Using SCS instead.
ECOS solver failed:  The solver ECOS is not installed. 
Using SCS instead.
ECOS solver failed:  The solver ECOS is not installed. 
Using SCS instead.
ECOS solver failed:  The solver ECOS is not installed. 
Using SCS instead.
ECOS solver failed:  The solver ECOS is not installed. 
Using SCS instead.
ECOS solver failed:  The solver ECOS is not installed. 
Using SCS instead.
M-step Design Matrix Calculation time (sec): 0.0239
ECOS solver failed in IPCW_HAL_init, falling back to SCS: The solver ECOS is not installed.
WARNING - large complementary slackness residual: 0.002844
M-step CVXPY optimize time (sec): 0.7455
ECOS solver failed:  The solver ECOS is not installed. 
Using SCS instead.
ECOS solver failed:  The solver ECOS is not installed. 
Using SCS instead.
ECOS solver failed:  The solver ECOS is not installed. 
Using SCS instead.
ECOS solver failed:  The solver ECOS is not installed. 
Using SCS instead.
ECOS solver failed:  The solver ECOS is not installed. 
Using SCS instead.
ECOS solver failed:  The solver ECOS is not installed. 
Using SCS instead.
ECOS solver failed:  The solver ECOS is not installed. 
Using SCS instead.
ECOS solver failed:  The solver ECOS is not installed. 
Using SCS instead.
ECOS solver failed:  The solver ECOS is not installed. 
Using SCS instead.
ECOS solver failed:  The solver ECOS is not installed. 
Using SCS instead.
ECOS solver failed:  The solver ECOS is not installed. 
Using SCS instead.
ECOS solver failed:  The solver ECOS is not installed. 
Using SCS instead.
ECOS solver failed:  The solver ECOS is not installed. 
Using SCS instead.
ECOS solver failed:  The solver ECOS is not installed. 
Using SCS instead.
ECOS solver failed:  The solver ECOS is not installed. 
Using SCS instead.
ECOS solver failed:  The solver ECOS is not installed. 
Using SCS instead.
ECOS solver failed:  The solver ECOS is not installed. 
Using SCS instead.
ECOS solver failed:  The solver ECOS is not installed. 
Using SCS instead.
ECOS solver failed:  The solver ECOS is not installed. 
Using SCS instead.
ECOS solver failed:  The solver ECOS is not installed. 
Using SCS instead.
ECOS solver failed:  The solver ECOS is not installed. 
Using SCS instead.
M-step Design Matrix Calculation time (sec): 0.0341
ECOS solver failed in IPCW_HAL_init, falling back to SCS: The solver ECOS is not installed.
M-step CVXPY optimize time (sec): 2.7348
ECOS solver failed:  The solver ECOS is not installed. 
Using SCS instead.
ECOS solver failed:  The solver ECOS is not installed. 
Using SCS instead.
ECOS solver failed:  The solver ECOS is not installed. 
Using SCS instead.
ECOS solver failed:  The solver ECOS is not installed. 
Using SCS instead.
ECOS solver failed:  The solver ECOS is not installed. 
Using SCS instead.
ECOS solver failed:  The solver ECOS is not installed. 
Using SCS instead.
ECOS solver failed:  The solver ECOS is not installed. 
Using SCS instead.
ECOS solver failed:  The solver ECOS is not installed. 
Using SCS instead.
ECOS solver failed:  The solver ECOS is not installed. 
Using SCS instead.
ECOS solver failed:  The solver ECOS is not installed. 
Using SCS instead.
ECOS solver failed:  The solver ECOS is not installed. 
Using SCS instead.
ECOS solver failed:  The solver ECOS is not installed. 
Using SCS instead.
ECOS solver failed:  The solver ECOS is not installed. 
Using SCS instead.
ECOS solver failed:  The solver ECOS is not installed. 
Using SCS instead.
ECOS solver failed:  The solver ECOS is not installed. 
Using SCS instead.
ECOS solver failed:  The solver ECOS is not installed. 
Using SCS instead.
ECOS solver failed:  The solver ECOS is not installed. 
Using SCS instead.
ECOS solver failed:  The solver ECOS is not installed. 
Using SCS instead.
ECOS solver failed:  The solver ECOS is not installed. 
Using SCS instead.
ECOS solver failed:  The solver ECOS is not installed. 
Using SCS instead.
ECOS solver failed:  The solver ECOS is not installed. 
Using SCS instead.
M-step Design Matrix Calculation time (sec): 0.1265
ECOS solver failed in IPCW_HAL_init, falling back to SCS: The solver ECOS is not installed.
WARNING - large complementary slackness residual: 0.001225
M-step CVXPY optimize time (sec): 0.8486
ECOS solver failed:  The solver ECOS is not installed. 
Using SCS instead.
ECOS solver failed:  The solver ECOS is not installed. 
Using SCS instead.
ECOS solver failed:  The solver ECOS is not installed. 
Using SCS instead.
ECOS solver failed:  The solver ECOS is not installed. 
Using SCS instead.
ECOS solver failed:  The solver ECOS is not installed. 
Using SCS instead.
ECOS solver failed:  The solver ECOS is not installed. 
Using SCS instead.
ECOS solver failed:  The solver ECOS is not installed. 
Using SCS instead.
ECOS solver failed:  The solver ECOS is not installed. 
Using SCS instead.
ECOS solver failed:  The solver ECOS is not installed. 
Using SCS instead.
ECOS solver failed:  The solver ECOS is not installed. 
Using SCS instead.
ECOS solver failed:  The solver ECOS is not installed. 
Using SCS instead.
ECOS solver failed:  The solver ECOS is not installed. 
Using SCS instead.
ECOS solver failed:  The solver ECOS is not installed. 
Using SCS instead.
ECOS solver failed:  The solver ECOS is not installed. 
Using SCS instead.
ECOS solver failed:  The solver ECOS is not installed. 
Using SCS instead.
ECOS solver failed:  The solver ECOS is not installed. 
Using SCS instead.
ECOS solver failed:  The solver ECOS is not installed. 
Using SCS instead.
ECOS solver failed:  The solver ECOS is not installed. 
Using SCS instead.
ECOS solver failed:  The solver ECOS is not installed. 
Using SCS instead.
ECOS solver failed:  The solver ECOS is not installed. 
Using SCS instead.
ECOS solver failed:  The solver ECOS is not installed. 
Using SCS instead.
M-step Design Matrix Calculation time (sec): 0.0878
ECOS solver failed in IPCW_HAL_init, falling back to SCS: The solver ECOS is not installed.
WARNING - large complementary slackness residual: 0.001429
M-step CVXPY optimize time (sec): 0.9020
ECOS solver failed:  The solver ECOS is not installed. 
Using SCS instead.
ECOS solver failed:  The solver ECOS is not installed. 
Using SCS instead.
ECOS solver failed:  The solver ECOS is not installed. 
Using SCS instead.
ECOS solver failed:  The solver ECOS is not installed. 
Using SCS instead.
ECOS solver failed:  The solver ECOS is not installed. 
Using SCS instead.
ECOS solver failed:  The solver ECOS is not installed. 
Using SCS instead.
ECOS solver failed:  The solver ECOS is not installed. 
Using SCS instead.
ECOS solver failed:  The solver ECOS is not installed. 
Using SCS instead.
ECOS solver failed:  The solver ECOS is not installed. 
Using SCS instead.
ECOS solver failed:  The solver ECOS is not installed. 
Using SCS instead.
ECOS solver failed:  The solver ECOS is not installed. 
Using SCS instead.
ECOS solver failed:  The solver ECOS is not installed. 
Using SCS instead.
ECOS solver failed:  The solver ECOS is not installed. 
Using SCS instead.
ECOS solver failed:  The solver ECOS is not installed. 
Using SCS instead.
ECOS solver failed:  The solver ECOS is not installed. 
Using SCS instead.
ECOS solver failed:  The solver ECOS is not installed. 
Using SCS instead.
ECOS solver failed:  The solver ECOS is not installed. 
Using SCS instead.
ECOS solver failed:  The solver ECOS is not installed. 
Using SCS instead.
ECOS solver failed:  The solver ECOS is not installed. 
Using SCS instead.
ECOS solver failed:  The solver ECOS is not installed. 
Using SCS instead.
ECOS solver failed:  The solver ECOS is not installed. 
Using SCS instead.
M-step Design Matrix Calculation time (sec): 0.1456
ECOS solver failed in IPCW_HAL_init, falling back to SCS: The solver ECOS is not installed.
WARNING - large complementary slackness residual: 0.001227
M-step CVXPY optimize time (sec): 0.6918
ECOS solver failed:  The solver ECOS is not installed. 
Using SCS instead.
ECOS solver failed:  The solver ECOS is not installed. 
Using SCS instead.
ECOS solver failed:  The solver ECOS is not installed. 
Using SCS instead.
ECOS solver failed:  The solver ECOS is not installed. 
Using SCS instead.
ECOS solver failed:  The solver ECOS is not installed. 
Using SCS instead.
ECOS solver failed:  The solver ECOS is not installed. 
Using SCS instead.
ECOS solver failed:  The solver ECOS is not installed. 
Using SCS instead.
ECOS solver failed:  The solver ECOS is not installed. 
Using SCS instead.
ECOS solver failed:  The solver ECOS is not installed. 
Using SCS instead.
ECOS solver failed:  The solver ECOS is not installed. 
Using SCS instead.
ECOS solver failed:  The solver ECOS is not installed. 
Using SCS instead.
ECOS solver failed:  The solver ECOS is not installed. 
Using SCS instead.
ECOS solver failed:  The solver ECOS is not installed. 
Using SCS instead.
ECOS solver failed:  The solver ECOS is not installed. 
Using SCS instead.
ECOS solver failed:  The solver ECOS is not installed. 
Using SCS instead.
ECOS solver failed:  The solver ECOS is not installed. 
Using SCS instead.
ECOS solver failed:  The solver ECOS is not installed. 
Using SCS instead.
ECOS solver failed:  The solver ECOS is not installed. 
Using SCS instead.
ECOS solver failed:  The solver ECOS is not installed. 
Using SCS instead.
ECOS solver failed:  The solver ECOS is not installed. 
Using SCS instead.
ECOS solver failed:  The solver ECOS is not installed. 
Using SCS instead.
M-step Design Matrix Calculation time (sec): 0.0139
ECOS solver failed in IPCW_HAL_init, falling back to SCS: The solver ECOS is not installed.
WARNING - large complementary slackness residual: 0.002970
M-step CVXPY optimize time (sec): 0.2987
ECOS solver failed:  The solver ECOS is not installed. 
Using SCS instead.
ECOS solver failed:  The solver ECOS is not installed. 
Using SCS instead.
ECOS solver failed:  The solver ECOS is not installed. 
Using SCS instead.
ECOS solver failed:  The solver ECOS is not installed. 
Using SCS instead.
ECOS solver failed:  The solver ECOS is not installed. 
Using SCS instead.
ECOS solver failed:  The solver ECOS is not installed. 
Using SCS instead.
ECOS solver failed:  The solver ECOS is not installed. 
Using SCS instead.
ECOS solver failed:  The solver ECOS is not installed. 
Using SCS instead.
ECOS solver failed:  The solver ECOS is not installed. 
Using SCS instead.
ECOS solver failed:  The solver ECOS is not installed. 
Using SCS instead.
ECOS solver failed:  The solver ECOS is not installed. 
Using SCS instead.
ECOS solver failed:  The solver ECOS is not installed. 
Using SCS instead.
ECOS solver failed:  The solver ECOS is not installed. 
Using SCS instead.
ECOS solver failed:  The solver ECOS is not installed. 
Using SCS instead.
ECOS solver failed:  The solver ECOS is not installed. 
Using SCS instead.
ECOS solver failed:  The solver ECOS is not installed. 
Using SCS instead.
ECOS solver failed:  The solver ECOS is not installed. 
Using SCS instead.
ECOS solver failed:  The solver ECOS is not installed. 
Using SCS instead.
ECOS solver failed:  The solver ECOS is not installed. 
Using SCS instead.
ECOS solver failed:  The solver ECOS is not installed. 
Using SCS instead.
ECOS solver failed:  The solver ECOS is not installed. 
Using SCS instead.
M-step Design Matrix Calculation time (sec): 0.0326
ECOS solver failed in IPCW_HAL_init, falling back to SCS: The solver ECOS is not installed.
M-step CVXPY optimize time (sec): 1.3855
ECOS solver failed:  The solver ECOS is not installed. 
Using SCS instead.
ECOS solver failed:  The solver ECOS is not installed. 
Using SCS instead.
ECOS solver failed:  The solver ECOS is not installed. 
Using SCS instead.
ECOS solver failed:  The solver ECOS is not installed. 
Using SCS instead.
ECOS solver failed:  The solver ECOS is not installed. 
Using SCS instead.
ECOS solver failed:  The solver ECOS is not installed. 
Using SCS instead.
ECOS solver failed:  The solver ECOS is not installed. 
Using SCS instead.
ECOS solver failed:  The solver ECOS is not installed. 
Using SCS instead.
ECOS solver failed:  The solver ECOS is not installed. 
Using SCS instead.
ECOS solver failed:  The solver ECOS is not installed. 
Using SCS instead.
ECOS solver failed:  The solver ECOS is not installed. 
Using SCS instead.
ECOS solver failed:  The solver ECOS is not installed. 
Using SCS instead.
ECOS solver failed:  The solver ECOS is not installed. 
Using SCS instead.
ECOS solver failed:  The solver ECOS is not installed. 
Using SCS instead.
ECOS solver failed:  The solver ECOS is not installed. 
Using SCS instead.
ECOS solver failed:  The solver ECOS is not installed. 
Using SCS instead.
ECOS solver failed:  The solver ECOS is not installed. 
Using SCS instead.
ECOS solver failed:  The solver ECOS is not installed. 
Using SCS instead.
ECOS solver failed:  The solver ECOS is not installed. 
Using SCS instead.
ECOS solver failed:  The solver ECOS is not installed. 
Using SCS instead.
ECOS solver failed:  The solver ECOS is not installed. 
Using SCS instead.
M-step Design Matrix Calculation time (sec): 0.0145
ECOS solver failed in IPCW_HAL_init, falling back to SCS: The solver ECOS is not installed.
WARNING - large complementary slackness residual: 0.002103
M-step CVXPY optimize time (sec): 0.4183
ECOS solver failed:  The solver ECOS is not installed. 
Using SCS instead.
ECOS solver failed:  The solver ECOS is not installed. 
Using SCS instead.
ECOS solver failed:  The solver ECOS is not installed. 
Using SCS instead.
ECOS solver failed:  The solver ECOS is not installed. 
Using SCS instead.
ECOS solver failed:  The solver ECOS is not installed. 
Using SCS instead.
ECOS solver failed:  The solver ECOS is not installed. 
Using SCS instead.
ECOS solver failed:  The solver ECOS is not installed. 
Using SCS instead.
ECOS solver failed:  The solver ECOS is not installed. 
Using SCS instead.
ECOS solver failed:  The solver ECOS is not installed. 
Using SCS instead.
ECOS solver failed:  The solver ECOS is not installed. 
Using SCS instead.
ECOS solver failed:  The solver ECOS is not installed. 
Using SCS instead.
ECOS solver failed:  The solver ECOS is not installed. 
Using SCS instead.
ECOS solver failed:  The solver ECOS is not installed. 
Using SCS instead.
ECOS solver failed:  The solver ECOS is not installed. 
Using SCS instead.
ECOS solver failed:  The solver ECOS is not installed. 
Using SCS instead.
ECOS solver failed:  The solver ECOS is not installed. 
Using SCS instead.
ECOS solver failed:  The solver ECOS is not installed. 
Using SCS instead.
ECOS solver failed:  The solver ECOS is not installed. 
Using SCS instead.
ECOS solver failed:  The solver ECOS is not installed. 
Using SCS instead.
ECOS solver failed:  The solver ECOS is not installed. 
Using SCS instead.
ECOS solver failed:  The solver ECOS is not installed. 
Using SCS instead.
M-step Design Matrix Calculation time (sec): 0.0219
ECOS solver failed in IPCW_HAL_init, falling back to SCS: The solver ECOS is not installed.
M-step CVXPY optimize time (sec): 2.7066
ECOS solver failed:  The solver ECOS is not installed. 
Using SCS instead.
ECOS solver failed:  The solver ECOS is not installed. 
Using SCS instead.
ECOS solver failed:  The solver ECOS is not installed. 
Using SCS instead.
ECOS solver failed:  The solver ECOS is not installed. 
Using SCS instead.
ECOS solver failed:  The solver ECOS is not installed. 
Using SCS instead.
ECOS solver failed:  The solver ECOS is not installed. 
Using SCS instead.
ECOS solver failed:  The solver ECOS is not installed. 
Using SCS instead.
ECOS solver failed:  The solver ECOS is not installed. 
Using SCS instead.
ECOS solver failed:  The solver ECOS is not installed. 
Using SCS instead.
ECOS solver failed:  The solver ECOS is not installed. 
Using SCS instead.
ECOS solver failed:  The solver ECOS is not installed. 
Using SCS instead.
ECOS solver failed:  The solver ECOS is not installed. 
Using SCS instead.
ECOS solver failed:  The solver ECOS is not installed. 
Using SCS instead.
ECOS solver failed:  The solver ECOS is not installed. 
Using SCS instead.
ECOS solver failed:  The solver ECOS is not installed. 
Using SCS instead.
ECOS solver failed:  The solver ECOS is not installed. 
Using SCS instead.
ECOS solver failed:  The solver ECOS is not installed. 
Using SCS instead.
ECOS solver failed:  The solver ECOS is not installed. 
Using SCS instead.
ECOS solver failed:  The solver ECOS is not installed. 
Using SCS instead.
ECOS solver failed:  The solver ECOS is not installed. 
Using SCS instead.
ECOS solver failed:  The solver ECOS is not installed. 
Using SCS instead.
M-step Design Matrix Calculation time (sec): 0.0169
ECOS solver failed in IPCW_HAL_init, falling back to SCS: The solver ECOS is not installed.
M-step CVXPY optimize time (sec): 0.6114
ECOS solver failed:  The solver ECOS is not installed. 
Using SCS instead.
ECOS solver failed:  The solver ECOS is not installed. 
Using SCS instead.
ECOS solver failed:  The solver ECOS is not installed. 
Using SCS instead.
ECOS solver failed:  The solver ECOS is not installed. 
Using SCS instead.
ECOS solver failed:  The solver ECOS is not installed. 
Using SCS instead.
ECOS solver failed:  The solver ECOS is not installed. 
Using SCS instead.
ECOS solver failed:  The solver ECOS is not installed. 
Using SCS instead.
ECOS solver failed:  The solver ECOS is not installed. 
Using SCS instead.
ECOS solver failed:  The solver ECOS is not installed. 
Using SCS instead.
ECOS solver failed:  The solver ECOS is not installed. 
Using SCS instead.
ECOS solver failed:  The solver ECOS is not installed. 
Using SCS instead.
ECOS solver failed:  The solver ECOS is not installed. 
Using SCS instead.
ECOS solver failed:  The solver ECOS is not installed. 
Using SCS instead.
ECOS solver failed:  The solver ECOS is not installed. 
Using SCS instead.
ECOS solver failed:  The solver ECOS is not installed. 
Using SCS instead.
ECOS solver failed:  The solver ECOS is not installed. 
Using SCS instead.
ECOS solver failed:  The solver ECOS is not installed. 
Using SCS instead.
ECOS solver failed:  The solver ECOS is not installed. 
Using SCS instead.
ECOS solver failed:  The solver ECOS is not installed. 
Using SCS instead.
ECOS solver failed:  The solver ECOS is not installed. 
Using SCS instead.
ECOS solver failed:  The solver ECOS is not installed. 
Using SCS instead.
M-step Design Matrix Calculation time (sec): 0.0161
ECOS solver failed in IPCW_HAL_init, falling back to SCS: The solver ECOS is not installed.
M-step CVXPY optimize time (sec): 0.8398
ECOS solver failed:  The solver ECOS is not installed. 
Using SCS instead.
ECOS solver failed:  The solver ECOS is not installed. 
Using SCS instead.
ECOS solver failed:  The solver ECOS is not installed. 
Using SCS instead.
ECOS solver failed:  The solver ECOS is not installed. 
Using SCS instead.
ECOS solver failed:  The solver ECOS is not installed. 
Using SCS instead.
ECOS solver failed:  The solver ECOS is not installed. 
Using SCS instead.
ECOS solver failed:  The solver ECOS is not installed. 
Using SCS instead.
ECOS solver failed:  The solver ECOS is not installed. 
Using SCS instead.
ECOS solver failed:  The solver ECOS is not installed. 
Using SCS instead.
ECOS solver failed:  The solver ECOS is not installed. 
Using SCS instead.
ECOS solver failed:  The solver ECOS is not installed. 
Using SCS instead.
ECOS solver failed:  The solver ECOS is not installed. 
Using SCS instead.
ECOS solver failed:  The solver ECOS is not installed. 
Using SCS instead.
ECOS solver failed:  The solver ECOS is not installed. 
Using SCS instead.
ECOS solver failed:  The solver ECOS is not installed. 
Using SCS instead.
ECOS solver failed:  The solver ECOS is not installed. 
Using SCS instead.
ECOS solver failed:  The solver ECOS is not installed. 
Using SCS instead.
ECOS solver failed:  The solver ECOS is not installed. 
Using SCS instead.
ECOS solver failed:  The solver ECOS is not installed. 
Using SCS instead.
ECOS solver failed:  The solver ECOS is not installed. 
Using SCS instead.
ECOS solver failed:  The solver ECOS is not installed. 
Using SCS instead.
M-step Design Matrix Calculation time (sec): 0.0342
ECOS solver failed in IPCW_HAL_init, falling back to SCS: The solver ECOS is not installed.
M-step CVXPY optimize time (sec): 1.2397
ECOS solver failed:  The solver ECOS is not installed. 
Using SCS instead.
ECOS solver failed:  The solver ECOS is not installed. 
Using SCS instead.
ECOS solver failed:  The solver ECOS is not installed. 
Using SCS instead.
ECOS solver failed:  The solver ECOS is not installed. 
Using SCS instead.
ECOS solver failed:  The solver ECOS is not installed. 
Using SCS instead.
ECOS solver failed:  The solver ECOS is not installed. 
Using SCS instead.
ECOS solver failed:  The solver ECOS is not installed. 
Using SCS instead.
ECOS solver failed:  The solver ECOS is not installed. 
Using SCS instead.
ECOS solver failed:  The solver ECOS is not installed. 
Using SCS instead.
ECOS solver failed:  The solver ECOS is not installed. 
Using SCS instead.
ECOS solver failed:  The solver ECOS is not installed. 
Using SCS instead.
ECOS solver failed:  The solver ECOS is not installed. 
Using SCS instead.
ECOS solver failed:  The solver ECOS is not installed. 
Using SCS instead.
ECOS solver failed:  The solver ECOS is not installed. 
Using SCS instead.
ECOS solver failed:  The solver ECOS is not installed. 
Using SCS instead.
ECOS solver failed:  The solver ECOS is not installed. 
Using SCS instead.
ECOS solver failed:  The solver ECOS is not installed. 
Using SCS instead.
ECOS solver failed:  The solver ECOS is not installed. 
Using SCS instead.
ECOS solver failed:  The solver ECOS is not installed. 
Using SCS instead.
ECOS solver failed:  The solver ECOS is not installed. 
Using SCS instead.
ECOS solver failed:  The solver ECOS is not installed. 
Using SCS instead.
M-step Design Matrix Calculation time (sec): 0.1040
ECOS solver failed in IPCW_HAL_init, falling back to SCS: The solver ECOS is not installed.
M-step CVXPY optimize time (sec): 1.2789
ECOS solver failed:  The solver ECOS is not installed. 
Using SCS instead.
ECOS solver failed:  The solver ECOS is not installed. 
Using SCS instead.
ECOS solver failed:  The solver ECOS is not installed. 
Using SCS instead.
ECOS solver failed:  The solver ECOS is not installed. 
Using SCS instead.
ECOS solver failed:  The solver ECOS is not installed. 
Using SCS instead.
ECOS solver failed:  The solver ECOS is not installed. 
Using SCS instead.
ECOS solver failed:  The solver ECOS is not installed. 
Using SCS instead.
ECOS solver failed:  The solver ECOS is not installed. 
Using SCS instead.
ECOS solver failed:  The solver ECOS is not installed. 
Using SCS instead.
ECOS solver failed:  The solver ECOS is not installed. 
Using SCS instead.
ECOS solver failed:  The solver ECOS is not installed. 
Using SCS instead.
ECOS solver failed:  The solver ECOS is not installed. 
Using SCS instead.
ECOS solver failed:  The solver ECOS is not installed. 
Using SCS instead.
ECOS solver failed:  The solver ECOS is not installed. 
Using SCS instead.
ECOS solver failed:  The solver ECOS is not installed. 
Using SCS instead.
ECOS solver failed:  The solver ECOS is not installed. 
Using SCS instead.
ECOS solver failed:  The solver ECOS is not installed. 
Using SCS instead.
ECOS solver failed:  The solver ECOS is not installed. 
Using SCS instead.
ECOS solver failed:  The solver ECOS is not installed. 
Using SCS instead.
ECOS solver failed:  The solver ECOS is not installed. 
Using SCS instead.
ECOS solver failed:  The solver ECOS is not installed. 
Using SCS instead.
M-step Design Matrix Calculation time (sec): 0.0419
ECOS solver failed in IPCW_HAL_init, falling back to SCS: The solver ECOS is not installed.
WARNING - large complementary slackness residual: 0.002806
M-step CVXPY optimize time (sec): 0.5887
ECOS solver failed:  The solver ECOS is not installed. 
Using SCS instead.
ECOS solver failed:  The solver ECOS is not installed. 
Using SCS instead.
ECOS solver failed:  The solver ECOS is not installed. 
Using SCS instead.
ECOS solver failed:  The solver ECOS is not installed. 
Using SCS instead.
ECOS solver failed:  The solver ECOS is not installed. 
Using SCS instead.
ECOS solver failed:  The solver ECOS is not installed. 
Using SCS instead.
ECOS solver failed:  The solver ECOS is not installed. 
Using SCS instead.
ECOS solver failed:  The solver ECOS is not installed. 
Using SCS instead.
ECOS solver failed:  The solver ECOS is not installed. 
Using SCS instead.
ECOS solver failed:  The solver ECOS is not installed. 
Using SCS instead.
ECOS solver failed:  The solver ECOS is not installed. 
Using SCS instead.
ECOS solver failed:  The solver ECOS is not installed. 
Using SCS instead.
ECOS solver failed:  The solver ECOS is not installed. 
Using SCS instead.
ECOS solver failed:  The solver ECOS is not installed. 
Using SCS instead.
ECOS solver failed:  The solver ECOS is not installed. 
Using SCS instead.
ECOS solver failed:  The solver ECOS is not installed. 
Using SCS instead.
ECOS solver failed:  The solver ECOS is not installed. 
Using SCS instead.
ECOS solver failed:  The solver ECOS is not installed. 
Using SCS instead.
ECOS solver failed:  The solver ECOS is not installed. 
Using SCS instead.
ECOS solver failed:  The solver ECOS is not installed. 
Using SCS instead.
ECOS solver failed:  The solver ECOS is not installed. 
Using SCS instead.
M-step Design Matrix Calculation time (sec): 0.0620
ECOS solver failed in IPCW_HAL_init, falling back to SCS: The solver ECOS is not installed.
M-step CVXPY optimize time (sec): 0.7748
ECOS solver failed:  The solver ECOS is not installed. 
Using SCS instead.
ECOS solver failed:  The solver ECOS is not installed. 
Using SCS instead.
ECOS solver failed:  The solver ECOS is not installed. 
Using SCS instead.
ECOS solver failed:  The solver ECOS is not installed. 
Using SCS instead.
ECOS solver failed:  The solver ECOS is not installed. 
Using SCS instead.
ECOS solver failed:  The solver ECOS is not installed. 
Using SCS instead.
ECOS solver failed:  The solver ECOS is not installed. 
Using SCS instead.
ECOS solver failed:  The solver ECOS is not installed. 
Using SCS instead.
ECOS solver failed:  The solver ECOS is not installed. 
Using SCS instead.
ECOS solver failed:  The solver ECOS is not installed. 
Using SCS instead.
ECOS solver failed:  The solver ECOS is not installed. 
Using SCS instead.
ECOS solver failed:  The solver ECOS is not installed. 
Using SCS instead.
ECOS solver failed:  The solver ECOS is not installed. 
Using SCS instead.
ECOS solver failed:  The solver ECOS is not installed. 
Using SCS instead.
ECOS solver failed:  The solver ECOS is not installed. 
Using SCS instead.
ECOS solver failed:  The solver ECOS is not installed. 
Using SCS instead.
ECOS solver failed:  The solver ECOS is not installed. 
Using SCS instead.
ECOS solver failed:  The solver ECOS is not installed. 
Using SCS instead.
ECOS solver failed:  The solver ECOS is not installed. 
Using SCS instead.
ECOS solver failed:  The solver ECOS is not installed. 
Using SCS instead.
ECOS solver failed:  The solver ECOS is not installed. 
Using SCS instead.
M-step Design Matrix Calculation time (sec): 0.0321
ECOS solver failed in IPCW_HAL_init, falling back to SCS: The solver ECOS is not installed.
WARNING - large complementary slackness residual: 0.002809
M-step CVXPY optimize time (sec): 0.6345
ECOS solver failed:  The solver ECOS is not installed. 
Using SCS instead.
ECOS solver failed:  The solver ECOS is not installed. 
Using SCS instead.
ECOS solver failed:  The solver ECOS is not installed. 
Using SCS instead.
ECOS solver failed:  The solver ECOS is not installed. 
Using SCS instead.
ECOS solver failed:  The solver ECOS is not installed. 
Using SCS instead.
ECOS solver failed:  The solver ECOS is not installed. 
Using SCS instead.
ECOS solver failed:  The solver ECOS is not installed. 
Using SCS instead.
ECOS solver failed:  The solver ECOS is not installed. 
Using SCS instead.
ECOS solver failed:  The solver ECOS is not installed. 
Using SCS instead.
ECOS solver failed:  The solver ECOS is not installed. 
Using SCS instead.
ECOS solver failed:  The solver ECOS is not installed. 
Using SCS instead.
ECOS solver failed:  The solver ECOS is not installed. 
Using SCS instead.
ECOS solver failed:  The solver ECOS is not installed. 
Using SCS instead.
ECOS solver failed:  The solver ECOS is not installed. 
Using SCS instead.
ECOS solver failed:  The solver ECOS is not installed. 
Using SCS instead.
ECOS solver failed:  The solver ECOS is not installed. 
Using SCS instead.
ECOS solver failed:  The solver ECOS is not installed. 
Using SCS instead.
ECOS solver failed:  The solver ECOS is not installed. 
Using SCS instead.
ECOS solver failed:  The solver ECOS is not installed. 
Using SCS instead.
ECOS solver failed:  The solver ECOS is not installed. 
Using SCS instead.
ECOS solver failed:  The solver ECOS is not installed. 
Using SCS instead.
M-step Design Matrix Calculation time (sec): 0.2297
ECOS solver failed in IPCW_HAL_init, falling back to SCS: The solver ECOS is not installed.
WARNING - large complementary slackness residual: 0.001439
M-step CVXPY optimize time (sec): 0.8526
ECOS solver failed:  The solver ECOS is not installed. 
Using SCS instead.
ECOS solver failed:  The solver ECOS is not installed. 
Using SCS instead.
ECOS solver failed:  The solver ECOS is not installed. 
Using SCS instead.
ECOS solver failed:  The solver ECOS is not installed. 
Using SCS instead.
ECOS solver failed:  The solver ECOS is not installed. 
Using SCS instead.
ECOS solver failed:  The solver ECOS is not installed. 
Using SCS instead.
ECOS solver failed:  The solver ECOS is not installed. 
Using SCS instead.
ECOS solver failed:  The solver ECOS is not installed. 
Using SCS instead.
ECOS solver failed:  The solver ECOS is not installed. 
Using SCS instead.
ECOS solver failed:  The solver ECOS is not installed. 
Using SCS instead.
ECOS solver failed:  The solver ECOS is not installed. 
Using SCS instead.
ECOS solver failed:  The solver ECOS is not installed. 
Using SCS instead.
ECOS solver failed:  The solver ECOS is not installed. 
Using SCS instead.
ECOS solver failed:  The solver ECOS is not installed. 
Using SCS instead.
ECOS solver failed:  The solver ECOS is not installed. 
Using SCS instead.
ECOS solver failed:  The solver ECOS is not installed. 
Using SCS instead.
ECOS solver failed:  The solver ECOS is not installed. 
Using SCS instead.
ECOS solver failed:  The solver ECOS is not installed. 
Using SCS instead.
ECOS solver failed:  The solver ECOS is not installed. 
Using SCS instead.
ECOS solver failed:  The solver ECOS is not installed. 
Using SCS instead.
ECOS solver failed:  The solver ECOS is not installed. 
Using SCS instead.
M-step Design Matrix Calculation time (sec): 0.0136
ECOS solver failed in IPCW_HAL_init, falling back to SCS: The solver ECOS is not installed.
M-step CVXPY optimize time (sec): 1.8351
ECOS solver failed:  The solver ECOS is not installed. 
Using SCS instead.
ECOS solver failed:  The solver ECOS is not installed. 
Using SCS instead.
ECOS solver failed:  The solver ECOS is not installed. 
Using SCS instead.
ECOS solver failed:  The solver ECOS is not installed. 
Using SCS instead.
ECOS solver failed:  The solver ECOS is not installed. 
Using SCS instead.
ECOS solver failed:  The solver ECOS is not installed. 
Using SCS instead.
ECOS solver failed:  The solver ECOS is not installed. 
Using SCS instead.
ECOS solver failed:  The solver ECOS is not installed. 
Using SCS instead.
ECOS solver failed:  The solver ECOS is not installed. 
Using SCS instead.
ECOS solver failed:  The solver ECOS is not installed. 
Using SCS instead.
ECOS solver failed:  The solver ECOS is not installed. 
Using SCS instead.
ECOS solver failed:  The solver ECOS is not installed. 
Using SCS instead.
ECOS solver failed:  The solver ECOS is not installed. 
Using SCS instead.
ECOS solver failed:  The solver ECOS is not installed. 
Using SCS instead.
ECOS solver failed:  The solver ECOS is not installed. 
Using SCS instead.
ECOS solver failed:  The solver ECOS is not installed. 
Using SCS instead.
ECOS solver failed:  The solver ECOS is not installed. 
Using SCS instead.
ECOS solver failed:  The solver ECOS is not installed. 
Using SCS instead.
ECOS solver failed:  The solver ECOS is not installed. 
Using SCS instead.
ECOS solver failed:  The solver ECOS is not installed. 
Using SCS instead.
ECOS solver failed:  The solver ECOS is not installed. 
Using SCS instead.
M-step Design Matrix Calculation time (sec): 0.0142
ECOS solver failed in IPCW_HAL_init, falling back to SCS: The solver ECOS is not installed.
M-step CVXPY optimize time (sec): 1.1966
ECOS solver failed:  The solver ECOS is not installed. 
Using SCS instead.
ECOS solver failed:  The solver ECOS is not installed. 
Using SCS instead.
ECOS solver failed:  The solver ECOS is not installed. 
Using SCS instead.
ECOS solver failed:  The solver ECOS is not installed. 
Using SCS instead.
ECOS solver failed:  The solver ECOS is not installed. 
Using SCS instead.
ECOS solver failed:  The solver ECOS is not installed. 
Using SCS instead.
ECOS solver failed:  The solver ECOS is not installed. 
Using SCS instead.
ECOS solver failed:  The solver ECOS is not installed. 
Using SCS instead.
ECOS solver failed:  The solver ECOS is not installed. 
Using SCS instead.
ECOS solver failed:  The solver ECOS is not installed. 
Using SCS instead.
ECOS solver failed:  The solver ECOS is not installed. 
Using SCS instead.
ECOS solver failed:  The solver ECOS is not installed. 
Using SCS instead.
ECOS solver failed:  The solver ECOS is not installed. 
Using SCS instead.
ECOS solver failed:  The solver ECOS is not installed. 
Using SCS instead.
ECOS solver failed:  The solver ECOS is not installed. 
Using SCS instead.
ECOS solver failed:  The solver ECOS is not installed. 
Using SCS instead.
ECOS solver failed:  The solver ECOS is not installed. 
Using SCS instead.
ECOS solver failed:  The solver ECOS is not installed. 
Using SCS instead.
ECOS solver failed:  The solver ECOS is not installed. 
Using SCS instead.
ECOS solver failed:  The solver ECOS is not installed. 
Using SCS instead.
ECOS solver failed:  The solver ECOS is not installed. 
Using SCS instead.
M-step Design Matrix Calculation time (sec): 0.0584
ECOS solver failed in IPCW_HAL_init, falling back to SCS: The solver ECOS is not installed.
WARNING - large complementary slackness residual: 0.001731
M-step CVXPY optimize time (sec): 1.2814
ECOS solver failed:  The solver ECOS is not installed. 
Using SCS instead.
ECOS solver failed:  The solver ECOS is not installed. 
Using SCS instead.
ECOS solver failed:  The solver ECOS is not installed. 
Using SCS instead.
ECOS solver failed:  The solver ECOS is not installed. 
Using SCS instead.
ECOS solver failed:  The solver ECOS is not installed. 
Using SCS instead.
ECOS solver failed:  The solver ECOS is not installed. 
Using SCS instead.
ECOS solver failed:  The solver ECOS is not installed. 
Using SCS instead.
ECOS solver failed:  The solver ECOS is not installed. 
Using SCS instead.
ECOS solver failed:  The solver ECOS is not installed. 
Using SCS instead.
ECOS solver failed:  The solver ECOS is not installed. 
Using SCS instead.
ECOS solver failed:  The solver ECOS is not installed. 
Using SCS instead.
ECOS solver failed:  The solver ECOS is not installed. 
Using SCS instead.
ECOS solver failed:  The solver ECOS is not installed. 
Using SCS instead.
ECOS solver failed:  The solver ECOS is not installed. 
Using SCS instead.
ECOS solver failed:  The solver ECOS is not installed. 
Using SCS instead.
ECOS solver failed:  The solver ECOS is not installed. 
Using SCS instead.
ECOS solver failed:  The solver ECOS is not installed. 
Using SCS instead.
ECOS solver failed:  The solver ECOS is not installed. 
Using SCS instead.
ECOS solver failed:  The solver ECOS is not installed. 
Using SCS instead.
ECOS solver failed:  The solver ECOS is not installed. 
Using SCS instead.
ECOS solver failed:  The solver ECOS is not installed. 
Using SCS instead.
M-step Design Matrix Calculation time (sec): 0.0399
ECOS solver failed in IPCW_HAL_init, falling back to SCS: The solver ECOS is not installed.
M-step CVXPY optimize time (sec): 0.8962
ECOS solver failed:  The solver ECOS is not installed. 
Using SCS instead.
ECOS solver failed:  The solver ECOS is not installed. 
Using SCS instead.
ECOS solver failed:  The solver ECOS is not installed. 
Using SCS instead.
ECOS solver failed:  The solver ECOS is not installed. 
Using SCS instead.
ECOS solver failed:  The solver ECOS is not installed. 
Using SCS instead.
ECOS solver failed:  The solver ECOS is not installed. 
Using SCS instead.
ECOS solver failed:  The solver ECOS is not installed. 
Using SCS instead.
ECOS solver failed:  The solver ECOS is not installed. 
Using SCS instead.
ECOS solver failed:  The solver ECOS is not installed. 
Using SCS instead.
ECOS solver failed:  The solver ECOS is not installed. 
Using SCS instead.
ECOS solver failed:  The solver ECOS is not installed. 
Using SCS instead.
ECOS solver failed:  The solver ECOS is not installed. 
Using SCS instead.
ECOS solver failed:  The solver ECOS is not installed. 
Using SCS instead.
ECOS solver failed:  The solver ECOS is not installed. 
Using SCS instead.
ECOS solver failed:  The solver ECOS is not installed. 
Using SCS instead.
ECOS solver failed:  The solver ECOS is not installed. 
Using SCS instead.
ECOS solver failed:  The solver ECOS is not installed. 
Using SCS instead.
ECOS solver failed:  The solver ECOS is not installed. 
Using SCS instead.
ECOS solver failed:  The solver ECOS is not installed. 
Using SCS instead.
ECOS solver failed:  The solver ECOS is not installed. 
Using SCS instead.
ECOS solver failed:  The solver ECOS is not installed. 
Using SCS instead.
M-step Design Matrix Calculation time (sec): 0.0152
ECOS solver failed in IPCW_HAL_init, falling back to SCS: The solver ECOS is not installed.
WARNING - large complementary slackness residual: 0.002704
M-step CVXPY optimize time (sec): 0.8801
ECOS solver failed:  The solver ECOS is not installed. 
Using SCS instead.
ECOS solver failed:  The solver ECOS is not installed. 
Using SCS instead.
ECOS solver failed:  The solver ECOS is not installed. 
Using SCS instead.
ECOS solver failed:  The solver ECOS is not installed. 
Using SCS instead.
ECOS solver failed:  The solver ECOS is not installed. 
Using SCS instead.
ECOS solver failed:  The solver ECOS is not installed. 
Using SCS instead.
ECOS solver failed:  The solver ECOS is not installed. 
Using SCS instead.
ECOS solver failed:  The solver ECOS is not installed. 
Using SCS instead.
ECOS solver failed:  The solver ECOS is not installed. 
Using SCS instead.
ECOS solver failed:  The solver ECOS is not installed. 
Using SCS instead.
ECOS solver failed:  The solver ECOS is not installed. 
Using SCS instead.
ECOS solver failed:  The solver ECOS is not installed. 
Using SCS instead.
ECOS solver failed:  The solver ECOS is not installed. 
Using SCS instead.
ECOS solver failed:  The solver ECOS is not installed. 
Using SCS instead.
ECOS solver failed:  The solver ECOS is not installed. 
Using SCS instead.
ECOS solver failed:  The solver ECOS is not installed. 
Using SCS instead.
ECOS solver failed:  The solver ECOS is not installed. 
Using SCS instead.
ECOS solver failed:  The solver ECOS is not installed. 
Using SCS instead.
ECOS solver failed:  The solver ECOS is not installed. 
Using SCS instead.
ECOS solver failed:  The solver ECOS is not installed. 
Using SCS instead.
ECOS solver failed:  The solver ECOS is not installed. 
Using SCS instead.
M-step Design Matrix Calculation time (sec): 0.0634
ECOS solver failed in IPCW_HAL_init, falling back to SCS: The solver ECOS is not installed.
M-step CVXPY optimize time (sec): 0.8379
ECOS solver failed:  The solver ECOS is not installed. 
Using SCS instead.
ECOS solver failed:  The solver ECOS is not installed. 
Using SCS instead.
ECOS solver failed:  The solver ECOS is not installed. 
Using SCS instead.
ECOS solver failed:  The solver ECOS is not installed. 
Using SCS instead.
ECOS solver failed:  The solver ECOS is not installed. 
Using SCS instead.
ECOS solver failed:  The solver ECOS is not installed. 
Using SCS instead.
ECOS solver failed:  The solver ECOS is not installed. 
Using SCS instead.
ECOS solver failed:  The solver ECOS is not installed. 
Using SCS instead.
ECOS solver failed:  The solver ECOS is not installed. 
Using SCS instead.
ECOS solver failed:  The solver ECOS is not installed. 
Using SCS instead.
ECOS solver failed:  The solver ECOS is not installed. 
Using SCS instead.
ECOS solver failed:  The solver ECOS is not installed. 
Using SCS instead.
ECOS solver failed:  The solver ECOS is not installed. 
Using SCS instead.
ECOS solver failed:  The solver ECOS is not installed. 
Using SCS instead.
ECOS solver failed:  The solver ECOS is not installed. 
Using SCS instead.
ECOS solver failed:  The solver ECOS is not installed. 
Using SCS instead.
ECOS solver failed:  The solver ECOS is not installed. 
Using SCS instead.
ECOS solver failed:  The solver ECOS is not installed. 
Using SCS instead.
ECOS solver failed:  The solver ECOS is not installed. 
Using SCS instead.
ECOS solver failed:  The solver ECOS is not installed. 
Using SCS instead.
ECOS solver failed:  The solver ECOS is not installed. 
Using SCS instead.
M-step Design Matrix Calculation time (sec): 0.0143
ECOS solver failed in IPCW_HAL_init, falling back to SCS: The solver ECOS is not installed.
WARNING - large complementary slackness residual: 0.001198
M-step CVXPY optimize time (sec): 2.7150
ECOS solver failed:  The solver ECOS is not installed. 
Using SCS instead.
ECOS solver failed:  The solver ECOS is not installed. 
Using SCS instead.
ECOS solver failed:  The solver ECOS is not installed. 
Using SCS instead.
ECOS solver failed:  The solver ECOS is not installed. 
Using SCS instead.
ECOS solver failed:  The solver ECOS is not installed. 
Using SCS instead.
ECOS solver failed:  The solver ECOS is not installed. 
Using SCS instead.
ECOS solver failed:  The solver ECOS is not installed. 
Using SCS instead.
ECOS solver failed:  The solver ECOS is not installed. 
Using SCS instead.
ECOS solver failed:  The solver ECOS is not installed. 
Using SCS instead.
ECOS solver failed:  The solver ECOS is not installed. 
Using SCS instead.
ECOS solver failed:  The solver ECOS is not installed. 
Using SCS instead.
ECOS solver failed:  The solver ECOS is not installed. 
Using SCS instead.
ECOS solver failed:  The solver ECOS is not installed. 
Using SCS instead.
ECOS solver failed:  The solver ECOS is not installed. 
Using SCS instead.
ECOS solver failed:  The solver ECOS is not installed. 
Using SCS instead.
ECOS solver failed:  The solver ECOS is not installed. 
Using SCS instead.
ECOS solver failed:  The solver ECOS is not installed. 
Using SCS instead.
ECOS solver failed:  The solver ECOS is not installed. 
Using SCS instead.
ECOS solver failed:  The solver ECOS is not installed. 
Using SCS instead.
ECOS solver failed:  The solver ECOS is not installed. 
Using SCS instead.
ECOS solver failed:  The solver ECOS is not installed. 
Using SCS instead.
M-step Design Matrix Calculation time (sec): 0.0570
ECOS solver failed in IPCW_HAL_init, falling back to SCS: The solver ECOS is not installed.
WARNING - large complementary slackness residual: 0.000985
M-step CVXPY optimize time (sec): 2.4771
ECOS solver failed:  The solver ECOS is not installed. 
Using SCS instead.
ECOS solver failed:  The solver ECOS is not installed. 
Using SCS instead.
ECOS solver failed:  The solver ECOS is not installed. 
Using SCS instead.
ECOS solver failed:  The solver ECOS is not installed. 
Using SCS instead.
ECOS solver failed:  The solver ECOS is not installed. 
Using SCS instead.
ECOS solver failed:  The solver ECOS is not installed. 
Using SCS instead.
ECOS solver failed:  The solver ECOS is not installed. 
Using SCS instead.
ECOS solver failed:  The solver ECOS is not installed. 
Using SCS instead.
ECOS solver failed:  The solver ECOS is not installed. 
Using SCS instead.
ECOS solver failed:  The solver ECOS is not installed. 
Using SCS instead.
ECOS solver failed:  The solver ECOS is not installed. 
Using SCS instead.
ECOS solver failed:  The solver ECOS is not installed. 
Using SCS instead.
ECOS solver failed:  The solver ECOS is not installed. 
Using SCS instead.
ECOS solver failed:  The solver ECOS is not installed. 
Using SCS instead.
ECOS solver failed:  The solver ECOS is not installed. 
Using SCS instead.
ECOS solver failed:  The solver ECOS is not installed. 
Using SCS instead.
ECOS solver failed:  The solver ECOS is not installed. 
Using SCS instead.
ECOS solver failed:  The solver ECOS is not installed. 
Using SCS instead.
ECOS solver failed:  The solver ECOS is not installed. 
Using SCS instead.
ECOS solver failed:  The solver ECOS is not installed. 
Using SCS instead.
ECOS solver failed:  The solver ECOS is not installed. 
Using SCS instead.
M-step Design Matrix Calculation time (sec): 0.0440
ECOS solver failed in IPCW_HAL_init, falling back to SCS: The solver ECOS is not installed.
M-step CVXPY optimize time (sec): 1.2494
ECOS solver failed:  The solver ECOS is not installed. 
Using SCS instead.
ECOS solver failed:  The solver ECOS is not installed. 
Using SCS instead.
ECOS solver failed:  The solver ECOS is not installed. 
Using SCS instead.
ECOS solver failed:  The solver ECOS is not installed. 
Using SCS instead.
ECOS solver failed:  The solver ECOS is not installed. 
Using SCS instead.
ECOS solver failed:  The solver ECOS is not installed. 
Using SCS instead.
ECOS solver failed:  The solver ECOS is not installed. 
Using SCS instead.
ECOS solver failed:  The solver ECOS is not installed. 
Using SCS instead.
ECOS solver failed:  The solver ECOS is not installed. 
Using SCS instead.
ECOS solver failed:  The solver ECOS is not installed. 
Using SCS instead.
ECOS solver failed:  The solver ECOS is not installed. 
Using SCS instead.
ECOS solver failed:  The solver ECOS is not installed. 
Using SCS instead.
ECOS solver failed:  The solver ECOS is not installed. 
Using SCS instead.
ECOS solver failed:  The solver ECOS is not installed. 
Using SCS instead.
ECOS solver failed:  The solver ECOS is not installed. 
Using SCS instead.
ECOS solver failed:  The solver ECOS is not installed. 
Using SCS instead.
ECOS solver failed:  The solver ECOS is not installed. 
Using SCS instead.
ECOS solver failed:  The solver ECOS is not installed. 
Using SCS instead.
ECOS solver failed:  The solver ECOS is not installed. 
Using SCS instead.
ECOS solver failed:  The solver ECOS is not installed. 
Using SCS instead.
ECOS solver failed:  The solver ECOS is not installed. 
Using SCS instead.
M-step Design Matrix Calculation time (sec): 0.0184
ECOS solver failed in IPCW_HAL_init, falling back to SCS: The solver ECOS is not installed.
WARNING - large complementary slackness residual: 0.002818
M-step CVXPY optimize time (sec): 1.3593
ECOS solver failed:  The solver ECOS is not installed. 
Using SCS instead.
ECOS solver failed:  The solver ECOS is not installed. 
Using SCS instead.
ECOS solver failed:  The solver ECOS is not installed. 
Using SCS instead.
ECOS solver failed:  The solver ECOS is not installed. 
Using SCS instead.
ECOS solver failed:  The solver ECOS is not installed. 
Using SCS instead.
ECOS solver failed:  The solver ECOS is not installed. 
Using SCS instead.
ECOS solver failed:  The solver ECOS is not installed. 
Using SCS instead.
ECOS solver failed:  The solver ECOS is not installed. 
Using SCS instead.
ECOS solver failed:  The solver ECOS is not installed. 
Using SCS instead.
ECOS solver failed:  The solver ECOS is not installed. 
Using SCS instead.
ECOS solver failed:  The solver ECOS is not installed. 
Using SCS instead.
ECOS solver failed:  The solver ECOS is not installed. 
Using SCS instead.
ECOS solver failed:  The solver ECOS is not installed. 
Using SCS instead.
ECOS solver failed:  The solver ECOS is not installed. 
Using SCS instead.
ECOS solver failed:  The solver ECOS is not installed. 
Using SCS instead.
ECOS solver failed:  The solver ECOS is not installed. 
Using SCS instead.
ECOS solver failed:  The solver ECOS is not installed. 
Using SCS instead.
ECOS solver failed:  The solver ECOS is not installed. 
Using SCS instead.
ECOS solver failed:  The solver ECOS is not installed. 
Using SCS instead.
ECOS solver failed:  The solver ECOS is not installed. 
Using SCS instead.
ECOS solver failed:  The solver ECOS is not installed. 
Using SCS instead.
M-step Design Matrix Calculation time (sec): 0.0296
ECOS solver failed in IPCW_HAL_init, falling back to SCS: The solver ECOS is not installed.
WARNING - large complementary slackness residual: 0.001149
M-step CVXPY optimize time (sec): 2.7637
ECOS solver failed:  The solver ECOS is not installed. 
Using SCS instead.
ECOS solver failed:  The solver ECOS is not installed. 
Using SCS instead.
ECOS solver failed:  The solver ECOS is not installed. 
Using SCS instead.
ECOS solver failed:  The solver ECOS is not installed. 
Using SCS instead.
ECOS solver failed:  The solver ECOS is not installed. 
Using SCS instead.
ECOS solver failed:  The solver ECOS is not installed. 
Using SCS instead.
ECOS solver failed:  The solver ECOS is not installed. 
Using SCS instead.
ECOS solver failed:  The solver ECOS is not installed. 
Using SCS instead.
ECOS solver failed:  The solver ECOS is not installed. 
Using SCS instead.
ECOS solver failed:  The solver ECOS is not installed. 
Using SCS instead.
ECOS solver failed:  The solver ECOS is not installed. 
Using SCS instead.
ECOS solver failed:  The solver ECOS is not installed. 
Using SCS instead.
ECOS solver failed:  The solver ECOS is not installed. 
Using SCS instead.
ECOS solver failed:  The solver ECOS is not installed. 
Using SCS instead.
ECOS solver failed:  The solver ECOS is not installed. 
Using SCS instead.
ECOS solver failed:  The solver ECOS is not installed. 
Using SCS instead.
ECOS solver failed:  The solver ECOS is not installed. 
Using SCS instead.
ECOS solver failed:  The solver ECOS is not installed. 
Using SCS instead.
ECOS solver failed:  The solver ECOS is not installed. 
Using SCS instead.
ECOS solver failed:  The solver ECOS is not installed. 
Using SCS instead.
ECOS solver failed:  The solver ECOS is not installed. 
Using SCS instead.
M-step Design Matrix Calculation time (sec): 0.0631
ECOS solver failed in IPCW_HAL_init, falling back to SCS: The solver ECOS is not installed.
WARNING - large complementary slackness residual: 0.000952
M-step CVXPY optimize time (sec): 1.3712
ECOS solver failed:  The solver ECOS is not installed. 
Using SCS instead.
ECOS solver failed:  The solver ECOS is not installed. 
Using SCS instead.
ECOS solver failed:  The solver ECOS is not installed. 
Using SCS instead.
ECOS solver failed:  The solver ECOS is not installed. 
Using SCS instead.
ECOS solver failed:  The solver ECOS is not installed. 
Using SCS instead.
ECOS solver failed:  The solver ECOS is not installed. 
Using SCS instead.
ECOS solver failed:  The solver ECOS is not installed. 
Using SCS instead.
ECOS solver failed:  The solver ECOS is not installed. 
Using SCS instead.
ECOS solver failed:  The solver ECOS is not installed. 
Using SCS instead.
ECOS solver failed:  The solver ECOS is not installed. 
Using SCS instead.
ECOS solver failed:  The solver ECOS is not installed. 
Using SCS instead.
ECOS solver failed:  The solver ECOS is not installed. 
Using SCS instead.
ECOS solver failed:  The solver ECOS is not installed. 
Using SCS instead.
ECOS solver failed:  The solver ECOS is not installed. 
Using SCS instead.
ECOS solver failed:  The solver ECOS is not installed. 
Using SCS instead.
ECOS solver failed:  The solver ECOS is not installed. 
Using SCS instead.
ECOS solver failed:  The solver ECOS is not installed. 
Using SCS instead.
ECOS solver failed:  The solver ECOS is not installed. 
Using SCS instead.
ECOS solver failed:  The solver ECOS is not installed. 
Using SCS instead.
ECOS solver failed:  The solver ECOS is not installed. 
Using SCS instead.
ECOS solver failed:  The solver ECOS is not installed. 
Using SCS instead.
M-step Design Matrix Calculation time (sec): 0.0150
ECOS solver failed in IPCW_HAL_init, falling back to SCS: The solver ECOS is not installed.
WARNING - large complementary slackness residual: 0.001037
M-step CVXPY optimize time (sec): 2.9729
ECOS solver failed:  The solver ECOS is not installed. 
Using SCS instead.
ECOS solver failed:  The solver ECOS is not installed. 
Using SCS instead.
ECOS solver failed:  The solver ECOS is not installed. 
Using SCS instead.
ECOS solver failed:  The solver ECOS is not installed. 
Using SCS instead.
ECOS solver failed:  The solver ECOS is not installed. 
Using SCS instead.
ECOS solver failed:  The solver ECOS is not installed. 
Using SCS instead.
ECOS solver failed:  The solver ECOS is not installed. 
Using SCS instead.
ECOS solver failed:  The solver ECOS is not installed. 
Using SCS instead.
ECOS solver failed:  The solver ECOS is not installed. 
Using SCS instead.
ECOS solver failed:  The solver ECOS is not installed. 
Using SCS instead.
ECOS solver failed:  The solver ECOS is not installed. 
Using SCS instead.
ECOS solver failed:  The solver ECOS is not installed. 
Using SCS instead.
ECOS solver failed:  The solver ECOS is not installed. 
Using SCS instead.
ECOS solver failed:  The solver ECOS is not installed. 
Using SCS instead.
ECOS solver failed:  The solver ECOS is not installed. 
Using SCS instead.
ECOS solver failed:  The solver ECOS is not installed. 
Using SCS instead.
ECOS solver failed:  The solver ECOS is not installed. 
Using SCS instead.
ECOS solver failed:  The solver ECOS is not installed. 
Using SCS instead.
ECOS solver failed:  The solver ECOS is not installed. 
Using SCS instead.
ECOS solver failed:  The solver ECOS is not installed. 
Using SCS instead.
ECOS solver failed:  The solver ECOS is not installed. 
Using SCS instead.
M-step Design Matrix Calculation time (sec): 0.0169
ECOS solver failed in IPCW_HAL_init, falling back to SCS: The solver ECOS is not installed.
WARNING - large complementary slackness residual: 0.001193
M-step CVXPY optimize time (sec): 2.3814
ECOS solver failed:  The solver ECOS is not installed. 
Using SCS instead.
ECOS solver failed:  The solver ECOS is not installed. 
Using SCS instead.
ECOS solver failed:  The solver ECOS is not installed. 
Using SCS instead.
ECOS solver failed:  The solver ECOS is not installed. 
Using SCS instead.
ECOS solver failed:  The solver ECOS is not installed. 
Using SCS instead.
ECOS solver failed:  The solver ECOS is not installed. 
Using SCS instead.
ECOS solver failed:  The solver ECOS is not installed. 
Using SCS instead.
ECOS solver failed:  The solver ECOS is not installed. 
Using SCS instead.
ECOS solver failed:  The solver ECOS is not installed. 
Using SCS instead.
ECOS solver failed:  The solver ECOS is not installed. 
Using SCS instead.
ECOS solver failed:  The solver ECOS is not installed. 
Using SCS instead.
ECOS solver failed:  The solver ECOS is not installed. 
Using SCS instead.
ECOS solver failed:  The solver ECOS is not installed. 
Using SCS instead.
ECOS solver failed:  The solver ECOS is not installed. 
Using SCS instead.
ECOS solver failed:  The solver ECOS is not installed. 
Using SCS instead.
ECOS solver failed:  The solver ECOS is not installed. 
Using SCS instead.
ECOS solver failed:  The solver ECOS is not installed. 
Using SCS instead.
ECOS solver failed:  The solver ECOS is not installed. 
Using SCS instead.
ECOS solver failed:  The solver ECOS is not installed. 
Using SCS instead.
ECOS solver failed:  The solver ECOS is not installed. 
Using SCS instead.
ECOS solver failed:  The solver ECOS is not installed. 
Using SCS instead.
M-step Design Matrix Calculation time (sec): 0.0363
ECOS solver failed in IPCW_HAL_init, falling back to SCS: The solver ECOS is not installed.
M-step CVXPY optimize time (sec): 1.0524
ECOS solver failed:  The solver ECOS is not installed. 
Using SCS instead.
ECOS solver failed:  The solver ECOS is not installed. 
Using SCS instead.
ECOS solver failed:  The solver ECOS is not installed. 
Using SCS instead.
ECOS solver failed:  The solver ECOS is not installed. 
Using SCS instead.
ECOS solver failed:  The solver ECOS is not installed. 
Using SCS instead.
ECOS solver failed:  The solver ECOS is not installed. 
Using SCS instead.
ECOS solver failed:  The solver ECOS is not installed. 
Using SCS instead.
ECOS solver failed:  The solver ECOS is not installed. 
Using SCS instead.
ECOS solver failed:  The solver ECOS is not installed. 
Using SCS instead.
ECOS solver failed:  The solver ECOS is not installed. 
Using SCS instead.
ECOS solver failed:  The solver ECOS is not installed. 
Using SCS instead.
ECOS solver failed:  The solver ECOS is not installed. 
Using SCS instead.
ECOS solver failed:  The solver ECOS is not installed. 
Using SCS instead.
ECOS solver failed:  The solver ECOS is not installed. 
Using SCS instead.
ECOS solver failed:  The solver ECOS is not installed. 
Using SCS instead.
ECOS solver failed:  The solver ECOS is not installed. 
Using SCS instead.
ECOS solver failed:  The solver ECOS is not installed. 
Using SCS instead.
ECOS solver failed:  The solver ECOS is not installed. 
Using SCS instead.
ECOS solver failed:  The solver ECOS is not installed. 
Using SCS instead.
ECOS solver failed:  The solver ECOS is not installed. 
Using SCS instead.
ECOS solver failed:  The solver ECOS is not installed. 
Using SCS instead.
M-step Design Matrix Calculation time (sec): 0.0154
ECOS solver failed in IPCW_HAL_init, falling back to SCS: The solver ECOS is not installed.
WARNING - large complementary slackness residual: 0.001751
M-step CVXPY optimize time (sec): 1.0122
ECOS solver failed:  The solver ECOS is not installed. 
Using SCS instead.
ECOS solver failed:  The solver ECOS is not installed. 
Using SCS instead.
ECOS solver failed:  The solver ECOS is not installed. 
Using SCS instead.
ECOS solver failed:  The solver ECOS is not installed. 
Using SCS instead.
ECOS solver failed:  The solver ECOS is not installed. 
Using SCS instead.
ECOS solver failed:  The solver ECOS is not installed. 
Using SCS instead.
ECOS solver failed:  The solver ECOS is not installed. 
Using SCS instead.
ECOS solver failed:  The solver ECOS is not installed. 
Using SCS instead.
ECOS solver failed:  The solver ECOS is not installed. 
Using SCS instead.
ECOS solver failed:  The solver ECOS is not installed. 
Using SCS instead.
ECOS solver failed:  The solver ECOS is not installed. 
Using SCS instead.
ECOS solver failed:  The solver ECOS is not installed. 
Using SCS instead.
ECOS solver failed:  The solver ECOS is not installed. 
Using SCS instead.
ECOS solver failed:  The solver ECOS is not installed. 
Using SCS instead.
ECOS solver failed:  The solver ECOS is not installed. 
Using SCS instead.
ECOS solver failed:  The solver ECOS is not installed. 
Using SCS instead.
ECOS solver failed:  The solver ECOS is not installed. 
Using SCS instead.
ECOS solver failed:  The solver ECOS is not installed. 
Using SCS instead.
ECOS solver failed:  The solver ECOS is not installed. 
Using SCS instead.
ECOS solver failed:  The solver ECOS is not installed. 
Using SCS instead.
ECOS solver failed:  The solver ECOS is not installed. 
Using SCS instead.
M-step Design Matrix Calculation time (sec): 0.0150
ECOS solver failed in IPCW_HAL_init, falling back to SCS: The solver ECOS is not installed.
WARNING - large complementary slackness residual: 0.001582
M-step CVXPY optimize time (sec): 0.7623
ECOS solver failed:  The solver ECOS is not installed. 
Using SCS instead.
ECOS solver failed:  The solver ECOS is not installed. 
Using SCS instead.
ECOS solver failed:  The solver ECOS is not installed. 
Using SCS instead.
ECOS solver failed:  The solver ECOS is not installed. 
Using SCS instead.
ECOS solver failed:  The solver ECOS is not installed. 
Using SCS instead.
ECOS solver failed:  The solver ECOS is not installed. 
Using SCS instead.
ECOS solver failed:  The solver ECOS is not installed. 
Using SCS instead.
ECOS solver failed:  The solver ECOS is not installed. 
Using SCS instead.
ECOS solver failed:  The solver ECOS is not installed. 
Using SCS instead.
ECOS solver failed:  The solver ECOS is not installed. 
Using SCS instead.
ECOS solver failed:  The solver ECOS is not installed. 
Using SCS instead.
ECOS solver failed:  The solver ECOS is not installed. 
Using SCS instead.
ECOS solver failed:  The solver ECOS is not installed. 
Using SCS instead.
ECOS solver failed:  The solver ECOS is not installed. 
Using SCS instead.
ECOS solver failed:  The solver ECOS is not installed. 
Using SCS instead.
ECOS solver failed:  The solver ECOS is not installed. 
Using SCS instead.
ECOS solver failed:  The solver ECOS is not installed. 
Using SCS instead.
ECOS solver failed:  The solver ECOS is not installed. 
Using SCS instead.
ECOS solver failed:  The solver ECOS is not installed. 
Using SCS instead.
ECOS solver failed:  The solver ECOS is not installed. 
Using SCS instead.
ECOS solver failed:  The solver ECOS is not installed. 
Using SCS instead.
M-step Design Matrix Calculation time (sec): 0.0540
ECOS solver failed in IPCW_HAL_init, falling back to SCS: The solver ECOS is not installed.
M-step CVXPY optimize time (sec): 0.7712
ECOS solver failed:  The solver ECOS is not installed. 
Using SCS instead.
ECOS solver failed:  The solver ECOS is not installed. 
Using SCS instead.
ECOS solver failed:  The solver ECOS is not installed. 
Using SCS instead.
ECOS solver failed:  The solver ECOS is not installed. 
Using SCS instead.
ECOS solver failed:  The solver ECOS is not installed. 
Using SCS instead.
ECOS solver failed:  The solver ECOS is not installed. 
Using SCS instead.
ECOS solver failed:  The solver ECOS is not installed. 
Using SCS instead.
ECOS solver failed:  The solver ECOS is not installed. 
Using SCS instead.
ECOS solver failed:  The solver ECOS is not installed. 
Using SCS instead.
ECOS solver failed:  The solver ECOS is not installed. 
Using SCS instead.
ECOS solver failed:  The solver ECOS is not installed. 
Using SCS instead.
ECOS solver failed:  The solver ECOS is not installed. 
Using SCS instead.
ECOS solver failed:  The solver ECOS is not installed. 
Using SCS instead.
ECOS solver failed:  The solver ECOS is not installed. 
Using SCS instead.
ECOS solver failed:  The solver ECOS is not installed. 
Using SCS instead.
ECOS solver failed:  The solver ECOS is not installed. 
Using SCS instead.
ECOS solver failed:  The solver ECOS is not installed. 
Using SCS instead.
ECOS solver failed:  The solver ECOS is not installed. 
Using SCS instead.
ECOS solver failed:  The solver ECOS is not installed. 
Using SCS instead.
ECOS solver failed:  The solver ECOS is not installed. 
Using SCS instead.
ECOS solver failed:  The solver ECOS is not installed. 
Using SCS instead.
M-step Design Matrix Calculation time (sec): 0.0673
ECOS solver failed in IPCW_HAL_init, falling back to SCS: The solver ECOS is not installed.
M-step CVXPY optimize time (sec): 0.7771
ECOS solver failed:  The solver ECOS is not installed. 
Using SCS instead.
ECOS solver failed:  The solver ECOS is not installed. 
Using SCS instead.
ECOS solver failed:  The solver ECOS is not installed. 
Using SCS instead.
ECOS solver failed:  The solver ECOS is not installed. 
Using SCS instead.
ECOS solver failed:  The solver ECOS is not installed. 
Using SCS instead.
ECOS solver failed:  The solver ECOS is not installed. 
Using SCS instead.
ECOS solver failed:  The solver ECOS is not installed. 
Using SCS instead.
ECOS solver failed:  The solver ECOS is not installed. 
Using SCS instead.
ECOS solver failed:  The solver ECOS is not installed. 
Using SCS instead.
ECOS solver failed:  The solver ECOS is not installed. 
Using SCS instead.
ECOS solver failed:  The solver ECOS is not installed. 
Using SCS instead.
ECOS solver failed:  The solver ECOS is not installed. 
Using SCS instead.
ECOS solver failed:  The solver ECOS is not installed. 
Using SCS instead.
ECOS solver failed:  The solver ECOS is not installed. 
Using SCS instead.
ECOS solver failed:  The solver ECOS is not installed. 
Using SCS instead.
ECOS solver failed:  The solver ECOS is not installed. 
Using SCS instead.
ECOS solver failed:  The solver ECOS is not installed. 
Using SCS instead.
ECOS solver failed:  The solver ECOS is not installed. 
Using SCS instead.
ECOS solver failed:  The solver ECOS is not installed. 
Using SCS instead.
ECOS solver failed:  The solver ECOS is not installed. 
Using SCS instead.
ECOS solver failed:  The solver ECOS is not installed. 
Using SCS instead.
M-step Design Matrix Calculation time (sec): 0.0615
ECOS solver failed in IPCW_HAL_init, falling back to SCS: The solver ECOS is not installed.
WARNING - large complementary slackness residual: 0.001198
M-step CVXPY optimize time (sec): 0.9566
ECOS solver failed:  The solver ECOS is not installed. 
Using SCS instead.
ECOS solver failed:  The solver ECOS is not installed. 
Using SCS instead.
ECOS solver failed:  The solver ECOS is not installed. 
Using SCS instead.
ECOS solver failed:  The solver ECOS is not installed. 
Using SCS instead.
ECOS solver failed:  The solver ECOS is not installed. 
Using SCS instead.
ECOS solver failed:  The solver ECOS is not installed. 
Using SCS instead.
ECOS solver failed:  The solver ECOS is not installed. 
Using SCS instead.
ECOS solver failed:  The solver ECOS is not installed. 
Using SCS instead.
ECOS solver failed:  The solver ECOS is not installed. 
Using SCS instead.
ECOS solver failed:  The solver ECOS is not installed. 
Using SCS instead.
ECOS solver failed:  The solver ECOS is not installed. 
Using SCS instead.
ECOS solver failed:  The solver ECOS is not installed. 
Using SCS instead.
ECOS solver failed:  The solver ECOS is not installed. 
Using SCS instead.
ECOS solver failed:  The solver ECOS is not installed. 
Using SCS instead.
ECOS solver failed:  The solver ECOS is not installed. 
Using SCS instead.
ECOS solver failed:  The solver ECOS is not installed. 
Using SCS instead.
ECOS solver failed:  The solver ECOS is not installed. 
Using SCS instead.
ECOS solver failed:  The solver ECOS is not installed. 
Using SCS instead.
ECOS solver failed:  The solver ECOS is not installed. 
Using SCS instead.
ECOS solver failed:  The solver ECOS is not installed. 
Using SCS instead.
ECOS solver failed:  The solver ECOS is not installed. 
Using SCS instead.
M-step Design Matrix Calculation time (sec): 0.0660
ECOS solver failed in IPCW_HAL_init, falling back to SCS: The solver ECOS is not installed.
M-step CVXPY optimize time (sec): 0.8540
ECOS solver failed:  The solver ECOS is not installed. 
Using SCS instead.
ECOS solver failed:  The solver ECOS is not installed. 
Using SCS instead.
ECOS solver failed:  The solver ECOS is not installed. 
Using SCS instead.
ECOS solver failed:  The solver ECOS is not installed. 
Using SCS instead.
ECOS solver failed:  The solver ECOS is not installed. 
Using SCS instead.
ECOS solver failed:  The solver ECOS is not installed. 
Using SCS instead.
ECOS solver failed:  The solver ECOS is not installed. 
Using SCS instead.
ECOS solver failed:  The solver ECOS is not installed. 
Using SCS instead.
ECOS solver failed:  The solver ECOS is not installed. 
Using SCS instead.
ECOS solver failed:  The solver ECOS is not installed. 
Using SCS instead.
ECOS solver failed:  The solver ECOS is not installed. 
Using SCS instead.
ECOS solver failed:  The solver ECOS is not installed. 
Using SCS instead.
ECOS solver failed:  The solver ECOS is not installed. 
Using SCS instead.
ECOS solver failed:  The solver ECOS is not installed. 
Using SCS instead.
ECOS solver failed:  The solver ECOS is not installed. 
Using SCS instead.
ECOS solver failed:  The solver ECOS is not installed. 
Using SCS instead.
ECOS solver failed:  The solver ECOS is not installed. 
Using SCS instead.
ECOS solver failed:  The solver ECOS is not installed. 
Using SCS instead.
ECOS solver failed:  The solver ECOS is not installed. 
Using SCS instead.
ECOS solver failed:  The solver ECOS is not installed. 
Using SCS instead.
ECOS solver failed:  The solver ECOS is not installed. 
Using SCS instead.
M-step Design Matrix Calculation time (sec): 0.0169
ECOS solver failed in IPCW_HAL_init, falling back to SCS: The solver ECOS is not installed.
WARNING - large complementary slackness residual: 0.002836
M-step CVXPY optimize time (sec): 3.3158
ECOS solver failed:  The solver ECOS is not installed. 
Using SCS instead.
ECOS solver failed:  The solver ECOS is not installed. 
Using SCS instead.
ECOS solver failed:  The solver ECOS is not installed. 
Using SCS instead.
ECOS solver failed:  The solver ECOS is not installed. 
Using SCS instead.
ECOS solver failed:  The solver ECOS is not installed. 
Using SCS instead.
ECOS solver failed:  The solver ECOS is not installed. 
Using SCS instead.
ECOS solver failed:  The solver ECOS is not installed. 
Using SCS instead.
ECOS solver failed:  The solver ECOS is not installed. 
Using SCS instead.
ECOS solver failed:  The solver ECOS is not installed. 
Using SCS instead.
ECOS solver failed:  The solver ECOS is not installed. 
Using SCS instead.
ECOS solver failed:  The solver ECOS is not installed. 
Using SCS instead.
ECOS solver failed:  The solver ECOS is not installed. 
Using SCS instead.
ECOS solver failed:  The solver ECOS is not installed. 
Using SCS instead.
ECOS solver failed:  The solver ECOS is not installed. 
Using SCS instead.
ECOS solver failed:  The solver ECOS is not installed. 
Using SCS instead.
ECOS solver failed:  The solver ECOS is not installed. 
Using SCS instead.
ECOS solver failed:  The solver ECOS is not installed. 
Using SCS instead.
ECOS solver failed:  The solver ECOS is not installed. 
Using SCS instead.
ECOS solver failed:  The solver ECOS is not installed. 
Using SCS instead.
ECOS solver failed:  The solver ECOS is not installed. 
Using SCS instead.
ECOS solver failed:  The solver ECOS is not installed. 
Using SCS instead.
M-step Design Matrix Calculation time (sec): 0.0155
ECOS solver failed in IPCW_HAL_init, falling back to SCS: The solver ECOS is not installed.
WARNING - large complementary slackness residual: 0.002041
M-step CVXPY optimize time (sec): 0.4106
ECOS solver failed:  The solver ECOS is not installed. 
Using SCS instead.
ECOS solver failed:  The solver ECOS is not installed. 
Using SCS instead.
ECOS solver failed:  The solver ECOS is not installed. 
Using SCS instead.
ECOS solver failed:  The solver ECOS is not installed. 
Using SCS instead.
ECOS solver failed:  The solver ECOS is not installed. 
Using SCS instead.
ECOS solver failed:  The solver ECOS is not installed. 
Using SCS instead.
ECOS solver failed:  The solver ECOS is not installed. 
Using SCS instead.
ECOS solver failed:  The solver ECOS is not installed. 
Using SCS instead.
ECOS solver failed:  The solver ECOS is not installed. 
Using SCS instead.
ECOS solver failed:  The solver ECOS is not installed. 
Using SCS instead.
ECOS solver failed:  The solver ECOS is not installed. 
Using SCS instead.
ECOS solver failed:  The solver ECOS is not installed. 
Using SCS instead.
ECOS solver failed:  The solver ECOS is not installed. 
Using SCS instead.
ECOS solver failed:  The solver ECOS is not installed. 
Using SCS instead.
ECOS solver failed:  The solver ECOS is not installed. 
Using SCS instead.
ECOS solver failed:  The solver ECOS is not installed. 
Using SCS instead.
ECOS solver failed:  The solver ECOS is not installed. 
Using SCS instead.
ECOS solver failed:  The solver ECOS is not installed. 
Using SCS instead.
ECOS solver failed:  The solver ECOS is not installed. 
Using SCS instead.
ECOS solver failed:  The solver ECOS is not installed. 
Using SCS instead.
ECOS solver failed:  The solver ECOS is not installed. 
Using SCS instead.
M-step Design Matrix Calculation time (sec): 0.0155
ECOS solver failed in IPCW_HAL_init, falling back to SCS: The solver ECOS is not installed.
WARNING - large complementary slackness residual: 0.002159
M-step CVXPY optimize time (sec): 0.7273
ECOS solver failed:  The solver ECOS is not installed. 
Using SCS instead.
ECOS solver failed:  The solver ECOS is not installed. 
Using SCS instead.
ECOS solver failed:  The solver ECOS is not installed. 
Using SCS instead.
ECOS solver failed:  The solver ECOS is not installed. 
Using SCS instead.
ECOS solver failed:  The solver ECOS is not installed. 
Using SCS instead.
ECOS solver failed:  The solver ECOS is not installed. 
Using SCS instead.
ECOS solver failed:  The solver ECOS is not installed. 
Using SCS instead.
ECOS solver failed:  The solver ECOS is not installed. 
Using SCS instead.
ECOS solver failed:  The solver ECOS is not installed. 
Using SCS instead.
ECOS solver failed:  The solver ECOS is not installed. 
Using SCS instead.
ECOS solver failed:  The solver ECOS is not installed. 
Using SCS instead.
ECOS solver failed:  The solver ECOS is not installed. 
Using SCS instead.
ECOS solver failed:  The solver ECOS is not installed. 
Using SCS instead.
ECOS solver failed:  The solver ECOS is not installed. 
Using SCS instead.
ECOS solver failed:  The solver ECOS is not installed. 
Using SCS instead.
ECOS solver failed:  The solver ECOS is not installed. 
Using SCS instead.
ECOS solver failed:  The solver ECOS is not installed. 
Using SCS instead.
ECOS solver failed:  The solver ECOS is not installed. 
Using SCS instead.
ECOS solver failed:  The solver ECOS is not installed. 
Using SCS instead.
ECOS solver failed:  The solver ECOS is not installed. 
Using SCS instead.
ECOS solver failed:  The solver ECOS is not installed. 
Using SCS instead.
M-step Design Matrix Calculation time (sec): 0.0145
ECOS solver failed in IPCW_HAL_init, falling back to SCS: The solver ECOS is not installed.
WARNING - large complementary slackness residual: 0.002845
M-step CVXPY optimize time (sec): 0.6632
ECOS solver failed:  The solver ECOS is not installed. 
Using SCS instead.
ECOS solver failed:  The solver ECOS is not installed. 
Using SCS instead.
ECOS solver failed:  The solver ECOS is not installed. 
Using SCS instead.
ECOS solver failed:  The solver ECOS is not installed. 
Using SCS instead.
ECOS solver failed:  The solver ECOS is not installed. 
Using SCS instead.
ECOS solver failed:  The solver ECOS is not installed. 
Using SCS instead.
ECOS solver failed:  The solver ECOS is not installed. 
Using SCS instead.
ECOS solver failed:  The solver ECOS is not installed. 
Using SCS instead.
ECOS solver failed:  The solver ECOS is not installed. 
Using SCS instead.
ECOS solver failed:  The solver ECOS is not installed. 
Using SCS instead.
ECOS solver failed:  The solver ECOS is not installed. 
Using SCS instead.
ECOS solver failed:  The solver ECOS is not installed. 
Using SCS instead.
ECOS solver failed:  The solver ECOS is not installed. 
Using SCS instead.
ECOS solver failed:  The solver ECOS is not installed. 
Using SCS instead.
ECOS solver failed:  The solver ECOS is not installed. 
Using SCS instead.
ECOS solver failed:  The solver ECOS is not installed. 
Using SCS instead.
ECOS solver failed:  The solver ECOS is not installed. 
Using SCS instead.
ECOS solver failed:  The solver ECOS is not installed. 
Using SCS instead.
ECOS solver failed:  The solver ECOS is not installed. 
Using SCS instead.
ECOS solver failed:  The solver ECOS is not installed. 
Using SCS instead.
ECOS solver failed:  The solver ECOS is not installed. 
Using SCS instead.
M-step Design Matrix Calculation time (sec): 0.0299
ECOS solver failed in IPCW_HAL_init, falling back to SCS: The solver ECOS is not installed.
WARNING - large complementary slackness residual: 0.001020
M-step CVXPY optimize time (sec): 2.4692
ECOS solver failed:  The solver ECOS is not installed. 
Using SCS instead.
ECOS solver failed:  The solver ECOS is not installed. 
Using SCS instead.
ECOS solver failed:  The solver ECOS is not installed. 
Using SCS instead.
ECOS solver failed:  The solver ECOS is not installed. 
Using SCS instead.
ECOS solver failed:  The solver ECOS is not installed. 
Using SCS instead.
ECOS solver failed:  The solver ECOS is not installed. 
Using SCS instead.
ECOS solver failed:  The solver ECOS is not installed. 
Using SCS instead.
ECOS solver failed:  The solver ECOS is not installed. 
Using SCS instead.
ECOS solver failed:  The solver ECOS is not installed. 
Using SCS instead.
ECOS solver failed:  The solver ECOS is not installed. 
Using SCS instead.
ECOS solver failed:  The solver ECOS is not installed. 
Using SCS instead.
ECOS solver failed:  The solver ECOS is not installed. 
Using SCS instead.
ECOS solver failed:  The solver ECOS is not installed. 
Using SCS instead.
ECOS solver failed:  The solver ECOS is not installed. 
Using SCS instead.
ECOS solver failed:  The solver ECOS is not installed. 
Using SCS instead.
ECOS solver failed:  The solver ECOS is not installed. 
Using SCS instead.
ECOS solver failed:  The solver ECOS is not installed. 
Using SCS instead.
ECOS solver failed:  The solver ECOS is not installed. 
Using SCS instead.
ECOS solver failed:  The solver ECOS is not installed. 
Using SCS instead.
ECOS solver failed:  The solver ECOS is not installed. 
Using SCS instead.
ECOS solver failed:  The solver ECOS is not installed. 
Using SCS instead.
M-step Design Matrix Calculation time (sec): 0.0303
ECOS solver failed in IPCW_HAL_init, falling back to SCS: The solver ECOS is not installed.
WARNING - large complementary slackness residual: 0.001436
M-step CVXPY optimize time (sec): 0.9602
ECOS solver failed:  The solver ECOS is not installed. 
Using SCS instead.
ECOS solver failed:  The solver ECOS is not installed. 
Using SCS instead.
ECOS solver failed:  The solver ECOS is not installed. 
Using SCS instead.
ECOS solver failed:  The solver ECOS is not installed. 
Using SCS instead.
ECOS solver failed:  The solver ECOS is not installed. 
Using SCS instead.
ECOS solver failed:  The solver ECOS is not installed. 
Using SCS instead.
ECOS solver failed:  The solver ECOS is not installed. 
Using SCS instead.
ECOS solver failed:  The solver ECOS is not installed. 
Using SCS instead.
ECOS solver failed:  The solver ECOS is not installed. 
Using SCS instead.
ECOS solver failed:  The solver ECOS is not installed. 
Using SCS instead.
ECOS solver failed:  The solver ECOS is not installed. 
Using SCS instead.
ECOS solver failed:  The solver ECOS is not installed. 
Using SCS instead.
ECOS solver failed:  The solver ECOS is not installed. 
Using SCS instead.
ECOS solver failed:  The solver ECOS is not installed. 
Using SCS instead.
ECOS solver failed:  The solver ECOS is not installed. 
Using SCS instead.
ECOS solver failed:  The solver ECOS is not installed. 
Using SCS instead.
ECOS solver failed:  The solver ECOS is not installed. 
Using SCS instead.
ECOS solver failed:  The solver ECOS is not installed. 
Using SCS instead.
ECOS solver failed:  The solver ECOS is not installed. 
Using SCS instead.
ECOS solver failed:  The solver ECOS is not installed. 
Using SCS instead.
ECOS solver failed:  The solver ECOS is not installed. 
Using SCS instead.
M-step Design Matrix Calculation time (sec): 0.0159
ECOS solver failed in IPCW_HAL_init, falling back to SCS: The solver ECOS is not installed.
WARNING - large complementary slackness residual: 0.001049
M-step CVXPY optimize time (sec): 3.6985
ECOS solver failed:  The solver ECOS is not installed. 
Using SCS instead.
ECOS solver failed:  The solver ECOS is not installed. 
Using SCS instead.
ECOS solver failed:  The solver ECOS is not installed. 
Using SCS instead.
ECOS solver failed:  The solver ECOS is not installed. 
Using SCS instead.
ECOS solver failed:  The solver ECOS is not installed. 
Using SCS instead.
ECOS solver failed:  The solver ECOS is not installed. 
Using SCS instead.
ECOS solver failed:  The solver ECOS is not installed. 
Using SCS instead.
ECOS solver failed:  The solver ECOS is not installed. 
Using SCS instead.
ECOS solver failed:  The solver ECOS is not installed. 
Using SCS instead.
ECOS solver failed:  The solver ECOS is not installed. 
Using SCS instead.
ECOS solver failed:  The solver ECOS is not installed. 
Using SCS instead.
ECOS solver failed:  The solver ECOS is not installed. 
Using SCS instead.
ECOS solver failed:  The solver ECOS is not installed. 
Using SCS instead.
ECOS solver failed:  The solver ECOS is not installed. 
Using SCS instead.
ECOS solver failed:  The solver ECOS is not installed. 
Using SCS instead.
ECOS solver failed:  The solver ECOS is not installed. 
Using SCS instead.
ECOS solver failed:  The solver ECOS is not installed. 
Using SCS instead.
ECOS solver failed:  The solver ECOS is not installed. 
Using SCS instead.
ECOS solver failed:  The solver ECOS is not installed. 
Using SCS instead.
ECOS solver failed:  The solver ECOS is not installed. 
Using SCS instead.
ECOS solver failed:  The solver ECOS is not installed. 
Using SCS instead.
M-step Design Matrix Calculation time (sec): 0.0147
ECOS solver failed in IPCW_HAL_init, falling back to SCS: The solver ECOS is not installed.
M-step CVXPY optimize time (sec): 1.0839
ECOS solver failed:  The solver ECOS is not installed. 
Using SCS instead.
ECOS solver failed:  The solver ECOS is not installed. 
Using SCS instead.
ECOS solver failed:  The solver ECOS is not installed. 
Using SCS instead.
ECOS solver failed:  The solver ECOS is not installed. 
Using SCS instead.
ECOS solver failed:  The solver ECOS is not installed. 
Using SCS instead.
ECOS solver failed:  The solver ECOS is not installed. 
Using SCS instead.
ECOS solver failed:  The solver ECOS is not installed. 
Using SCS instead.
ECOS solver failed:  The solver ECOS is not installed. 
Using SCS instead.
ECOS solver failed:  The solver ECOS is not installed. 
Using SCS instead.
ECOS solver failed:  The solver ECOS is not installed. 
Using SCS instead.
ECOS solver failed:  The solver ECOS is not installed. 
Using SCS instead.
ECOS solver failed:  The solver ECOS is not installed. 
Using SCS instead.
ECOS solver failed:  The solver ECOS is not installed. 
Using SCS instead.
ECOS solver failed:  The solver ECOS is not installed. 
Using SCS instead.
ECOS solver failed:  The solver ECOS is not installed. 
Using SCS instead.
ECOS solver failed:  The solver ECOS is not installed. 
Using SCS instead.
ECOS solver failed:  The solver ECOS is not installed. 
Using SCS instead.
ECOS solver failed:  The solver ECOS is not installed. 
Using SCS instead.
ECOS solver failed:  The solver ECOS is not installed. 
Using SCS instead.
ECOS solver failed:  The solver ECOS is not installed. 
Using SCS instead.
ECOS solver failed:  The solver ECOS is not installed. 
Using SCS instead.
M-step Design Matrix Calculation time (sec): 0.0398
ECOS solver failed in IPCW_HAL_init, falling back to SCS: The solver ECOS is not installed.
WARNING - large complementary slackness residual: 0.001448
M-step CVXPY optimize time (sec): 0.6275
ECOS solver failed:  The solver ECOS is not installed. 
Using SCS instead.
ECOS solver failed:  The solver ECOS is not installed. 
Using SCS instead.
ECOS solver failed:  The solver ECOS is not installed. 
Using SCS instead.
ECOS solver failed:  The solver ECOS is not installed. 
Using SCS instead.
ECOS solver failed:  The solver ECOS is not installed. 
Using SCS instead.
ECOS solver failed:  The solver ECOS is not installed. 
Using SCS instead.
ECOS solver failed:  The solver ECOS is not installed. 
Using SCS instead.
ECOS solver failed:  The solver ECOS is not installed. 
Using SCS instead.
ECOS solver failed:  The solver ECOS is not installed. 
Using SCS instead.
ECOS solver failed:  The solver ECOS is not installed. 
Using SCS instead.
ECOS solver failed:  The solver ECOS is not installed. 
Using SCS instead.
ECOS solver failed:  The solver ECOS is not installed. 
Using SCS instead.
ECOS solver failed:  The solver ECOS is not installed. 
Using SCS instead.
ECOS solver failed:  The solver ECOS is not installed. 
Using SCS instead.
ECOS solver failed:  The solver ECOS is not installed. 
Using SCS instead.
ECOS solver failed:  The solver ECOS is not installed. 
Using SCS instead.
ECOS solver failed:  The solver ECOS is not installed. 
Using SCS instead.
ECOS solver failed:  The solver ECOS is not installed. 
Using SCS instead.
ECOS solver failed:  The solver ECOS is not installed. 
Using SCS instead.
ECOS solver failed:  The solver ECOS is not installed. 
Using SCS instead.
ECOS solver failed:  The solver ECOS is not installed. 
Using SCS instead.
M-step Design Matrix Calculation time (sec): 0.0225
ECOS solver failed in IPCW_HAL_init, falling back to SCS: The solver ECOS is not installed.
M-step CVXPY optimize time (sec): 0.7417
ECOS solver failed:  The solver ECOS is not installed. 
Using SCS instead.
ECOS solver failed:  The solver ECOS is not installed. 
Using SCS instead.
ECOS solver failed:  The solver ECOS is not installed. 
Using SCS instead.
ECOS solver failed:  The solver ECOS is not installed. 
Using SCS instead.
ECOS solver failed:  The solver ECOS is not installed. 
Using SCS instead.
ECOS solver failed:  The solver ECOS is not installed. 
Using SCS instead.
ECOS solver failed:  The solver ECOS is not installed. 
Using SCS instead.
ECOS solver failed:  The solver ECOS is not installed. 
Using SCS instead.
ECOS solver failed:  The solver ECOS is not installed. 
Using SCS instead.
ECOS solver failed:  The solver ECOS is not installed. 
Using SCS instead.
ECOS solver failed:  The solver ECOS is not installed. 
Using SCS instead.
ECOS solver failed:  The solver ECOS is not installed. 
Using SCS instead.
ECOS solver failed:  The solver ECOS is not installed. 
Using SCS instead.
ECOS solver failed:  The solver ECOS is not installed. 
Using SCS instead.
ECOS solver failed:  The solver ECOS is not installed. 
Using SCS instead.
ECOS solver failed:  The solver ECOS is not installed. 
Using SCS instead.
ECOS solver failed:  The solver ECOS is not installed. 
Using SCS instead.
ECOS solver failed:  The solver ECOS is not installed. 
Using SCS instead.
ECOS solver failed:  The solver ECOS is not installed. 
Using SCS instead.
ECOS solver failed:  The solver ECOS is not installed. 
Using SCS instead.
ECOS solver failed:  The solver ECOS is not installed. 
Using SCS instead.
M-step Design Matrix Calculation time (sec): 0.0157
ECOS solver failed in IPCW_HAL_init, falling back to SCS: The solver ECOS is not installed.
WARNING - large complementary slackness residual: 0.002884
M-step CVXPY optimize time (sec): 0.2552
ECOS solver failed:  The solver ECOS is not installed. 
Using SCS instead.
ECOS solver failed:  The solver ECOS is not installed. 
Using SCS instead.
ECOS solver failed:  The solver ECOS is not installed. 
Using SCS instead.
ECOS solver failed:  The solver ECOS is not installed. 
Using SCS instead.
ECOS solver failed:  The solver ECOS is not installed. 
Using SCS instead.
ECOS solver failed:  The solver ECOS is not installed. 
Using SCS instead.
ECOS solver failed:  The solver ECOS is not installed. 
Using SCS instead.
ECOS solver failed:  The solver ECOS is not installed. 
Using SCS instead.
ECOS solver failed:  The solver ECOS is not installed. 
Using SCS instead.
ECOS solver failed:  The solver ECOS is not installed. 
Using SCS instead.
ECOS solver failed:  The solver ECOS is not installed. 
Using SCS instead.
ECOS solver failed:  The solver ECOS is not installed. 
Using SCS instead.
ECOS solver failed:  The solver ECOS is not installed. 
Using SCS instead.
ECOS solver failed:  The solver ECOS is not installed. 
Using SCS instead.
ECOS solver failed:  The solver ECOS is not installed. 
Using SCS instead.
ECOS solver failed:  The solver ECOS is not installed. 
Using SCS instead.
ECOS solver failed:  The solver ECOS is not installed. 
Using SCS instead.
ECOS solver failed:  The solver ECOS is not installed. 
Using SCS instead.
ECOS solver failed:  The solver ECOS is not installed. 
Using SCS instead.
ECOS solver failed:  The solver ECOS is not installed. 
Using SCS instead.
ECOS solver failed:  The solver ECOS is not installed. 
Using SCS instead.
M-step Design Matrix Calculation time (sec): 0.0145
ECOS solver failed in IPCW_HAL_init, falling back to SCS: The solver ECOS is not installed.
M-step CVXPY optimize time (sec): 4.2625
ECOS solver failed:  The solver ECOS is not installed. 
Using SCS instead.
ECOS solver failed:  The solver ECOS is not installed. 
Using SCS instead.
ECOS solver failed:  The solver ECOS is not installed. 
Using SCS instead.
ECOS solver failed:  The solver ECOS is not installed. 
Using SCS instead.
ECOS solver failed:  The solver ECOS is not installed. 
Using SCS instead.
ECOS solver failed:  The solver ECOS is not installed. 
Using SCS instead.
ECOS solver failed:  The solver ECOS is not installed. 
Using SCS instead.
ECOS solver failed:  The solver ECOS is not installed. 
Using SCS instead.
ECOS solver failed:  The solver ECOS is not installed. 
Using SCS instead.
ECOS solver failed:  The solver ECOS is not installed. 
Using SCS instead.
ECOS solver failed:  The solver ECOS is not installed. 
Using SCS instead.
ECOS solver failed:  The solver ECOS is not installed. 
Using SCS instead.
ECOS solver failed:  The solver ECOS is not installed. 
Using SCS instead.
ECOS solver failed:  The solver ECOS is not installed. 
Using SCS instead.
ECOS solver failed:  The solver ECOS is not installed. 
Using SCS instead.
ECOS solver failed:  The solver ECOS is not installed. 
Using SCS instead.
ECOS solver failed:  The solver ECOS is not installed. 
Using SCS instead.
ECOS solver failed:  The solver ECOS is not installed. 
Using SCS instead.
ECOS solver failed:  The solver ECOS is not installed. 
Using SCS instead.
ECOS solver failed:  The solver ECOS is not installed. 
Using SCS instead.
ECOS solver failed:  The solver ECOS is not installed. 
Using SCS instead.
M-step Design Matrix Calculation time (sec): 0.0222
ECOS solver failed in IPCW_HAL_init, falling back to SCS: The solver ECOS is not installed.
WARNING - large complementary slackness residual: 0.002393
M-step CVXPY optimize time (sec): 3.4252
ECOS solver failed:  The solver ECOS is not installed. 
Using SCS instead.
ECOS solver failed:  The solver ECOS is not installed. 
Using SCS instead.
ECOS solver failed:  The solver ECOS is not installed. 
Using SCS instead.
ECOS solver failed:  The solver ECOS is not installed. 
Using SCS instead.
ECOS solver failed:  The solver ECOS is not installed. 
Using SCS instead.
ECOS solver failed:  The solver ECOS is not installed. 
Using SCS instead.
ECOS solver failed:  The solver ECOS is not installed. 
Using SCS instead.
ECOS solver failed:  The solver ECOS is not installed. 
Using SCS instead.
ECOS solver failed:  The solver ECOS is not installed. 
Using SCS instead.
ECOS solver failed:  The solver ECOS is not installed. 
Using SCS instead.
ECOS solver failed:  The solver ECOS is not installed. 
Using SCS instead.
ECOS solver failed:  The solver ECOS is not installed. 
Using SCS instead.
ECOS solver failed:  The solver ECOS is not installed. 
Using SCS instead.
ECOS solver failed:  The solver ECOS is not installed. 
Using SCS instead.
ECOS solver failed:  The solver ECOS is not installed. 
Using SCS instead.
ECOS solver failed:  The solver ECOS is not installed. 
Using SCS instead.
ECOS solver failed:  The solver ECOS is not installed. 
Using SCS instead.
ECOS solver failed:  The solver ECOS is not installed. 
Using SCS instead.
ECOS solver failed:  The solver ECOS is not installed. 
Using SCS instead.
ECOS solver failed:  The solver ECOS is not installed. 
Using SCS instead.
ECOS solver failed:  The solver ECOS is not installed. 
Using SCS instead.
M-step Design Matrix Calculation time (sec): 0.0157
ECOS solver failed in IPCW_HAL_init, falling back to SCS: The solver ECOS is not installed.
WARNING - large complementary slackness residual: 0.001063
M-step CVXPY optimize time (sec): 0.7728
ECOS solver failed:  The solver ECOS is not installed. 
Using SCS instead.
ECOS solver failed:  The solver ECOS is not installed. 
Using SCS instead.
ECOS solver failed:  The solver ECOS is not installed. 
Using SCS instead.
ECOS solver failed:  The solver ECOS is not installed. 
Using SCS instead.
ECOS solver failed:  The solver ECOS is not installed. 
Using SCS instead.
ECOS solver failed:  The solver ECOS is not installed. 
Using SCS instead.
ECOS solver failed:  The solver ECOS is not installed. 
Using SCS instead.
ECOS solver failed:  The solver ECOS is not installed. 
Using SCS instead.
ECOS solver failed:  The solver ECOS is not installed. 
Using SCS instead.
ECOS solver failed:  The solver ECOS is not installed. 
Using SCS instead.
ECOS solver failed:  The solver ECOS is not installed. 
Using SCS instead.
ECOS solver failed:  The solver ECOS is not installed. 
Using SCS instead.
ECOS solver failed:  The solver ECOS is not installed. 
Using SCS instead.
ECOS solver failed:  The solver ECOS is not installed. 
Using SCS instead.
ECOS solver failed:  The solver ECOS is not installed. 
Using SCS instead.
ECOS solver failed:  The solver ECOS is not installed. 
Using SCS instead.
ECOS solver failed:  The solver ECOS is not installed. 
Using SCS instead.
ECOS solver failed:  The solver ECOS is not installed. 
Using SCS instead.
ECOS solver failed:  The solver ECOS is not installed. 
Using SCS instead.
ECOS solver failed:  The solver ECOS is not installed. 
Using SCS instead.
ECOS solver failed:  The solver ECOS is not installed. 
Using SCS instead.
M-step Design Matrix Calculation time (sec): 0.0227
ECOS solver failed in IPCW_HAL_init, falling back to SCS: The solver ECOS is not installed.
WARNING - large complementary slackness residual: 0.001442
M-step CVXPY optimize time (sec): 1.5749
ECOS solver failed:  The solver ECOS is not installed. 
Using SCS instead.
ECOS solver failed:  The solver ECOS is not installed. 
Using SCS instead.
ECOS solver failed:  The solver ECOS is not installed. 
Using SCS instead.
ECOS solver failed:  The solver ECOS is not installed. 
Using SCS instead.
ECOS solver failed:  The solver ECOS is not installed. 
Using SCS instead.
ECOS solver failed:  The solver ECOS is not installed. 
Using SCS instead.
ECOS solver failed:  The solver ECOS is not installed. 
Using SCS instead.
ECOS solver failed:  The solver ECOS is not installed. 
Using SCS instead.
ECOS solver failed:  The solver ECOS is not installed. 
Using SCS instead.
ECOS solver failed:  The solver ECOS is not installed. 
Using SCS instead.
ECOS solver failed:  The solver ECOS is not installed. 
Using SCS instead.
ECOS solver failed:  The solver ECOS is not installed. 
Using SCS instead.
ECOS solver failed:  The solver ECOS is not installed. 
Using SCS instead.
ECOS solver failed:  The solver ECOS is not installed. 
Using SCS instead.
ECOS solver failed:  The solver ECOS is not installed. 
Using SCS instead.
ECOS solver failed:  The solver ECOS is not installed. 
Using SCS instead.
ECOS solver failed:  The solver ECOS is not installed. 
Using SCS instead.
ECOS solver failed:  The solver ECOS is not installed. 
Using SCS instead.
ECOS solver failed:  The solver ECOS is not installed. 
Using SCS instead.
ECOS solver failed:  The solver ECOS is not installed. 
Using SCS instead.
ECOS solver failed:  The solver ECOS is not installed. 
Using SCS instead.
M-step Design Matrix Calculation time (sec): 0.0145
ECOS solver failed in IPCW_HAL_init, falling back to SCS: The solver ECOS is not installed.
WARNING - large complementary slackness residual: 0.001676
M-step CVXPY optimize time (sec): 2.9695
ECOS solver failed:  The solver ECOS is not installed. 
Using SCS instead.
ECOS solver failed:  The solver ECOS is not installed. 
Using SCS instead.
ECOS solver failed:  The solver ECOS is not installed. 
Using SCS instead.
ECOS solver failed:  The solver ECOS is not installed. 
Using SCS instead.
ECOS solver failed:  The solver ECOS is not installed. 
Using SCS instead.
ECOS solver failed:  The solver ECOS is not installed. 
Using SCS instead.
ECOS solver failed:  The solver ECOS is not installed. 
Using SCS instead.
ECOS solver failed:  The solver ECOS is not installed. 
Using SCS instead.
ECOS solver failed:  The solver ECOS is not installed. 
Using SCS instead.
ECOS solver failed:  The solver ECOS is not installed. 
Using SCS instead.
ECOS solver failed:  The solver ECOS is not installed. 
Using SCS instead.
ECOS solver failed:  The solver ECOS is not installed. 
Using SCS instead.
ECOS solver failed:  The solver ECOS is not installed. 
Using SCS instead.
ECOS solver failed:  The solver ECOS is not installed. 
Using SCS instead.
ECOS solver failed:  The solver ECOS is not installed. 
Using SCS instead.
ECOS solver failed:  The solver ECOS is not installed. 
Using SCS instead.
ECOS solver failed:  The solver ECOS is not installed. 
Using SCS instead.
ECOS solver failed:  The solver ECOS is not installed. 
Using SCS instead.
ECOS solver failed:  The solver ECOS is not installed. 
Using SCS instead.
ECOS solver failed:  The solver ECOS is not installed. 
Using SCS instead.
ECOS solver failed:  The solver ECOS is not installed. 
Using SCS instead.
M-step Design Matrix Calculation time (sec): 0.0138
ECOS solver failed in IPCW_HAL_init, falling back to SCS: The solver ECOS is not installed.
WARNING - large complementary slackness residual: 0.001011
M-step CVXPY optimize time (sec): 1.6009
ECOS solver failed:  The solver ECOS is not installed. 
Using SCS instead.
ECOS solver failed:  The solver ECOS is not installed. 
Using SCS instead.
ECOS solver failed:  The solver ECOS is not installed. 
Using SCS instead.
ECOS solver failed:  The solver ECOS is not installed. 
Using SCS instead.
ECOS solver failed:  The solver ECOS is not installed. 
Using SCS instead.
ECOS solver failed:  The solver ECOS is not installed. 
Using SCS instead.
ECOS solver failed:  The solver ECOS is not installed. 
Using SCS instead.
ECOS solver failed:  The solver ECOS is not installed. 
Using SCS instead.
ECOS solver failed:  The solver ECOS is not installed. 
Using SCS instead.
ECOS solver failed:  The solver ECOS is not installed. 
Using SCS instead.
ECOS solver failed:  The solver ECOS is not installed. 
Using SCS instead.
ECOS solver failed:  The solver ECOS is not installed. 
Using SCS instead.
ECOS solver failed:  The solver ECOS is not installed. 
Using SCS instead.
ECOS solver failed:  The solver ECOS is not installed. 
Using SCS instead.
ECOS solver failed:  The solver ECOS is not installed. 
Using SCS instead.
ECOS solver failed:  The solver ECOS is not installed. 
Using SCS instead.
ECOS solver failed:  The solver ECOS is not installed. 
Using SCS instead.
ECOS solver failed:  The solver ECOS is not installed. 
Using SCS instead.
ECOS solver failed:  The solver ECOS is not installed. 
Using SCS instead.
ECOS solver failed:  The solver ECOS is not installed. 
Using SCS instead.
ECOS solver failed:  The solver ECOS is not installed. 
Using SCS instead.
M-step Design Matrix Calculation time (sec): 0.0143
ECOS solver failed in IPCW_HAL_init, falling back to SCS: The solver ECOS is not installed.
M-step CVXPY optimize time (sec): 0.3930
ECOS solver failed:  The solver ECOS is not installed. 
Using SCS instead.
ECOS solver failed:  The solver ECOS is not installed. 
Using SCS instead.
ECOS solver failed:  The solver ECOS is not installed. 
Using SCS instead.
ECOS solver failed:  The solver ECOS is not installed. 
Using SCS instead.
ECOS solver failed:  The solver ECOS is not installed. 
Using SCS instead.
ECOS solver failed:  The solver ECOS is not installed. 
Using SCS instead.
ECOS solver failed:  The solver ECOS is not installed. 
Using SCS instead.
ECOS solver failed:  The solver ECOS is not installed. 
Using SCS instead.
ECOS solver failed:  The solver ECOS is not installed. 
Using SCS instead.
ECOS solver failed:  The solver ECOS is not installed. 
Using SCS instead.
ECOS solver failed:  The solver ECOS is not installed. 
Using SCS instead.
ECOS solver failed:  The solver ECOS is not installed. 
Using SCS instead.
ECOS solver failed:  The solver ECOS is not installed. 
Using SCS instead.
ECOS solver failed:  The solver ECOS is not installed. 
Using SCS instead.
ECOS solver failed:  The solver ECOS is not installed. 
Using SCS instead.
ECOS solver failed:  The solver ECOS is not installed. 
Using SCS instead.
ECOS solver failed:  The solver ECOS is not installed. 
Using SCS instead.
ECOS solver failed:  The solver ECOS is not installed. 
Using SCS instead.
ECOS solver failed:  The solver ECOS is not installed. 
Using SCS instead.
ECOS solver failed:  The solver ECOS is not installed. 
Using SCS instead.
ECOS solver failed:  The solver ECOS is not installed. 
Using SCS instead.
M-step Design Matrix Calculation time (sec): 0.0155
ECOS solver failed in IPCW_HAL_init, falling back to SCS: The solver ECOS is not installed.
WARNING - large complementary slackness residual: 0.002245
M-step CVXPY optimize time (sec): 0.2230
ECOS solver failed:  The solver ECOS is not installed. 
Using SCS instead.
ECOS solver failed:  The solver ECOS is not installed. 
Using SCS instead.
ECOS solver failed:  The solver ECOS is not installed. 
Using SCS instead.
ECOS solver failed:  The solver ECOS is not installed. 
Using SCS instead.
ECOS solver failed:  The solver ECOS is not installed. 
Using SCS instead.
ECOS solver failed:  The solver ECOS is not installed. 
Using SCS instead.
ECOS solver failed:  The solver ECOS is not installed. 
Using SCS instead.
ECOS solver failed:  The solver ECOS is not installed. 
Using SCS instead.
ECOS solver failed:  The solver ECOS is not installed. 
Using SCS instead.
ECOS solver failed:  The solver ECOS is not installed. 
Using SCS instead.
ECOS solver failed:  The solver ECOS is not installed. 
Using SCS instead.
ECOS solver failed:  The solver ECOS is not installed. 
Using SCS instead.
ECOS solver failed:  The solver ECOS is not installed. 
Using SCS instead.
ECOS solver failed:  The solver ECOS is not installed. 
Using SCS instead.
ECOS solver failed:  The solver ECOS is not installed. 
Using SCS instead.
ECOS solver failed:  The solver ECOS is not installed. 
Using SCS instead.
ECOS solver failed:  The solver ECOS is not installed. 
Using SCS instead.
ECOS solver failed:  The solver ECOS is not installed. 
Using SCS instead.
ECOS solver failed:  The solver ECOS is not installed. 
Using SCS instead.
ECOS solver failed:  The solver ECOS is not installed. 
Using SCS instead.
ECOS solver failed:  The solver ECOS is not installed. 
Using SCS instead.
M-step Design Matrix Calculation time (sec): 0.0152
ECOS solver failed in IPCW_HAL_init, falling back to SCS: The solver ECOS is not installed.
WARNING - large complementary slackness residual: 0.001158
M-step CVXPY optimize time (sec): 0.2639
ECOS solver failed:  The solver ECOS is not installed. 
Using SCS instead.
ECOS solver failed:  The solver ECOS is not installed. 
Using SCS instead.
ECOS solver failed:  The solver ECOS is not installed. 
Using SCS instead.
ECOS solver failed:  The solver ECOS is not installed. 
Using SCS instead.
ECOS solver failed:  The solver ECOS is not installed. 
Using SCS instead.
ECOS solver failed:  The solver ECOS is not installed. 
Using SCS instead.
ECOS solver failed:  The solver ECOS is not installed. 
Using SCS instead.
ECOS solver failed:  The solver ECOS is not installed. 
Using SCS instead.
ECOS solver failed:  The solver ECOS is not installed. 
Using SCS instead.
ECOS solver failed:  The solver ECOS is not installed. 
Using SCS instead.
ECOS solver failed:  The solver ECOS is not installed. 
Using SCS instead.
ECOS solver failed:  The solver ECOS is not installed. 
Using SCS instead.
ECOS solver failed:  The solver ECOS is not installed. 
Using SCS instead.
ECOS solver failed:  The solver ECOS is not installed. 
Using SCS instead.
ECOS solver failed:  The solver ECOS is not installed. 
Using SCS instead.
ECOS solver failed:  The solver ECOS is not installed. 
Using SCS instead.
ECOS solver failed:  The solver ECOS is not installed. 
Using SCS instead.
ECOS solver failed:  The solver ECOS is not installed. 
Using SCS instead.
ECOS solver failed:  The solver ECOS is not installed. 
Using SCS instead.
ECOS solver failed:  The solver ECOS is not installed. 
Using SCS instead.
ECOS solver failed:  The solver ECOS is not installed. 
Using SCS instead.
M-step Design Matrix Calculation time (sec): 0.0143
ECOS solver failed in IPCW_HAL_init, falling back to SCS: The solver ECOS is not installed.
WARNING - large complementary slackness residual: 0.001350
M-step CVXPY optimize time (sec): 1.9257
ECOS solver failed:  The solver ECOS is not installed. 
Using SCS instead.
ECOS solver failed:  The solver ECOS is not installed. 
Using SCS instead.
ECOS solver failed:  The solver ECOS is not installed. 
Using SCS instead.
ECOS solver failed:  The solver ECOS is not installed. 
Using SCS instead.
ECOS solver failed:  The solver ECOS is not installed. 
Using SCS instead.
ECOS solver failed:  The solver ECOS is not installed. 
Using SCS instead.
ECOS solver failed:  The solver ECOS is not installed. 
Using SCS instead.
ECOS solver failed:  The solver ECOS is not installed. 
Using SCS instead.
ECOS solver failed:  The solver ECOS is not installed. 
Using SCS instead.
ECOS solver failed:  The solver ECOS is not installed. 
Using SCS instead.
ECOS solver failed:  The solver ECOS is not installed. 
Using SCS instead.
ECOS solver failed:  The solver ECOS is not installed. 
Using SCS instead.
ECOS solver failed:  The solver ECOS is not installed. 
Using SCS instead.
ECOS solver failed:  The solver ECOS is not installed. 
Using SCS instead.
ECOS solver failed:  The solver ECOS is not installed. 
Using SCS instead.
ECOS solver failed:  The solver ECOS is not installed. 
Using SCS instead.
ECOS solver failed:  The solver ECOS is not installed. 
Using SCS instead.
ECOS solver failed:  The solver ECOS is not installed. 
Using SCS instead.
ECOS solver failed:  The solver ECOS is not installed. 
Using SCS instead.
ECOS solver failed:  The solver ECOS is not installed. 
Using SCS instead.
ECOS solver failed:  The solver ECOS is not installed. 
Using SCS instead.
M-step Design Matrix Calculation time (sec): 0.0137
ECOS solver failed in IPCW_HAL_init, falling back to SCS: The solver ECOS is not installed.
WARNING - large complementary slackness residual: 0.001290
M-step CVXPY optimize time (sec): 0.3990
ECOS solver failed:  The solver ECOS is not installed. 
Using SCS instead.
ECOS solver failed:  The solver ECOS is not installed. 
Using SCS instead.
ECOS solver failed:  The solver ECOS is not installed. 
Using SCS instead.
ECOS solver failed:  The solver ECOS is not installed. 
Using SCS instead.
ECOS solver failed:  The solver ECOS is not installed. 
Using SCS instead.
ECOS solver failed:  The solver ECOS is not installed. 
Using SCS instead.
ECOS solver failed:  The solver ECOS is not installed. 
Using SCS instead.
ECOS solver failed:  The solver ECOS is not installed. 
Using SCS instead.
ECOS solver failed:  The solver ECOS is not installed. 
Using SCS instead.
ECOS solver failed:  The solver ECOS is not installed. 
Using SCS instead.
ECOS solver failed:  The solver ECOS is not installed. 
Using SCS instead.
ECOS solver failed:  The solver ECOS is not installed. 
Using SCS instead.
ECOS solver failed:  The solver ECOS is not installed. 
Using SCS instead.
ECOS solver failed:  The solver ECOS is not installed. 
Using SCS instead.
ECOS solver failed:  The solver ECOS is not installed. 
Using SCS instead.
ECOS solver failed:  The solver ECOS is not installed. 
Using SCS instead.
ECOS solver failed:  The solver ECOS is not installed. 
Using SCS instead.
ECOS solver failed:  The solver ECOS is not installed. 
Using SCS instead.
ECOS solver failed:  The solver ECOS is not installed. 
Using SCS instead.
ECOS solver failed:  The solver ECOS is not installed. 
Using SCS instead.
ECOS solver failed:  The solver ECOS is not installed. 
Using SCS instead.
M-step Design Matrix Calculation time (sec): 0.0130
ECOS solver failed in IPCW_HAL_init, falling back to SCS: The solver ECOS is not installed.
WARNING - large complementary slackness residual: 0.001448
M-step CVXPY optimize time (sec): 0.7114
ECOS solver failed:  The solver ECOS is not installed. 
Using SCS instead.
ECOS solver failed:  The solver ECOS is not installed. 
Using SCS instead.
ECOS solver failed:  The solver ECOS is not installed. 
Using SCS instead.
ECOS solver failed:  The solver ECOS is not installed. 
Using SCS instead.
ECOS solver failed:  The solver ECOS is not installed. 
Using SCS instead.
ECOS solver failed:  The solver ECOS is not installed. 
Using SCS instead.
ECOS solver failed:  The solver ECOS is not installed. 
Using SCS instead.
ECOS solver failed:  The solver ECOS is not installed. 
Using SCS instead.
ECOS solver failed:  The solver ECOS is not installed. 
Using SCS instead.
ECOS solver failed:  The solver ECOS is not installed. 
Using SCS instead.
ECOS solver failed:  The solver ECOS is not installed. 
Using SCS instead.
ECOS solver failed:  The solver ECOS is not installed. 
Using SCS instead.
ECOS solver failed:  The solver ECOS is not installed. 
Using SCS instead.
ECOS solver failed:  The solver ECOS is not installed. 
Using SCS instead.
ECOS solver failed:  The solver ECOS is not installed. 
Using SCS instead.
ECOS solver failed:  The solver ECOS is not installed. 
Using SCS instead.
ECOS solver failed:  The solver ECOS is not installed. 
Using SCS instead.
ECOS solver failed:  The solver ECOS is not installed. 
Using SCS instead.
ECOS solver failed:  The solver ECOS is not installed. 
Using SCS instead.
ECOS solver failed:  The solver ECOS is not installed. 
Using SCS instead.
ECOS solver failed:  The solver ECOS is not installed. 
Using SCS instead.
M-step Design Matrix Calculation time (sec): 0.0536
ECOS solver failed in IPCW_HAL_init, falling back to SCS: The solver ECOS is not installed.
WARNING - large complementary slackness residual: 0.002752
M-step CVXPY optimize time (sec): 0.7530
ECOS solver failed:  The solver ECOS is not installed. 
Using SCS instead.
ECOS solver failed:  The solver ECOS is not installed. 
Using SCS instead.
ECOS solver failed:  The solver ECOS is not installed. 
Using SCS instead.
ECOS solver failed:  The solver ECOS is not installed. 
Using SCS instead.
ECOS solver failed:  The solver ECOS is not installed. 
Using SCS instead.
ECOS solver failed:  The solver ECOS is not installed. 
Using SCS instead.
ECOS solver failed:  The solver ECOS is not installed. 
Using SCS instead.
ECOS solver failed:  The solver ECOS is not installed. 
Using SCS instead.
ECOS solver failed:  The solver ECOS is not installed. 
Using SCS instead.
ECOS solver failed:  The solver ECOS is not installed. 
Using SCS instead.
ECOS solver failed:  The solver ECOS is not installed. 
Using SCS instead.
ECOS solver failed:  The solver ECOS is not installed. 
Using SCS instead.
ECOS solver failed:  The solver ECOS is not installed. 
Using SCS instead.
ECOS solver failed:  The solver ECOS is not installed. 
Using SCS instead.
ECOS solver failed:  The solver ECOS is not installed. 
Using SCS instead.
ECOS solver failed:  The solver ECOS is not installed. 
Using SCS instead.
ECOS solver failed:  The solver ECOS is not installed. 
Using SCS instead.
ECOS solver failed:  The solver ECOS is not installed. 
Using SCS instead.
ECOS solver failed:  The solver ECOS is not installed. 
Using SCS instead.
ECOS solver failed:  The solver ECOS is not installed. 
Using SCS instead.
ECOS solver failed:  The solver ECOS is not installed. 
Using SCS instead.
M-step Design Matrix Calculation time (sec): 0.0156
ECOS solver failed in IPCW_HAL_init, falling back to SCS: The solver ECOS is not installed.
WARNING - large complementary slackness residual: 0.001814
M-step CVXPY optimize time (sec): 0.6890
ECOS solver failed:  The solver ECOS is not installed. 
Using SCS instead.
ECOS solver failed:  The solver ECOS is not installed. 
Using SCS instead.
ECOS solver failed:  The solver ECOS is not installed. 
Using SCS instead.
ECOS solver failed:  The solver ECOS is not installed. 
Using SCS instead.
ECOS solver failed:  The solver ECOS is not installed. 
Using SCS instead.
ECOS solver failed:  The solver ECOS is not installed. 
Using SCS instead.
ECOS solver failed:  The solver ECOS is not installed. 
Using SCS instead.
ECOS solver failed:  The solver ECOS is not installed. 
Using SCS instead.
ECOS solver failed:  The solver ECOS is not installed. 
Using SCS instead.
ECOS solver failed:  The solver ECOS is not installed. 
Using SCS instead.
ECOS solver failed:  The solver ECOS is not installed. 
Using SCS instead.
ECOS solver failed:  The solver ECOS is not installed. 
Using SCS instead.
ECOS solver failed:  The solver ECOS is not installed. 
Using SCS instead.
ECOS solver failed:  The solver ECOS is not installed. 
Using SCS instead.
ECOS solver failed:  The solver ECOS is not installed. 
Using SCS instead.
ECOS solver failed:  The solver ECOS is not installed. 
Using SCS instead.
ECOS solver failed:  The solver ECOS is not installed. 
Using SCS instead.
ECOS solver failed:  The solver ECOS is not installed. 
Using SCS instead.
ECOS solver failed:  The solver ECOS is not installed. 
Using SCS instead.
ECOS solver failed:  The solver ECOS is not installed. 
Using SCS instead.
ECOS solver failed:  The solver ECOS is not installed. 
Using SCS instead.
M-step Design Matrix Calculation time (sec): 0.0149
ECOS solver failed in IPCW_HAL_init, falling back to SCS: The solver ECOS is not installed.
M-step CVXPY optimize time (sec): 0.3116
ECOS solver failed:  The solver ECOS is not installed. 
Using SCS instead.
ECOS solver failed:  The solver ECOS is not installed. 
Using SCS instead.
ECOS solver failed:  The solver ECOS is not installed. 
Using SCS instead.
ECOS solver failed:  The solver ECOS is not installed. 
Using SCS instead.
ECOS solver failed:  The solver ECOS is not installed. 
Using SCS instead.
ECOS solver failed:  The solver ECOS is not installed. 
Using SCS instead.
ECOS solver failed:  The solver ECOS is not installed. 
Using SCS instead.
ECOS solver failed:  The solver ECOS is not installed. 
Using SCS instead.
ECOS solver failed:  The solver ECOS is not installed. 
Using SCS instead.
ECOS solver failed:  The solver ECOS is not installed. 
Using SCS instead.
ECOS solver failed:  The solver ECOS is not installed. 
Using SCS instead.
ECOS solver failed:  The solver ECOS is not installed. 
Using SCS instead.
ECOS solver failed:  The solver ECOS is not installed. 
Using SCS instead.
ECOS solver failed:  The solver ECOS is not installed. 
Using SCS instead.
ECOS solver failed:  The solver ECOS is not installed. 
Using SCS instead.
ECOS solver failed:  The solver ECOS is not installed. 
Using SCS instead.
ECOS solver failed:  The solver ECOS is not installed. 
Using SCS instead.
ECOS solver failed:  The solver ECOS is not installed. 
Using SCS instead.
ECOS solver failed:  The solver ECOS is not installed. 
Using SCS instead.
ECOS solver failed:  The solver ECOS is not installed. 
Using SCS instead.
ECOS solver failed:  The solver ECOS is not installed. 
Using SCS instead.
M-step Design Matrix Calculation time (sec): 0.1173
ECOS solver failed in IPCW_HAL_init, falling back to SCS: The solver ECOS is not installed.
WARNING - large complementary slackness residual: 0.003049
M-step CVXPY optimize time (sec): 0.5590
ECOS solver failed:  The solver ECOS is not installed. 
Using SCS instead.
ECOS solver failed:  The solver ECOS is not installed. 
Using SCS instead.
ECOS solver failed:  The solver ECOS is not installed. 
Using SCS instead.
ECOS solver failed:  The solver ECOS is not installed. 
Using SCS instead.
ECOS solver failed:  The solver ECOS is not installed. 
Using SCS instead.
ECOS solver failed:  The solver ECOS is not installed. 
Using SCS instead.
ECOS solver failed:  The solver ECOS is not installed. 
Using SCS instead.
ECOS solver failed:  The solver ECOS is not installed. 
Using SCS instead.
ECOS solver failed:  The solver ECOS is not installed. 
Using SCS instead.
ECOS solver failed:  The solver ECOS is not installed. 
Using SCS instead.
ECOS solver failed:  The solver ECOS is not installed. 
Using SCS instead.
ECOS solver failed:  The solver ECOS is not installed. 
Using SCS instead.
ECOS solver failed:  The solver ECOS is not installed. 
Using SCS instead.
ECOS solver failed:  The solver ECOS is not installed. 
Using SCS instead.
ECOS solver failed:  The solver ECOS is not installed. 
Using SCS instead.
ECOS solver failed:  The solver ECOS is not installed. 
Using SCS instead.
ECOS solver failed:  The solver ECOS is not installed. 
Using SCS instead.
ECOS solver failed:  The solver ECOS is not installed. 
Using SCS instead.
ECOS solver failed:  The solver ECOS is not installed. 
Using SCS instead.
ECOS solver failed:  The solver ECOS is not installed. 
Using SCS instead.
ECOS solver failed:  The solver ECOS is not installed. 
Using SCS instead.
M-step Design Matrix Calculation time (sec): 0.0154
ECOS solver failed in IPCW_HAL_init, falling back to SCS: The solver ECOS is not installed.
WARNING - large complementary slackness residual: 0.002064
M-step CVXPY optimize time (sec): 0.6721
ECOS solver failed:  The solver ECOS is not installed. 
Using SCS instead.
ECOS solver failed:  The solver ECOS is not installed. 
Using SCS instead.
ECOS solver failed:  The solver ECOS is not installed. 
Using SCS instead.
ECOS solver failed:  The solver ECOS is not installed. 
Using SCS instead.
ECOS solver failed:  The solver ECOS is not installed. 
Using SCS instead.
ECOS solver failed:  The solver ECOS is not installed. 
Using SCS instead.
ECOS solver failed:  The solver ECOS is not installed. 
Using SCS instead.
ECOS solver failed:  The solver ECOS is not installed. 
Using SCS instead.
ECOS solver failed:  The solver ECOS is not installed. 
Using SCS instead.
ECOS solver failed:  The solver ECOS is not installed. 
Using SCS instead.
ECOS solver failed:  The solver ECOS is not installed. 
Using SCS instead.
ECOS solver failed:  The solver ECOS is not installed. 
Using SCS instead.
ECOS solver failed:  The solver ECOS is not installed. 
Using SCS instead.
ECOS solver failed:  The solver ECOS is not installed. 
Using SCS instead.
ECOS solver failed:  The solver ECOS is not installed. 
Using SCS instead.
ECOS solver failed:  The solver ECOS is not installed. 
Using SCS instead.
ECOS solver failed:  The solver ECOS is not installed. 
Using SCS instead.
ECOS solver failed:  The solver ECOS is not installed. 
Using SCS instead.
ECOS solver failed:  The solver ECOS is not installed. 
Using SCS instead.
ECOS solver failed:  The solver ECOS is not installed. 
Using SCS instead.
ECOS solver failed:  The solver ECOS is not installed. 
Using SCS instead.
M-step Design Matrix Calculation time (sec): 0.0154
ECOS solver failed in IPCW_HAL_init, falling back to SCS: The solver ECOS is not installed.
WARNING - large complementary slackness residual: 0.001939
M-step CVXPY optimize time (sec): 0.4295
ECOS solver failed:  The solver ECOS is not installed. 
Using SCS instead.
ECOS solver failed:  The solver ECOS is not installed. 
Using SCS instead.
ECOS solver failed:  The solver ECOS is not installed. 
Using SCS instead.
ECOS solver failed:  The solver ECOS is not installed. 
Using SCS instead.
ECOS solver failed:  The solver ECOS is not installed. 
Using SCS instead.
ECOS solver failed:  The solver ECOS is not installed. 
Using SCS instead.
ECOS solver failed:  The solver ECOS is not installed. 
Using SCS instead.
ECOS solver failed:  The solver ECOS is not installed. 
Using SCS instead.
ECOS solver failed:  The solver ECOS is not installed. 
Using SCS instead.
ECOS solver failed:  The solver ECOS is not installed. 
Using SCS instead.
ECOS solver failed:  The solver ECOS is not installed. 
Using SCS instead.
ECOS solver failed:  The solver ECOS is not installed. 
Using SCS instead.
ECOS solver failed:  The solver ECOS is not installed. 
Using SCS instead.
ECOS solver failed:  The solver ECOS is not installed. 
Using SCS instead.
ECOS solver failed:  The solver ECOS is not installed. 
Using SCS instead.
ECOS solver failed:  The solver ECOS is not installed. 
Using SCS instead.
ECOS solver failed:  The solver ECOS is not installed. 
Using SCS instead.
ECOS solver failed:  The solver ECOS is not installed. 
Using SCS instead.
ECOS solver failed:  The solver ECOS is not installed. 
Using SCS instead.
ECOS solver failed:  The solver ECOS is not installed. 
Using SCS instead.
ECOS solver failed:  The solver ECOS is not installed. 
Using SCS instead.
M-step Design Matrix Calculation time (sec): 0.0148
ECOS solver failed in IPCW_HAL_init, falling back to SCS: The solver ECOS is not installed.
WARNING - large complementary slackness residual: 0.001397
M-step CVXPY optimize time (sec): 0.5742
ECOS solver failed:  The solver ECOS is not installed. 
Using SCS instead.
ECOS solver failed:  The solver ECOS is not installed. 
Using SCS instead.
ECOS solver failed:  The solver ECOS is not installed. 
Using SCS instead.
ECOS solver failed:  The solver ECOS is not installed. 
Using SCS instead.
ECOS solver failed:  The solver ECOS is not installed. 
Using SCS instead.
ECOS solver failed:  The solver ECOS is not installed. 
Using SCS instead.
ECOS solver failed:  The solver ECOS is not installed. 
Using SCS instead.
ECOS solver failed:  The solver ECOS is not installed. 
Using SCS instead.
ECOS solver failed:  The solver ECOS is not installed. 
Using SCS instead.
ECOS solver failed:  The solver ECOS is not installed. 
Using SCS instead.
ECOS solver failed:  The solver ECOS is not installed. 
Using SCS instead.
ECOS solver failed:  The solver ECOS is not installed. 
Using SCS instead.
ECOS solver failed:  The solver ECOS is not installed. 
Using SCS instead.
ECOS solver failed:  The solver ECOS is not installed. 
Using SCS instead.
ECOS solver failed:  The solver ECOS is not installed. 
Using SCS instead.
ECOS solver failed:  The solver ECOS is not installed. 
Using SCS instead.
ECOS solver failed:  The solver ECOS is not installed. 
Using SCS instead.
ECOS solver failed:  The solver ECOS is not installed. 
Using SCS instead.
ECOS solver failed:  The solver ECOS is not installed. 
Using SCS instead.
ECOS solver failed:  The solver ECOS is not installed. 
Using SCS instead.
ECOS solver failed:  The solver ECOS is not installed. 
Using SCS instead.
M-step Design Matrix Calculation time (sec): 0.0147
ECOS solver failed in IPCW_HAL_init, falling back to SCS: The solver ECOS is not installed.
M-step CVXPY optimize time (sec): 0.5234
ECOS solver failed:  The solver ECOS is not installed. 
Using SCS instead.
ECOS solver failed:  The solver ECOS is not installed. 
Using SCS instead.
ECOS solver failed:  The solver ECOS is not installed. 
Using SCS instead.
ECOS solver failed:  The solver ECOS is not installed. 
Using SCS instead.
ECOS solver failed:  The solver ECOS is not installed. 
Using SCS instead.
ECOS solver failed:  The solver ECOS is not installed. 
Using SCS instead.
ECOS solver failed:  The solver ECOS is not installed. 
Using SCS instead.
ECOS solver failed:  The solver ECOS is not installed. 
Using SCS instead.
ECOS solver failed:  The solver ECOS is not installed. 
Using SCS instead.
ECOS solver failed:  The solver ECOS is not installed. 
Using SCS instead.
ECOS solver failed:  The solver ECOS is not installed. 
Using SCS instead.
ECOS solver failed:  The solver ECOS is not installed. 
Using SCS instead.
ECOS solver failed:  The solver ECOS is not installed. 
Using SCS instead.
ECOS solver failed:  The solver ECOS is not installed. 
Using SCS instead.
ECOS solver failed:  The solver ECOS is not installed. 
Using SCS instead.
ECOS solver failed:  The solver ECOS is not installed. 
Using SCS instead.
ECOS solver failed:  The solver ECOS is not installed. 
Using SCS instead.
ECOS solver failed:  The solver ECOS is not installed. 
Using SCS instead.
ECOS solver failed:  The solver ECOS is not installed. 
Using SCS instead.
ECOS solver failed:  The solver ECOS is not installed. 
Using SCS instead.
ECOS solver failed:  The solver ECOS is not installed. 
Using SCS instead.
M-step Design Matrix Calculation time (sec): 0.0543
ECOS solver failed in IPCW_HAL_init, falling back to SCS: The solver ECOS is not installed.
WARNING - large complementary slackness residual: 0.002828
M-step CVXPY optimize time (sec): 1.0701
ECOS solver failed:  The solver ECOS is not installed. 
Using SCS instead.
ECOS solver failed:  The solver ECOS is not installed. 
Using SCS instead.
ECOS solver failed:  The solver ECOS is not installed. 
Using SCS instead.
ECOS solver failed:  The solver ECOS is not installed. 
Using SCS instead.
ECOS solver failed:  The solver ECOS is not installed. 
Using SCS instead.
ECOS solver failed:  The solver ECOS is not installed. 
Using SCS instead.
ECOS solver failed:  The solver ECOS is not installed. 
Using SCS instead.
ECOS solver failed:  The solver ECOS is not installed. 
Using SCS instead.
ECOS solver failed:  The solver ECOS is not installed. 
Using SCS instead.
ECOS solver failed:  The solver ECOS is not installed. 
Using SCS instead.
ECOS solver failed:  The solver ECOS is not installed. 
Using SCS instead.
ECOS solver failed:  The solver ECOS is not installed. 
Using SCS instead.
ECOS solver failed:  The solver ECOS is not installed. 
Using SCS instead.
ECOS solver failed:  The solver ECOS is not installed. 
Using SCS instead.
ECOS solver failed:  The solver ECOS is not installed. 
Using SCS instead.
ECOS solver failed:  The solver ECOS is not installed. 
Using SCS instead.
ECOS solver failed:  The solver ECOS is not installed. 
Using SCS instead.
ECOS solver failed:  The solver ECOS is not installed. 
Using SCS instead.
ECOS solver failed:  The solver ECOS is not installed. 
Using SCS instead.
ECOS solver failed:  The solver ECOS is not installed. 
Using SCS instead.
ECOS solver failed:  The solver ECOS is not installed. 
Using SCS instead.
M-step Design Matrix Calculation time (sec): 0.0157
ECOS solver failed in IPCW_HAL_init, falling back to SCS: The solver ECOS is not installed.
WARNING - large complementary slackness residual: 0.002652
M-step CVXPY optimize time (sec): 0.4065
ECOS solver failed:  The solver ECOS is not installed. 
Using SCS instead.
ECOS solver failed:  The solver ECOS is not installed. 
Using SCS instead.
ECOS solver failed:  The solver ECOS is not installed. 
Using SCS instead.
ECOS solver failed:  The solver ECOS is not installed. 
Using SCS instead.
ECOS solver failed:  The solver ECOS is not installed. 
Using SCS instead.
ECOS solver failed:  The solver ECOS is not installed. 
Using SCS instead.
ECOS solver failed:  The solver ECOS is not installed. 
Using SCS instead.
ECOS solver failed:  The solver ECOS is not installed. 
Using SCS instead.
ECOS solver failed:  The solver ECOS is not installed. 
Using SCS instead.
ECOS solver failed:  The solver ECOS is not installed. 
Using SCS instead.
ECOS solver failed:  The solver ECOS is not installed. 
Using SCS instead.
ECOS solver failed:  The solver ECOS is not installed. 
Using SCS instead.
ECOS solver failed:  The solver ECOS is not installed. 
Using SCS instead.
ECOS solver failed:  The solver ECOS is not installed. 
Using SCS instead.
ECOS solver failed:  The solver ECOS is not installed. 
Using SCS instead.
ECOS solver failed:  The solver ECOS is not installed. 
Using SCS instead.
ECOS solver failed:  The solver ECOS is not installed. 
Using SCS instead.
ECOS solver failed:  The solver ECOS is not installed. 
Using SCS instead.
ECOS solver failed:  The solver ECOS is not installed. 
Using SCS instead.
ECOS solver failed:  The solver ECOS is not installed. 
Using SCS instead.
ECOS solver failed:  The solver ECOS is not installed. 
Using SCS instead.
M-step Design Matrix Calculation time (sec): 0.0135
ECOS solver failed in IPCW_HAL_init, falling back to SCS: The solver ECOS is not installed.
WARNING - large complementary slackness residual: 0.001770
M-step CVXPY optimize time (sec): 0.6813
ECOS solver failed:  The solver ECOS is not installed. 
Using SCS instead.
ECOS solver failed:  The solver ECOS is not installed. 
Using SCS instead.
ECOS solver failed:  The solver ECOS is not installed. 
Using SCS instead.
ECOS solver failed:  The solver ECOS is not installed. 
Using SCS instead.
ECOS solver failed:  The solver ECOS is not installed. 
Using SCS instead.
ECOS solver failed:  The solver ECOS is not installed. 
Using SCS instead.
ECOS solver failed:  The solver ECOS is not installed. 
Using SCS instead.
ECOS solver failed:  The solver ECOS is not installed. 
Using SCS instead.
ECOS solver failed:  The solver ECOS is not installed. 
Using SCS instead.
ECOS solver failed:  The solver ECOS is not installed. 
Using SCS instead.
ECOS solver failed:  The solver ECOS is not installed. 
Using SCS instead.
ECOS solver failed:  The solver ECOS is not installed. 
Using SCS instead.
ECOS solver failed:  The solver ECOS is not installed. 
Using SCS instead.
ECOS solver failed:  The solver ECOS is not installed. 
Using SCS instead.
ECOS solver failed:  The solver ECOS is not installed. 
Using SCS instead.
ECOS solver failed:  The solver ECOS is not installed. 
Using SCS instead.
ECOS solver failed:  The solver ECOS is not installed. 
Using SCS instead.
ECOS solver failed:  The solver ECOS is not installed. 
Using SCS instead.
ECOS solver failed:  The solver ECOS is not installed. 
Using SCS instead.
ECOS solver failed:  The solver ECOS is not installed. 
Using SCS instead.
ECOS solver failed:  The solver ECOS is not installed. 
Using SCS instead.
M-step Design Matrix Calculation time (sec): 0.0141
ECOS solver failed in IPCW_HAL_init, falling back to SCS: The solver ECOS is not installed.
WARNING - large complementary slackness residual: 0.001528
M-step CVXPY optimize time (sec): 0.5337
ECOS solver failed:  The solver ECOS is not installed. 
Using SCS instead.
ECOS solver failed:  The solver ECOS is not installed. 
Using SCS instead.
ECOS solver failed:  ECOS solver failed:  The solver ECOS is not installed. 
Using SCS instead.
ECOS solver failed:  The solver ECOS is not installed. 
Using SCS instead.
ECOS solver failed:  The solver ECOS is not installed. 
Using SCS instead.
ECOS solver failed:  The solver ECOS is not installed. 
Using SCS instead.
ECOS solver failed:  The solver ECOS is not installed. 
Using SCS instead.
ECOS solver failed:  The solver ECOS is not installed. 
Using SCS instead.
ECOS solver failed:  The solver ECOS is not installed. 
Using SCS instead.
ECOS solver failed:  The solver ECOS is not installed. 
Using SCS instead.
ECOS solver failed:  The solver ECOS is not installed. 
Using SCS instead.
ECOS solver failed:  The solver ECOS is not installed. 
Using SCS instead.
ECOS solver failed:  The solver ECOS is not installed. 
Using SCS instead.
ECOS solver failed:  The solver ECOS is not installed. 
Using SCS instead.
ECOS solver failed:  The solver ECOS is not installed. 
Using SCS instead.
ECOS solver failed:  The solver ECOS is not installed. 
Using SCS instead.
ECOS solver failed:  The solver ECOS is not installed. 
Using SCS instead.
ECOS solver failed:  The solver ECOS is not installed. 
Using SCS instead.
ECOS solver failed:  The solver ECOS is not installed. 
Using SCS instead.
ECOS solver failed:  The solver ECOS is not installed. 
Using SCS instead.
ECOS solver failed:  The solver ECOS is not installed. 
Using SCS instead.
ECOS solver failed:  The solver ECOS is not installed. 
Using SCS instead.
ECOS solver failed:  The solver ECOS is not installed. 
Using SCS instead.
M-step Design Matrix Calculation time (sec): 0.0327
ECOS solver failed in IPCW_HAL_init, falling back to SCS: The solver ECOS is not installed.
M-step CVXPY optimize time (sec): 0.8327
ECOS solver failed:  The solver ECOS is not installed. 
Using SCS instead.
ECOS solver failed:  The solver ECOS is not installed. 
Using SCS instead.
ECOS solver failed:  The solver ECOS is not installed. 
Using SCS instead.
ECOS solver failed:  The solver ECOS is not installed. 
Using SCS instead.
ECOS solver failed:  The solver ECOS is not installed. 
Using SCS instead.
ECOS solver failed:  The solver ECOS is not installed. 
Using SCS instead.
ECOS solver failed:  The solver ECOS is not installed. 
Using SCS instead.
ECOS solver failed:  The solver ECOS is not installed. 
Using SCS instead.
ECOS solver failed:  The solver ECOS is not installed. 
Using SCS instead.
ECOS solver failed:  The solver ECOS is not installed. 
Using SCS instead.
ECOS solver failed:  The solver ECOS is not installed. 
Using SCS instead.
ECOS solver failed:  The solver ECOS is not installed. 
Using SCS instead.
ECOS solver failed:  The solver ECOS is not installed. 
Using SCS instead.
ECOS solver failed:  The solver ECOS is not installed. 
Using SCS instead.
ECOS solver failed:  The solver ECOS is not installed. 
Using SCS instead.
ECOS solver failed:  The solver ECOS is not installed. 
Using SCS instead.
ECOS solver failed:  The solver ECOS is not installed. 
Using SCS instead.
ECOS solver failed:  The solver ECOS is not installed. 
Using SCS instead.
ECOS solver failed:  The solver ECOS is not installed. 
Using SCS instead.
ECOS solver failed:  The solver ECOS is not installed. 
Using SCS instead.
ECOS solver failed:  The solver ECOS is not installed. 
Using SCS instead.
M-step Design Matrix Calculation time (sec): 0.0155
ECOS solver failed in IPCW_HAL_init, falling back to SCS: The solver ECOS is not installed.
M-step CVXPY optimize time (sec): 0.5862
ECOS solver failed:  The solver ECOS is not installed. 
Using SCS instead.
ECOS solver failed:  The solver ECOS is not installed. 
Using SCS instead.
ECOS solver failed:  The solver ECOS is not installed. 
Using SCS instead.
ECOS solver failed:  The solver ECOS is not installed. 
Using SCS instead.
ECOS solver failed:  The solver ECOS is not installed. 
Using SCS instead.
ECOS solver failed:  The solver ECOS is not installed. 
Using SCS instead.
ECOS solver failed:  The solver ECOS is not installed. 
Using SCS instead.
ECOS solver failed:  The solver ECOS is not installed. 
Using SCS instead.
ECOS solver failed:  The solver ECOS is not installed. 
Using SCS instead.
ECOS solver failed:  The solver ECOS is not installed. 
Using SCS instead.
ECOS solver failed:  The solver ECOS is not installed. 
Using SCS instead.
ECOS solver failed:  The solver ECOS is not installed. 
Using SCS instead.
ECOS solver failed:  The solver ECOS is not installed. 
Using SCS instead.
ECOS solver failed:  The solver ECOS is not installed. 
Using SCS instead.
ECOS solver failed:  The solver ECOS is not installed. 
Using SCS instead.
ECOS solver failed:  The solver ECOS is not installed. 
Using SCS instead.
ECOS solver failed:  The solver ECOS is not installed. 
Using SCS instead.
ECOS solver failed:  The solver ECOS is not installed. 
Using SCS instead.
ECOS solver failed:  The solver ECOS is not installed. 
Using SCS instead.
ECOS solver failed:  The solver ECOS is not installed. 
Using SCS instead.
ECOS solver failed:  The solver ECOS is not installed. 
Using SCS instead.
M-step Design Matrix Calculation time (sec): 0.0157
ECOS solver failed in IPCW_HAL_init, falling back to SCS: The solver ECOS is not installed.
M-step CVXPY optimize time (sec): 1.4865
ECOS solver failed:  The solver ECOS is not installed. 
Using SCS instead.
ECOS solver failed:  The solver ECOS is not installed. 
Using SCS instead.
ECOS solver failed:  The solver ECOS is not installed. 
Using SCS instead.
ECOS solver failed:  The solver ECOS is not installed. 
Using SCS instead.
ECOS solver failed:  The solver ECOS is not installed. 
Using SCS instead.
ECOS solver failed:  The solver ECOS is not installed. 
Using SCS instead.
ECOS solver failed:  The solver ECOS is not installed. 
Using SCS instead.
ECOS solver failed:  The solver ECOS is not installed. 
Using SCS instead.
ECOS solver failed:  The solver ECOS is not installed. 
Using SCS instead.
ECOS solver failed:  The solver ECOS is not installed. 
Using SCS instead.
ECOS solver failed:  The solver ECOS is not installed. 
Using SCS instead.
ECOS solver failed:  The solver ECOS is not installed. 
Using SCS instead.
ECOS solver failed:  The solver ECOS is not installed. 
Using SCS instead.
ECOS solver failed:  The solver ECOS is not installed. 
Using SCS instead.
ECOS solver failed:  The solver ECOS is not installed. 
Using SCS instead.
ECOS solver failed:  The solver ECOS is not installed. 
Using SCS instead.
ECOS solver failed:  The solver ECOS is not installed. 
Using SCS instead.
ECOS solver failed:  The solver ECOS is not installed. 
Using SCS instead.
ECOS solver failed:  The solver ECOS is not installed. 
Using SCS instead.
ECOS solver failed:  The solver ECOS is not installed. 
Using SCS instead.
ECOS solver failed:  The solver ECOS is not installed. 
Using SCS instead.
M-step Design Matrix Calculation time (sec): 0.0140
ECOS solver failed in IPCW_HAL_init, falling back to SCS: The solver ECOS is not installed.
M-step CVXPY optimize time (sec): 0.5366
ECOS solver failed:  The solver ECOS is not installed. 
Using SCS instead.
ECOS solver failed:  The solver ECOS is not installed. 
Using SCS instead.
ECOS solver failed:  The solver ECOS is not installed. 
Using SCS instead.
ECOS solver failed:  The solver ECOS is not installed. 
Using SCS instead.
ECOS solver failed:  The solver ECOS is not installed. 
Using SCS instead.
ECOS solver failed:  The solver ECOS is not installed. 
Using SCS instead.
ECOS solver failed:  The solver ECOS is not installed. 
Using SCS instead.
ECOS solver failed:  The solver ECOS is not installed. 
Using SCS instead.
ECOS solver failed:  The solver ECOS is not installed. 
Using SCS instead.
ECOS solver failed:  The solver ECOS is not installed. 
Using SCS instead.
ECOS solver failed:  The solver ECOS is not installed. 
Using SCS instead.
ECOS solver failed:  The solver ECOS is not installed. 
Using SCS instead.
ECOS solver failed:  The solver ECOS is not installed. 
Using SCS instead.
ECOS solver failed:  The solver ECOS is not installed. 
Using SCS instead.
ECOS solver failed:  The solver ECOS is not installed. 
Using SCS instead.
ECOS solver failed:  The solver ECOS is not installed. 
Using SCS instead.
ECOS solver failed:  The solver ECOS is not installed. 
Using SCS instead.
ECOS solver failed:  The solver ECOS is not installed. 
Using SCS instead.
ECOS solver failed:  The solver ECOS is not installed. 
Using SCS instead.
ECOS solver failed:  The solver ECOS is not installed. 
Using SCS instead.
ECOS solver failed:  The solver ECOS is not installed. 
Using SCS instead.
M-step Design Matrix Calculation time (sec): 0.0142
ECOS solver failed in IPCW_HAL_init, falling back to SCS: The solver ECOS is not installed.
M-step CVXPY optimize time (sec): 0.8662
ECOS solver failed:  The solver ECOS is not installed. 
Using SCS instead.
ECOS solver failed:  The solver ECOS is not installed. 
Using SCS instead.
ECOS solver failed:  The solver ECOS is not installed. 
Using SCS instead.
ECOS solver failed:  The solver ECOS is not installed. 
Using SCS instead.
ECOS solver failed:  The solver ECOS is not installed. 
Using SCS instead.
ECOS solver failed:  The solver ECOS is not installed. 
Using SCS instead.
ECOS solver failed:  The solver ECOS is not installed. 
Using SCS instead.
ECOS solver failed:  The solver ECOS is not installed. 
Using SCS instead.
ECOS solver failed:  The solver ECOS is not installed. 
Using SCS instead.
ECOS solver failed:  The solver ECOS is not installed. 
Using SCS instead.
ECOS solver failed:  The solver ECOS is not installed. 
Using SCS instead.
ECOS solver failed:  The solver ECOS is not installed. 
Using SCS instead.
ECOS solver failed:  The solver ECOS is not installed. 
Using SCS instead.
ECOS solver failed:  The solver ECOS is not installed. 
Using SCS instead.
ECOS solver failed:  The solver ECOS is not installed. 
Using SCS instead.
ECOS solver failed:  The solver ECOS is not installed. 
Using SCS instead.
ECOS solver failed:  The solver ECOS is not installed. 
Using SCS instead.
ECOS solver failed:  The solver ECOS is not installed. 
Using SCS instead.
ECOS solver failed:  The solver ECOS is not installed. 
Using SCS instead.
ECOS solver failed:  The solver ECOS is not installed. 
Using SCS instead.
ECOS solver failed:  The solver ECOS is not installed. 
Using SCS instead.
M-step Design Matrix Calculation time (sec): 0.0145
ECOS solver failed in IPCW_HAL_init, falling back to SCS: The solver ECOS is not installed.
WARNING - large complementary slackness residual: 0.002118
M-step CVXPY optimize time (sec): 0.3110
ECOS solver failed:  The solver ECOS is not installed. 
Using SCS instead.
ECOS solver failed:  The solver ECOS is not installed. 
Using SCS instead.
ECOS solver failed:  The solver ECOS is not installed. 
Using SCS instead.
ECOS solver failed:  The solver ECOS is not installed. 
Using SCS instead.
ECOS solver failed:  The solver ECOS is not installed. 
Using SCS instead.
ECOS solver failed:  The solver ECOS is not installed. 
Using SCS instead.
ECOS solver failed:  The solver ECOS is not installed. 
Using SCS instead.
ECOS solver failed:  The solver ECOS is not installed. 
Using SCS instead.
ECOS solver failed:  The solver ECOS is not installed. 
Using SCS instead.
ECOS solver failed:  The solver ECOS is not installed. 
Using SCS instead.
ECOS solver failed:  The solver ECOS is not installed. 
Using SCS instead.
ECOS solver failed:  The solver ECOS is not installed. 
Using SCS instead.
ECOS solver failed:  The solver ECOS is not installed. 
Using SCS instead.
ECOS solver failed:  The solver ECOS is not installed. 
Using SCS instead.
ECOS solver failed:  The solver ECOS is not installed. 
Using SCS instead.
ECOS solver failed:  The solver ECOS is not installed. 
Using SCS instead.
ECOS solver failed:  The solver ECOS is not installed. 
Using SCS instead.
ECOS solver failed:  The solver ECOS is not installed. 
Using SCS instead.
ECOS solver failed:  The solver ECOS is not installed. 
Using SCS instead.
ECOS solver failed:  The solver ECOS is not installed. 
Using SCS instead.
ECOS solver failed:  The solver ECOS is not installed. 
Using SCS instead.
M-step Design Matrix Calculation time (sec): 0.0158
ECOS solver failed in IPCW_HAL_init, falling back to SCS: The solver ECOS is not installed.
M-step CVXPY optimize time (sec): 0.4985
ECOS solver failed:  The solver ECOS is not installed. 
Using SCS instead.
ECOS solver failed:  The solver ECOS is not installed. 
Using SCS instead.
ECOS solver failed:  The solver ECOS is not installed. 
Using SCS instead.
ECOS solver failed:  The solver ECOS is not installed. 
Using SCS instead.
ECOS solver failed:  The solver ECOS is not installed. 
Using SCS instead.
ECOS solver failed:  The solver ECOS is not installed. 
Using SCS instead.
ECOS solver failed:  The solver ECOS is not installed. 
Using SCS instead.
ECOS solver failed:  The solver ECOS is not installed. 
Using SCS instead.
ECOS solver failed:  The solver ECOS is not installed. 
Using SCS instead.
ECOS solver failed:  The solver ECOS is not installed. 
Using SCS instead.
ECOS solver failed:  The solver ECOS is not installed. 
Using SCS instead.
ECOS solver failed:  The solver ECOS is not installed. 
Using SCS instead.
ECOS solver failed:  The solver ECOS is not installed. 
Using SCS instead.
ECOS solver failed:  The solver ECOS is not installed. 
Using SCS instead.
ECOS solver failed:  The solver ECOS is not installed. 
Using SCS instead.
ECOS solver failed:  The solver ECOS is not installed. 
Using SCS instead.
ECOS solver failed:  The solver ECOS is not installed. 
Using SCS instead.
ECOS solver failed:  The solver ECOS is not installed. 
Using SCS instead.
ECOS solver failed:  The solver ECOS is not installed. 
Using SCS instead.
ECOS solver failed:  The solver ECOS is not installed. 
Using SCS instead.
ECOS solver failed:  The solver ECOS is not installed. 
Using SCS instead.
M-step Design Matrix Calculation time (sec): 0.0152
ECOS solver failed in IPCW_HAL_init, falling back to SCS: The solver ECOS is not installed.
M-step CVXPY optimize time (sec): 0.4639
ECOS solver failed:  The solver ECOS is not installed. 
Using SCS instead.
ECOS solver failed:  The solver ECOS is not installed. 
Using SCS instead.
ECOS solver failed:  The solver ECOS is not installed. 
Using SCS instead.
ECOS solver failed:  The solver ECOS is not installed. 
Using SCS instead.
ECOS solver failed:  The solver ECOS is not installed. 
Using SCS instead.
ECOS solver failed:  The solver ECOS is not installed. 
Using SCS instead.
ECOS solver failed:  The solver ECOS is not installed. 
Using SCS instead.
ECOS solver failed:  The solver ECOS is not installed. 
Using SCS instead.
ECOS solver failed:  The solver ECOS is not installed. 
Using SCS instead.
ECOS solver failed:  The solver ECOS is not installed. 
Using SCS instead.
ECOS solver failed:  The solver ECOS is not installed. 
Using SCS instead.
ECOS solver failed:  The solver ECOS is not installed. 
Using SCS instead.
ECOS solver failed:  The solver ECOS is not installed. 
Using SCS instead.
ECOS solver failed:  The solver ECOS is not installed. 
Using SCS instead.
ECOS solver failed:  The solver ECOS is not installed. 
Using SCS instead.
ECOS solver failed:  The solver ECOS is not installed. 
Using SCS instead.
ECOS solver failed:  The solver ECOS is not installed. 
Using SCS instead.
ECOS solver failed:  The solver ECOS is not installed. 
Using SCS instead.
ECOS solver failed:  The solver ECOS is not installed. 
Using SCS instead.
ECOS solver failed:  The solver ECOS is not installed. 
Using SCS instead.
ECOS solver failed:  The solver ECOS is not installed. 
Using SCS instead.
M-step Design Matrix Calculation time (sec): 0.0149
ECOS solver failed in IPCW_HAL_init, falling back to SCS: The solver ECOS is not installed.
WARNING - large complementary slackness residual: 0.002323
M-step CVXPY optimize time (sec): 0.6218
ECOS solver failed:  The solver ECOS is not installed. 
Using SCS instead.
ECOS solver failed:  The solver ECOS is not installed. 
Using SCS instead.
ECOS solver failed:  The solver ECOS is not installed. 
Using SCS instead.
ECOS solver failed:  The solver ECOS is not installed. 
Using SCS instead.
ECOS solver failed:  The solver ECOS is not installed. 
Using SCS instead.
ECOS solver failed:  The solver ECOS is not installed. 
Using SCS instead.
ECOS solver failed:  The solver ECOS is not installed. 
Using SCS instead.
ECOS solver failed:  The solver ECOS is not installed. 
Using SCS instead.
ECOS solver failed:  The solver ECOS is not installed. 
Using SCS instead.
ECOS solver failed:  The solver ECOS is not installed. 
Using SCS instead.
ECOS solver failed:  The solver ECOS is not installed. 
Using SCS instead.
ECOS solver failed:  The solver ECOS is not installed. 
Using SCS instead.
ECOS solver failed:  The solver ECOS is not installed. 
Using SCS instead.
ECOS solver failed:  The solver ECOS is not installed. 
Using SCS instead.
ECOS solver failed:  The solver ECOS is not installed. 
Using SCS instead.
ECOS solver failed:  The solver ECOS is not installed. 
Using SCS instead.
ECOS solver failed:  The solver ECOS is not installed. 
Using SCS instead.
ECOS solver failed:  The solver ECOS is not installed. 
Using SCS instead.
ECOS solver failed:  The solver ECOS is not installed. 
Using SCS instead.
ECOS solver failed:  The solver ECOS is not installed. 
Using SCS instead.
ECOS solver failed:  The solver ECOS is not installed. 
Using SCS instead.
M-step Design Matrix Calculation time (sec): 0.0157
ECOS solver failed in IPCW_HAL_init, falling back to SCS: The solver ECOS is not installed.
M-step CVXPY optimize time (sec): 0.2178
ECOS solver failed:  The solver ECOS is not installed. 
Using SCS instead.
ECOS solver failed:  The solver ECOS is not installed. 
Using SCS instead.
ECOS solver failed:  The solver ECOS is not installed. 
Using SCS instead.
ECOS solver failed:  The solver ECOS is not installed. 
Using SCS instead.
ECOS solver failed:  The solver ECOS is not installed. 
Using SCS instead.
ECOS solver failed:  The solver ECOS is not installed. 
Using SCS instead.
ECOS solver failed:  The solver ECOS is not installed. 
Using SCS instead.
ECOS solver failed:  The solver ECOS is not installed. 
Using SCS instead.
ECOS solver failed:  The solver ECOS is not installed. 
Using SCS instead.
ECOS solver failed:  The solver ECOS is not installed. 
Using SCS instead.
ECOS solver failed:  The solver ECOS is not installed. 
Using SCS instead.
ECOS solver failed:  The solver ECOS is not installed. 
Using SCS instead.
ECOS solver failed:  The solver ECOS is not installed. 
Using SCS instead.
ECOS solver failed:  The solver ECOS is not installed. 
Using SCS instead.
ECOS solver failed:  The solver ECOS is not installed. 
Using SCS instead.
ECOS solver failed:  The solver ECOS is not installed. 
Using SCS instead.
ECOS solver failed:  The solver ECOS is not installed. 
Using SCS instead.
ECOS solver failed:  The solver ECOS is not installed. 
Using SCS instead.
ECOS solver failed:  The solver ECOS is not installed. 
Using SCS instead.
ECOS solver failed:  The solver ECOS is not installed. 
Using SCS instead.
ECOS solver failed:  The solver ECOS is not installed. 
Using SCS instead.
M-step Design Matrix Calculation time (sec): 0.0177
ECOS solver failed in IPCW_HAL_init, falling back to SCS: The solver ECOS is not installed.
WARNING - large complementary slackness residual: 0.001442
M-step CVXPY optimize time (sec): 0.7980
ECOS solver failed:  The solver ECOS is not installed. 
Using SCS instead.
ECOS solver failed:  The solver ECOS is not installed. 
Using SCS instead.
ECOS solver failed:  The solver ECOS is not installed. 
Using SCS instead.
ECOS solver failed:  The solver ECOS is not installed. 
Using SCS instead.
ECOS solver failed:  The solver ECOS is not installed. 
Using SCS instead.
ECOS solver failed:  The solver ECOS is not installed. 
Using SCS instead.
ECOS solver failed:  The solver ECOS is not installed. 
Using SCS instead.
ECOS solver failed:  The solver ECOS is not installed. 
Using SCS instead.
ECOS solver failed:  The solver ECOS is not installed. 
Using SCS instead.
ECOS solver failed:  The solver ECOS is not installed. 
Using SCS instead.
ECOS solver failed:  The solver ECOS is not installed. 
Using SCS instead.
ECOS solver failed:  The solver ECOS is not installed. 
Using SCS instead.
ECOS solver failed:  The solver ECOS is not installed. 
Using SCS instead.
ECOS solver failed:  The solver ECOS is not installed. 
Using SCS instead.
ECOS solver failed:  The solver ECOS is not installed. 
Using SCS instead.
ECOS solver failed:  The solver ECOS is not installed. 
Using SCS instead.
ECOS solver failed:  The solver ECOS is not installed. 
Using SCS instead.
ECOS solver failed:  The solver ECOS is not installed. 
Using SCS instead.
ECOS solver failed:  The solver ECOS is not installed. 
Using SCS instead.
ECOS solver failed:  The solver ECOS is not installed. 
Using SCS instead.
ECOS solver failed:  The solver ECOS is not installed. 
Using SCS instead.
M-step Design Matrix Calculation time (sec): 0.0144
ECOS solver failed in IPCW_HAL_init, falling back to SCS: The solver ECOS is not installed.
WARNING - large complementary slackness residual: 0.002173
M-step CVXPY optimize time (sec): 0.8588
ECOS solver failed:  The solver ECOS is not installed. 
Using SCS instead.
ECOS solver failed:  The solver ECOS is not installed. 
Using SCS instead.
ECOS solver failed:  The solver ECOS is not installed. 
Using SCS instead.
ECOS solver failed:  The solver ECOS is not installed. 
Using SCS instead.
ECOS solver failed:  The solver ECOS is not installed. 
Using SCS instead.
ECOS solver failed:  The solver ECOS is not installed. 
Using SCS instead.
ECOS solver failed:  The solver ECOS is not installed. 
Using SCS instead.
ECOS solver failed:  The solver ECOS is not installed. 
Using SCS instead.
ECOS solver failed:  The solver ECOS is not installed. 
Using SCS instead.
ECOS solver failed:  The solver ECOS is not installed. 
Using SCS instead.
ECOS solver failed:  The solver ECOS is not installed. 
Using SCS instead.
ECOS solver failed:  The solver ECOS is not installed. 
Using SCS instead.
ECOS solver failed:  The solver ECOS is not installed. 
Using SCS instead.
ECOS solver failed:  The solver ECOS is not installed. 
Using SCS instead.
ECOS solver failed:  The solver ECOS is not installed. 
Using SCS instead.
ECOS solver failed:  The solver ECOS is not installed. 
Using SCS instead.
ECOS solver failed:  The solver ECOS is not installed. 
Using SCS instead.
ECOS solver failed:  The solver ECOS is not installed. 
Using SCS instead.
ECOS solver failed:  The solver ECOS is not installed. 
Using SCS instead.
ECOS solver failed:  The solver ECOS is not installed. 
Using SCS instead.
ECOS solver failed:  The solver ECOS is not installed. 
Using SCS instead.
M-step Design Matrix Calculation time (sec): 0.0399
ECOS solver failed in IPCW_HAL_init, falling back to SCS: The solver ECOS is not installed.
WARNING - large complementary slackness residual: 0.002596
M-step CVXPY optimize time (sec): 0.7034
ECOS solver failed:  The solver ECOS is not installed. 
Using SCS instead.
ECOS solver failed:  The solver ECOS is not installed. 
Using SCS instead.
ECOS solver failed:  The solver ECOS is not installed. 
Using SCS instead.
ECOS solver failed:  The solver ECOS is not installed. 
Using SCS instead.
ECOS solver failed:  The solver ECOS is not installed. 
Using SCS instead.
ECOS solver failed:  The solver ECOS is not installed. 
Using SCS instead.
ECOS solver failed:  The solver ECOS is not installed. 
Using SCS instead.
ECOS solver failed:  The solver ECOS is not installed. 
Using SCS instead.
ECOS solver failed:  The solver ECOS is not installed. 
Using SCS instead.
ECOS solver failed:  The solver ECOS is not installed. 
Using SCS instead.
ECOS solver failed:  The solver ECOS is not installed. 
Using SCS instead.
ECOS solver failed:  The solver ECOS is not installed. 
Using SCS instead.
ECOS solver failed:  The solver ECOS is not installed. 
Using SCS instead.
ECOS solver failed:  The solver ECOS is not installed. 
Using SCS instead.
ECOS solver failed:  The solver ECOS is not installed. 
Using SCS instead.
ECOS solver failed:  The solver ECOS is not installed. 
Using SCS instead.
ECOS solver failed:  The solver ECOS is not installed. 
Using SCS instead.
ECOS solver failed:  The solver ECOS is not installed. 
Using SCS instead.
ECOS solver failed:  The solver ECOS is not installed. 
Using SCS instead.
ECOS solver failed:  The solver ECOS is not installed. 
Using SCS instead.
ECOS solver failed:  The solver ECOS is not installed. 
Using SCS instead.
M-step Design Matrix Calculation time (sec): 0.0146
ECOS solver failed in IPCW_HAL_init, falling back to SCS: The solver ECOS is not installed.
WARNING - large complementary slackness residual: 0.002704
M-step CVXPY optimize time (sec): 0.4704
ECOS solver failed:  The solver ECOS is not installed. 
Using SCS instead.
ECOS solver failed:  The solver ECOS is not installed. 
Using SCS instead.
ECOS solver failed:  The solver ECOS is not installed. 
Using SCS instead.
ECOS solver failed:  The solver ECOS is not installed. 
Using SCS instead.
ECOS solver failed:  The solver ECOS is not installed. 
Using SCS instead.
ECOS solver failed:  The solver ECOS is not installed. 
Using SCS instead.
ECOS solver failed:  The solver ECOS is not installed. 
Using SCS instead.
ECOS solver failed:  The solver ECOS is not installed. 
Using SCS instead.
ECOS solver failed:  The solver ECOS is not installed. 
Using SCS instead.
ECOS solver failed:  The solver ECOS is not installed. 
Using SCS instead.
ECOS solver failed:  The solver ECOS is not installed. 
Using SCS instead.
ECOS solver failed:  The solver ECOS is not installed. 
Using SCS instead.
ECOS solver failed:  The solver ECOS is not installed. 
Using SCS instead.
ECOS solver failed:  The solver ECOS is not installed. 
Using SCS instead.
ECOS solver failed:  The solver ECOS is not installed. 
Using SCS instead.
ECOS solver failed:  The solver ECOS is not installed. 
Using SCS instead.
ECOS solver failed:  The solver ECOS is not installed. 
Using SCS instead.
ECOS solver failed:  The solver ECOS is not installed. 
Using SCS instead.
ECOS solver failed:  The solver ECOS is not installed. 
Using SCS instead.
ECOS solver failed:  The solver ECOS is not installed. 
Using SCS instead.
ECOS solver failed:  The solver ECOS is not installed. 
Using SCS instead.
M-step Design Matrix Calculation time (sec): 0.0155
ECOS solver failed in IPCW_HAL_init, falling back to SCS: The solver ECOS is not installed.
WARNING - large complementary slackness residual: 0.001843
M-step CVXPY optimize time (sec): 0.7156
ECOS solver failed:  The solver ECOS is not installed. 
Using SCS instead.
ECOS solver failed:  The solver ECOS is not installed. 
Using SCS instead.
ECOS solver failed:  The solver ECOS is not installed. 
Using SCS instead.
ECOS solver failed:  The solver ECOS is not installed. 
Using SCS instead.
ECOS solver failed:  The solver ECOS is not installed. 
Using SCS instead.
ECOS solver failed:  The solver ECOS is not installed. 
Using SCS instead.
ECOS solver failed:  The solver ECOS is not installed. 
Using SCS instead.
ECOS solver failed:  The solver ECOS is not installed. 
Using SCS instead.
ECOS solver failed:  The solver ECOS is not installed. 
Using SCS instead.
ECOS solver failed:  The solver ECOS is not installed. 
Using SCS instead.
ECOS solver failed:  The solver ECOS is not installed. 
Using SCS instead.
ECOS solver failed:  The solver ECOS is not installed. 
Using SCS instead.
ECOS solver failed:  The solver ECOS is not installed. 
Using SCS instead.
ECOS solver failed:  The solver ECOS is not installed. 
Using SCS instead.
ECOS solver failed:  The solver ECOS is not installed. 
Using SCS instead.
ECOS solver failed:  The solver ECOS is not installed. 
Using SCS instead.
ECOS solver failed:  The solver ECOS is not installed. 
Using SCS instead.
ECOS solver failed:  The solver ECOS is not installed. 
Using SCS instead.
ECOS solver failed:  The solver ECOS is not installed. 
Using SCS instead.
ECOS solver failed:  The solver ECOS is not installed. 
Using SCS instead.
ECOS solver failed:  The solver ECOS is not installed. 
Using SCS instead.
M-step Design Matrix Calculation time (sec): 0.0135
ECOS solver failed in IPCW_HAL_init, falling back to SCS: The solver ECOS is not installed.
M-step CVXPY optimize time (sec): 0.5891
ECOS solver failed:  The solver ECOS is not installed. 
Using SCS instead.
ECOS solver failed:  The solver ECOS is not installed. 
Using SCS instead.
ECOS solver failed:  The solver ECOS is not installed. 
Using SCS instead.
ECOS solver failed:  The solver ECOS is not installed. 
Using SCS instead.
ECOS solver failed:  The solver ECOS is not installed. 
Using SCS instead.
ECOS solver failed:  The solver ECOS is not installed. 
Using SCS instead.
ECOS solver failed:  The solver ECOS is not installed. 
Using SCS instead.
ECOS solver failed:  The solver ECOS is not installed. 
Using SCS instead.
ECOS solver failed:  The solver ECOS is not installed. 
Using SCS instead.
ECOS solver failed:  The solver ECOS is not installed. 
Using SCS instead.
ECOS solver failed:  The solver ECOS is not installed. 
Using SCS instead.
ECOS solver failed:  The solver ECOS is not installed. 
Using SCS instead.
ECOS solver failed:  The solver ECOS is not installed. 
Using SCS instead.
ECOS solver failed:  The solver ECOS is not installed. 
Using SCS instead.
ECOS solver failed:  The solver ECOS is not installed. 
Using SCS instead.
ECOS solver failed:  The solver ECOS is not installed. 
Using SCS instead.
ECOS solver failed:  The solver ECOS is not installed. 
Using SCS instead.
ECOS solver failed:  The solver ECOS is not installed. 
Using SCS instead.
ECOS solver failed:  The solver ECOS is not installed. 
Using SCS instead.
ECOS solver failed:  The solver ECOS is not installed. 
Using SCS instead.
ECOS solver failed:  The solver ECOS is not installed. 
Using SCS instead.
M-step Design Matrix Calculation time (sec): 0.0149
ECOS solver failed in IPCW_HAL_init, falling back to SCS: The solver ECOS is not installed.
WARNING - large complementary slackness residual: 0.003127
M-step CVXPY optimize time (sec): 0.6038
ECOS solver failed:  The solver ECOS is not installed. 
Using SCS instead.
ECOS solver failed:  The solver ECOS is not installed. 
Using SCS instead.
ECOS solver failed:  The solver ECOS is not installed. 
Using SCS instead.
ECOS solver failed:  The solver ECOS is not installed. 
Using SCS instead.
ECOS solver failed:  The solver ECOS is not installed. 
Using SCS instead.
ECOS solver failed:  The solver ECOS is not installed. 
Using SCS instead.
ECOS solver failed:  The solver ECOS is not installed. 
Using SCS instead.
ECOS solver failed:  The solver ECOS is not installed. 
Using SCS instead.
ECOS solver failed:  The solver ECOS is not installed. 
Using SCS instead.
ECOS solver failed:  The solver ECOS is not installed. 
Using SCS instead.
ECOS solver failed:  The solver ECOS is not installed. 
Using SCS instead.
ECOS solver failed:  The solver ECOS is not installed. 
Using SCS instead.
ECOS solver failed:  The solver ECOS is not installed. 
Using SCS instead.
ECOS solver failed:  The solver ECOS is not installed. 
Using SCS instead.
ECOS solver failed:  The solver ECOS is not installed. 
Using SCS instead.
ECOS solver failed:  The solver ECOS is not installed. 
Using SCS instead.
ECOS solver failed:  The solver ECOS is not installed. 
Using SCS instead.
ECOS solver failed:  The solver ECOS is not installed. 
Using SCS instead.
ECOS solver failed:  The solver ECOS is not installed. 
Using SCS instead.
ECOS solver failed:  The solver ECOS is not installed. 
Using SCS instead.
ECOS solver failed:  The solver ECOS is not installed. 
Using SCS instead.
M-step Design Matrix Calculation time (sec): 0.0151
ECOS solver failed in IPCW_HAL_init, falling back to SCS: The solver ECOS is not installed.
WARNING - large complementary slackness residual: 0.001830
M-step CVXPY optimize time (sec): 0.4719
ECOS solver failed:  The solver ECOS is not installed. 
Using SCS instead.
ECOS solver failed:  The solver ECOS is not installed. 
Using SCS instead.
ECOS solver failed:  The solver ECOS is not installed. 
Using SCS instead.
ECOS solver failed:  The solver ECOS is not installed. 
Using SCS instead.
ECOS solver failed:  The solver ECOS is not installed. 
Using SCS instead.
ECOS solver failed:  The solver ECOS is not installed. 
Using SCS instead.
ECOS solver failed:  The solver ECOS is not installed. 
Using SCS instead.
The solver ECOS is not installed. 
Using SCS instead.
ECOS solver failed:  The solver ECOS is not installed. 
Using SCS instead.
ECOS solver failed:  The solver ECOS is not installed. 
Using SCS instead.
ECOS solver failed:  The solver ECOS is not installed. 
Using SCS instead.
ECOS solver failed:  The solver ECOS is not installed. 
Using SCS instead.
ECOS solver failed:  The solver ECOS is not installed. 
Using SCS instead.
ECOS solver failed:  The solver ECOS is not installed. 
Using SCS instead.
ECOS solver failed:  The solver ECOS is not installed. 
Using SCS instead.
ECOS solver failed:  The solver ECOS is not installed. 
Using SCS instead.
ECOS solver failed:  The solver ECOS is not installed. 
Using SCS instead.
ECOS solver failed:  The solver ECOS is not installed. 
Using SCS instead.
ECOS solver failed:  The solver ECOS is not installed. 
Using SCS instead.
ECOS solver failed:  The solver ECOS is not installed. 
Using SCS instead.
ECOS solver failed:  The solver ECOS is not installed. 
Using SCS instead.
ECOS solver failed:  The solver ECOS is not installed. 
Using SCS instead.
ECOS solver failed:  The solver ECOS is not installed. 
Using SCS instead.
ECOS solver failed:  The solver ECOS is not installed. 
Using SCS instead.
ECOS solver failed:  The solver ECOS is not installed. 
Using SCS instead.
ECOS solver failed:  The solver ECOS is not installed. 
Using SCS instead.
M-step Design Matrix Calculation time (sec): 0.0158
ECOS solver failed in IPCW_HAL_init, falling back to SCS: The solver ECOS is not installed.
M-step CVXPY optimize time (sec): 0.1625
ECOS solver failed:  The solver ECOS is not installed. 
Using SCS instead.
ECOS solver failed:  The solver ECOS is not installed. 
Using SCS instead.
ECOS solver failed:  The solver ECOS is not installed. 
Using SCS instead.
ECOS solver failed:  The solver ECOS is not installed. 
Using SCS instead.
ECOS solver failed:  The solver ECOS is not installed. 
Using SCS instead.
ECOS solver failed:  The solver ECOS is not installed. 
Using SCS instead.
ECOS solver failed:  The solver ECOS is not installed. 
Using SCS instead.
ECOS solver failed:  The solver ECOS is not installed. 
Using SCS instead.
ECOS solver failed:  The solver ECOS is not installed. 
Using SCS instead.
ECOS solver failed:  The solver ECOS is not installed. 
Using SCS instead.
ECOS solver failed:  The solver ECOS is not installed. 
Using SCS instead.
ECOS solver failed:  The solver ECOS is not installed. 
Using SCS instead.
ECOS solver failed:  The solver ECOS is not installed. 
Using SCS instead.
ECOS solver failed:  The solver ECOS is not installed. 
Using SCS instead.
ECOS solver failed:  The solver ECOS is not installed. 
Using SCS instead.
ECOS solver failed:  The solver ECOS is not installed. 
Using SCS instead.
ECOS solver failed:  The solver ECOS is not installed. 
Using SCS instead.
ECOS solver failed:  The solver ECOS is not installed. 
Using SCS instead.
ECOS solver failed:  The solver ECOS is not installed. 
Using SCS instead.
ECOS solver failed:  The solver ECOS is not installed. 
Using SCS instead.
ECOS solver failed:  The solver ECOS is not installed. 
Using SCS instead.
M-step Design Matrix Calculation time (sec): 0.0131
ECOS solver failed in IPCW_HAL_init, falling back to SCS: The solver ECOS is not installed.
WARNING - large complementary slackness residual: 0.001330
M-step CVXPY optimize time (sec): 0.6955
ECOS solver failed:  The solver ECOS is not installed. 
Using SCS instead.
ECOS solver failed:  The solver ECOS is not installed. 
Using SCS instead.
ECOS solver failed:  The solver ECOS is not installed. 
Using SCS instead.
ECOS solver failed:  The solver ECOS is not installed. 
Using SCS instead.
ECOS solver failed:  The solver ECOS is not installed. 
Using SCS instead.
ECOS solver failed:  The solver ECOS is not installed. 
Using SCS instead.
ECOS solver failed:  The solver ECOS is not installed. 
Using SCS instead.
ECOS solver failed:  The solver ECOS is not installed. 
Using SCS instead.
ECOS solver failed:  The solver ECOS is not installed. 
Using SCS instead.
ECOS solver failed:  The solver ECOS is not installed. 
Using SCS instead.
ECOS solver failed:  The solver ECOS is not installed. 
Using SCS instead.
ECOS solver failed:  The solver ECOS is not installed. 
Using SCS instead.
ECOS solver failed:  The solver ECOS is not installed. 
Using SCS instead.
ECOS solver failed:  The solver ECOS is not installed. 
Using SCS instead.
M-step Design Matrix Calculation time (sec): 0.0150
ECOS solver failed in IPCW_HAL_init, falling back to SCS: The solver ECOS is not installed.
M-step CVXPY optimize time (sec): 0.2836
ECOS solver failed:  The solver ECOS is not installed. 
Using SCS instead.
ECOS solver failed:  The solver ECOS is not installed. 
Using SCS instead.
ECOS solver failed:  The solver ECOS is not installed. 
Using SCS instead.
ECOS solver failed:  The solver ECOS is not installed. 
Using SCS instead.
ECOS solver failed:  The solver ECOS is not installed. 
Using SCS instead.
ECOS solver failed:  The solver ECOS is not installed. 
Using SCS instead.
ECOS solver failed:  The solver ECOS is not installed. 
Using SCS instead.
ECOS solver failed:  The solver ECOS is not installed. 
Using SCS instead.
ECOS solver failed:  The solver ECOS is not installed. 
Using SCS instead.
ECOS solver failed:  The solver ECOS is not installed. 
Using SCS instead.
ECOS solver failed:  The solver ECOS is not installed. 
Using SCS instead.
ECOS solver failed:  The solver ECOS is not installed. 
Using SCS instead.
ECOS solver failed:  The solver ECOS is not installed. 
Using SCS instead.
ECOS solver failed:  The solver ECOS is not installed. 
Using SCS instead.
ECOS solver failed:  The solver ECOS is not installed. 
Using SCS instead.
ECOS solver failed:  The solver ECOS is not installed. 
Using SCS instead.
ECOS solver failed:  The solver ECOS is not installed. 
Using SCS instead.
ECOS solver failed:  The solver ECOS is not installed. 
Using SCS instead.
ECOS solver failed:  The solver ECOS is not installed. 
Using SCS instead.
ECOS solver failed:  The solver ECOS is not installed. 
Using SCS instead.
ECOS solver failed:  The solver ECOS is not installed. 
Using SCS instead.
M-step Design Matrix Calculation time (sec): 0.0170
ECOS solver failed in IPCW_HAL_init, falling back to SCS: The solver ECOS is not installed.
M-step CVXPY optimize time (sec): 0.5457
ECOS solver failed:  The solver ECOS is not installed. 
Using SCS instead.
ECOS solver failed:  The solver ECOS is not installed. 
Using SCS instead.
ECOS solver failed:  The solver ECOS is not installed. 
Using SCS instead.
ECOS solver failed:  The solver ECOS is not installed. 
Using SCS instead.
ECOS solver failed:  The solver ECOS is not installed. 
Using SCS instead.
ECOS solver failed:  The solver ECOS is not installed. 
Using SCS instead.
ECOS solver failed:  The solver ECOS is not installed. 
Using SCS instead.
ECOS solver failed:  The solver ECOS is not installed. 
Using SCS instead.
ECOS solver failed:  The solver ECOS is not installed. 
Using SCS instead.
ECOS solver failed:  The solver ECOS is not installed. 
Using SCS instead.
ECOS solver failed:  The solver ECOS is not installed. 
Using SCS instead.
ECOS solver failed:  The solver ECOS is not installed. 
Using SCS instead.
ECOS solver failed:  The solver ECOS is not installed. 
Using SCS instead.
ECOS solver failed:  The solver ECOS is not installed. 
Using SCS instead.
ECOS solver failed:  The solver ECOS is not installed. 
Using SCS instead.
ECOS solver failed:  The solver ECOS is not installed. 
Using SCS instead.
ECOS solver failed:  The solver ECOS is not installed. 
Using SCS instead.
ECOS solver failed:  The solver ECOS is not installed. 
Using SCS instead.
ECOS solver failed:  The solver ECOS is not installed. 
Using SCS instead.
ECOS solver failed:  The solver ECOS is not installed. 
Using SCS instead.
ECOS solver failed:  The solver ECOS is not installed. 
Using SCS instead.
M-step Design Matrix Calculation time (sec): 0.0162
ECOS solver failed in IPCW_HAL_init, falling back to SCS: The solver ECOS is not installed.
WARNING - large complementary slackness residual: 0.003552
M-step CVXPY optimize time (sec): 0.4671
ECOS solver failed:  The solver ECOS is not installed. 
Using SCS instead.
ECOS solver failed:  The solver ECOS is not installed. 
Using SCS instead.
ECOS solver failed:  The solver ECOS is not installed. 
Using SCS instead.
ECOS solver failed:  The solver ECOS is not installed. 
Using SCS instead.
ECOS solver failed:  The solver ECOS is not installed. 
Using SCS instead.
ECOS solver failed:  The solver ECOS is not installed. 
Using SCS instead.
ECOS solver failed:  The solver ECOS is not installed. 
Using SCS instead.
ECOS solver failed:  The solver ECOS is not installed. 
Using SCS instead.
ECOS solver failed:  The solver ECOS is not installed. 
Using SCS instead.
ECOS solver failed:  The solver ECOS is not installed. 
Using SCS instead.
ECOS solver failed:  The solver ECOS is not installed. 
Using SCS instead.
ECOS solver failed:  The solver ECOS is not installed. 
Using SCS instead.
ECOS solver failed:  The solver ECOS is not installed. 
Using SCS instead.
ECOS solver failed:  The solver ECOS is not installed. 
Using SCS instead.
ECOS solver failed:  The solver ECOS is not installed. 
Using SCS instead.
ECOS solver failed:  The solver ECOS is not installed. 
Using SCS instead.
ECOS solver failed:  The solver ECOS is not installed. 
Using SCS instead.
ECOS solver failed:  The solver ECOS is not installed. 
Using SCS instead.
ECOS solver failed:  The solver ECOS is not installed. 
Using SCS instead.
ECOS solver failed:  The solver ECOS is not installed. 
Using SCS instead.
ECOS solver failed:  The solver ECOS is not installed. 
Using SCS instead.
M-step Design Matrix Calculation time (sec): 0.0143
ECOS solver failed in IPCW_HAL_init, falling back to SCS: The solver ECOS is not installed.
M-step CVXPY optimize time (sec): 0.5091
ECOS solver failed:  The solver ECOS is not installed. 
Using SCS instead.
ECOS solver failed:  The solver ECOS is not installed. 
Using SCS instead.
ECOS solver failed:  The solver ECOS is not installed. 
Using SCS instead.
ECOS solver failed:  The solver ECOS is not installed. 
Using SCS instead.
ECOS solver failed:  The solver ECOS is not installed. 
Using SCS instead.
ECOS solver failed:  The solver ECOS is not installed. 
Using SCS instead.
ECOS solver failed:  The solver ECOS is not installed. 
Using SCS instead.
ECOS solver failed:  The solver ECOS is not installed. 
Using SCS instead.
ECOS solver failed:  The solver ECOS is not installed. 
Using SCS instead.
ECOS solver failed:  The solver ECOS is not installed. 
Using SCS instead.
ECOS solver failed:  The solver ECOS is not installed. 
Using SCS instead.
ECOS solver failed:  The solver ECOS is not installed. 
Using SCS instead.
ECOS solver failed:  The solver ECOS is not installed. 
Using SCS instead.
ECOS solver failed:  The solver ECOS is not installed. 
Using SCS instead.
ECOS solver failed:  The solver ECOS is not installed. 
Using SCS instead.
ECOS solver failed:  The solver ECOS is not installed. 
Using SCS instead.
ECOS solver failed:  The solver ECOS is not installed. 
Using SCS instead.
ECOS solver failed:  The solver ECOS is not installed. 
Using SCS instead.
ECOS solver failed:  The solver ECOS is not installed. 
Using SCS instead.
ECOS solver failed:  The solver ECOS is not installed. 
Using SCS instead.
ECOS solver failed:  The solver ECOS is not installed. 
Using SCS instead.
M-step Design Matrix Calculation time (sec): 0.0162
ECOS solver failed in IPCW_HAL_init, falling back to SCS: The solver ECOS is not installed.
M-step CVXPY optimize time (sec): 0.7247
ECOS solver failed:  The solver ECOS is not installed. 
Using SCS instead.
ECOS solver failed:  The solver ECOS is not installed. 
Using SCS instead.
ECOS solver failed:  The solver ECOS is not installed. 
Using SCS instead.
ECOS solver failed:  The solver ECOS is not installed. 
Using SCS instead.
ECOS solver failed:  The solver ECOS is not installed. 
Using SCS instead.
ECOS solver failed:  The solver ECOS is not installed. 
Using SCS instead.
ECOS solver failed:  The solver ECOS is not installed. 
Using SCS instead.
ECOS solver failed:  The solver ECOS is not installed. 
Using SCS instead.
ECOS solver failed:  The solver ECOS is not installed. 
Using SCS instead.
ECOS solver failed:  The solver ECOS is not installed. 
Using SCS instead.
ECOS solver failed:  The solver ECOS is not installed. 
Using SCS instead.
ECOS solver failed:  The solver ECOS is not installed. 
Using SCS instead.
ECOS solver failed:  The solver ECOS is not installed. 
Using SCS instead.
ECOS solver failed:  The solver ECOS is not installed. 
Using SCS instead.
ECOS solver failed:  The solver ECOS is not installed. 
Using SCS instead.
ECOS solver failed:  The solver ECOS is not installed. 
Using SCS instead.
ECOS solver failed:  The solver ECOS is not installed. 
Using SCS instead.
ECOS solver failed:  The solver ECOS is not installed. 
Using SCS instead.
ECOS solver failed:  The solver ECOS is not installed. 
Using SCS instead.
ECOS solver failed:  The solver ECOS is not installed. 
Using SCS instead.
ECOS solver failed:  The solver ECOS is not installed. 
Using SCS instead.
M-step Design Matrix Calculation time (sec): 0.1122
ECOS solver failed in IPCW_HAL_init, falling back to SCS: The solver ECOS is not installed.
WARNING - large complementary slackness residual: 0.001672
M-step CVXPY optimize time (sec): 1.8195
ECOS solver failed:  The solver ECOS is not installed. 
Using SCS instead.
ECOS solver failed:  The solver ECOS is not installed. 
Using SCS instead.
ECOS solver failed:  The solver ECOS is not installed. 
Using SCS instead.
ECOS solver failed:  The solver ECOS is not installed. 
Using SCS instead.
ECOS solver failed:  The solver ECOS is not installed. 
Using SCS instead.
ECOS solver failed:  The solver ECOS is not installed. 
Using SCS instead.
ECOS solver failed:  The solver ECOS is not installed. 
Using SCS instead.
ECOS solver failed:  The solver ECOS is not installed. 
Using SCS instead.
ECOS solver failed:  The solver ECOS is not installed. 
Using SCS instead.
ECOS solver failed:  The solver ECOS is not installed. 
Using SCS instead.
ECOS solver failed:  The solver ECOS is not installed. 
Using SCS instead.
ECOS solver failed:  The solver ECOS is not installed. 
Using SCS instead.
ECOS solver failed:  The solver ECOS is not installed. 
Using SCS instead.
ECOS solver failed:  The solver ECOS is not installed. 
Using SCS instead.
ECOS solver failed:  The solver ECOS is not installed. 
Using SCS instead.
ECOS solver failed:  The solver ECOS is not installed. 
Using SCS instead.
ECOS solver failed:  The solver ECOS is not installed. 
Using SCS instead.
ECOS solver failed:  The solver ECOS is not installed. 
Using SCS instead.
ECOS solver failed:  The solver ECOS is not installed. 
Using SCS instead.
ECOS solver failed:  The solver ECOS is not installed. 
Using SCS instead.
ECOS solver failed:  The solver ECOS is not installed. 
Using SCS instead.
M-step Design Matrix Calculation time (sec): 0.0632
ECOS solver failed in IPCW_HAL_init, falling back to SCS: The solver ECOS is not installed.
M-step CVXPY optimize time (sec): 1.1079
ECOS solver failed:  The solver ECOS is not installed. 
Using SCS instead.
ECOS solver failed:  The solver ECOS is not installed. 
Using SCS instead.
ECOS solver failed:  The solver ECOS is not installed. 
Using SCS instead.
ECOS solver failed:  The solver ECOS is not installed. 
Using SCS instead.
ECOS solver failed:  The solver ECOS is not installed. 
Using SCS instead.
ECOS solver failed:  The solver ECOS is not installed. 
Using SCS instead.
ECOS solver failed:  The solver ECOS is not installed. 
Using SCS instead.
ECOS solver failed:  The solver ECOS is not installed. 
Using SCS instead.
ECOS solver failed:  The solver ECOS is not installed. 
Using SCS instead.
ECOS solver failed:  The solver ECOS is not installed. 
Using SCS instead.
ECOS solver failed:  The solver ECOS is not installed. 
Using SCS instead.
ECOS solver failed:  The solver ECOS is not installed. 
Using SCS instead.
ECOS solver failed:  The solver ECOS is not installed. 
Using SCS instead.
ECOS solver failed:  The solver ECOS is not installed. 
Using SCS instead.
ECOS solver failed:  The solver ECOS is not installed. 
Using SCS instead.
ECOS solver failed:  The solver ECOS is not installed. 
Using SCS instead.
ECOS solver failed:  The solver ECOS is not installed. 
Using SCS instead.
ECOS solver failed:  The solver ECOS is not installed. 
Using SCS instead.
ECOS solver failed:  The solver ECOS is not installed. 
Using SCS instead.
ECOS solver failed:  The solver ECOS is not installed. 
Using SCS instead.
ECOS solver failed:  The solver ECOS is not installed. 
Using SCS instead.
M-step Design Matrix Calculation time (sec): 0.0147
ECOS solver failed in IPCW_HAL_init, falling back to SCS: The solver ECOS is not installed.
M-step CVXPY optimize time (sec): 2.3669
ECOS solver failed:  The solver ECOS is not installed. 
Using SCS instead.
ECOS solver failed:  The solver ECOS is not installed. 
Using SCS instead.
ECOS solver failed:  The solver ECOS is not installed. 
Using SCS instead.
ECOS solver failed:  The solver ECOS is not installed. 
Using SCS instead.
ECOS solver failed:  The solver ECOS is not installed. 
Using SCS instead.
ECOS solver failed:  The solver ECOS is not installed. 
Using SCS instead.
ECOS solver failed:  The solver ECOS is not installed. 
Using SCS instead.
ECOS solver failed:  The solver ECOS is not installed. 
Using SCS instead.
ECOS solver failed:  The solver ECOS is not installed. 
Using SCS instead.
ECOS solver failed:  The solver ECOS is not installed. 
Using SCS instead.
ECOS solver failed:  The solver ECOS is not installed. 
Using SCS instead.
ECOS solver failed:  The solver ECOS is not installed. 
Using SCS instead.
ECOS solver failed:  The solver ECOS is not installed. 
Using SCS instead.
ECOS solver failed:  The solver ECOS is not installed. 
Using SCS instead.
ECOS solver failed:  The solver ECOS is not installed. 
Using SCS instead.
ECOS solver failed:  The solver ECOS is not installed. 
Using SCS instead.
ECOS solver failed:  The solver ECOS is not installed. 
Using SCS instead.
ECOS solver failed:  The solver ECOS is not installed. 
Using SCS instead.
ECOS solver failed:  The solver ECOS is not installed. 
Using SCS instead.
ECOS solver failed:  The solver ECOS is not installed. 
Using SCS instead.
ECOS solver failed:  The solver ECOS is not installed. 
Using SCS instead.
M-step Design Matrix Calculation time (sec): 0.0430
ECOS solver failed in IPCW_HAL_init, falling back to SCS: The solver ECOS is not installed.
M-step CVXPY optimize time (sec): 0.8152
ECOS solver failed:  The solver ECOS is not installed. 
Using SCS instead.
ECOS solver failed:  The solver ECOS is not installed. 
Using SCS instead.
ECOS solver failed:  The solver ECOS is not installed. 
Using SCS instead.
ECOS solver failed:  The solver ECOS is not installed. 
Using SCS instead.
ECOS solver failed:  The solver ECOS is not installed. 
Using SCS instead.
ECOS solver failed:  The solver ECOS is not installed. 
Using SCS instead.
ECOS solver failed:  The solver ECOS is not installed. 
Using SCS instead.
ECOS solver failed:  The solver ECOS is not installed. 
Using SCS instead.
ECOS solver failed:  The solver ECOS is not installed. 
Using SCS instead.
ECOS solver failed:  The solver ECOS is not installed. 
Using SCS instead.
ECOS solver failed:  The solver ECOS is not installed. 
Using SCS instead.
ECOS solver failed:  The solver ECOS is not installed. 
Using SCS instead.
ECOS solver failed:  The solver ECOS is not installed. 
Using SCS instead.
ECOS solver failed:  The solver ECOS is not installed. 
Using SCS instead.
ECOS solver failed:  The solver ECOS is not installed. 
Using SCS instead.
ECOS solver failed:  The solver ECOS is not installed. 
Using SCS instead.
ECOS solver failed:  The solver ECOS is not installed. 
Using SCS instead.
ECOS solver failed:  The solver ECOS is not installed. 
Using SCS instead.
ECOS solver failed:  The solver ECOS is not installed. 
Using SCS instead.
ECOS solver failed:  The solver ECOS is not installed. 
Using SCS instead.
ECOS solver failed:  The solver ECOS is not installed. 
Using SCS instead.
M-step Design Matrix Calculation time (sec): 0.0146
ECOS solver failed in IPCW_HAL_init, falling back to SCS: The solver ECOS is not installed.
M-step CVXPY optimize time (sec): 1.8549
ECOS solver failed:  The solver ECOS is not installed. 
Using SCS instead.
ECOS solver failed:  The solver ECOS is not installed. 
Using SCS instead.
ECOS solver failed:  The solver ECOS is not installed. 
Using SCS instead.
ECOS solver failed:  The solver ECOS is not installed. 
Using SCS instead.
ECOS solver failed:  The solver ECOS is not installed. 
Using SCS instead.
ECOS solver failed:  The solver ECOS is not installed. 
Using SCS instead.
ECOS solver failed:  The solver ECOS is not installed. 
Using SCS instead.
ECOS solver failed:  The solver ECOS is not installed. 
Using SCS instead.
ECOS solver failed:  The solver ECOS is not installed. 
Using SCS instead.
ECOS solver failed:  The solver ECOS is not installed. 
Using SCS instead.
ECOS solver failed:  The solver ECOS is not installed. 
Using SCS instead.
ECOS solver failed:  The solver ECOS is not installed. 
Using SCS instead.
ECOS solver failed:  The solver ECOS is not installed. 
Using SCS instead.
ECOS solver failed:  The solver ECOS is not installed. 
Using SCS instead.
ECOS solver failed:  The solver ECOS is not installed. 
Using SCS instead.
ECOS solver failed:  The solver ECOS is not installed. 
Using SCS instead.
ECOS solver failed:  The solver ECOS is not installed. 
Using SCS instead.
ECOS solver failed:  The solver ECOS is not installed. 
Using SCS instead.
ECOS solver failed:  The solver ECOS is not installed. 
Using SCS instead.
ECOS solver failed:  The solver ECOS is not installed. 
Using SCS instead.
ECOS solver failed:  The solver ECOS is not installed. 
Using SCS instead.
M-step Design Matrix Calculation time (sec): 0.0164
ECOS solver failed in IPCW_HAL_init, falling back to SCS: The solver ECOS is not installed.
M-step CVXPY optimize time (sec): 0.7553
ECOS solver failed:  The solver ECOS is not installed. 
Using SCS instead.
ECOS solver failed:  The solver ECOS is not installed. 
Using SCS instead.
ECOS solver failed:  The solver ECOS is not installed. 
Using SCS instead.
ECOS solver failed:  The solver ECOS is not installed. 
Using SCS instead.
ECOS solver failed:  The solver ECOS is not installed. 
Using SCS instead.
ECOS solver failed:  The solver ECOS is not installed. 
Using SCS instead.
ECOS solver failed:  The solver ECOS is not installed. 
Using SCS instead.
ECOS solver failed:  The solver ECOS is not installed. 
Using SCS instead.
ECOS solver failed:  The solver ECOS is not installed. 
Using SCS instead.
ECOS solver failed:  The solver ECOS is not installed. 
Using SCS instead.
ECOS solver failed:  The solver ECOS is not installed. 
Using SCS instead.
ECOS solver failed:  The solver ECOS is not installed. 
Using SCS instead.
ECOS solver failed:  The solver ECOS is not installed. 
Using SCS instead.
ECOS solver failed:  The solver ECOS is not installed. 
Using SCS instead.
ECOS solver failed:  The solver ECOS is not installed. 
Using SCS instead.
ECOS solver failed:  The solver ECOS is not installed. 
Using SCS instead.
ECOS solver failed:  The solver ECOS is not installed. 
Using SCS instead.
ECOS solver failed:  The solver ECOS is not installed. 
Using SCS instead.
ECOS solver failed:  The solver ECOS is not installed. 
Using SCS instead.
ECOS solver failed:  The solver ECOS is not installed. 
Using SCS instead.
ECOS solver failed:  The solver ECOS is not installed. 
Using SCS instead.
M-step Design Matrix Calculation time (sec): 0.0140
ECOS solver failed in IPCW_HAL_init, falling back to SCS: The solver ECOS is not installed.
M-step CVXPY optimize time (sec): 0.3709
ECOS solver failed:  The solver ECOS is not installed. 
Using SCS instead.
ECOS solver failed:  The solver ECOS is not installed. 
Using SCS instead.
ECOS solver failed:  The solver ECOS is not installed. 
Using SCS instead.
ECOS solver failed:  The solver ECOS is not installed. 
Using SCS instead.
ECOS solver failed:  The solver ECOS is not installed. 
Using SCS instead.
ECOS solver failed:  The solver ECOS is not installed. 
Using SCS instead.
ECOS solver failed:  The solver ECOS is not installed. 
Using SCS instead.
ECOS solver failed:  The solver ECOS is not installed. 
Using SCS instead.
ECOS solver failed:  The solver ECOS is not installed. 
Using SCS instead.
ECOS solver failed:  The solver ECOS is not installed. 
Using SCS instead.
ECOS solver failed:  The solver ECOS is not installed. 
Using SCS instead.
ECOS solver failed:  The solver ECOS is not installed. 
Using SCS instead.
ECOS solver failed:  The solver ECOS is not installed. 
Using SCS instead.
ECOS solver failed:  The solver ECOS is not installed. 
Using SCS instead.
ECOS solver failed:  The solver ECOS is not installed. 
Using SCS instead.
ECOS solver failed:  The solver ECOS is not installed. 
Using SCS instead.
ECOS solver failed:  The solver ECOS is not installed. 
Using SCS instead.
ECOS solver failed:  The solver ECOS is not installed. 
Using SCS instead.
ECOS solver failed:  The solver ECOS is not installed. 
Using SCS instead.
ECOS solver failed:  The solver ECOS is not installed. 
Using SCS instead.
ECOS solver failed:  The solver ECOS is not installed. 
Using SCS instead.
M-step Design Matrix Calculation time (sec): 0.0567
ECOS solver failed in IPCW_HAL_init, falling back to SCS: The solver ECOS is not installed.
WARNING - large complementary slackness residual: 0.000995
M-step CVXPY optimize time (sec): 0.7722
ECOS solver failed:  The solver ECOS is not installed. 
Using SCS instead.
ECOS solver failed:  The solver ECOS is not installed. 
Using SCS instead.
ECOS solver failed:  The solver ECOS is not installed. 
Using SCS instead.
ECOS solver failed:  The solver ECOS is not installed. 
Using SCS instead.
ECOS solver failed:  The solver ECOS is not installed. 
Using SCS instead.
ECOS solver failed:  The solver ECOS is not installed. 
Using SCS instead.
ECOS solver failed:  The solver ECOS is not installed. 
Using SCS instead.
ECOS solver failed:  The solver ECOS is not installed. 
Using SCS instead.
ECOS solver failed:  The solver ECOS is not installed. 
Using SCS instead.
ECOS solver failed:  The solver ECOS is not installed. 
Using SCS instead.
ECOS solver failed:  The solver ECOS is not installed. 
Using SCS instead.
ECOS solver failed:  The solver ECOS is not installed. 
Using SCS instead.
ECOS solver failed:  The solver ECOS is not installed. 
Using SCS instead.
ECOS solver failed:  The solver ECOS is not installed. 
Using SCS instead.
ECOS solver failed:  The solver ECOS is not installed. 
Using SCS instead.
ECOS solver failed:  The solver ECOS is not installed. 
Using SCS instead.
ECOS solver failed:  The solver ECOS is not installed. 
Using SCS instead.
ECOS solver failed:  The solver ECOS is not installed. 
Using SCS instead.
ECOS solver failed:  The solver ECOS is not installed. 
Using SCS instead.
ECOS solver failed:  The solver ECOS is not installed. 
Using SCS instead.
ECOS solver failed:  The solver ECOS is not installed. 
Using SCS instead.
M-step Design Matrix Calculation time (sec): 0.0154
ECOS solver failed in IPCW_HAL_init, falling back to SCS: The solver ECOS is not installed.
WARNING - large complementary slackness residual: 0.000979
M-step CVXPY optimize time (sec): 1.9331
ECOS solver failed:  The solver ECOS is not installed. 
Using SCS instead.
ECOS solver failed:  The solver ECOS is not installed. 
Using SCS instead.
ECOS solver failed:  The solver ECOS is not installed. 
Using SCS instead.
ECOS solver failed:  The solver ECOS is not installed. 
Using SCS instead.
ECOS solver failed:  The solver ECOS is not installed. 
Using SCS instead.
ECOS solver failed:  The solver ECOS is not installed. 
Using SCS instead.
ECOS solver failed:  The solver ECOS is not installed. 
Using SCS instead.
ECOS solver failed:  The solver ECOS is not installed. 
Using SCS instead.
ECOS solver failed:  The solver ECOS is not installed. 
Using SCS instead.
ECOS solver failed:  The solver ECOS is not installed. 
Using SCS instead.
ECOS solver failed:  The solver ECOS is not installed. 
Using SCS instead.
ECOS solver failed:  The solver ECOS is not installed. 
Using SCS instead.
ECOS solver failed:  The solver ECOS is not installed. 
Using SCS instead.
ECOS solver failed:  The solver ECOS is not installed. 
Using SCS instead.
ECOS solver failed:  The solver ECOS is not installed. 
Using SCS instead.
ECOS solver failed:  The solver ECOS is not installed. 
Using SCS instead.
ECOS solver failed:  The solver ECOS is not installed. 
Using SCS instead.
ECOS solver failed:  The solver ECOS is not installed. 
Using SCS instead.
ECOS solver failed:  The solver ECOS is not installed. 
Using SCS instead.
ECOS solver failed:  The solver ECOS is not installed. 
Using SCS instead.
ECOS solver failed:  The solver ECOS is not installed. 
Using SCS instead.
M-step Design Matrix Calculation time (sec): 0.0160
ECOS solver failed in IPCW_HAL_init, falling back to SCS: The solver ECOS is not installed.
WARNING - large complementary slackness residual: 0.001411
M-step CVXPY optimize time (sec): 0.8038
ECOS solver failed:  The solver ECOS is not installed. 
Using SCS instead.
ECOS solver failed:  The solver ECOS is not installed. 
Using SCS instead.
ECOS solver failed:  The solver ECOS is not installed. 
Using SCS instead.
ECOS solver failed:  The solver ECOS is not installed. 
Using SCS instead.
ECOS solver failed:  The solver ECOS is not installed. 
Using SCS instead.
ECOS solver failed:  The solver ECOS is not installed. 
Using SCS instead.
ECOS solver failed:  The solver ECOS is not installed. 
Using SCS instead.
ECOS solver failed:  The solver ECOS is not installed. 
Using SCS instead.
ECOS solver failed:  The solver ECOS is not installed. 
Using SCS instead.
ECOS solver failed:  The solver ECOS is not installed. 
Using SCS instead.
ECOS solver failed:  The solver ECOS is not installed. 
Using SCS instead.
ECOS solver failed:  The solver ECOS is not installed. 
Using SCS instead.
ECOS solver failed:  The solver ECOS is not installed. 
Using SCS instead.
ECOS solver failed:  The solver ECOS is not installed. 
Using SCS instead.
ECOS solver failed:  The solver ECOS is not installed. 
Using SCS instead.
ECOS solver failed:  The solver ECOS is not installed. 
Using SCS instead.
ECOS solver failed:  The solver ECOS is not installed. 
Using SCS instead.
ECOS solver failed:  The solver ECOS is not installed. 
Using SCS instead.
ECOS solver failed:  The solver ECOS is not installed. 
Using SCS instead.
ECOS solver failed:  The solver ECOS is not installed. 
Using SCS instead.
ECOS solver failed:  The solver ECOS is not installed. 
Using SCS instead.
M-step Design Matrix Calculation time (sec): 0.0138
ECOS solver failed in IPCW_HAL_init, falling back to SCS: The solver ECOS is not installed.
WARNING - large complementary slackness residual: 0.001417
M-step CVXPY optimize time (sec): 0.5039
ECOS solver failed:  The solver ECOS is not installed. 
Using SCS instead.
ECOS solver failed:  The solver ECOS is not installed. 
Using SCS instead.
ECOS solver failed:  The solver ECOS is not installed. 
Using SCS instead.
ECOS solver failed:  The solver ECOS is not installed. 
Using SCS instead.
ECOS solver failed:  The solver ECOS is not installed. 
Using SCS instead.
ECOS solver failed:  The solver ECOS is not installed. 
Using SCS instead.
ECOS solver failed:  The solver ECOS is not installed. 
Using SCS instead.
ECOS solver failed:  The solver ECOS is not installed. 
Using SCS instead.
ECOS solver failed:  The solver ECOS is not installed. 
Using SCS instead.
ECOS solver failed:  The solver ECOS is not installed. 
Using SCS instead.
ECOS solver failed:  The solver ECOS is not installed. 
Using SCS instead.
ECOS solver failed:  The solver ECOS is not installed. 
Using SCS instead.
ECOS solver failed:  The solver ECOS is not installed. 
Using SCS instead.
ECOS solver failed:  The solver ECOS is not installed. 
Using SCS instead.
ECOS solver failed:  The solver ECOS is not installed. 
Using SCS instead.
ECOS solver failed:  The solver ECOS is not installed. 
Using SCS instead.
ECOS solver failed:  The solver ECOS is not installed. 
Using SCS instead.
ECOS solver failed:  The solver ECOS is not installed. 
Using SCS instead.
ECOS solver failed:  The solver ECOS is not installed. 
Using SCS instead.
ECOS solver failed:  The solver ECOS is not installed. 
Using SCS instead.
ECOS solver failed:  The solver ECOS is not installed. 
Using SCS instead.
M-step Design Matrix Calculation time (sec): 0.0158
ECOS solver failed in IPCW_HAL_init, falling back to SCS: The solver ECOS is not installed.
WARNING - large complementary slackness residual: 0.001437
M-step CVXPY optimize time (sec): 1.6672
ECOS solver failed:  The solver ECOS is not installed. 
Using SCS instead.
ECOS solver failed:  The solver ECOS is not installed. 
Using SCS instead.
ECOS solver failed:  The solver ECOS is not installed. 
Using SCS instead.
ECOS solver failed:  The solver ECOS is not installed. 
Using SCS instead.
ECOS solver failed:  The solver ECOS is not installed. 
Using SCS instead.
ECOS solver failed:  The solver ECOS is not installed. 
Using SCS instead.
ECOS solver failed:  The solver ECOS is not installed. 
Using SCS instead.
ECOS solver failed:  The solver ECOS is not installed. 
Using SCS instead.
ECOS solver failed:  The solver ECOS is not installed. 
Using SCS instead.
ECOS solver failed:  The solver ECOS is not installed. 
Using SCS instead.
ECOS solver failed:  The solver ECOS is not installed. 
Using SCS instead.
ECOS solver failed:  The solver ECOS is not installed. 
Using SCS instead.
ECOS solver failed:  The solver ECOS is not installed. 
Using SCS instead.
ECOS solver failed:  The solver ECOS is not installed. 
Using SCS instead.
ECOS solver failed:  The solver ECOS is not installed. 
Using SCS instead.
ECOS solver failed:  The solver ECOS is not installed. 
Using SCS instead.
ECOS solver failed:  The solver ECOS is not installed. 
Using SCS instead.
ECOS solver failed:  The solver ECOS is not installed. 
Using SCS instead.
ECOS solver failed:  The solver ECOS is not installed. 
Using SCS instead.
ECOS solver failed:  The solver ECOS is not installed. 
Using SCS instead.
ECOS solver failed:  The solver ECOS is not installed. 
Using SCS instead.
M-step Design Matrix Calculation time (sec): 0.0151
ECOS solver failed in IPCW_HAL_init, falling back to SCS: The solver ECOS is not installed.
WARNING - large complementary slackness residual: 0.001739
M-step CVXPY optimize time (sec): 0.3901
ECOS solver failed:  The solver ECOS is not installed. 
Using SCS instead.
ECOS solver failed:  The solver ECOS is not installed. 
Using SCS instead.
ECOS solver failed:  The solver ECOS is not installed. 
Using SCS instead.
ECOS solver failed:  The solver ECOS is not installed. 
Using SCS instead.
ECOS solver failed:  The solver ECOS is not installed. 
Using SCS instead.
ECOS solver failed:  The solver ECOS is not installed. 
Using SCS instead.
ECOS solver failed:  The solver ECOS is not installed. 
Using SCS instead.
ECOS solver failed:  The solver ECOS is not installed. 
Using SCS instead.
ECOS solver failed:  The solver ECOS is not installed. 
Using SCS instead.
ECOS solver failed:  The solver ECOS is not installed. 
Using SCS instead.
ECOS solver failed:  The solver ECOS is not installed. 
Using SCS instead.
ECOS solver failed:  The solver ECOS is not installed. 
Using SCS instead.
ECOS solver failed:  The solver ECOS is not installed. 
Using SCS instead.
ECOS solver failed:  The solver ECOS is not installed. 
Using SCS instead.
ECOS solver failed:  The solver ECOS is not installed. 
Using SCS instead.
ECOS solver failed:  The solver ECOS is not installed. 
Using SCS instead.
ECOS solver failed:  The solver ECOS is not installed. 
Using SCS instead.
ECOS solver failed:  The solver ECOS is not installed. 
Using SCS instead.
ECOS solver failed:  The solver ECOS is not installed. 
Using SCS instead.
ECOS solver failed:  The solver ECOS is not installed. 
Using SCS instead.
ECOS solver failed:  The solver ECOS is not installed. 
Using SCS instead.
M-step Design Matrix Calculation time (sec): 0.0284
ECOS solver failed in IPCW_HAL_init, falling back to SCS: The solver ECOS is not installed.
M-step CVXPY optimize time (sec): 0.1254
ECOS solver failed:  The solver ECOS is not installed. 
Using SCS instead.
ECOS solver failed:  The solver ECOS is not installed. 
Using SCS instead.
ECOS solver failed:  The solver ECOS is not installed. 
Using SCS instead.
ECOS solver failed:  The solver ECOS is not installed. 
Using SCS instead.
ECOS solver failed:  The solver ECOS is not installed. 
Using SCS instead.
ECOS solver failed:  The solver ECOS is not installed. 
Using SCS instead.
ECOS solver failed:  The solver ECOS is not installed. 
Using SCS instead.
ECOS solver failed:  The solver ECOS is not installed. 
Using SCS instead.
ECOS solver failed:  The solver ECOS is not installed. 
Using SCS instead.
ECOS solver failed:  The solver ECOS is not installed. 
Using SCS instead.
ECOS solver failed:  The solver ECOS is not installed. 
Using SCS instead.
ECOS solver failed:  The solver ECOS is not installed. 
Using SCS instead.
ECOS solver failed:  The solver ECOS is not installed. 
Using SCS instead.
ECOS solver failed:  The solver ECOS is not installed. 
Using SCS instead.
ECOS solver failed:  The solver ECOS is not installed. 
Using SCS instead.
ECOS solver failed:  The solver ECOS is not installed. 
Using SCS instead.
ECOS solver failed:  The solver ECOS is not installed. 
Using SCS instead.
ECOS solver failed:  The solver ECOS is not installed. 
Using SCS instead.
ECOS solver failed:  The solver ECOS is not installed. 
Using SCS instead.
ECOS solver failed:  The solver ECOS is not installed. 
Using SCS instead.
ECOS solver failed:  The solver ECOS is not installed. 
Using SCS instead.
M-step Design Matrix Calculation time (sec): 0.0152
ECOS solver failed in IPCW_HAL_init, falling back to SCS: The solver ECOS is not installed.
WARNING - large complementary slackness residual: 0.001369
M-step CVXPY optimize time (sec): 1.0155
ECOS solver failed:  The solver ECOS is not installed. 
Using SCS instead.
ECOS solver failed:  The solver ECOS is not installed. 
Using SCS instead.
ECOS solver failed:  The solver ECOS is not installed. 
Using SCS instead.
ECOS solver failed:  The solver ECOS is not installed. 
Using SCS instead.
ECOS solver failed:  The solver ECOS is not installed. 
Using SCS instead.
ECOS solver failed:  The solver ECOS is not installed. 
Using SCS instead.
ECOS solver failed:  The solver ECOS is not installed. 
Using SCS instead.
ECOS solver failed:  The solver ECOS is not installed. 
Using SCS instead.
ECOS solver failed:  The solver ECOS is not installed. 
Using SCS instead.
ECOS solver failed:  The solver ECOS is not installed. 
Using SCS instead.
ECOS solver failed:  The solver ECOS is not installed. 
Using SCS instead.
ECOS solver failed:  The solver ECOS is not installed. 
Using SCS instead.
ECOS solver failed:  The solver ECOS is not installed. 
Using SCS instead.
ECOS solver failed:  The solver ECOS is not installed. 
Using SCS instead.
ECOS solver failed:  The solver ECOS is not installed. 
Using SCS instead.
ECOS solver failed:  The solver ECOS is not installed. 
Using SCS instead.
ECOS solver failed:  The solver ECOS is not installed. 
Using SCS instead.
ECOS solver failed:  The solver ECOS is not installed. 
Using SCS instead.
ECOS solver failed:  The solver ECOS is not installed. 
Using SCS instead.
ECOS solver failed:  The solver ECOS is not installed. 
Using SCS instead.
ECOS solver failed:  The solver ECOS is not installed. 
Using SCS instead.
M-step Design Matrix Calculation time (sec): 0.0152
ECOS solver failed in IPCW_HAL_init, falling back to SCS: The solver ECOS is not installed.
WARNING - large complementary slackness residual: 0.001766
M-step CVXPY optimize time (sec): 0.4334
ECOS solver failed:  The solver ECOS is not installed. 
Using SCS instead.
ECOS solver failed:  The solver ECOS is not installed. 
Using SCS instead.
ECOS solver failed:  The solver ECOS is not installed. 
Using SCS instead.
ECOS solver failed:  The solver ECOS is not installed. 
Using SCS instead.
ECOS solver failed:  The solver ECOS is not installed. 
Using SCS instead.
ECOS solver failed:  The solver ECOS is not installed. 
Using SCS instead.
ECOS solver failed:  The solver ECOS is not installed. 
Using SCS instead.
ECOS solver failed:  The solver ECOS is not installed. 
Using SCS instead.
ECOS solver failed:  The solver ECOS is not installed. 
Using SCS instead.
ECOS solver failed:  The solver ECOS is not installed. 
Using SCS instead.
ECOS solver failed:  The solver ECOS is not installed. 
Using SCS instead.
ECOS solver failed:  The solver ECOS is not installed. 
Using SCS instead.
ECOS solver failed:  The solver ECOS is not installed. 
Using SCS instead.
ECOS solver failed:  The solver ECOS is not installed. 
Using SCS instead.
ECOS solver failed:  The solver ECOS is not installed. 
Using SCS instead.
ECOS solver failed:  The solver ECOS is not installed. 
Using SCS instead.
ECOS solver failed:  The solver ECOS is not installed. 
Using SCS instead.
ECOS solver failed:  The solver ECOS is not installed. 
Using SCS instead.
ECOS solver failed:  The solver ECOS is not installed. 
Using SCS instead.
ECOS solver failed:  The solver ECOS is not installed. 
Using SCS instead.
ECOS solver failed:  The solver ECOS is not installed. 
Using SCS instead.
M-step Design Matrix Calculation time (sec): 0.0139
ECOS solver failed in IPCW_HAL_init, falling back to SCS: The solver ECOS is not installed.
WARNING - large complementary slackness residual: 0.000996
M-step CVXPY optimize time (sec): 0.3152
ECOS solver failed:  The solver ECOS is not installed. 
Using SCS instead.
ECOS solver failed:  The solver ECOS is not installed. 
Using SCS instead.
ECOS solver failed:  The solver ECOS is not installed. 
Using SCS instead.
ECOS solver failed:  The solver ECOS is not installed. 
Using SCS instead.
ECOS solver failed:  The solver ECOS is not installed. 
Using SCS instead.
ECOS solver failed:  The solver ECOS is not installed. 
Using SCS instead.
ECOS solver failed:  The solver ECOS is not installed. 
Using SCS instead.
ECOS solver failed:  The solver ECOS is not installed. 
Using SCS instead.
ECOS solver failed:  The solver ECOS is not installed. 
Using SCS instead.
ECOS solver failed:  The solver ECOS is not installed. 
Using SCS instead.
ECOS solver failed:  The solver ECOS is not installed. 
Using SCS instead.
ECOS solver failed:  The solver ECOS is not installed. 
Using SCS instead.
ECOS solver failed:  The solver ECOS is not installed. 
Using SCS instead.
ECOS solver failed:  The solver ECOS is not installed. 
Using SCS instead.
ECOS solver failed:  The solver ECOS is not installed. 
Using SCS instead.
ECOS solver failed:  The solver ECOS is not installed. 
Using SCS instead.
ECOS solver failed:  The solver ECOS is not installed. 
Using SCS instead.
ECOS solver failed:  The solver ECOS is not installed. 
Using SCS instead.
ECOS solver failed:  The solver ECOS is not installed. 
Using SCS instead.
ECOS solver failed:  The solver ECOS is not installed. 
Using SCS instead.
ECOS solver failed:  The solver ECOS is not installed. 
Using SCS instead.
M-step Design Matrix Calculation time (sec): 0.0343
ECOS solver failed in IPCW_HAL_init, falling back to SCS: The solver ECOS is not installed.
WARNING - large complementary slackness residual: 0.002246
M-step CVXPY optimize time (sec): 0.4844
ECOS solver failed:  The solver ECOS is not installed. 
Using SCS instead.
ECOS solver failed:  The solver ECOS is not installed. 
Using SCS instead.
ECOS solver failed:  The solver ECOS is not installed. 
Using SCS instead.
ECOS solver failed:  The solver ECOS is not installed. 
Using SCS instead.
ECOS solver failed:  The solver ECOS is not installed. 
Using SCS instead.
ECOS solver failed:  The solver ECOS is not installed. 
Using SCS instead.
ECOS solver failed:  The solver ECOS is not installed. 
Using SCS instead.
ECOS solver failed:  The solver ECOS is not installed. 
Using SCS instead.
ECOS solver failed:  The solver ECOS is not installed. 
Using SCS instead.
ECOS solver failed:  The solver ECOS is not installed. 
Using SCS instead.
ECOS solver failed:  The solver ECOS is not installed. 
Using SCS instead.
ECOS solver failed:  The solver ECOS is not installed. 
Using SCS instead.
ECOS solver failed:  The solver ECOS is not installed. 
Using SCS instead.
ECOS solver failed:  The solver ECOS is not installed. 
Using SCS instead.
ECOS solver failed:  The solver ECOS is not installed. 
Using SCS instead.
ECOS solver failed:  The solver ECOS is not installed. 
Using SCS instead.
ECOS solver failed:  The solver ECOS is not installed. 
Using SCS instead.
ECOS solver failed:  The solver ECOS is not installed. 
Using SCS instead.
ECOS solver failed:  The solver ECOS is not installed. 
Using SCS instead.
ECOS solver failed:  The solver ECOS is not installed. 
Using SCS instead.
ECOS solver failed:  The solver ECOS is not installed. 
Using SCS instead.
M-step Design Matrix Calculation time (sec): 0.0235
ECOS solver failed in IPCW_HAL_init, falling back to SCS: The solver ECOS is not installed.
WARNING - large complementary slackness residual: 0.001081
M-step CVXPY optimize time (sec): 2.1737
ECOS solver failed:  The solver ECOS is not installed. 
Using SCS instead.
ECOS solver failed:  The solver ECOS is not installed. 
Using SCS instead.
ECOS solver failed:  The solver ECOS is not installed. 
Using SCS instead.
ECOS solver failed:  The solver ECOS is not installed. 
Using SCS instead.
ECOS solver failed:  The solver ECOS is not installed. 
Using SCS instead.
ECOS solver failed:  The solver ECOS is not installed. 
Using SCS instead.
ECOS solver failed:  The solver ECOS is not installed. 
Using SCS instead.
ECOS solver failed:  The solver ECOS is not installed. 
Using SCS instead.
ECOS solver failed:  The solver ECOS is not installed. 
Using SCS instead.
ECOS solver failed:  The solver ECOS is not installed. 
Using SCS instead.
ECOS solver failed:  The solver ECOS is not installed. 
Using SCS instead.
ECOS solver failed:  The solver ECOS is not installed. 
Using SCS instead.
ECOS solver failed:  The solver ECOS is not installed. 
Using SCS instead.
ECOS solver failed:  The solver ECOS is not installed. 
Using SCS instead.
ECOS solver failed:  The solver ECOS is not installed. 
Using SCS instead.
ECOS solver failed:  The solver ECOS is not installed. 
Using SCS instead.
ECOS solver failed:  The solver ECOS is not installed. 
Using SCS instead.
ECOS solver failed:  The solver ECOS is not installed. 
Using SCS instead.
ECOS solver failed:  The solver ECOS is not installed. 
Using SCS instead.
ECOS solver failed:  The solver ECOS is not installed. 
Using SCS instead.
ECOS solver failed:  The solver ECOS is not installed. 
Using SCS instead.
M-step Design Matrix Calculation time (sec): 0.0160
ECOS solver failed in IPCW_HAL_init, falling back to SCS: The solver ECOS is not installed.
M-step CVXPY optimize time (sec): 0.6256
ECOS solver failed:  The solver ECOS is not installed. 
Using SCS instead.
ECOS solver failed:  The solver ECOS is not installed. 
Using SCS instead.
ECOS solver failed:  The solver ECOS is not installed. 
Using SCS instead.
ECOS solver failed:  The solver ECOS is not installed. 
Using SCS instead.
ECOS solver failed:  The solver ECOS is not installed. 
Using SCS instead.
ECOS solver failed:  The solver ECOS is not installed. 
Using SCS instead.
ECOS solver failed:  The solver ECOS is not installed. 
Using SCS instead.
ECOS solver failed:  The solver ECOS is not installed. 
Using SCS instead.
ECOS solver failed:  The solver ECOS is not installed. 
Using SCS instead.
ECOS solver failed:  The solver ECOS is not installed. 
Using SCS instead.
ECOS solver failed:  The solver ECOS is not installed. 
Using SCS instead.
ECOS solver failed:  The solver ECOS is not installed. 
Using SCS instead.
ECOS solver failed:  The solver ECOS is not installed. 
Using SCS instead.
ECOS solver failed:  The solver ECOS is not installed. 
Using SCS instead.
ECOS solver failed:  The solver ECOS is not installed. 
Using SCS instead.
ECOS solver failed:  The solver ECOS is not installed. 
Using SCS instead.
ECOS solver failed:  The solver ECOS is not installed. 
Using SCS instead.
ECOS solver failed:  The solver ECOS is not installed. 
Using SCS instead.
ECOS solver failed:  The solver ECOS is not installed. 
Using SCS instead.
ECOS solver failed:  The solver ECOS is not installed. 
Using SCS instead.
ECOS solver failed:  The solver ECOS is not installed. 
Using SCS instead.
M-step Design Matrix Calculation time (sec): 0.0158
ECOS solver failed in IPCW_HAL_init, falling back to SCS: The solver ECOS is not installed.
WARNING - large complementary slackness residual: 0.001341
M-step CVXPY optimize time (sec): 0.4476
ECOS solver failed:  The solver ECOS is not installed. 
Using SCS instead.
ECOS solver failed:  The solver ECOS is not installed. 
Using SCS instead.
ECOS solver failed:  The solver ECOS is not installed. 
Using SCS instead.
ECOS solver failed:  The solver ECOS is not installed. 
Using SCS instead.
ECOS solver failed:  The solver ECOS is not installed. 
Using SCS instead.
ECOS solver failed:  The solver ECOS is not installed. 
Using SCS instead.
ECOS solver failed:  The solver ECOS is not installed. 
Using SCS instead.
ECOS solver failed:  The solver ECOS is not installed. 
Using SCS instead.
ECOS solver failed:  The solver ECOS is not installed. 
Using SCS instead.
ECOS solver failed:  The solver ECOS is not installed. 
Using SCS instead.
ECOS solver failed:  The solver ECOS is not installed. 
Using SCS instead.
ECOS solver failed:  The solver ECOS is not installed. 
Using SCS instead.
ECOS solver failed:  The solver ECOS is not installed. 
Using SCS instead.
ECOS solver failed:  The solver ECOS is not installed. 
Using SCS instead.
ECOS solver failed:  The solver ECOS is not installed. 
Using SCS instead.
ECOS solver failed:  The solver ECOS is not installed. 
Using SCS instead.
ECOS solver failed:  The solver ECOS is not installed. 
Using SCS instead.
ECOS solver failed:  The solver ECOS is not installed. 
Using SCS instead.
ECOS solver failed:  The solver ECOS is not installed. 
Using SCS instead.
ECOS solver failed:  The solver ECOS is not installed. 
Using SCS instead.
ECOS solver failed:  The solver ECOS is not installed. 
Using SCS instead.
M-step Design Matrix Calculation time (sec): 0.0141
ECOS solver failed in IPCW_HAL_init, falling back to SCS: The solver ECOS is not installed.
M-step CVXPY optimize time (sec): 1.3362
ECOS solver failed:  The solver ECOS is not installed. 
Using SCS instead.
ECOS solver failed:  The solver ECOS is not installed. 
Using SCS instead.
ECOS solver failed:  The solver ECOS is not installed. 
Using SCS instead.
ECOS solver failed:  The solver ECOS is not installed. 
Using SCS instead.
ECOS solver failed:  The solver ECOS is not installed. 
Using SCS instead.
ECOS solver failed:  The solver ECOS is not installed. 
Using SCS instead.
ECOS solver failed:  The solver ECOS is not installed. 
Using SCS instead.
ECOS solver failed:  The solver ECOS is not installed. 
Using SCS instead.
ECOS solver failed:  The solver ECOS is not installed. 
Using SCS instead.
ECOS solver failed:  The solver ECOS is not installed. 
Using SCS instead.
ECOS solver failed:  The solver ECOS is not installed. 
Using SCS instead.
ECOS solver failed:  The solver ECOS is not installed. 
Using SCS instead.
ECOS solver failed:  The solver ECOS is not installed. 
Using SCS instead.
ECOS solver failed:  The solver ECOS is not installed. 
Using SCS instead.
ECOS solver failed:  The solver ECOS is not installed. 
Using SCS instead.
ECOS solver failed:  The solver ECOS is not installed. 
Using SCS instead.
ECOS solver failed:  The solver ECOS is not installed. 
Using SCS instead.
ECOS solver failed:  The solver ECOS is not installed. 
Using SCS instead.
ECOS solver failed:  The solver ECOS is not installed. 
Using SCS instead.
ECOS solver failed:  The solver ECOS is not installed. 
Using SCS instead.
ECOS solver failed:  The solver ECOS is not installed. 
Using SCS instead.
M-step Design Matrix Calculation time (sec): 0.0453
ECOS solver failed in IPCW_HAL_init, falling back to SCS: The solver ECOS is not installed.
WARNING - large complementary slackness residual: 0.000953
M-step CVXPY optimize time (sec): 1.0002
ECOS solver failed:  The solver ECOS is not installed. 
Using SCS instead.
ECOS solver failed:  The solver ECOS is not installed. 
Using SCS instead.
ECOS solver failed:  The solver ECOS is not installed. 
Using SCS instead.
ECOS solver failed:  The solver ECOS is not installed. 
Using SCS instead.
ECOS solver failed:  The solver ECOS is not installed. 
Using SCS instead.
ECOS solver failed:  The solver ECOS is not installed. 
Using SCS instead.
ECOS solver failed:  The solver ECOS is not installed. 
Using SCS instead.
ECOS solver failed:  The solver ECOS is not installed. 
Using SCS instead.
ECOS solver failed:  The solver ECOS is not installed. 
Using SCS instead.
ECOS solver failed:  The solver ECOS is not installed. 
Using SCS instead.
ECOS solver failed:  The solver ECOS is not installed. 
Using SCS instead.
ECOS solver failed:  The solver ECOS is not installed. 
Using SCS instead.
ECOS solver failed:  The solver ECOS is not installed. 
Using SCS instead.
ECOS solver failed:  The solver ECOS is not installed. 
Using SCS instead.
ECOS solver failed:  The solver ECOS is not installed. 
Using SCS instead.
ECOS solver failed:  The solver ECOS is not installed. 
Using SCS instead.
ECOS solver failed:  The solver ECOS is not installed. 
Using SCS instead.
ECOS solver failed:  The solver ECOS is not installed. 
Using SCS instead.
ECOS solver failed:  The solver ECOS is not installed. 
Using SCS instead.
ECOS solver failed:  The solver ECOS is not installed. 
Using SCS instead.
ECOS solver failed:  The solver ECOS is not installed. 
Using SCS instead.
M-step Design Matrix Calculation time (sec): 0.0172
ECOS solver failed in IPCW_HAL_init, falling back to SCS: The solver ECOS is not installed.
M-step CVXPY optimize time (sec): 1.4897
ECOS solver failed:  The solver ECOS is not installed. 
Using SCS instead.
ECOS solver failed:  The solver ECOS is not installed. 
Using SCS instead.
ECOS solver failed:  The solver ECOS is not installed. 
Using SCS instead.
ECOS solver failed:  The solver ECOS is not installed. 
Using SCS instead.
ECOS solver failed:  The solver ECOS is not installed. 
Using SCS instead.
ECOS solver failed:  The solver ECOS is not installed. 
Using SCS instead.
ECOS solver failed:  The solver ECOS is not installed. 
Using SCS instead.
ECOS solver failed:  The solver ECOS is not installed. 
Using SCS instead.
ECOS solver failed:  The solver ECOS is not installed. 
Using SCS instead.
ECOS solver failed:  The solver ECOS is not installed. 
Using SCS instead.
ECOS solver failed:  The solver ECOS is not installed. 
Using SCS instead.
ECOS solver failed:  The solver ECOS is not installed. 
Using SCS instead.
ECOS solver failed:  The solver ECOS is not installed. 
Using SCS instead.
ECOS solver failed:  The solver ECOS is not installed. 
Using SCS instead.
ECOS solver failed:  The solver ECOS is not installed. 
Using SCS instead.
ECOS solver failed:  The solver ECOS is not installed. 
Using SCS instead.
ECOS solver failed:  The solver ECOS is not installed. 
Using SCS instead.
ECOS solver failed:  The solver ECOS is not installed. 
Using SCS instead.
ECOS solver failed:  The solver ECOS is not installed. 
Using SCS instead.
ECOS solver failed:  The solver ECOS is not installed. 
Using SCS instead.
ECOS solver failed:  The solver ECOS is not installed. 
Using SCS instead.
M-step Design Matrix Calculation time (sec): 0.0133
ECOS solver failed in IPCW_HAL_init, falling back to SCS: The solver ECOS is not installed.
WARNING - large complementary slackness residual: 0.001227
M-step CVXPY optimize time (sec): 1.3268
ECOS solver failed:  The solver ECOS is not installed. 
Using SCS instead.
ECOS solver failed:  The solver ECOS is not installed. 
Using SCS instead.
ECOS solver failed:  The solver ECOS is not installed. 
Using SCS instead.
ECOS solver failed:  The solver ECOS is not installed. 
Using SCS instead.
ECOS solver failed:  The solver ECOS is not installed. 
Using SCS instead.
ECOS solver failed:  The solver ECOS is not installed. 
Using SCS instead.
ECOS solver failed:  The solver ECOS is not installed. 
Using SCS instead.
ECOS solver failed:  The solver ECOS is not installed. 
Using SCS instead.
ECOS solver failed:  The solver ECOS is not installed. 
Using SCS instead.
ECOS solver failed:  The solver ECOS is not installed. 
Using SCS instead.
ECOS solver failed:  The solver ECOS is not installed. 
Using SCS instead.
ECOS solver failed:  The solver ECOS is not installed. 
Using SCS instead.
ECOS solver failed:  The solver ECOS is not installed. 
Using SCS instead.
ECOS solver failed:  The solver ECOS is not installed. 
Using SCS instead.
ECOS solver failed:  The solver ECOS is not installed. 
Using SCS instead.
ECOS solver failed:  The solver ECOS is not installed. 
Using SCS instead.
ECOS solver failed:  The solver ECOS is not installed. 
Using SCS instead.
ECOS solver failed:  The solver ECOS is not installed. 
Using SCS instead.
ECOS solver failed:  The solver ECOS is not installed. 
Using SCS instead.
ECOS solver failed:  The solver ECOS is not installed. 
Using SCS instead.
ECOS solver failed:  The solver ECOS is not installed. 
Using SCS instead.
M-step Design Matrix Calculation time (sec): 0.0260
ECOS solver failed in IPCW_HAL_init, falling back to SCS: The solver ECOS is not installed.
WARNING - large complementary slackness residual: 0.000996
M-step CVXPY optimize time (sec): 2.7481
ECOS solver failed:  The solver ECOS is not installed. 
Using SCS instead.
ECOS solver failed:  The solver ECOS is not installed. 
Using SCS instead.
ECOS solver failed:  The solver ECOS is not installed. 
Using SCS instead.
ECOS solver failed:  The solver ECOS is not installed. 
Using SCS instead.
ECOS solver failed:  The solver ECOS is not installed. 
Using SCS instead.
ECOS solver failed:  The solver ECOS is not installed. 
Using SCS instead.
ECOS solver failed:  The solver ECOS is not installed. 
Using SCS instead.
ECOS solver failed:  The solver ECOS is not installed. 
Using SCS instead.
ECOS solver failed:  The solver ECOS is not installed. 
Using SCS instead.
ECOS solver failed:  The solver ECOS is not installed. 
Using SCS instead.
ECOS solver failed:  The solver ECOS is not installed. 
Using SCS instead.
ECOS solver failed:  The solver ECOS is not installed. 
Using SCS instead.
ECOS solver failed:  The solver ECOS is not installed. 
Using SCS instead.
ECOS solver failed:  The solver ECOS is not installed. 
Using SCS instead.
ECOS solver failed:  The solver ECOS is not installed. 
Using SCS instead.
ECOS solver failed:  The solver ECOS is not installed. 
Using SCS instead.
ECOS solver failed:  The solver ECOS is not installed. 
Using SCS instead.
ECOS solver failed:  The solver ECOS is not installed. 
Using SCS instead.
ECOS solver failed:  The solver ECOS is not installed. 
Using SCS instead.
ECOS solver failed:  The solver ECOS is not installed. 
Using SCS instead.
ECOS solver failed:  The solver ECOS is not installed. 
Using SCS instead.
M-step Design Matrix Calculation time (sec): 0.0146
ECOS solver failed in IPCW_HAL_init, falling back to SCS: The solver ECOS is not installed.
WARNING - large complementary slackness residual: 0.001633
M-step CVXPY optimize time (sec): 0.6872
ECOS solver failed:  The solver ECOS is not installed. 
Using SCS instead.
ECOS solver failed:  The solver ECOS is not installed. 
Using SCS instead.
ECOS solver failed:  The solver ECOS is not installed. 
Using SCS instead.
ECOS solver failed:  The solver ECOS is not installed. 
Using SCS instead.
ECOS solver failed:  The solver ECOS is not installed. 
Using SCS instead.
ECOS solver failed:  The solver ECOS is not installed. 
Using SCS instead.
ECOS solver failed:  The solver ECOS is not installed. 
Using SCS instead.
ECOS solver failed:  The solver ECOS is not installed. 
Using SCS instead.
ECOS solver failed:  The solver ECOS is not installed. 
Using SCS instead.
ECOS solver failed:  The solver ECOS is not installed. 
Using SCS instead.
ECOS solver failed:  The solver ECOS is not installed. 
Using SCS instead.
ECOS solver failed:  The solver ECOS is not installed. 
Using SCS instead.
ECOS solver failed:  The solver ECOS is not installed. 
Using SCS instead.
ECOS solver failed:  The solver ECOS is not installed. 
Using SCS instead.
ECOS solver failed:  The solver ECOS is not installed. 
Using SCS instead.
ECOS solver failed:  The solver ECOS is not installed. 
Using SCS instead.
ECOS solver failed:  The solver ECOS is not installed. 
Using SCS instead.
ECOS solver failed:  The solver ECOS is not installed. 
Using SCS instead.
ECOS solver failed:  The solver ECOS is not installed. 
Using SCS instead.
ECOS solver failed:  The solver ECOS is not installed. 
Using SCS instead.
ECOS solver failed:  The solver ECOS is not installed. 
Using SCS instead.
M-step Design Matrix Calculation time (sec): 0.0142
ECOS solver failed in IPCW_HAL_init, falling back to SCS: The solver ECOS is not installed.
WARNING - large complementary slackness residual: 0.001867
M-step CVXPY optimize time (sec): 0.7456
ECOS solver failed:  The solver ECOS is not installed. 
Using SCS instead.
ECOS solver failed:  The solver ECOS is not installed. 
Using SCS instead.
ECOS solver failed:  The solver ECOS is not installed. 
Using SCS instead.
ECOS solver failed:  The solver ECOS is not installed. 
Using SCS instead.
ECOS solver failed:  The solver ECOS is not installed. 
Using SCS instead.
ECOS solver failed:  The solver ECOS is not installed. 
Using SCS instead.
ECOS solver failed:  The solver ECOS is not installed. 
Using SCS instead.
ECOS solver failed:  The solver ECOS is not installed. 
Using SCS instead.
ECOS solver failed:  The solver ECOS is not installed. 
Using SCS instead.
ECOS solver failed:  The solver ECOS is not installed. 
Using SCS instead.
ECOS solver failed:  The solver ECOS is not installed. 
Using SCS instead.
ECOS solver failed:  The solver ECOS is not installed. 
Using SCS instead.
ECOS solver failed:  The solver ECOS is not installed. 
Using SCS instead.
ECOS solver failed:  The solver ECOS is not installed. 
Using SCS instead.
ECOS solver failed:  The solver ECOS is not installed. 
Using SCS instead.
ECOS solver failed:  The solver ECOS is not installed. 
Using SCS instead.
ECOS solver failed:  The solver ECOS is not installed. 
Using SCS instead.
ECOS solver failed:  The solver ECOS is not installed. 
Using SCS instead.
ECOS solver failed:  The solver ECOS is not installed. 
Using SCS instead.
ECOS solver failed:  The solver ECOS is not installed. 
Using SCS instead.
ECOS solver failed:  The solver ECOS is not installed. 
Using SCS instead.
M-step Design Matrix Calculation time (sec): 0.0145
ECOS solver failed in IPCW_HAL_init, falling back to SCS: The solver ECOS is not installed.
M-step CVXPY optimize time (sec): 0.2235
ECOS solver failed:  The solver ECOS is not installed. 
Using SCS instead.
ECOS solver failed:  The solver ECOS is not installed. 
Using SCS instead.
ECOS solver failed:  The solver ECOS is not installed. 
Using SCS instead.
ECOS solver failed:  The solver ECOS is not installed. 
Using SCS instead.
ECOS solver failed:  The solver ECOS is not installed. 
Using SCS instead.
ECOS solver failed:  The solver ECOS is not installed. 
Using SCS instead.
ECOS solver failed:  The solver ECOS is not installed. 
Using SCS instead.
ECOS solver failed:  The solver ECOS is not installed. 
Using SCS instead.
ECOS solver failed:  The solver ECOS is not installed. 
Using SCS instead.
ECOS solver failed:  The solver ECOS is not installed. 
Using SCS instead.
ECOS solver failed:  The solver ECOS is not installed. 
Using SCS instead.
ECOS solver failed:  The solver ECOS is not installed. 
Using SCS instead.
ECOS solver failed:  The solver ECOS is not installed. 
Using SCS instead.
ECOS solver failed:  The solver ECOS is not installed. 
Using SCS instead.
ECOS solver failed:  The solver ECOS is not installed. 
Using SCS instead.
ECOS solver failed:  The solver ECOS is not installed. 
Using SCS instead.
ECOS solver failed:  The solver ECOS is not installed. 
Using SCS instead.
ECOS solver failed:  The solver ECOS is not installed. 
Using SCS instead.
ECOS solver failed:  The solver ECOS is not installed. 
Using SCS instead.
ECOS solver failed:  The solver ECOS is not installed. 
Using SCS instead.
ECOS solver failed:  The solver ECOS is not installed. 
Using SCS instead.
M-step Design Matrix Calculation time (sec): 0.1853
ECOS solver failed in IPCW_HAL_init, falling back to SCS: The solver ECOS is not installed.
M-step CVXPY optimize time (sec): 3.0542
ECOS solver failed:  The solver ECOS is not installed. 
Using SCS instead.
ECOS solver failed:  The solver ECOS is not installed. 
Using SCS instead.
ECOS solver failed:  The solver ECOS is not installed. 
Using SCS instead.
ECOS solver failed:  The solver ECOS is not installed. 
Using SCS instead.
ECOS solver failed:  The solver ECOS is not installed. 
Using SCS instead.
ECOS solver failed:  The solver ECOS is not installed. 
Using SCS instead.
ECOS solver failed:  The solver ECOS is not installed. 
Using SCS instead.
ECOS solver failed:  The solver ECOS is not installed. 
Using SCS instead.
ECOS solver failed:  The solver ECOS is not installed. 
Using SCS instead.
ECOS solver failed:  The solver ECOS is not installed. 
Using SCS instead.
ECOS solver failed:  The solver ECOS is not installed. 
Using SCS instead.
ECOS solver failed:  The solver ECOS is not installed. 
Using SCS instead.
ECOS solver failed:  The solver ECOS is not installed. 
Using SCS instead.
ECOS solver failed:  The solver ECOS is not installed. 
Using SCS instead.
ECOS solver failed:  The solver ECOS is not installed. 
Using SCS instead.
ECOS solver failed:  The solver ECOS is not installed. 
Using SCS instead.
ECOS solver failed:  The solver ECOS is not installed. 
Using SCS instead.
ECOS solver failed:  The solver ECOS is not installed. 
Using SCS instead.
ECOS solver failed:  The solver ECOS is not installed. 
Using SCS instead.
ECOS solver failed:  The solver ECOS is not installed. 
Using SCS instead.
ECOS solver failed:  The solver ECOS is not installed. 
Using SCS instead.
M-step Design Matrix Calculation time (sec): 0.0230
ECOS solver failed in IPCW_HAL_init, falling back to SCS: The solver ECOS is not installed.
WARNING - large complementary slackness residual: 0.000969
M-step CVXPY optimize time (sec): 0.6902
ECOS solver failed:  The solver ECOS is not installed. 
Using SCS instead.
ECOS solver failed:  The solver ECOS is not installed. 
Using SCS instead.
ECOS solver failed:  The solver ECOS is not installed. 
Using SCS instead.
ECOS solver failed:  The solver ECOS is not installed. 
Using SCS instead.
ECOS solver failed:  The solver ECOS is not installed. 
Using SCS instead.
ECOS solver failed:  The solver ECOS is not installed. 
Using SCS instead.
ECOS solver failed:  The solver ECOS is not installed. 
Using SCS instead.
ECOS solver failed:  The solver ECOS is not installed. 
Using SCS instead.
ECOS solver failed:  The solver ECOS is not installed. 
Using SCS instead.
ECOS solver failed:  The solver ECOS is not installed. 
Using SCS instead.
ECOS solver failed:  The solver ECOS is not installed. 
Using SCS instead.
ECOS solver failed:  The solver ECOS is not installed. 
Using SCS instead.
ECOS solver failed:  The solver ECOS is not installed. 
Using SCS instead.
ECOS solver failed:  The solver ECOS is not installed. 
Using SCS instead.
ECOS solver failed:  The solver ECOS is not installed. 
Using SCS instead.
ECOS solver failed:  The solver ECOS is not installed. 
Using SCS instead.
ECOS solver failed:  The solver ECOS is not installed. 
Using SCS instead.
ECOS solver failed:  The solver ECOS is not installed. 
Using SCS instead.
ECOS solver failed:  The solver ECOS is not installed. 
Using SCS instead.
ECOS solver failed:  The solver ECOS is not installed. 
Using SCS instead.
ECOS solver failed:  The solver ECOS is not installed. 
Using SCS instead.
M-step Design Matrix Calculation time (sec): 0.0149
ECOS solver failed in IPCW_HAL_init, falling back to SCS: The solver ECOS is not installed.
WARNING - large complementary slackness residual: 0.001259
M-step CVXPY optimize time (sec): 0.8686
ECOS solver failed:  The solver ECOS is not installed. 
Using SCS instead.
ECOS solver failed:  The solver ECOS is not installed. 
Using SCS instead.
ECOS solver failed:  The solver ECOS is not installed. 
Using SCS instead.
ECOS solver failed:  The solver ECOS is not installed. 
Using SCS instead.
ECOS solver failed:  The solver ECOS is not installed. 
Using SCS instead.
ECOS solver failed:  The solver ECOS is not installed. 
Using SCS instead.
ECOS solver failed:  The solver ECOS is not installed. 
Using SCS instead.
ECOS solver failed:  The solver ECOS is not installed. 
Using SCS instead.
ECOS solver failed:  The solver ECOS is not installed. 
Using SCS instead.
ECOS solver failed:  The solver ECOS is not installed. 
Using SCS instead.
ECOS solver failed:  The solver ECOS is not installed. 
Using SCS instead.
ECOS solver failed:  The solver ECOS is not installed. 
Using SCS instead.
ECOS solver failed:  The solver ECOS is not installed. 
Using SCS instead.
ECOS solver failed:  The solver ECOS is not installed. 
Using SCS instead.
ECOS solver failed:  The solver ECOS is not installed. 
Using SCS instead.
ECOS solver failed:  The solver ECOS is not installed. 
Using SCS instead.
ECOS solver failed:  The solver ECOS is not installed. 
Using SCS instead.
ECOS solver failed:  The solver ECOS is not installed. 
Using SCS instead.
ECOS solver failed:  The solver ECOS is not installed. 
Using SCS instead.
ECOS solver failed:  The solver ECOS is not installed. 
Using SCS instead.
ECOS solver failed:  The solver ECOS is not installed. 
Using SCS instead.
M-step Design Matrix Calculation time (sec): 0.0147
ECOS solver failed in IPCW_HAL_init, falling back to SCS: The solver ECOS is not installed.
M-step CVXPY optimize time (sec): 0.4082
ECOS solver failed:  The solver ECOS is not installed. 
Using SCS instead.
ECOS solver failed:  The solver ECOS is not installed. 
Using SCS instead.
ECOS solver failed:  The solver ECOS is not installed. 
Using SCS instead.
ECOS solver failed:  The solver ECOS is not installed. 
Using SCS instead.
ECOS solver failed:  The solver ECOS is not installed. 
Using SCS instead.
ECOS solver failed:  The solver ECOS is not installed. 
Using SCS instead.
ECOS solver failed:  The solver ECOS is not installed. 
Using SCS instead.
ECOS solver failed:  The solver ECOS is not installed. 
Using SCS instead.
ECOS solver failed:  The solver ECOS is not installed. 
Using SCS instead.
ECOS solver failed:  The solver ECOS is not installed. 
Using SCS instead.
ECOS solver failed:  The solver ECOS is not installed. 
Using SCS instead.
ECOS solver failed:  The solver ECOS is not installed. 
Using SCS instead.
ECOS solver failed:  The solver ECOS is not installed. 
Using SCS instead.
ECOS solver failed:  The solver ECOS is not installed. 
Using SCS instead.
ECOS solver failed:  The solver ECOS is not installed. 
Using SCS instead.
ECOS solver failed:  The solver ECOS is not installed. 
Using SCS instead.
ECOS solver failed:  The solver ECOS is not installed. 
Using SCS instead.
ECOS solver failed:  The solver ECOS is not installed. 
Using SCS instead.
ECOS solver failed:  The solver ECOS is not installed. 
Using SCS instead.
ECOS solver failed:  The solver ECOS is not installed. 
Using SCS instead.
ECOS solver failed:  The solver ECOS is not installed. 
Using SCS instead.
M-step Design Matrix Calculation time (sec): 0.0369
ECOS solver failed in IPCW_HAL_init, falling back to SCS: The solver ECOS is not installed.
WARNING - large complementary slackness residual: 0.001305
M-step CVXPY optimize time (sec): 1.4139
ECOS solver failed:  The solver ECOS is not installed. 
Using SCS instead.
ECOS solver failed:  The solver ECOS is not installed. 
Using SCS instead.
ECOS solver failed:  The solver ECOS is not installed. 
Using SCS instead.
ECOS solver failed:  The solver ECOS is not installed. 
Using SCS instead.
ECOS solver failed:  The solver ECOS is not installed. 
Using SCS instead.
ECOS solver failed:  The solver ECOS is not installed. 
Using SCS instead.
ECOS solver failed:  The solver ECOS is not installed. 
Using SCS instead.
ECOS solver failed:  The solver ECOS is not installed. 
Using SCS instead.
ECOS solver failed:  The solver ECOS is not installed. 
Using SCS instead.
ECOS solver failed:  The solver ECOS is not installed. 
Using SCS instead.
ECOS solver failed:  The solver ECOS is not installed. 
Using SCS instead.
ECOS solver failed:  The solver ECOS is not installed. 
Using SCS instead.
ECOS solver failed:  The solver ECOS is not installed. 
Using SCS instead.
ECOS solver failed:  The solver ECOS is not installed. 
Using SCS instead.
ECOS solver failed:  The solver ECOS is not installed. 
Using SCS instead.
ECOS solver failed:  The solver ECOS is not installed. 
Using SCS instead.
ECOS solver failed:  The solver ECOS is not installed. 
Using SCS instead.
ECOS solver failed:  The solver ECOS is not installed. 
Using SCS instead.
ECOS solver failed:  The solver ECOS is not installed. 
Using SCS instead.
ECOS solver failed:  The solver ECOS is not installed. 
Using SCS instead.
ECOS solver failed:  The solver ECOS is not installed. 
Using SCS instead.
M-step Design Matrix Calculation time (sec): 0.0139
ECOS solver failed in IPCW_HAL_init, falling back to SCS: The solver ECOS is not installed.
WARNING - large complementary slackness residual: 0.001884
M-step CVXPY optimize time (sec): 0.6437
ECOS solver failed:  The solver ECOS is not installed. 
Using SCS instead.
ECOS solver failed:  The solver ECOS is not installed. 
Using SCS instead.
ECOS solver failed:  The solver ECOS is not installed. 
Using SCS instead.
ECOS solver failed:  The solver ECOS is not installed. 
Using SCS instead.
ECOS solver failed:  The solver ECOS is not installed. 
Using SCS instead.
ECOS solver failed:  The solver ECOS is not installed. 
Using SCS instead.
ECOS solver failed:  The solver ECOS is not installed. 
Using SCS instead.
ECOS solver failed:  The solver ECOS is not installed. 
Using SCS instead.
ECOS solver failed:  The solver ECOS is not installed. 
Using SCS instead.
ECOS solver failed:  The solver ECOS is not installed. 
Using SCS instead.
ECOS solver failed:  The solver ECOS is not installed. 
Using SCS instead.
ECOS solver failed:  The solver ECOS is not installed. 
Using SCS instead.
ECOS solver failed:  The solver ECOS is not installed. 
Using SCS instead.
ECOS solver failed:  The solver ECOS is not installed. 
Using SCS instead.
ECOS solver failed:  The solver ECOS is not installed. 
Using SCS instead.
ECOS solver failed:  The solver ECOS is not installed. 
Using SCS instead.
ECOS solver failed:  The solver ECOS is not installed. 
Using SCS instead.
ECOS solver failed:  The solver ECOS is not installed. 
Using SCS instead.
ECOS solver failed:  The solver ECOS is not installed. 
Using SCS instead.
ECOS solver failed:  The solver ECOS is not installed. 
Using SCS instead.
ECOS solver failed:  The solver ECOS is not installed. 
Using SCS instead.
M-step Design Matrix Calculation time (sec): 0.0147
ECOS solver failed in IPCW_HAL_init, falling back to SCS: The solver ECOS is not installed.
WARNING - large complementary slackness residual: 0.000979
M-step CVXPY optimize time (sec): 0.5620
ECOS solver failed:  The solver ECOS is not installed. 
Using SCS instead.
ECOS solver failed:  The solver ECOS is not installed. 
Using SCS instead.
ECOS solver failed:  The solver ECOS is not installed. 
Using SCS instead.
ECOS solver failed:  The solver ECOS is not installed. 
Using SCS instead.
ECOS solver failed:  The solver ECOS is not installed. 
Using SCS instead.
ECOS solver failed:  The solver ECOS is not installed. 
Using SCS instead.
ECOS solver failed:  The solver ECOS is not installed. 
Using SCS instead.
ECOS solver failed:  The solver ECOS is not installed. 
Using SCS instead.
ECOS solver failed:  The solver ECOS is not installed. 
Using SCS instead.
ECOS solver failed:  The solver ECOS is not installed. 
Using SCS instead.
ECOS solver failed:  The solver ECOS is not installed. 
Using SCS instead.
ECOS solver failed:  The solver ECOS is not installed. 
Using SCS instead.
ECOS solver failed:  The solver ECOS is not installed. 
Using SCS instead.
ECOS solver failed:  The solver ECOS is not installed. 
Using SCS instead.
ECOS solver failed:  The solver ECOS is not installed. 
Using SCS instead.
ECOS solver failed:  The solver ECOS is not installed. 
Using SCS instead.
ECOS solver failed:  The solver ECOS is not installed. 
Using SCS instead.
ECOS solver failed:  The solver ECOS is not installed. 
Using SCS instead.
ECOS solver failed:  The solver ECOS is not installed. 
Using SCS instead.
ECOS solver failed:  The solver ECOS is not installed. 
Using SCS instead.
ECOS solver failed:  The solver ECOS is not installed. 
Using SCS instead.
M-step Design Matrix Calculation time (sec): 0.0142
ECOS solver failed in IPCW_HAL_init, falling back to SCS: The solver ECOS is not installed.
WARNING - large complementary slackness residual: 0.002602
M-step CVXPY optimize time (sec): 0.2120
ECOS solver failed:  The solver ECOS is not installed. 
Using SCS instead.
ECOS solver failed:  The solver ECOS is not installed. 
Using SCS instead.
ECOS solver failed:  The solver ECOS is not installed. 
Using SCS instead.
ECOS solver failed:  The solver ECOS is not installed. 
Using SCS instead.
ECOS solver failed:  The solver ECOS is not installed. 
Using SCS instead.
ECOS solver failed:  The solver ECOS is not installed. 
Using SCS instead.
ECOS solver failed:  The solver ECOS is not installed. 
Using SCS instead.
ECOS solver failed:  The solver ECOS is not installed. 
Using SCS instead.
ECOS solver failed:  The solver ECOS is not installed. 
Using SCS instead.
ECOS solver failed:  The solver ECOS is not installed. 
Using SCS instead.
ECOS solver failed:  The solver ECOS is not installed. 
Using SCS instead.
ECOS solver failed:  The solver ECOS is not installed. 
Using SCS instead.
ECOS solver failed:  The solver ECOS is not installed. 
Using SCS instead.
ECOS solver failed:  The solver ECOS is not installed. 
Using SCS instead.
ECOS solver failed:  The solver ECOS is not installed. 
Using SCS instead.
ECOS solver failed:  The solver ECOS is not installed. 
Using SCS instead.
ECOS solver failed:  The solver ECOS is not installed. 
Using SCS instead.
ECOS solver failed:  The solver ECOS is not installed. 
Using SCS instead.
ECOS solver failed:  The solver ECOS is not installed. 
Using SCS instead.
ECOS solver failed:  The solver ECOS is not installed. 
Using SCS instead.
ECOS solver failed:  The solver ECOS is not installed. 
Using SCS instead.
M-step Design Matrix Calculation time (sec): 0.0145
ECOS solver failed in IPCW_HAL_init, falling back to SCS: The solver ECOS is not installed.
M-step CVXPY optimize time (sec): 0.1492
ECOS solver failed:  The solver ECOS is not installed. 
Using SCS instead.
ECOS solver failed:  The solver ECOS is not installed. 
Using SCS instead.
ECOS solver failed:  The solver ECOS is not installed. 
Using SCS instead.
ECOS solver failed:  The solver ECOS is not installed. 
Using SCS instead.
ECOS solver failed:  The solver ECOS is not installed. 
Using SCS instead.
ECOS solver failed:  The solver ECOS is not installed. 
Using SCS instead.
ECOS solver failed:  The solver ECOS is not installed. 
Using SCS instead.
ECOS solver failed:  The solver ECOS is not installed. 
Using SCS instead.
ECOS solver failed:  The solver ECOS is not installed. 
Using SCS instead.
ECOS solver failed:  The solver ECOS is not installed. 
Using SCS instead.
ECOS solver failed:  The solver ECOS is not installed. 
Using SCS instead.
ECOS solver failed:  The solver ECOS is not installed. 
Using SCS instead.
ECOS solver failed:  The solver ECOS is not installed. 
Using SCS instead.
ECOS solver failed:  The solver ECOS is not installed. 
Using SCS instead.
ECOS solver failed:  The solver ECOS is not installed. 
Using SCS instead.
ECOS solver failed:  The solver ECOS is not installed. 
Using SCS instead.
ECOS solver failed:  The solver ECOS is not installed. 
Using SCS instead.
ECOS solver failed:  The solver ECOS is not installed. 
Using SCS instead.
ECOS solver failed:  The solver ECOS is not installed. 
Using SCS instead.
ECOS solver failed:  The solver ECOS is not installed. 
Using SCS instead.
ECOS solver failed:  The solver ECOS is not installed. 
Using SCS instead.
M-step Design Matrix Calculation time (sec): 0.0157
ECOS solver failed in IPCW_HAL_init, falling back to SCS: The solver ECOS is not installed.
WARNING - large complementary slackness residual: 0.001637
M-step CVXPY optimize time (sec): 0.5119
ECOS solver failed:  The solver ECOS is not installed. 
Using SCS instead.
ECOS solver failed:  The solver ECOS is not installed. 
Using SCS instead.
ECOS solver failed:  The solver ECOS is not installed. 
Using SCS instead.
ECOS solver failed:  The solver ECOS is not installed. 
Using SCS instead.
ECOS solver failed:  The solver ECOS is not installed. 
Using SCS instead.
ECOS solver failed:  The solver ECOS is not installed. 
Using SCS instead.
ECOS solver failed:  The solver ECOS is not installed. 
Using SCS instead.
ECOS solver failed:  The solver ECOS is not installed. 
Using SCS instead.
ECOS solver failed:  The solver ECOS is not installed. 
Using SCS instead.
ECOS solver failed:  The solver ECOS is not installed. 
Using SCS instead.
ECOS solver failed:  The solver ECOS is not installed. 
Using SCS instead.
ECOS solver failed:  The solver ECOS is not installed. 
Using SCS instead.
ECOS solver failed:  The solver ECOS is not installed. 
Using SCS instead.
ECOS solver failed:  The solver ECOS is not installed. 
Using SCS instead.
ECOS solver failed:  The solver ECOS is not installed. 
Using SCS instead.
ECOS solver failed:  The solver ECOS is not installed. 
Using SCS instead.
ECOS solver failed:  The solver ECOS is not installed. 
Using SCS instead.
ECOS solver failed:  The solver ECOS is not installed. 
Using SCS instead.
ECOS solver failed:  The solver ECOS is not installed. 
Using SCS instead.
ECOS solver failed:  The solver ECOS is not installed. 
Using SCS instead.
ECOS solver failed:  The solver ECOS is not installed. 
Using SCS instead.
M-step Design Matrix Calculation time (sec): 0.0140
ECOS solver failed in IPCW_HAL_init, falling back to SCS: The solver ECOS is not installed.
WARNING - large complementary slackness residual: 0.001685
M-step CVXPY optimize time (sec): 0.7258
ECOS solver failed:  The solver ECOS is not installed. 
Using SCS instead.
ECOS solver failed:  The solver ECOS is not installed. 
Using SCS instead.
ECOS solver failed:  The solver ECOS is not installed. 
Using SCS instead.
ECOS solver failed:  The solver ECOS is not installed. 
Using SCS instead.
ECOS solver failed:  The solver ECOS is not installed. 
Using SCS instead.
ECOS solver failed:  The solver ECOS is not installed. 
Using SCS instead.
ECOS solver failed:  The solver ECOS is not installed. 
Using SCS instead.
ECOS solver failed:  The solver ECOS is not installed. 
Using SCS instead.
ECOS solver failed:  The solver ECOS is not installed. 
Using SCS instead.
ECOS solver failed:  The solver ECOS is not installed. 
Using SCS instead.
ECOS solver failed:  The solver ECOS is not installed. 
Using SCS instead.
ECOS solver failed:  The solver ECOS is not installed. 
Using SCS instead.
ECOS solver failed:  The solver ECOS is not installed. 
Using SCS instead.
ECOS solver failed:  The solver ECOS is not installed. 
Using SCS instead.
ECOS solver failed:  The solver ECOS is not installed. 
Using SCS instead.
ECOS solver failed:  The solver ECOS is not installed. 
Using SCS instead.
ECOS solver failed:  The solver ECOS is not installed. 
Using SCS instead.
ECOS solver failed:  The solver ECOS is not installed. 
Using SCS instead.
ECOS solver failed:  The solver ECOS is not installed. 
Using SCS instead.
ECOS solver failed:  The solver ECOS is not installed. 
Using SCS instead.
ECOS solver failed:  The solver ECOS is not installed. 
Using SCS instead.
M-step Design Matrix Calculation time (sec): 0.0144
ECOS solver failed in IPCW_HAL_init, falling back to SCS: The solver ECOS is not installed.
WARNING - large complementary slackness residual: 0.001264
M-step CVXPY optimize time (sec): 0.6118
ECOS solver failed:  The solver ECOS is not installed. 
Using SCS instead.
ECOS solver failed:  The solver ECOS is not installed. 
Using SCS instead.
ECOS solver failed:  The solver ECOS is not installed. 
Using SCS instead.
ECOS solver failed:  The solver ECOS is not installed. 
Using SCS instead.
ECOS solver failed:  The solver ECOS is not installed. 
Using SCS instead.
ECOS solver failed:  The solver ECOS is not installed. 
Using SCS instead.
ECOS solver failed:  The solver ECOS is not installed. 
Using SCS instead.
ECOS solver failed:  The solver ECOS is not installed. 
Using SCS instead.
ECOS solver failed:  The solver ECOS is not installed. 
Using SCS instead.
ECOS solver failed:  The solver ECOS is not installed. 
Using SCS instead.
ECOS solver failed:  The solver ECOS is not installed. 
Using SCS instead.
ECOS solver failed:  The solver ECOS is not installed. 
Using SCS instead.
ECOS solver failed:  The solver ECOS is not installed. 
Using SCS instead.
ECOS solver failed:  The solver ECOS is not installed. 
Using SCS instead.
ECOS solver failed:  The solver ECOS is not installed. 
Using SCS instead.
ECOS solver failed:  The solver ECOS is not installed. 
Using SCS instead.
ECOS solver failed:  The solver ECOS is not installed. 
Using SCS instead.
ECOS solver failed:  The solver ECOS is not installed. 
Using SCS instead.
ECOS solver failed:  The solver ECOS is not installed. 
Using SCS instead.
ECOS solver failed:  The solver ECOS is not installed. 
Using SCS instead.
ECOS solver failed:  The solver ECOS is not installed. 
Using SCS instead.
M-step Design Matrix Calculation time (sec): 0.0162
ECOS solver failed in IPCW_HAL_init, falling back to SCS: The solver ECOS is not installed.
WARNING - large complementary slackness residual: 0.000992
M-step CVXPY optimize time (sec): 2.2588
ECOS solver failed:  The solver ECOS is not installed. 
Using SCS instead.
ECOS solver failed:  The solver ECOS is not installed. 
Using SCS instead.
ECOS solver failed:  The solver ECOS is not installed. 
Using SCS instead.
ECOS solver failed:  The solver ECOS is not installed. 
Using SCS instead.
ECOS solver failed:  The solver ECOS is not installed. 
Using SCS instead.
ECOS solver failed:  The solver ECOS is not installed. 
Using SCS instead.
ECOS solver failed:  The solver ECOS is not installed. 
Using SCS instead.
ECOS solver failed:  The solver ECOS is not installed. 
Using SCS instead.
ECOS solver failed:  The solver ECOS is not installed. 
Using SCS instead.
ECOS solver failed:  The solver ECOS is not installed. 
Using SCS instead.
ECOS solver failed:  The solver ECOS is not installed. 
Using SCS instead.
ECOS solver failed:  The solver ECOS is not installed. 
Using SCS instead.
ECOS solver failed:  The solver ECOS is not installed. 
Using SCS instead.
ECOS solver failed:  The solver ECOS is not installed. 
Using SCS instead.
ECOS solver failed:  The solver ECOS is not installed. 
Using SCS instead.
ECOS solver failed:  The solver ECOS is not installed. 
Using SCS instead.
ECOS solver failed:  The solver ECOS is not installed. 
Using SCS instead.
ECOS solver failed:  The solver ECOS is not installed. 
Using SCS instead.
ECOS solver failed:  The solver ECOS is not installed. 
Using SCS instead.
ECOS solver failed:  The solver ECOS is not installed. 
Using SCS instead.
ECOS solver failed:  The solver ECOS is not installed. 
Using SCS instead.
M-step Design Matrix Calculation time (sec): 0.0145
ECOS solver failed in IPCW_HAL_init, falling back to SCS: The solver ECOS is not installed.
WARNING - large complementary slackness residual: 0.001834
M-step CVXPY optimize time (sec): 0.4410
ECOS solver failed:  The solver ECOS is not installed. 
Using SCS instead.
ECOS solver failed:  The solver ECOS is not installed. 
Using SCS instead.
ECOS solver failed:  The solver ECOS is not installed. 
Using SCS instead.
ECOS solver failed:  The solver ECOS is not installed. 
Using SCS instead.
ECOS solver failed:  The solver ECOS is not installed. 
Using SCS instead.
ECOS solver failed:  The solver ECOS is not installed. 
Using SCS instead.
ECOS solver failed:  The solver ECOS is not installed. 
Using SCS instead.
ECOS solver failed:  The solver ECOS is not installed. 
Using SCS instead.
ECOS solver failed:  The solver ECOS is not installed. 
Using SCS instead.
ECOS solver failed:  The solver ECOS is not installed. 
Using SCS instead.
ECOS solver failed:  The solver ECOS is not installed. 
Using SCS instead.
ECOS solver failed:  The solver ECOS is not installed. 
Using SCS instead.
ECOS solver failed:  The solver ECOS is not installed. 
Using SCS instead.
ECOS solver failed:  The solver ECOS is not installed. 
Using SCS instead.
ECOS solver failed:  The solver ECOS is not installed. 
Using SCS instead.
ECOS solver failed:  The solver ECOS is not installed. 
Using SCS instead.
ECOS solver failed:  The solver ECOS is not installed. 
Using SCS instead.
ECOS solver failed:  The solver ECOS is not installed. 
Using SCS instead.
ECOS solver failed:  The solver ECOS is not installed. 
Using SCS instead.
ECOS solver failed:  The solver ECOS is not installed. 
Using SCS instead.
ECOS solver failed:  The solver ECOS is not installed. 
Using SCS instead.
M-step Design Matrix Calculation time (sec): 0.0149
ECOS solver failed in IPCW_HAL_init, falling back to SCS: The solver ECOS is not installed.
WARNING - large complementary slackness residual: 0.001207
M-step CVXPY optimize time (sec): 0.7532
ECOS solver failed:  The solver ECOS is not installed. 
Using SCS instead.
ECOS solver failed:  The solver ECOS is not installed. 
Using SCS instead.
ECOS solver failed:  The solver ECOS is not installed. 
Using SCS instead.
ECOS solver failed:  The solver ECOS is not installed. 
Using SCS instead.
ECOS solver failed:  The solver ECOS is not installed. 
Using SCS instead.
ECOS solver failed:  The solver ECOS is not installed. 
Using SCS instead.
ECOS solver failed:  The solver ECOS is not installed. 
Using SCS instead.
ECOS solver failed:  The solver ECOS is not installed. 
Using SCS instead.
ECOS solver failed:  The solver ECOS is not installed. 
Using SCS instead.
ECOS solver failed:  The solver ECOS is not installed. 
Using SCS instead.
ECOS solver failed:  The solver ECOS is not installed. 
Using SCS instead.
ECOS solver failed:  The solver ECOS is not installed. 
Using SCS instead.
ECOS solver failed:  The solver ECOS is not installed. 
Using SCS instead.
ECOS solver failed:  The solver ECOS is not installed. 
Using SCS instead.
ECOS solver failed:  The solver ECOS is not installed. 
Using SCS instead.
ECOS solver failed:  The solver ECOS is not installed. 
Using SCS instead.
ECOS solver failed:  The solver ECOS is not installed. 
Using SCS instead.
ECOS solver failed:  The solver ECOS is not installed. 
Using SCS instead.
ECOS solver failed:  The solver ECOS is not installed. 
Using SCS instead.
ECOS solver failed:  The solver ECOS is not installed. 
Using SCS instead.
ECOS solver failed:  The solver ECOS is not installed. 
Using SCS instead.
M-step Design Matrix Calculation time (sec): 0.0161
ECOS solver failed in IPCW_HAL_init, falling back to SCS: The solver ECOS is not installed.
M-step CVXPY optimize time (sec): 0.6128
ECOS solver failed:  The solver ECOS is not installed. 
Using SCS instead.
ECOS solver failed:  The solver ECOS is not installed. 
Using SCS instead.
ECOS solver failed:  The solver ECOS is not installed. 
Using SCS instead.
ECOS solver failed:  The solver ECOS is not installed. 
Using SCS instead.
ECOS solver failed:  The solver ECOS is not installed. 
Using SCS instead.
ECOS solver failed:  The solver ECOS is not installed. 
Using SCS instead.
ECOS solver failed:  The solver ECOS is not installed. 
Using SCS instead.
ECOS solver failed:  The solver ECOS is not installed. 
Using SCS instead.
ECOS solver failed:  The solver ECOS is not installed. 
Using SCS instead.
ECOS solver failed:  The solver ECOS is not installed. 
Using SCS instead.
ECOS solver failed:  The solver ECOS is not installed. 
Using SCS instead.
ECOS solver failed:  The solver ECOS is not installed. 
Using SCS instead.
ECOS solver failed:  The solver ECOS is not installed. 
Using SCS instead.
ECOS solver failed:  The solver ECOS is not installed. 
Using SCS instead.
ECOS solver failed:  The solver ECOS is not installed. 
Using SCS instead.
ECOS solver failed:  The solver ECOS is not installed. 
Using SCS instead.
ECOS solver failed:  The solver ECOS is not installed. 
Using SCS instead.
ECOS solver failed:  The solver ECOS is not installed. 
Using SCS instead.
ECOS solver failed:  The solver ECOS is not installed. 
Using SCS instead.
ECOS solver failed:  The solver ECOS is not installed. 
Using SCS instead.
ECOS solver failed:  The solver ECOS is not installed. 
Using SCS instead.
M-step Design Matrix Calculation time (sec): 0.0439
ECOS solver failed in IPCW_HAL_init, falling back to SCS: The solver ECOS is not installed.
WARNING - large complementary slackness residual: 0.001136
M-step CVXPY optimize time (sec): 1.1159
ECOS solver failed:  The solver ECOS is not installed. 
Using SCS instead.
ECOS solver failed:  The solver ECOS is not installed. 
Using SCS instead.
ECOS solver failed:  The solver ECOS is not installed. 
Using SCS instead.
ECOS solver failed:  The solver ECOS is not installed. 
Using SCS instead.
ECOS solver failed:  The solver ECOS is not installed. 
Using SCS instead.
ECOS solver failed:  The solver ECOS is not installed. 
Using SCS instead.
ECOS solver failed:  The solver ECOS is not installed. 
Using SCS instead.
ECOS solver failed:  The solver ECOS is not installed. 
Using SCS instead.
ECOS solver failed:  The solver ECOS is not installed. 
Using SCS instead.
ECOS solver failed:  The solver ECOS is not installed. 
Using SCS instead.
ECOS solver failed:  The solver ECOS is not installed. 
Using SCS instead.
ECOS solver failed:  The solver ECOS is not installed. 
Using SCS instead.
ECOS solver failed:  The solver ECOS is not installed. 
Using SCS instead.
ECOS solver failed:  The solver ECOS is not installed. 
Using SCS instead.
ECOS solver failed:  The solver ECOS is not installed. 
Using SCS instead.
ECOS solver failed:  The solver ECOS is not installed. 
Using SCS instead.
ECOS solver failed:  The solver ECOS is not installed. 
Using SCS instead.
ECOS solver failed:  The solver ECOS is not installed. 
Using SCS instead.
ECOS solver failed:  The solver ECOS is not installed. 
Using SCS instead.
ECOS solver failed:  The solver ECOS is not installed. 
Using SCS instead.
ECOS solver failed:  The solver ECOS is not installed. 
Using SCS instead.
M-step Design Matrix Calculation time (sec): 0.0338
ECOS solver failed in IPCW_HAL_init, falling back to SCS: The solver ECOS is not installed.
M-step CVXPY optimize time (sec): 1.5720
ECOS solver failed:  The solver ECOS is not installed. 
Using SCS instead.
ECOS solver failed:  The solver ECOS is not installed. 
Using SCS instead.
ECOS solver failed:  The solver ECOS is not installed. 
Using SCS instead.
ECOS solver failed:  The solver ECOS is not installed. 
Using SCS instead.
ECOS solver failed:  The solver ECOS is not installed. 
Using SCS instead.
ECOS solver failed:  The solver ECOS is not installed. 
Using SCS instead.
ECOS solver failed:  The solver ECOS is not installed. 
Using SCS instead.
ECOS solver failed:  The solver ECOS is not installed. 
Using SCS instead.
ECOS solver failed:  The solver ECOS is not installed. 
Using SCS instead.
ECOS solver failed:  The solver ECOS is not installed. 
Using SCS instead.
ECOS solver failed:  The solver ECOS is not installed. 
Using SCS instead.
ECOS solver failed:  The solver ECOS is not installed. 
Using SCS instead.
ECOS solver failed:  The solver ECOS is not installed. 
Using SCS instead.
ECOS solver failed:  The solver ECOS is not installed. 
Using SCS instead.
ECOS solver failed:  The solver ECOS is not installed. 
Using SCS instead.
ECOS solver failed:  The solver ECOS is not installed. 
Using SCS instead.
ECOS solver failed:  The solver ECOS is not installed. 
Using SCS instead.
ECOS solver failed:  The solver ECOS is not installed. 
Using SCS instead.
ECOS solver failed:  The solver ECOS is not installed. 
Using SCS instead.
ECOS solver failed:  The solver ECOS is not installed. 
Using SCS instead.
ECOS solver failed:  The solver ECOS is not installed. 
Using SCS instead.
M-step Design Matrix Calculation time (sec): 0.1082
ECOS solver failed in IPCW_HAL_init, falling back to SCS: The solver ECOS is not installed.
M-step CVXPY optimize time (sec): 0.9742
ECOS solver failed:  The solver ECOS is not installed. 
Using SCS instead.
ECOS solver failed:  The solver ECOS is not installed. 
Using SCS instead.
ECOS solver failed:  The solver ECOS is not installed. 
Using SCS instead.
ECOS solver failed:  The solver ECOS is not installed. 
Using SCS instead.
ECOS solver failed:  The solver ECOS is not installed. 
Using SCS instead.
ECOS solver failed:  The solver ECOS is not installed. 
Using SCS instead.
ECOS solver failed:  The solver ECOS is not installed. 
Using SCS instead.
ECOS solver failed:  The solver ECOS is not installed. 
Using SCS instead.
ECOS solver failed:  The solver ECOS is not installed. 
Using SCS instead.
ECOS solver failed:  The solver ECOS is not installed. 
Using SCS instead.
ECOS solver failed:  The solver ECOS is not installed. 
Using SCS instead.
ECOS solver failed:  The solver ECOS is not installed. 
Using SCS instead.
ECOS solver failed:  The solver ECOS is not installed. 
Using SCS instead.
ECOS solver failed:  The solver ECOS is not installed. 
Using SCS instead.
ECOS solver failed:  The solver ECOS is not installed. 
Using SCS instead.
ECOS solver failed:  The solver ECOS is not installed. 
Using SCS instead.
ECOS solver failed:  The solver ECOS is not installed. 
Using SCS instead.
ECOS solver failed:  The solver ECOS is not installed. 
Using SCS instead.
ECOS solver failed:  The solver ECOS is not installed. 
Using SCS instead.
ECOS solver failed:  The solver ECOS is not installed. 
Using SCS instead.
ECOS solver failed:  The solver ECOS is not installed. 
Using SCS instead.
M-step Design Matrix Calculation time (sec): 0.0140
ECOS solver failed in IPCW_HAL_init, falling back to SCS: The solver ECOS is not installed.
WARNING - large complementary slackness residual: 0.001168
M-step CVXPY optimize time (sec): 0.6102
ECOS solver failed:  The solver ECOS is not installed. 
Using SCS instead.
ECOS solver failed:  The solver ECOS is not installed. 
Using SCS instead.
ECOS solver failed:  The solver ECOS is not installed. 
Using SCS instead.
ECOS solver failed:  The solver ECOS is not installed. 
Using SCS instead.
ECOS solver failed:  The solver ECOS is not installed. 
Using SCS instead.
ECOS solver failed:  The solver ECOS is not installed. 
Using SCS instead.
ECOS solver failed:  The solver ECOS is not installed. 
Using SCS instead.
ECOS solver failed:  The solver ECOS is not installed. 
Using SCS instead.
ECOS solver failed:  The solver ECOS is not installed. 
Using SCS instead.
ECOS solver failed:  The solver ECOS is not installed. 
Using SCS instead.
ECOS solver failed:  The solver ECOS is not installed. 
Using SCS instead.
ECOS solver failed:  The solver ECOS is not installed. 
Using SCS instead.
ECOS solver failed:  The solver ECOS is not installed. 
Using SCS instead.
ECOS solver failed:  The solver ECOS is not installed. 
Using SCS instead.
ECOS solver failed:  The solver ECOS is not installed. 
Using SCS instead.
ECOS solver failed:  The solver ECOS is not installed. 
Using SCS instead.
ECOS solver failed:  The solver ECOS is not installed. 
Using SCS instead.
ECOS solver failed:  The solver ECOS is not installed. 
Using SCS instead.
ECOS solver failed:  The solver ECOS is not installed. 
Using SCS instead.
ECOS solver failed:  The solver ECOS is not installed. 
Using SCS instead.
ECOS solver failed:  The solver ECOS is not installed. 
Using SCS instead.
M-step Design Matrix Calculation time (sec): 0.0298
ECOS solver failed in IPCW_HAL_init, falling back to SCS: The solver ECOS is not installed.
M-step CVXPY optimize time (sec): 0.8794
ECOS solver failed:  The solver ECOS is not installed. 
Using SCS instead.
ECOS solver failed:  The solver ECOS is not installed. 
Using SCS instead.
ECOS solver failed:  The solver ECOS is not installed. 
Using SCS instead.
ECOS solver failed:  The solver ECOS is not installed. 
Using SCS instead.
ECOS solver failed:  The solver ECOS is not installed. 
Using SCS instead.
ECOS solver failed:  The solver ECOS is not installed. 
Using SCS instead.
ECOS solver failed:  The solver ECOS is not installed. 
Using SCS instead.
ECOS solver failed:  The solver ECOS is not installed. 
Using SCS instead.
ECOS solver failed:  The solver ECOS is not installed. 
Using SCS instead.
ECOS solver failed:  The solver ECOS is not installed. 
Using SCS instead.
ECOS solver failed:  The solver ECOS is not installed. 
Using SCS instead.
ECOS solver failed:  The solver ECOS is not installed. 
Using SCS instead.
ECOS solver failed:  The solver ECOS is not installed. 
Using SCS instead.
ECOS solver failed:  The solver ECOS is not installed. 
Using SCS instead.
ECOS solver failed:  The solver ECOS is not installed. 
Using SCS instead.
ECOS solver failed:  The solver ECOS is not installed. 
Using SCS instead.
ECOS solver failed:  The solver ECOS is not installed. 
Using SCS instead.
ECOS solver failed:  The solver ECOS is not installed. 
Using SCS instead.
ECOS solver failed:  The solver ECOS is not installed. 
Using SCS instead.
ECOS solver failed:  The solver ECOS is not installed. 
Using SCS instead.
ECOS solver failed:  The solver ECOS is not installed. 
Using SCS instead.
M-step Design Matrix Calculation time (sec): 0.0154
ECOS solver failed in IPCW_HAL_init, falling back to SCS: The solver ECOS is not installed.
WARNING - large complementary slackness residual: 0.001425
M-step CVXPY optimize time (sec): 0.7018
ECOS solver failed:  The solver ECOS is not installed. 
Using SCS instead.
ECOS solver failed:  The solver ECOS is not installed. 
Using SCS instead.
ECOS solver failed:  The solver ECOS is not installed. 
Using SCS instead.
ECOS solver failed:  The solver ECOS is not installed. 
Using SCS instead.
ECOS solver failed:  The solver ECOS is not installed. 
Using SCS instead.
ECOS solver failed:  The solver ECOS is not installed. 
Using SCS instead.
ECOS solver failed:  The solver ECOS is not installed. 
Using SCS instead.
ECOS solver failed:  The solver ECOS is not installed. 
Using SCS instead.
ECOS solver failed:  The solver ECOS is not installed. 
Using SCS instead.
ECOS solver failed:  The solver ECOS is not installed. 
Using SCS instead.
ECOS solver failed:  The solver ECOS is not installed. 
Using SCS instead.
ECOS solver failed:  The solver ECOS is not installed. 
Using SCS instead.
ECOS solver failed:  The solver ECOS is not installed. 
Using SCS instead.
ECOS solver failed:  The solver ECOS is not installed. 
Using SCS instead.
ECOS solver failed:  The solver ECOS is not installed. 
Using SCS instead.
ECOS solver failed:  The solver ECOS is not installed. 
Using SCS instead.
ECOS solver failed:  The solver ECOS is not installed. 
Using SCS instead.
ECOS solver failed:  The solver ECOS is not installed. 
Using SCS instead.
ECOS solver failed:  The solver ECOS is not installed. 
Using SCS instead.
ECOS solver failed:  The solver ECOS is not installed. 
Using SCS instead.
ECOS solver failed:  The solver ECOS is not installed. 
Using SCS instead.
M-step Design Matrix Calculation time (sec): 0.0168
ECOS solver failed in IPCW_HAL_init, falling back to SCS: The solver ECOS is not installed.
M-step CVXPY optimize time (sec): 0.7145
ECOS solver failed:  The solver ECOS is not installed. 
Using SCS instead.
ECOS solver failed:  The solver ECOS is not installed. 
Using SCS instead.
ECOS solver failed:  The solver ECOS is not installed. 
Using SCS instead.
ECOS solver failed:  The solver ECOS is not installed. 
Using SCS instead.
ECOS solver failed:  The solver ECOS is not installed. 
Using SCS instead.
ECOS solver failed:  The solver ECOS is not installed. 
Using SCS instead.
ECOS solver failed:  The solver ECOS is not installed. 
Using SCS instead.
ECOS solver failed:  The solver ECOS is not installed. 
Using SCS instead.
ECOS solver failed:  The solver ECOS is not installed. 
Using SCS instead.
ECOS solver failed:  The solver ECOS is not installed. 
Using SCS instead.
ECOS solver failed:  The solver ECOS is not installed. 
Using SCS instead.
ECOS solver failed:  The solver ECOS is not installed. 
Using SCS instead.
ECOS solver failed:  The solver ECOS is not installed. 
Using SCS instead.
ECOS solver failed:  The solver ECOS is not installed. 
Using SCS instead.
ECOS solver failed:  The solver ECOS is not installed. 
Using SCS instead.
ECOS solver failed:  The solver ECOS is not installed. 
Using SCS instead.
ECOS solver failed:  The solver ECOS is not installed. 
Using SCS instead.
ECOS solver failed:  The solver ECOS is not installed. 
Using SCS instead.
ECOS solver failed:  The solver ECOS is not installed. 
Using SCS instead.
ECOS solver failed:  The solver ECOS is not installed. 
Using SCS instead.
ECOS solver failed:  The solver ECOS is not installed. 
Using SCS instead.
M-step Design Matrix Calculation time (sec): 0.0170
ECOS solver failed in IPCW_HAL_init, falling back to SCS: The solver ECOS is not installed.
WARNING - large complementary slackness residual: 0.001677
M-step CVXPY optimize time (sec): 0.4322
ECOS solver failed:  The solver ECOS is not installed. 
Using SCS instead.
ECOS solver failed:  The solver ECOS is not installed. 
Using SCS instead.
ECOS solver failed:  The solver ECOS is not installed. 
Using SCS instead.
ECOS solver failed:  The solver ECOS is not installed. 
Using SCS instead.
ECOS solver failed:  The solver ECOS is not installed. 
Using SCS instead.
ECOS solver failed:  The solver ECOS is not installed. 
Using SCS instead.
ECOS solver failed:  The solver ECOS is not installed. 
Using SCS instead.
ECOS solver failed:  The solver ECOS is not installed. 
Using SCS instead.
ECOS solver failed:  The solver ECOS is not installed. 
Using SCS instead.
ECOS solver failed:  The solver ECOS is not installed. 
Using SCS instead.
ECOS solver failed:  The solver ECOS is not installed. 
Using SCS instead.
ECOS solver failed:  The solver ECOS is not installed. 
Using SCS instead.
ECOS solver failed:  The solver ECOS is not installed. 
Using SCS instead.
ECOS solver failed:  The solver ECOS is not installed. 
Using SCS instead.
ECOS solver failed:  The solver ECOS is not installed. 
Using SCS instead.
ECOS solver failed:  The solver ECOS is not installed. 
Using SCS instead.
ECOS solver failed:  The solver ECOS is not installed. 
Using SCS instead.
ECOS solver failed:  The solver ECOS is not installed. 
Using SCS instead.
ECOS solver failed:  The solver ECOS is not installed. 
Using SCS instead.
ECOS solver failed:  The solver ECOS is not installed. 
Using SCS instead.
ECOS solver failed:  The solver ECOS is not installed. 
Using SCS instead.
M-step Design Matrix Calculation time (sec): 0.0181
ECOS solver failed in IPCW_HAL_init, falling back to SCS: The solver ECOS is not installed.
WARNING - large complementary slackness residual: 0.001412
M-step CVXPY optimize time (sec): 0.3808
ECOS solver failed:  The solver ECOS is not installed. 
Using SCS instead.
ECOS solver failed:  The solver ECOS is not installed. 
Using SCS instead.
ECOS solver failed:  The solver ECOS is not installed. 
Using SCS instead.
ECOS solver failed:  The solver ECOS is not installed. 
Using SCS instead.
ECOS solver failed:  The solver ECOS is not installed. 
Using SCS instead.
ECOS solver failed:  The solver ECOS is not installed. 
Using SCS instead.
ECOS solver failed:  The solver ECOS is not installed. 
Using SCS instead.
ECOS solver failed:  The solver ECOS is not installed. 
Using SCS instead.
ECOS solver failed:  The solver ECOS is not installed. 
Using SCS instead.
ECOS solver failed:  The solver ECOS is not installed. 
Using SCS instead.
ECOS solver failed:  The solver ECOS is not installed. 
Using SCS instead.
ECOS solver failed:  The solver ECOS is not installed. 
Using SCS instead.
ECOS solver failed:  The solver ECOS is not installed. 
Using SCS instead.
ECOS solver failed:  The solver ECOS is not installed. 
Using SCS instead.
ECOS solver failed:  The solver ECOS is not installed. 
Using SCS instead.
ECOS solver failed:  The solver ECOS is not installed. 
Using SCS instead.
ECOS solver failed:  The solver ECOS is not installed. 
Using SCS instead.
ECOS solver failed:  The solver ECOS is not installed. 
Using SCS instead.
ECOS solver failed:  The solver ECOS is not installed. 
Using SCS instead.
ECOS solver failed:  The solver ECOS is not installed. 
Using SCS instead.
ECOS solver failed:  The solver ECOS is not installed. 
Using SCS instead.
M-step Design Matrix Calculation time (sec): 0.0131
ECOS solver failed in IPCW_HAL_init, falling back to SCS: The solver ECOS is not installed.
M-step CVXPY optimize time (sec): 0.2641
ECOS solver failed:  The solver ECOS is not installed. 
Using SCS instead.
ECOS solver failed:  The solver ECOS is not installed. 
Using SCS instead.
ECOS solver failed:  The solver ECOS is not installed. 
Using SCS instead.
ECOS solver failed:  The solver ECOS is not installed. 
Using SCS instead.
ECOS solver failed:  The solver ECOS is not installed. 
Using SCS instead.
ECOS solver failed:  The solver ECOS is not installed. 
Using SCS instead.
ECOS solver failed:  The solver ECOS is not installed. 
Using SCS instead.
ECOS solver failed:  The solver ECOS is not installed. 
Using SCS instead.
ECOS solver failed:  The solver ECOS is not installed. 
Using SCS instead.
ECOS solver failed:  The solver ECOS is not installed. 
Using SCS instead.
ECOS solver failed:  The solver ECOS is not installed. 
Using SCS instead.
ECOS solver failed:  The solver ECOS is not installed. 
Using SCS instead.
ECOS solver failed:  The solver ECOS is not installed. 
Using SCS instead.
ECOS solver failed:  The solver ECOS is not installed. 
Using SCS instead.
ECOS solver failed:  The solver ECOS is not installed. 
Using SCS instead.
ECOS solver failed:  The solver ECOS is not installed. 
Using SCS instead.
ECOS solver failed:  The solver ECOS is not installed. 
Using SCS instead.
ECOS solver failed:  The solver ECOS is not installed. 
Using SCS instead.
ECOS solver failed:  The solver ECOS is not installed. 
Using SCS instead.
ECOS solver failed:  The solver ECOS is not installed. 
Using SCS instead.
ECOS solver failed:  The solver ECOS is not installed. 
Using SCS instead.
M-step Design Matrix Calculation time (sec): 0.0316
ECOS solver failed in IPCW_HAL_init, falling back to SCS: The solver ECOS is not installed.
WARNING - large complementary slackness residual: 0.002770
M-step CVXPY optimize time (sec): 0.2183
ECOS solver failed:  The solver ECOS is not installed. 
Using SCS instead.
ECOS solver failed:  The solver ECOS is not installed. 
Using SCS instead.
ECOS solver failed:  The solver ECOS is not installed. 
Using SCS instead.
ECOS solver failed:  The solver ECOS is not installed. 
Using SCS instead.
ECOS solver failed:  The solver ECOS is not installed. 
Using SCS instead.
ECOS solver failed:  The solver ECOS is not installed. 
Using SCS instead.
ECOS solver failed:  The solver ECOS is not installed. 
Using SCS instead.
ECOS solver failed:  The solver ECOS is not installed. 
Using SCS instead.
ECOS solver failed:  The solver ECOS is not installed. 
Using SCS instead.
ECOS solver failed:  The solver ECOS is not installed. 
Using SCS instead.
ECOS solver failed:  The solver ECOS is not installed. 
Using SCS instead.
ECOS solver failed:  The solver ECOS is not installed. 
Using SCS instead.
ECOS solver failed:  The solver ECOS is not installed. 
Using SCS instead.
ECOS solver failed:  The solver ECOS is not installed. 
Using SCS instead.
ECOS solver failed:  The solver ECOS is not installed. 
Using SCS instead.
ECOS solver failed:  The solver ECOS is not installed. 
Using SCS instead.
ECOS solver failed:  The solver ECOS is not installed. 
Using SCS instead.
ECOS solver failed:  The solver ECOS is not installed. 
Using SCS instead.
ECOS solver failed:  The solver ECOS is not installed. 
Using SCS instead.
ECOS solver failed:  The solver ECOS is not installed. 
Using SCS instead.
ECOS solver failed:  The solver ECOS is not installed. 
Using SCS instead.
M-step Design Matrix Calculation time (sec): 0.0160
ECOS solver failed in IPCW_HAL_init, falling back to SCS: The solver ECOS is not installed.
M-step CVXPY optimize time (sec): 0.3952
ECOS solver failed:  The solver ECOS is not installed. 
Using SCS instead.
ECOS solver failed:  The solver ECOS is not installed. 
Using SCS instead.
ECOS solver failed:  The solver ECOS is not installed. 
Using SCS instead.
ECOS solver failed:  The solver ECOS is not installed. 
Using SCS instead.
ECOS solver failed:  The solver ECOS is not installed. 
Using SCS instead.
ECOS solver failed:  The solver ECOS is not installed. 
Using SCS instead.
ECOS solver failed:  The solver ECOS is not installed. 
Using SCS instead.
ECOS solver failed:  The solver ECOS is not installed. 
Using SCS instead.
ECOS solver failed:  The solver ECOS is not installed. 
Using SCS instead.
ECOS solver failed:  The solver ECOS is not installed. 
Using SCS instead.
ECOS solver failed:  The solver ECOS is not installed. 
Using SCS instead.
ECOS solver failed:  The solver ECOS is not installed. 
Using SCS instead.
ECOS solver failed:  The solver ECOS is not installed. 
Using SCS instead.
ECOS solver failed:  The solver ECOS is not installed. 
Using SCS instead.
ECOS solver failed:  The solver ECOS is not installed. 
Using SCS instead.
ECOS solver failed:  The solver ECOS is not installed. 
Using SCS instead.
ECOS solver failed:  The solver ECOS is not installed. 
Using SCS instead.
ECOS solver failed:  The solver ECOS is not installed. 
Using SCS instead.
ECOS solver failed:  The solver ECOS is not installed. 
Using SCS instead.
ECOS solver failed:  The solver ECOS is not installed. 
Using SCS instead.
ECOS solver failed:  The solver ECOS is not installed. 
Using SCS instead.
M-step Design Matrix Calculation time (sec): 0.0150
ECOS solver failed in IPCW_HAL_init, falling back to SCS: The solver ECOS is not installed.
M-step CVXPY optimize time (sec): 0.7037
ECOS solver failed:  The solver ECOS is not installed. 
Using SCS instead.
ECOS solver failed:  The solver ECOS is not installed. 
Using SCS instead.
ECOS solver failed:  The solver ECOS is not installed. 
Using SCS instead.
ECOS solver failed:  The solver ECOS is not installed. 
Using SCS instead.
ECOS solver failed:  The solver ECOS is not installed. 
Using SCS instead.
ECOS solver failed:  The solver ECOS is not installed. 
Using SCS instead.
ECOS solver failed:  The solver ECOS is not installed. 
Using SCS instead.
ECOS solver failed:  The solver ECOS is not installed. 
Using SCS instead.
ECOS solver failed:  The solver ECOS is not installed. 
Using SCS instead.
ECOS solver failed:  The solver ECOS is not installed. 
Using SCS instead.
ECOS solver failed:  The solver ECOS is not installed. 
Using SCS instead.
ECOS solver failed:  The solver ECOS is not installed. 
Using SCS instead.
ECOS solver failed:  The solver ECOS is not installed. 
Using SCS instead.
ECOS solver failed:  The solver ECOS is not installed. 
Using SCS instead.
ECOS solver failed:  The solver ECOS is not installed. 
Using SCS instead.
ECOS solver failed:  The solver ECOS is not installed. 
Using SCS instead.
ECOS solver failed:  The solver ECOS is not installed. 
Using SCS instead.
ECOS solver failed:  The solver ECOS is not installed. 
Using SCS instead.
ECOS solver failed:  The solver ECOS is not installed. 
Using SCS instead.
ECOS solver failed:  The solver ECOS is not installed. 
Using SCS instead.
ECOS solver failed:  The solver ECOS is not installed. 
Using SCS instead.
M-step Design Matrix Calculation time (sec): 0.0140
ECOS solver failed in IPCW_HAL_init, falling back to SCS: The solver ECOS is not installed.
M-step CVXPY optimize time (sec): 0.1517
ECOS solver failed:  The solver ECOS is not installed. 
Using SCS instead.
ECOS solver failed:  The solver ECOS is not installed. 
Using SCS instead.
ECOS solver failed:  The solver ECOS is not installed. 
Using SCS instead.
ECOS solver failed:  The solver ECOS is not installed. 
Using SCS instead.
ECOS solver failed:  The solver ECOS is not installed. 
Using SCS instead.
ECOS solver failed:  The solver ECOS is not installed. 
Using SCS instead.
ECOS solver failed:  The solver ECOS is not installed. 
Using SCS instead.
ECOS solver failed:  The solver ECOS is not installed. 
Using SCS instead.
ECOS solver failed:  The solver ECOS is not installed. 
Using SCS instead.
ECOS solver failed:  The solver ECOS is not installed. 
Using SCS instead.
ECOS solver failed:  The solver ECOS is not installed. 
Using SCS instead.
ECOS solver failed:  The solver ECOS is not installed. 
Using SCS instead.
ECOS solver failed:  The solver ECOS is not installed. 
Using SCS instead.
ECOS solver failed:  The solver ECOS is not installed. 
Using SCS instead.
ECOS solver failed:  The solver ECOS is not installed. 
Using SCS instead.
ECOS solver failed:  The solver ECOS is not installed. 
Using SCS instead.
ECOS solver failed:  The solver ECOS is not installed. 
Using SCS instead.
ECOS solver failed:  The solver ECOS is not installed. 
Using SCS instead.
ECOS solver failed:  The solver ECOS is not installed. 
Using SCS instead.
ECOS solver failed:  The solver ECOS is not installed. 
Using SCS instead.
ECOS solver failed:  The solver ECOS is not installed. 
Using SCS instead.
M-step Design Matrix Calculation time (sec): 0.0198
ECOS solver failed in IPCW_HAL_init, falling back to SCS: The solver ECOS is not installed.
WARNING - large complementary slackness residual: 0.002076
M-step CVXPY optimize time (sec): 0.4070
ECOS solver failed:  The solver ECOS is not installed. 
Using SCS instead.
ECOS solver failed:  The solver ECOS is not installed. 
Using SCS instead.
ECOS solver failed:  The solver ECOS is not installed. 
Using SCS instead.
ECOS solver failed:  The solver ECOS is not installed. 
Using SCS instead.
ECOS solver failed:  The solver ECOS is not installed. 
Using SCS instead.
ECOS solver failed:  The solver ECOS is not installed. 
Using SCS instead.
ECOS solver failed:  The solver ECOS is not installed. 
Using SCS instead.
ECOS solver failed:  The solver ECOS is not installed. 
Using SCS instead.
ECOS solver failed:  The solver ECOS is not installed. 
Using SCS instead.
ECOS solver failed:  The solver ECOS is not installed. 
Using SCS instead.
ECOS solver failed:  The solver ECOS is not installed. 
Using SCS instead.
ECOS solver failed:  The solver ECOS is not installed. 
Using SCS instead.
ECOS solver failed:  The solver ECOS is not installed. 
Using SCS instead.
ECOS solver failed:  The solver ECOS is not installed. 
Using SCS instead.
ECOS solver failed:  The solver ECOS is not installed. 
Using SCS instead.
ECOS solver failed:  The solver ECOS is not installed. 
Using SCS instead.
ECOS solver failed:  The solver ECOS is not installed. 
Using SCS instead.
ECOS solver failed:  The solver ECOS is not installed. 
Using SCS instead.
ECOS solver failed:  The solver ECOS is not installed. 
Using SCS instead.
ECOS solver failed:  The solver ECOS is not installed. 
Using SCS instead.
ECOS solver failed:  The solver ECOS is not installed. 
Using SCS instead.
M-step Design Matrix Calculation time (sec): 0.0161
ECOS solver failed in IPCW_HAL_init, falling back to SCS: The solver ECOS is not installed.
M-step CVXPY optimize time (sec): 0.6108
ECOS solver failed:  The solver ECOS is not installed. 
Using SCS instead.
ECOS solver failed:  The solver ECOS is not installed. 
Using SCS instead.
ECOS solver failed:  The solver ECOS is not installed. 
Using SCS instead.
ECOS solver failed:  The solver ECOS is not installed. 
Using SCS instead.
ECOS solver failed:  The solver ECOS is not installed. 
Using SCS instead.
ECOS solver failed:  The solver ECOS is not installed. 
Using SCS instead.
ECOS solver failed:  The solver ECOS is not installed. 
Using SCS instead.
ECOS solver failed:  The solver ECOS is not installed. 
Using SCS instead.
ECOS solver failed:  The solver ECOS is not installed. 
Using SCS instead.
ECOS solver failed:  The solver ECOS is not installed. 
Using SCS instead.
ECOS solver failed:  The solver ECOS is not installed. 
Using SCS instead.
ECOS solver failed:  The solver ECOS is not installed. 
Using SCS instead.
ECOS solver failed:  The solver ECOS is not installed. 
Using SCS instead.
ECOS solver failed:  The solver ECOS is not installed. 
Using SCS instead.
ECOS solver failed:  The solver ECOS is not installed. 
Using SCS instead.
ECOS solver failed:  The solver ECOS is not installed. 
Using SCS instead.
ECOS solver failed:  The solver ECOS is not installed. 
Using SCS instead.
ECOS solver failed:  The solver ECOS is not installed. 
Using SCS instead.
ECOS solver failed:  The solver ECOS is not installed. 
Using SCS instead.
ECOS solver failed:  The solver ECOS is not installed. 
Using SCS instead.
ECOS solver failed:  The solver ECOS is not installed. 
Using SCS instead.
M-step Design Matrix Calculation time (sec): 0.0162
ECOS solver failed in IPCW_HAL_init, falling back to SCS: The solver ECOS is not installed.
M-step CVXPY optimize time (sec): 0.6982
ECOS solver failed:  The solver ECOS is not installed. 
Using SCS instead.
ECOS solver failed:  The solver ECOS is not installed. 
Using SCS instead.
ECOS solver failed:  The solver ECOS is not installed. 
Using SCS instead.
ECOS solver failed:  The solver ECOS is not installed. 
Using SCS instead.
ECOS solver failed:  The solver ECOS is not installed. 
Using SCS instead.
ECOS solver failed:  The solver ECOS is not installed. 
Using SCS instead.
ECOS solver failed:  The solver ECOS is not installed. 
Using SCS instead.
ECOS solver failed:  The solver ECOS is not installed. 
Using SCS instead.
ECOS solver failed:  The solver ECOS is not installed. 
Using SCS instead.
ECOS solver failed:  The solver ECOS is not installed. 
Using SCS instead.
ECOS solver failed:  The solver ECOS is not installed. 
Using SCS instead.
ECOS solver failed:  The solver ECOS is not installed. 
Using SCS instead.
ECOS solver failed:  The solver ECOS is not installed. 
Using SCS instead.
ECOS solver failed:  The solver ECOS is not installed. 
Using SCS instead.
ECOS solver failed:  The solver ECOS is not installed. 
Using SCS instead.
ECOS solver failed:  The solver ECOS is not installed. 
Using SCS instead.
ECOS solver failed:  The solver ECOS is not installed. 
Using SCS instead.
ECOS solver failed:  The solver ECOS is not installed. 
Using SCS instead.
ECOS solver failed:  The solver ECOS is not installed. 
Using SCS instead.
ECOS solver failed:  The solver ECOS is not installed. 
Using SCS instead.
ECOS solver failed:  The solver ECOS is not installed. 
Using SCS instead.
M-step Design Matrix Calculation time (sec): 0.0140
ECOS solver failed in IPCW_HAL_init, falling back to SCS: The solver ECOS is not installed.
WARNING - large complementary slackness residual: 0.002344
M-step CVXPY optimize time (sec): 0.5065
ECOS solver failed:  The solver ECOS is not installed. 
Using SCS instead.
ECOS solver failed:  The solver ECOS is not installed. 
Using SCS instead.
ECOS solver failed:  The solver ECOS is not installed. 
Using SCS instead.
ECOS solver failed:  The solver ECOS is not installed. 
Using SCS instead.
ECOS solver failed:  The solver ECOS is not installed. 
Using SCS instead.
ECOS solver failed:  The solver ECOS is not installed. 
Using SCS instead.
ECOS solver failed:  The solver ECOS is not installed. 
Using SCS instead.
ECOS solver failed:  The solver ECOS is not installed. 
Using SCS instead.
ECOS solver failed:  The solver ECOS is not installed. 
Using SCS instead.
ECOS solver failed:  The solver ECOS is not installed. 
Using SCS instead.
ECOS solver failed:  The solver ECOS is not installed. 
Using SCS instead.
ECOS solver failed:  The solver ECOS is not installed. 
Using SCS instead.
ECOS solver failed:  The solver ECOS is not installed. 
Using SCS instead.
ECOS solver failed:  The solver ECOS is not installed. 
Using SCS instead.
ECOS solver failed:  The solver ECOS is not installed. 
Using SCS instead.
ECOS solver failed:  The solver ECOS is not installed. 
Using SCS instead.
ECOS solver failed:  The solver ECOS is not installed. 
Using SCS instead.
ECOS solver failed:  The solver ECOS is not installed. 
Using SCS instead.
ECOS solver failed:  The solver ECOS is not installed. 
Using SCS instead.
ECOS solver failed:  The solver ECOS is not installed. 
Using SCS instead.
ECOS solver failed:  The solver ECOS is not installed. 
Using SCS instead.
M-step Design Matrix Calculation time (sec): 0.0771
ECOS solver failed in IPCW_HAL_init, falling back to SCS: The solver ECOS is not installed.
M-step CVXPY optimize time (sec): 0.7951
ECOS solver failed:  The solver ECOS is not installed. 
Using SCS instead.
ECOS solver failed:  The solver ECOS is not installed. 
Using SCS instead.
ECOS solver failed:  The solver ECOS is not installed. 
Using SCS instead.
ECOS solver failed:  The solver ECOS is not installed. 
Using SCS instead.
ECOS solver failed:  The solver ECOS is not installed. 
Using SCS instead.
ECOS solver failed:  The solver ECOS is not installed. 
Using SCS instead.
ECOS solver failed:  The solver ECOS is not installed. 
Using SCS instead.
ECOS solver failed:  The solver ECOS is not installed. 
Using SCS instead.
ECOS solver failed:  The solver ECOS is not installed. 
Using SCS instead.
ECOS solver failed:  The solver ECOS is not installed. 
Using SCS instead.
ECOS solver failed:  The solver ECOS is not installed. 
Using SCS instead.
ECOS solver failed:  The solver ECOS is not installed. 
Using SCS instead.
ECOS solver failed:  The solver ECOS is not installed. 
Using SCS instead.
ECOS solver failed:  The solver ECOS is not installed. 
Using SCS instead.
ECOS solver failed:  The solver ECOS is not installed. 
Using SCS instead.
ECOS solver failed:  The solver ECOS is not installed. 
Using SCS instead.
ECOS solver failed:  The solver ECOS is not installed. 
Using SCS instead.
ECOS solver failed:  The solver ECOS is not installed. 
Using SCS instead.
ECOS solver failed:  The solver ECOS is not installed. 
Using SCS instead.
ECOS solver failed:  The solver ECOS is not installed. 
Using SCS instead.
ECOS solver failed:  The solver ECOS is not installed. 
Using SCS instead.
M-step Design Matrix Calculation time (sec): 0.0358
ECOS solver failed in IPCW_HAL_init, falling back to SCS: The solver ECOS is not installed.
WARNING - large complementary slackness residual: 0.002781
M-step CVXPY optimize time (sec): 0.3013
ECOS solver failed:  The solver ECOS is not installed. 
Using SCS instead.
ECOS solver failed:  The solver ECOS is not installed. 
Using SCS instead.
ECOS solver failed:  The solver ECOS is not installed. 
Using SCS instead.
ECOS solver failed:  The solver ECOS is not installed. 
Using SCS instead.
ECOS solver failed:  The solver ECOS is not installed. 
Using SCS instead.
ECOS solver failed:  The solver ECOS is not installed. 
Using SCS instead.
ECOS solver failed:  The solver ECOS is not installed. 
Using SCS instead.
ECOS solver failed:  The solver ECOS is not installed. 
Using SCS instead.
ECOS solver failed:  The solver ECOS is not installed. 
Using SCS instead.
ECOS solver failed:  The solver ECOS is not installed. 
Using SCS instead.
ECOS solver failed:  The solver ECOS is not installed. 
Using SCS instead.
ECOS solver failed:  The solver ECOS is not installed. 
Using SCS instead.
ECOS solver failed:  The solver ECOS is not installed. 
Using SCS instead.
ECOS solver failed:  The solver ECOS is not installed. 
Using SCS instead.
ECOS solver failed:  The solver ECOS is not installed. 
Using SCS instead.
ECOS solver failed:  The solver ECOS is not installed. 
Using SCS instead.
ECOS solver failed:  The solver ECOS is not installed. 
Using SCS instead.
ECOS solver failed:  The solver ECOS is not installed. 
Using SCS instead.
ECOS solver failed:  The solver ECOS is not installed. 
Using SCS instead.
ECOS solver failed:  The solver ECOS is not installed. 
Using SCS instead.
ECOS solver failed:  The solver ECOS is not installed. 
Using SCS instead.
M-step Design Matrix Calculation time (sec): 0.0136
ECOS solver failed in IPCW_HAL_init, falling back to SCS: The solver ECOS is not installed.
M-step CVXPY optimize time (sec): 0.1929
ECOS solver failed:  The solver ECOS is not installed. 
Using SCS instead.
ECOS solver failed:  The solver ECOS is not installed. 
Using SCS instead.
ECOS solver failed:  The solver ECOS is not installed. 
Using SCS instead.
ECOS solver failed:  The solver ECOS is not installed. 
Using SCS instead.
ECOS solver failed:  The solver ECOS is not installed. 
Using SCS instead.
ECOS solver failed:  The solver ECOS is not installed. 
Using SCS instead.
ECOS solver failed:  The solver ECOS is not installed. 
Using SCS instead.
ECOS solver failed:  The solver ECOS is not installed. 
Using SCS instead.
ECOS solver failed:  The solver ECOS is not installed. 
Using SCS instead.
ECOS solver failed:  The solver ECOS is not installed. 
Using SCS instead.
ECOS solver failed:  The solver ECOS is not installed. 
Using SCS instead.
ECOS solver failed:  The solver ECOS is not installed. 
Using SCS instead.
ECOS solver failed:  The solver ECOS is not installed. 
Using SCS instead.
ECOS solver failed:  The solver ECOS is not installed. 
Using SCS instead.
ECOS solver failed:  The solver ECOS is not installed. 
Using SCS instead.
ECOS solver failed:  The solver ECOS is not installed. 
Using SCS instead.
ECOS solver failed:  The solver ECOS is not installed. 
Using SCS instead.
ECOS solver failed:  The solver ECOS is not installed. 
Using SCS instead.
ECOS solver failed:  The solver ECOS is not installed. 
Using SCS instead.
ECOS solver failed:  The solver ECOS is not installed. 
Using SCS instead.
ECOS solver failed:  The solver ECOS is not installed. 
Using SCS instead.
M-step Design Matrix Calculation time (sec): 0.0142
ECOS solver failed in IPCW_HAL_init, falling back to SCS: The solver ECOS is not installed.
M-step CVXPY optimize time (sec): 0.3436
ECOS solver failed:  The solver ECOS is not installed. 
Using SCS instead.
ECOS solver failed:  The solver ECOS is not installed. 
Using SCS instead.
ECOS solver failed:  The solver ECOS is not installed. 
Using SCS instead.
ECOS solver failed:  The solver ECOS is not installed. 
Using SCS instead.
ECOS solver failed:  The solver ECOS is not installed. 
Using SCS instead.
ECOS solver failed:  The solver ECOS is not installed. 
Using SCS instead.
ECOS solver failed:  The solver ECOS is not installed. 
Using SCS instead.
ECOS solver failed:  The solver ECOS is not installed. 
Using SCS instead.
ECOS solver failed:  The solver ECOS is not installed. 
Using SCS instead.
ECOS solver failed:  The solver ECOS is not installed. 
Using SCS instead.
ECOS solver failed:  The solver ECOS is not installed. 
Using SCS instead.
ECOS solver failed:  The solver ECOS is not installed. 
Using SCS instead.
ECOS solver failed:  The solver ECOS is not installed. 
Using SCS instead.
ECOS solver failed:  The solver ECOS is not installed. 
Using SCS instead.
ECOS solver failed:  The solver ECOS is not installed. 
Using SCS instead.
ECOS solver failed:  The solver ECOS is not installed. 
Using SCS instead.
ECOS solver failed:  The solver ECOS is not installed. 
Using SCS instead.
ECOS solver failed:  The solver ECOS is not installed. 
Using SCS instead.
ECOS solver failed:  The solver ECOS is not installed. 
Using SCS instead.
ECOS solver failed:  The solver ECOS is not installed. 
Using SCS instead.
ECOS solver failed:  The solver ECOS is not installed. 
Using SCS instead.
M-step Design Matrix Calculation time (sec): 0.0434
ECOS solver failed in IPCW_HAL_init, falling back to SCS: The solver ECOS is not installed.
WARNING - large complementary slackness residual: 0.002911
M-step CVXPY optimize time (sec): 0.4983
ECOS solver failed:  The solver ECOS is not installed. 
Using SCS instead.
ECOS solver failed:  The solver ECOS is not installed. 
Using SCS instead.
ECOS solver failed:  The solver ECOS is not installed. 
Using SCS instead.
ECOS solver failed:  The solver ECOS is not installed. 
Using SCS instead.
ECOS solver failed:  The solver ECOS is not installed. 
Using SCS instead.
ECOS solver failed:  The solver ECOS is not installed. 
Using SCS instead.
ECOS solver failed:  The solver ECOS is not installed. 
Using SCS instead.
ECOS solver failed:  The solver ECOS is not installed. 
Using SCS instead.
ECOS solver failed:  The solver ECOS is not installed. 
Using SCS instead.
ECOS solver failed:  The solver ECOS is not installed. 
Using SCS instead.
ECOS solver failed:  The solver ECOS is not installed. 
Using SCS instead.
ECOS solver failed:  The solver ECOS is not installed. 
Using SCS instead.
ECOS solver failed:  The solver ECOS is not installed. 
Using SCS instead.
ECOS solver failed:  The solver ECOS is not installed. 
Using SCS instead.
ECOS solver failed:  The solver ECOS is not installed. 
Using SCS instead.
ECOS solver failed:  The solver ECOS is not installed. 
Using SCS instead.
ECOS solver failed:  The solver ECOS is not installed. 
Using SCS instead.
ECOS solver failed:  The solver ECOS is not installed. 
Using SCS instead.
ECOS solver failed:  The solver ECOS is not installed. 
Using SCS instead.
ECOS solver failed:  The solver ECOS is not installed. 
Using SCS instead.
ECOS solver failed:  The solver ECOS is not installed. 
Using SCS instead.
M-step Design Matrix Calculation time (sec): 0.0147
ECOS solver failed in IPCW_HAL_init, falling back to SCS: The solver ECOS is not installed.
WARNING - large complementary slackness residual: 0.001060
M-step CVXPY optimize time (sec): 2.3909
ECOS solver failed:  The solver ECOS is not installed. 
Using SCS instead.
ECOS solver failed:  The solver ECOS is not installed. 
Using SCS instead.
ECOS solver failed:  The solver ECOS is not installed. 
Using SCS instead.
ECOS solver failed:  The solver ECOS is not installed. 
Using SCS instead.
ECOS solver failed:  The solver ECOS is not installed. 
Using SCS instead.
ECOS solver failed:  The solver ECOS is not installed. 
Using SCS instead.
ECOS solver failed:  The solver ECOS is not installed. 
Using SCS instead.
ECOS solver failed:  The solver ECOS is not installed. 
Using SCS instead.
ECOS solver failed:  The solver ECOS is not installed. 
Using SCS instead.
ECOS solver failed:  The solver ECOS is not installed. 
Using SCS instead.
ECOS solver failed:  The solver ECOS is not installed. 
Using SCS instead.
ECOS solver failed:  The solver ECOS is not installed. 
Using SCS instead.
ECOS solver failed:  The solver ECOS is not installed. 
Using SCS instead.
ECOS solver failed:  The solver ECOS is not installed. 
Using SCS instead.
ECOS solver failed:  The solver ECOS is not installed. 
Using SCS instead.
ECOS solver failed:  The solver ECOS is not installed. 
Using SCS instead.
ECOS solver failed:  The solver ECOS is not installed. 
Using SCS instead.
ECOS solver failed:  The solver ECOS is not installed. 
Using SCS instead.
ECOS solver failed:  The solver ECOS is not installed. 
Using SCS instead.
ECOS solver failed:  The solver ECOS is not installed. 
Using SCS instead.
ECOS solver failed:  The solver ECOS is not installed. 
Using SCS instead.
M-step Design Matrix Calculation time (sec): 0.0134
ECOS solver failed in IPCW_HAL_init, falling back to SCS: The solver ECOS is not installed.
WARNING - large complementary slackness residual: 0.001268
M-step CVXPY optimize time (sec): 1.8517
ECOS solver failed:  The solver ECOS is not installed. 
Using SCS instead.
ECOS solver failed:  The solver ECOS is not installed. 
Using SCS instead.
ECOS solver failed:  The solver ECOS is not installed. 
Using SCS instead.
ECOS solver failed:  The solver ECOS is not installed. 
Using SCS instead.
ECOS solver failed:  The solver ECOS is not installed. 
Using SCS instead.
ECOS solver failed:  The solver ECOS is not installed. 
Using SCS instead.
ECOS solver failed:  The solver ECOS is not installed. 
Using SCS instead.
ECOS solver failed:  The solver ECOS is not installed. 
Using SCS instead.
ECOS solver failed:  The solver ECOS is not installed. 
Using SCS instead.
ECOS solver failed:  The solver ECOS is not installed. 
Using SCS instead.
ECOS solver failed:  The solver ECOS is not installed. 
Using SCS instead.
ECOS solver failed:  The solver ECOS is not installed. 
Using SCS instead.
ECOS solver failed:  The solver ECOS is not installed. 
Using SCS instead.
ECOS solver failed:  The solver ECOS is not installed. 
Using SCS instead.
ECOS solver failed:  The solver ECOS is not installed. 
Using SCS instead.
ECOS solver failed:  The solver ECOS is not installed. 
Using SCS instead.
ECOS solver failed:  The solver ECOS is not installed. 
Using SCS instead.
ECOS solver failed:  The solver ECOS is not installed. 
Using SCS instead.
ECOS solver failed:  The solver ECOS is not installed. 
Using SCS instead.
ECOS solver failed:  The solver ECOS is not installed. 
Using SCS instead.
ECOS solver failed:  The solver ECOS is not installed. 
Using SCS instead.
M-step Design Matrix Calculation time (sec): 0.0145
ECOS solver failed in IPCW_HAL_init, falling back to SCS: The solver ECOS is not installed.
WARNING - large complementary slackness residual: 0.002614
M-step CVXPY optimize time (sec): 0.3683
ECOS solver failed:  The solver ECOS is not installed. 
Using SCS instead.
ECOS solver failed:  The solver ECOS is not installed. 
Using SCS instead.
ECOS solver failed:  The solver ECOS is not installed. 
Using SCS instead.
ECOS solver failed:  The solver ECOS is not installed. 
Using SCS instead.
ECOS solver failed:  The solver ECOS is not installed. 
Using SCS instead.
ECOS solver failed:  The solver ECOS is not installed. 
Using SCS instead.
ECOS solver failed:  The solver ECOS is not installed. 
Using SCS instead.
ECOS solver failed:  The solver ECOS is not installed. 
Using SCS instead.
ECOS solver failed:  The solver ECOS is not installed. 
Using SCS instead.
ECOS solver failed:  The solver ECOS is not installed. 
Using SCS instead.
ECOS solver failed:  The solver ECOS is not installed. 
Using SCS instead.
ECOS solver failed:  The solver ECOS is not installed. 
Using SCS instead.
ECOS solver failed:  The solver ECOS is not installed. 
Using SCS instead.
ECOS solver failed:  The solver ECOS is not installed. 
Using SCS instead.
ECOS solver failed:  The solver ECOS is not installed. 
Using SCS instead.
ECOS solver failed:  The solver ECOS is not installed. 
Using SCS instead.
ECOS solver failed:  The solver ECOS is not installed. 
Using SCS instead.
ECOS solver failed:  The solver ECOS is not installed. 
Using SCS instead.
ECOS solver failed:  The solver ECOS is not installed. 
Using SCS instead.
ECOS solver failed:  The solver ECOS is not installed. 
Using SCS instead.
ECOS solver failed:  The solver ECOS is not installed. 
Using SCS instead.
M-step Design Matrix Calculation time (sec): 0.0151
ECOS solver failed in IPCW_HAL_init, falling back to SCS: The solver ECOS is not installed.
WARNING - large complementary slackness residual: 0.002928
M-step CVXPY optimize time (sec): 0.3852
ECOS solver failed:  The solver ECOS is not installed. 
Using SCS instead.
ECOS solver failed:  The solver ECOS is not installed. 
Using SCS instead.
ECOS solver failed:  The solver ECOS is not installed. 
Using SCS instead.
ECOS solver failed:  The solver ECOS is not installed. 
Using SCS instead.
ECOS solver failed:  The solver ECOS is not installed. 
Using SCS instead.
ECOS solver failed:  The solver ECOS is not installed. 
Using SCS instead.
ECOS solver failed:  The solver ECOS is not installed. 
Using SCS instead.
ECOS solver failed:  The solver ECOS is not installed. 
Using SCS instead.
ECOS solver failed:  The solver ECOS is not installed. 
Using SCS instead.
ECOS solver failed:  The solver ECOS is not installed. 
Using SCS instead.
ECOS solver failed:  The solver ECOS is not installed. 
Using SCS instead.
ECOS solver failed:  The solver ECOS is not installed. 
Using SCS instead.
ECOS solver failed:  The solver ECOS is not installed. 
Using SCS instead.
ECOS solver failed:  The solver ECOS is not installed. 
Using SCS instead.
ECOS solver failed:  The solver ECOS is not installed. 
Using SCS instead.
ECOS solver failed:  The solver ECOS is not installed. 
Using SCS instead.
ECOS solver failed:  The solver ECOS is not installed. 
Using SCS instead.
ECOS solver failed:  The solver ECOS is not installed. 
Using SCS instead.
ECOS solver failed:  The solver ECOS is not installed. 
Using SCS instead.
ECOS solver failed:  The solver ECOS is not installed. 
Using SCS instead.
ECOS solver failed:  The solver ECOS is not installed. 
Using SCS instead.
M-step Design Matrix Calculation time (sec): 0.0145
ECOS solver failed in IPCW_HAL_init, falling back to SCS: The solver ECOS is not installed.
M-step CVXPY optimize time (sec): 1.4044
ECOS solver failed:  The solver ECOS is not installed. 
Using SCS instead.
ECOS solver failed:  The solver ECOS is not installed. 
Using SCS instead.
ECOS solver failed:  The solver ECOS is not installed. 
Using SCS instead.
ECOS solver failed:  The solver ECOS is not installed. 
Using SCS instead.
ECOS solver failed:  The solver ECOS is not installed. 
Using SCS instead.
ECOS solver failed:  The solver ECOS is not installed. 
Using SCS instead.
ECOS solver failed:  The solver ECOS is not installed. 
Using SCS instead.
ECOS solver failed:  The solver ECOS is not installed. 
Using SCS instead.
ECOS solver failed:  The solver ECOS is not installed. 
Using SCS instead.
ECOS solver failed:  The solver ECOS is not installed. 
Using SCS instead.
ECOS solver failed:  The solver ECOS is not installed. 
Using SCS instead.
ECOS solver failed:  The solver ECOS is not installed. 
Using SCS instead.
ECOS solver failed:  The solver ECOS is not installed. 
Using SCS instead.
ECOS solver failed:  The solver ECOS is not installed. 
Using SCS instead.
ECOS solver failed:  The solver ECOS is not installed. 
Using SCS instead.
ECOS solver failed:  The solver ECOS is not installed. 
Using SCS instead.
ECOS solver failed:  The solver ECOS is not installed. 
Using SCS instead.
ECOS solver failed:  The solver ECOS is not installed. 
Using SCS instead.
ECOS solver failed:  The solver ECOS is not installed. 
Using SCS instead.
ECOS solver failed:  The solver ECOS is not installed. 
Using SCS instead.
ECOS solver failed:  The solver ECOS is not installed. 
Using SCS instead.
M-step Design Matrix Calculation time (sec): 0.0301
ECOS solver failed in IPCW_HAL_init, falling back to SCS: The solver ECOS is not installed.
WARNING - large complementary slackness residual: 0.001600
M-step CVXPY optimize time (sec): 0.4219
ECOS solver failed:  The solver ECOS is not installed. 
Using SCS instead.
ECOS solver failed:  The solver ECOS is not installed. 
Using SCS instead.
ECOS solver failed:  The solver ECOS is not installed. 
Using SCS instead.
ECOS solver failed:  The solver ECOS is not installed. 
Using SCS instead.
ECOS solver failed:  The solver ECOS is not installed. 
Using SCS instead.
ECOS solver failed:  The solver ECOS is not installed. 
Using SCS instead.
ECOS solver failed:  The solver ECOS is not installed. 
Using SCS instead.
ECOS solver failed:  The solver ECOS is not installed. 
Using SCS instead.
ECOS solver failed:  The solver ECOS is not installed. 
Using SCS instead.
ECOS solver failed:  The solver ECOS is not installed. 
Using SCS instead.
ECOS solver failed:  The solver ECOS is not installed. 
Using SCS instead.
ECOS solver failed:  The solver ECOS is not installed. 
Using SCS instead.
ECOS solver failed:  The solver ECOS is not installed. 
Using SCS instead.
ECOS solver failed:  The solver ECOS is not installed. 
Using SCS instead.
ECOS solver failed:  The solver ECOS is not installed. 
Using SCS instead.
ECOS solver failed:  The solver ECOS is not installed. 
Using SCS instead.
ECOS solver failed:  The solver ECOS is not installed. 
Using SCS instead.
ECOS solver failed:  The solver ECOS is not installed. 
Using SCS instead.
ECOS solver failed:  The solver ECOS is not installed. 
Using SCS instead.
ECOS solver failed:  The solver ECOS is not installed. 
Using SCS instead.
ECOS solver failed:  The solver ECOS is not installed. 
Using SCS instead.
M-step Design Matrix Calculation time (sec): 0.0152
ECOS solver failed in IPCW_HAL_init, falling back to SCS: The solver ECOS is not installed.
M-step CVXPY optimize time (sec): 0.4995
ECOS solver failed:  The solver ECOS is not installed. 
Using SCS instead.
ECOS solver failed:  The solver ECOS is not installed. 
Using SCS instead.
ECOS solver failed:  The solver ECOS is not installed. 
Using SCS instead.
ECOS solver failed:  The solver ECOS is not installed. 
Using SCS instead.
ECOS solver failed:  The solver ECOS is not installed. 
Using SCS instead.
ECOS solver failed:  The solver ECOS is not installed. 
Using SCS instead.
ECOS solver failed:  The solver ECOS is not installed. ECOS solver failed:  The solver ECOS is not installed. 
Using SCS instead.
ECOS solver failed:  The solver ECOS is not installed. 
Using SCS instead.
ECOS solver failed:  The solver ECOS is not installed. 
Using SCS instead.
ECOS solver failed:  The solver ECOS is not installed. 
Using SCS instead.
ECOS solver failed:  The solver ECOS is not installed. 
Using SCS instead.
ECOS solver failed:  The solver ECOS is not installed. 
Using SCS instead.
ECOS solver failed:  The solver ECOS is not installed. 
Using SCS instead.
ECOS solver failed:  The solver ECOS is not installed. 
Using SCS instead.
ECOS solver failed:  The solver ECOS is not installed. 
Using SCS instead.
ECOS solver failed:  The solver ECOS is not installed. 
Using SCS instead.
ECOS solver failed:  The solver ECOS is not installed. 
Using SCS instead.
ECOS solver failed:  The solver ECOS is not installed. 
Using SCS instead.
ECOS solver failed:  The solver ECOS is not installed. 
Using SCS instead.
ECOS solver failed:  The solver ECOS is not installed. 
Using SCS instead.
ECOS solver failed:  The solver ECOS is not installed. 
Using SCS instead.
ECOS solver failed:  The solver ECOS is not installed. 
Using SCS instead.
ECOS solver failed:  The solver ECOS is not installed. 
Using SCS instead.
ECOS solver failed:  The solver ECOS is not installed. 
Using SCS instead.
ECOS solver failed:  The solver ECOS is not installed. 
Using SCS instead.
ECOS solver failed:  The solver ECOS is not installed. 
Using SCS instead.
ECOS solver failed:  The solver ECOS is not installed. 
Using SCS instead.
M-step Design Matrix Calculation time (sec): 0.0138
ECOS solver failed in IPCW_HAL_init, falling back to SCS: The solver ECOS is not installed.
WARNING - large complementary slackness residual: 0.002632
M-step CVXPY optimize time (sec): 0.1661
ECOS solver failed:  The solver ECOS is not installed. 
Using SCS instead.
ECOS solver failed:  The solver ECOS is not installed. 
Using SCS instead.
ECOS solver failed:  The solver ECOS is not installed. 
Using SCS instead.
ECOS solver failed:  The solver ECOS is not installed. 
Using SCS instead.
ECOS solver failed:  The solver ECOS is not installed. 
Using SCS instead.
ECOS solver failed:  The solver ECOS is not installed. 
Using SCS instead.
ECOS solver failed:  The solver ECOS is not installed. 
Using SCS instead.
ECOS solver failed:  The solver ECOS is not installed. 
Using SCS instead.
ECOS solver failed:  The solver ECOS is not installed. 
Using SCS instead.
ECOS solver failed:  The solver ECOS is not installed. 
Using SCS instead.
ECOS solver failed:  The solver ECOS is not installed. 
Using SCS instead.
ECOS solver failed:  The solver ECOS is not installed. 
Using SCS instead.
ECOS solver failed:  The solver ECOS is not installed. 
Using SCS instead.
ECOS solver failed:  The solver ECOS is not installed. 
Using SCS instead.
ECOS solver failed:  The solver ECOS is not installed. 
Using SCS instead.
ECOS solver failed:  The solver ECOS is not installed. 
Using SCS instead.
ECOS solver failed:  The solver ECOS is not installed. 
Using SCS instead.
ECOS solver failed:  The solver ECOS is not installed. 
Using SCS instead.
ECOS solver failed:  The solver ECOS is not installed. 
Using SCS instead.
ECOS solver failed:  The solver ECOS is not installed. 
Using SCS instead.
ECOS solver failed:  The solver ECOS is not installed. 
Using SCS instead.
M-step Design Matrix Calculation time (sec): 0.0142
ECOS solver failed in IPCW_HAL_init, falling back to SCS: The solver ECOS is not installed.
WARNING - large complementary slackness residual: 0.001105
M-step CVXPY optimize time (sec): 1.7422
ECOS solver failed:  The solver ECOS is not installed. 
Using SCS instead.
ECOS solver failed:  The solver ECOS is not installed. 
Using SCS instead.
ECOS solver failed:  The solver ECOS is not installed. 
Using SCS instead.
ECOS solver failed:  The solver ECOS is not installed. 
Using SCS instead.
ECOS solver failed:  The solver ECOS is not installed. 
Using SCS instead.
ECOS solver failed:  The solver ECOS is not installed. 
Using SCS instead.
ECOS solver failed:  The solver ECOS is not installed. 
Using SCS instead.
ECOS solver failed:  The solver ECOS is not installed. 
Using SCS instead.
ECOS solver failed:  The solver ECOS is not installed. 
Using SCS instead.
ECOS solver failed:  The solver ECOS is not installed. 
Using SCS instead.
ECOS solver failed:  The solver ECOS is not installed. 
Using SCS instead.
ECOS solver failed:  The solver ECOS is not installed. 
Using SCS instead.
ECOS solver failed:  The solver ECOS is not installed. 
Using SCS instead.
ECOS solver failed:  The solver ECOS is not installed. 
Using SCS instead.
ECOS solver failed:  The solver ECOS is not installed. 
Using SCS instead.
ECOS solver failed:  The solver ECOS is not installed. 
Using SCS instead.
ECOS solver failed:  The solver ECOS is not installed. 
Using SCS instead.
ECOS solver failed:  The solver ECOS is not installed. 
Using SCS instead.
ECOS solver failed:  The solver ECOS is not installed. 
Using SCS instead.
ECOS solver failed:  The solver ECOS is not installed. 
Using SCS instead.
ECOS solver failed:  The solver ECOS is not installed. 
Using SCS instead.
M-step Design Matrix Calculation time (sec): 0.0134
ECOS solver failed in IPCW_HAL_init, falling back to SCS: The solver ECOS is not installed.
WARNING - large complementary slackness residual: 0.001633
M-step CVXPY optimize time (sec): 0.6042
ECOS solver failed:  The solver ECOS is not installed. 
Using SCS instead.
ECOS solver failed:  The solver ECOS is not installed. 
Using SCS instead.
ECOS solver failed:  The solver ECOS is not installed. 
Using SCS instead.
ECOS solver failed:  The solver ECOS is not installed. 
Using SCS instead.
ECOS solver failed:  The solver ECOS is not installed. 
Using SCS instead.
ECOS solver failed:  The solver ECOS is not installed. 
Using SCS instead.
ECOS solver failed:  The solver ECOS is not installed. 
Using SCS instead.
ECOS solver failed:  The solver ECOS is not installed. 
Using SCS instead.
ECOS solver failed:  The solver ECOS is not installed. 
Using SCS instead.
ECOS solver failed:  The solver ECOS is not installed. 
Using SCS instead.
ECOS solver failed:  The solver ECOS is not installed. 
Using SCS instead.
ECOS solver failed:  The solver ECOS is not installed. 
Using SCS instead.
ECOS solver failed:  The solver ECOS is not installed. 
Using SCS instead.
ECOS solver failed:  The solver ECOS is not installed. 
Using SCS instead.
ECOS solver failed:  The solver ECOS is not installed. 
Using SCS instead.
ECOS solver failed:  The solver ECOS is not installed. 
Using SCS instead.
ECOS solver failed:  The solver ECOS is not installed. 
Using SCS instead.
ECOS solver failed:  The solver ECOS is not installed. 
Using SCS instead.
ECOS solver failed:  The solver ECOS is not installed. 
Using SCS instead.
ECOS solver failed:  The solver ECOS is not installed. 
Using SCS instead.
ECOS solver failed:  The solver ECOS is not installed. 
Using SCS instead.
M-step Design Matrix Calculation time (sec): 0.0156
ECOS solver failed in IPCW_HAL_init, falling back to SCS: The solver ECOS is not installed.
M-step CVXPY optimize time (sec): 1.0682
ECOS solver failed:  The solver ECOS is not installed. 
Using SCS instead.
ECOS solver failed:  The solver ECOS is not installed. 
Using SCS instead.
ECOS solver failed:  The solver ECOS is not installed. 
Using SCS instead.
ECOS solver failed:  The solver ECOS is not installed. 
Using SCS instead.
ECOS solver failed:  The solver ECOS is not installed. 
Using SCS instead.
ECOS solver failed:  The solver ECOS is not installed. 
Using SCS instead.
ECOS solver failed:  The solver ECOS is not installed. 
Using SCS instead.
ECOS solver failed:  The solver ECOS is not installed. 
Using SCS instead.
ECOS solver failed:  The solver ECOS is not installed. 
Using SCS instead.
ECOS solver failed:  The solver ECOS is not installed. 
Using SCS instead.
ECOS solver failed:  The solver ECOS is not installed. 
Using SCS instead.
ECOS solver failed:  The solver ECOS is not installed. 
Using SCS instead.
ECOS solver failed:  The solver ECOS is not installed. 
Using SCS instead.
ECOS solver failed:  The solver ECOS is not installed. 
Using SCS instead.
ECOS solver failed:  The solver ECOS is not installed. 
Using SCS instead.
ECOS solver failed:  The solver ECOS is not installed. 
Using SCS instead.
ECOS solver failed:  The solver ECOS is not installed. 
Using SCS instead.
ECOS solver failed:  The solver ECOS is not installed. 
Using SCS instead.
ECOS solver failed:  The solver ECOS is not installed. 
Using SCS instead.
ECOS solver failed:  The solver ECOS is not installed. 
Using SCS instead.
ECOS solver failed:  The solver ECOS is not installed. 
Using SCS instead.
M-step Design Matrix Calculation time (sec): 0.0153
ECOS solver failed in IPCW_HAL_init, falling back to SCS: The solver ECOS is not installed.
M-step CVXPY optimize time (sec): 0.6897
ECOS solver failed:  The solver ECOS is not installed. 
Using SCS instead.
ECOS solver failed:  The solver ECOS is not installed. 
Using SCS instead.
ECOS solver failed:  The solver ECOS is not installed. 
Using SCS instead.
ECOS solver failed:  The solver ECOS is not installed. 
Using SCS instead.
ECOS solver failed:  The solver ECOS is not installed. 
Using SCS instead.
ECOS solver failed:  The solver ECOS is not installed. 
Using SCS instead.
ECOS solver failed:  The solver ECOS is not installed. 
Using SCS instead.
ECOS solver failed:  The solver ECOS is not installed. 
Using SCS instead.
ECOS solver failed:  The solver ECOS is not installed. 
Using SCS instead.
ECOS solver failed:  The solver ECOS is not installed. 
Using SCS instead.
ECOS solver failed:  The solver ECOS is not installed. 
Using SCS instead.
ECOS solver failed:  The solver ECOS is not installed. 
Using SCS instead.
ECOS solver failed:  The solver ECOS is not installed. 
Using SCS instead.
ECOS solver failed:  The solver ECOS is not installed. 
Using SCS instead.
ECOS solver failed:  The solver ECOS is not installed. 
Using SCS instead.
ECOS solver failed:  The solver ECOS is not installed. 
Using SCS instead.
ECOS solver failed:  The solver ECOS is not installed. 
Using SCS instead.
ECOS solver failed:  The solver ECOS is not installed. 
Using SCS instead.
ECOS solver failed:  The solver ECOS is not installed. 
Using SCS instead.
ECOS solver failed:  The solver ECOS is not installed. 
Using SCS instead.
ECOS solver failed:  The solver ECOS is not installed. 
Using SCS instead.
M-step Design Matrix Calculation time (sec): 0.0718
ECOS solver failed in IPCW_HAL_init, falling back to SCS: The solver ECOS is not installed.
M-step CVXPY optimize time (sec): 0.6739
ECOS solver failed:  The solver ECOS is not installed. 
Using SCS instead.
ECOS solver failed:  The solver ECOS is not installed. 
Using SCS instead.
ECOS solver failed:  The solver ECOS is not installed. 
Using SCS instead.
ECOS solver failed:  The solver ECOS is not installed. 
Using SCS instead.
ECOS solver failed:  The solver ECOS is not installed. 
Using SCS instead.
ECOS solver failed:  The solver ECOS is not installed. 
Using SCS instead.
ECOS solver failed:  The solver ECOS is not installed. 
Using SCS instead.
ECOS solver failed:  The solver ECOS is not installed. 
Using SCS instead.
ECOS solver failed:  The solver ECOS is not installed. 
Using SCS instead.
ECOS solver failed:  The solver ECOS is not installed. 
Using SCS instead.
ECOS solver failed:  The solver ECOS is not installed. 
Using SCS instead.
ECOS solver failed:  The solver ECOS is not installed. 
Using SCS instead.
ECOS solver failed:  The solver ECOS is not installed. 
Using SCS instead.
ECOS solver failed:  The solver ECOS is not installed. 
Using SCS instead.
ECOS solver failed:  The solver ECOS is not installed. 
Using SCS instead.
ECOS solver failed:  The solver ECOS is not installed. 
Using SCS instead.
ECOS solver failed:  The solver ECOS is not installed. 
Using SCS instead.
ECOS solver failed:  The solver ECOS is not installed. 
Using SCS instead.
ECOS solver failed:  The solver ECOS is not installed. 
Using SCS instead.
ECOS solver failed:  The solver ECOS is not installed. 
Using SCS instead.
ECOS solver failed:  The solver ECOS is not installed. 
Using SCS instead.
M-step Design Matrix Calculation time (sec): 0.0144
ECOS solver failed in IPCW_HAL_init, falling back to SCS: The solver ECOS is not installed.
WARNING - large complementary slackness residual: 0.001391
M-step CVXPY optimize time (sec): 0.6530
ECOS solver failed:  The solver ECOS is not installed. 
Using SCS instead.
ECOS solver failed:  The solver ECOS is not installed. 
Using SCS instead.
ECOS solver failed:  The solver ECOS is not installed. 
Using SCS instead.
ECOS solver failed:  The solver ECOS is not installed. 
Using SCS instead.
ECOS solver failed:  The solver ECOS is not installed. 
Using SCS instead.
ECOS solver failed:  The solver ECOS is not installed. 
Using SCS instead.
ECOS solver failed:  The solver ECOS is not installed. 
Using SCS instead.
ECOS solver failed:  The solver ECOS is not installed. 
Using SCS instead.
ECOS solver failed:  The solver ECOS is not installed. 
Using SCS instead.
ECOS solver failed:  The solver ECOS is not installed. 
Using SCS instead.
ECOS solver failed:  The solver ECOS is not installed. 
Using SCS instead.
ECOS solver failed:  The solver ECOS is not installed. 
Using SCS instead.
ECOS solver failed:  The solver ECOS is not installed. 
Using SCS instead.
ECOS solver failed:  The solver ECOS is not installed. 
Using SCS instead.
ECOS solver failed:  The solver ECOS is not installed. 
Using SCS instead.
ECOS solver failed:  The solver ECOS is not installed. 
Using SCS instead.
ECOS solver failed:  The solver ECOS is not installed. 
Using SCS instead.
ECOS solver failed:  The solver ECOS is not installed. 
Using SCS instead.
ECOS solver failed:  The solver ECOS is not installed. 
Using SCS instead.
ECOS solver failed:  The solver ECOS is not installed. 
Using SCS instead.
ECOS solver failed:  The solver ECOS is not installed. 
Using SCS instead.
M-step Design Matrix Calculation time (sec): 0.0165
ECOS solver failed in IPCW_HAL_init, falling back to SCS: The solver ECOS is not installed.
WARNING - large complementary slackness residual: 0.001516
M-step CVXPY optimize time (sec): 0.7452
ECOS solver failed:  The solver ECOS is not installed. 
Using SCS instead.
ECOS solver failed:  The solver ECOS is not installed. 
Using SCS instead.
ECOS solver failed:  The solver ECOS is not installed. 
Using SCS instead.
ECOS solver failed:  The solver ECOS is not installed. 
Using SCS instead.
ECOS solver failed:  The solver ECOS is not installed. 
Using SCS instead.
ECOS solver failed:  The solver ECOS is not installed. 
Using SCS instead.
ECOS solver failed:  The solver ECOS is not installed. 
Using SCS instead.
ECOS solver failed:  The solver ECOS is not installed. 
Using SCS instead.
ECOS solver failed:  The solver ECOS is not installed. 
Using SCS instead.
ECOS solver failed:  The solver ECOS is not installed. 
Using SCS instead.
ECOS solver failed:  The solver ECOS is not installed. 
Using SCS instead.
ECOS solver failed:  The solver ECOS is not installed. 
Using SCS instead.
ECOS solver failed:  The solver ECOS is not installed. 
Using SCS instead.
ECOS solver failed:  The solver ECOS is not installed. 
Using SCS instead.
ECOS solver failed:  The solver ECOS is not installed. 
Using SCS instead.
ECOS solver failed:  The solver ECOS is not installed. 
Using SCS instead.
ECOS solver failed:  The solver ECOS is not installed. 
Using SCS instead.
ECOS solver failed:  The solver ECOS is not installed. 
Using SCS instead.
ECOS solver failed:  The solver ECOS is not installed. 
Using SCS instead.
ECOS solver failed:  The solver ECOS is not installed. 
Using SCS instead.
ECOS solver failed:  The solver ECOS is not installed. 
Using SCS instead.
M-step Design Matrix Calculation time (sec): 0.0142
ECOS solver failed in IPCW_HAL_init, falling back to SCS: The solver ECOS is not installed.
WARNING - large complementary slackness residual: 0.002249
M-step CVXPY optimize time (sec): 0.7101
ECOS solver failed:  The solver ECOS is not installed. 
Using SCS instead.
ECOS solver failed:  The solver ECOS is not installed. 
Using SCS instead.
ECOS solver failed:  The solver ECOS is not installed. 
Using SCS instead.
ECOS solver failed:  The solver ECOS is not installed. 
Using SCS instead.
ECOS solver failed:  The solver ECOS is not installed. 
Using SCS instead.
ECOS solver failed:  The solver ECOS is not installed. 
Using SCS instead.
ECOS solver failed:  The solver ECOS is not installed. 
Using SCS instead.
ECOS solver failed:  The solver ECOS is not installed. 
Using SCS instead.
ECOS solver failed:  The solver ECOS is not installed. 
Using SCS instead.
ECOS solver failed:  The solver ECOS is not installed. 
Using SCS instead.
ECOS solver failed:  The solver ECOS is not installed. 
Using SCS instead.
ECOS solver failed:  The solver ECOS is not installed. 
Using SCS instead.
ECOS solver failed:  The solver ECOS is not installed. 
Using SCS instead.
ECOS solver failed:  The solver ECOS is not installed. 
Using SCS instead.
ECOS solver failed:  The solver ECOS is not installed. 
Using SCS instead.
ECOS solver failed:  The solver ECOS is not installed. 
Using SCS instead.
ECOS solver failed:  The solver ECOS is not installed. 
Using SCS instead.
ECOS solver failed:  The solver ECOS is not installed. 
Using SCS instead.
ECOS solver failed:  The solver ECOS is not installed. 
Using SCS instead.
ECOS solver failed:  The solver ECOS is not installed. 
Using SCS instead.
ECOS solver failed:  The solver ECOS is not installed. 
Using SCS instead.
M-step Design Matrix Calculation time (sec): 0.0260
ECOS solver failed in IPCW_HAL_init, falling back to SCS: The solver ECOS is not installed.
WARNING - large complementary slackness residual: 0.001159
M-step CVXPY optimize time (sec): 0.8408
ECOS solver failed:  The solver ECOS is not installed. 
Using SCS instead.
ECOS solver failed:  The solver ECOS is not installed. 
Using SCS instead.
ECOS solver failed:  The solver ECOS is not installed. 
Using SCS instead.
ECOS solver failed:  The solver ECOS is not installed. 
Using SCS instead.
ECOS solver failed:  The solver ECOS is not installed. 
Using SCS instead.
ECOS solver failed:  The solver ECOS is not installed. 
Using SCS instead.
ECOS solver failed:  The solver ECOS is not installed. 
Using SCS instead.
ECOS solver failed:  The solver ECOS is not installed. 
Using SCS instead.
ECOS solver failed:  The solver ECOS is not installed. 
Using SCS instead.
ECOS solver failed:  The solver ECOS is not installed. 
Using SCS instead.
ECOS solver failed:  The solver ECOS is not installed. 
Using SCS instead.
ECOS solver failed:  The solver ECOS is not installed. 
Using SCS instead.
ECOS solver failed:  The solver ECOS is not installed. 
Using SCS instead.
ECOS solver failed:  The solver ECOS is not installed. 
Using SCS instead.
ECOS solver failed:  The solver ECOS is not installed. 
Using SCS instead.
ECOS solver failed:  The solver ECOS is not installed. 
Using SCS instead.
ECOS solver failed:  The solver ECOS is not installed. 
Using SCS instead.
ECOS solver failed:  The solver ECOS is not installed. 
Using SCS instead.
ECOS solver failed:  The solver ECOS is not installed. 
Using SCS instead.
ECOS solver failed:  The solver ECOS is not installed. 
Using SCS instead.
ECOS solver failed:  The solver ECOS is not installed. 
Using SCS instead.
M-step Design Matrix Calculation time (sec): 0.0133
ECOS solver failed in IPCW_HAL_init, falling back to SCS: The solver ECOS is not installed.
WARNING - large complementary slackness residual: 0.002346
M-step CVXPY optimize time (sec): 0.3684
ECOS solver failed:  The solver ECOS is not installed. 
Using SCS instead.
ECOS solver failed:  The solver ECOS is not installed. 
Using SCS instead.
ECOS solver failed:  The solver ECOS is not installed. 
Using SCS instead.
ECOS solver failed:  The solver ECOS is not installed. 
Using SCS instead.
ECOS solver failed:  The solver ECOS is not installed. 
Using SCS instead.
ECOS solver failed:  The solver ECOS is not installed. 
Using SCS instead.
ECOS solver failed:  The solver ECOS is not installed. 
Using SCS instead.
ECOS solver failed:  The solver ECOS is not installed. 
Using SCS instead.
ECOS solver failed:  The solver ECOS is not installed. 
Using SCS instead.
ECOS solver failed:  The solver ECOS is not installed. 
Using SCS instead.
ECOS solver failed:  The solver ECOS is not installed. 
Using SCS instead.
ECOS solver failed:  The solver ECOS is not installed. 
Using SCS instead.
ECOS solver failed:  The solver ECOS is not installed. 
Using SCS instead.
ECOS solver failed:  The solver ECOS is not installed. 
Using SCS instead.
ECOS solver failed:  The solver ECOS is not installed. 
Using SCS instead.
ECOS solver failed:  The solver ECOS is not installed. 
Using SCS instead.
ECOS solver failed:  The solver ECOS is not installed. 
Using SCS instead.
ECOS solver failed:  The solver ECOS is not installed. 
Using SCS instead.
ECOS solver failed:  The solver ECOS is not installed. 
Using SCS instead.
ECOS solver failed:  The solver ECOS is not installed. 
Using SCS instead.
ECOS solver failed:  The solver ECOS is not installed. 
Using SCS instead.
M-step Design Matrix Calculation time (sec): 0.0153
ECOS solver failed in IPCW_HAL_init, falling back to SCS: The solver ECOS is not installed.
WARNING - large complementary slackness residual: 0.001002
M-step CVXPY optimize time (sec): 2.1762
ECOS solver failed:  The solver ECOS is not installed. 
Using SCS instead.
ECOS solver failed:  The solver ECOS is not installed. 
Using SCS instead.
ECOS solver failed:  The solver ECOS is not installed. 
Using SCS instead.
ECOS solver failed:  The solver ECOS is not installed. 
Using SCS instead.
ECOS solver failed:  The solver ECOS is not installed. 
Using SCS instead.
ECOS solver failed:  The solver ECOS is not installed. 
Using SCS instead.
ECOS solver failed:  The solver ECOS is not installed. 
Using SCS instead.
ECOS solver failed:  The solver ECOS is not installed. 
Using SCS instead.
ECOS solver failed:  The solver ECOS is not installed. 
Using SCS instead.
ECOS solver failed:  The solver ECOS is not installed. 
Using SCS instead.
ECOS solver failed:  The solver ECOS is not installed. 
Using SCS instead.
ECOS solver failed:  The solver ECOS is not installed. 
Using SCS instead.
ECOS solver failed:  The solver ECOS is not installed. 
Using SCS instead.
ECOS solver failed:  The solver ECOS is not installed. 
Using SCS instead.
ECOS solver failed:  The solver ECOS is not installed. 
Using SCS instead.
ECOS solver failed:  The solver ECOS is not installed. 
Using SCS instead.
ECOS solver failed:  The solver ECOS is not installed. 
Using SCS instead.
ECOS solver failed:  The solver ECOS is not installed. 
Using SCS instead.
ECOS solver failed:  The solver ECOS is not installed. 
Using SCS instead.
ECOS solver failed:  The solver ECOS is not installed. 
Using SCS instead.
ECOS solver failed:  The solver ECOS is not installed. 
Using SCS instead.
M-step Design Matrix Calculation time (sec): 0.0670
ECOS solver failed in IPCW_HAL_init, falling back to SCS: The solver ECOS is not installed.
WARNING - large complementary slackness residual: 0.002139
M-step CVXPY optimize time (sec): 0.4654
ECOS solver failed:  The solver ECOS is not installed. 
Using SCS instead.
ECOS solver failed:  The solver ECOS is not installed. 
Using SCS instead.
ECOS solver failed:  The solver ECOS is not installed. 
Using SCS instead.
ECOS solver failed:  The solver ECOS is not installed. 
Using SCS instead.
ECOS solver failed:  The solver ECOS is not installed. 
Using SCS instead.
ECOS solver failed:  The solver ECOS is not installed. 
Using SCS instead.
ECOS solver failed:  The solver ECOS is not installed. 
Using SCS instead.
ECOS solver failed:  The solver ECOS is not installed. 
Using SCS instead.
ECOS solver failed:  The solver ECOS is not installed. 
Using SCS instead.
ECOS solver failed:  The solver ECOS is not installed. 
Using SCS instead.
ECOS solver failed:  The solver ECOS is not installed. 
Using SCS instead.
ECOS solver failed:  The solver ECOS is not installed. 
Using SCS instead.
ECOS solver failed:  The solver ECOS is not installed. 
Using SCS instead.
ECOS solver failed:  The solver ECOS is not installed. 
Using SCS instead.
ECOS solver failed:  The solver ECOS is not installed. 
Using SCS instead.
ECOS solver failed:  The solver ECOS is not installed. 
Using SCS instead.
ECOS solver failed:  The solver ECOS is not installed. 
Using SCS instead.
ECOS solver failed:  The solver ECOS is not installed. 
Using SCS instead.
ECOS solver failed:  The solver ECOS is not installed. 
Using SCS instead.
ECOS solver failed:  The solver ECOS is not installed. 
Using SCS instead.
ECOS solver failed:  The solver ECOS is not installed. 
Using SCS instead.
M-step Design Matrix Calculation time (sec): 0.0716
ECOS solver failed in IPCW_HAL_init, falling back to SCS: The solver ECOS is not installed.
M-step CVXPY optimize time (sec): 0.7938
ECOS solver failed:  The solver ECOS is not installed. 
Using SCS instead.
ECOS solver failed:  The solver ECOS is not installed. 
Using SCS instead.
ECOS solver failed:  The solver ECOS is not installed. 
Using SCS instead.
ECOS solver failed:  The solver ECOS is not installed. 
Using SCS instead.
ECOS solver failed:  The solver ECOS is not installed. 
Using SCS instead.
ECOS solver failed:  The solver ECOS is not installed. 
Using SCS instead.
ECOS solver failed:  The solver ECOS is not installed. 
Using SCS instead.
ECOS solver failed:  The solver ECOS is not installed. 
Using SCS instead.
ECOS solver failed:  The solver ECOS is not installed. 
Using SCS instead.
ECOS solver failed:  The solver ECOS is not installed. 
Using SCS instead.
ECOS solver failed:  The solver ECOS is not installed. 
Using SCS instead.
ECOS solver failed:  The solver ECOS is not installed. 
Using SCS instead.
ECOS solver failed:  The solver ECOS is not installed. 
Using SCS instead.
ECOS solver failed:  The solver ECOS is not installed. 
Using SCS instead.
ECOS solver failed:  The solver ECOS is not installed. 
Using SCS instead.
ECOS solver failed:  The solver ECOS is not installed. 
Using SCS instead.
ECOS solver failed:  The solver ECOS is not installed. 
Using SCS instead.
ECOS solver failed:  The solver ECOS is not installed. 
Using SCS instead.
ECOS solver failed:  The solver ECOS is not installed. 
Using SCS instead.
ECOS solver failed:  The solver ECOS is not installed. 
Using SCS instead.
ECOS solver failed:  The solver ECOS is not installed. 
Using SCS instead.
M-step Design Matrix Calculation time (sec): 0.0799
ECOS solver failed in IPCW_HAL_init, falling back to SCS: The solver ECOS is not installed.
WARNING - large complementary slackness residual: 0.001919
M-step CVXPY optimize time (sec): 0.6162
ECOS solver failed:  The solver ECOS is not installed. 
Using SCS instead.
ECOS solver failed:  The solver ECOS is not installed. 
Using SCS instead.
ECOS solver failed:  The solver ECOS is not installed. 
Using SCS instead.
ECOS solver failed:  The solver ECOS is not installed. 
Using SCS instead.
ECOS solver failed:  The solver ECOS is not installed. 
Using SCS instead.
ECOS solver failed:  The solver ECOS is not installed. 
Using SCS instead.
ECOS solver failed:  The solver ECOS is not installed. 
Using SCS instead.
ECOS solver failed:  The solver ECOS is not installed. 
Using SCS instead.
ECOS solver failed:  The solver ECOS is not installed. 
Using SCS instead.
ECOS solver failed:  The solver ECOS is not installed. 
Using SCS instead.
ECOS solver failed:  The solver ECOS is not installed. 
Using SCS instead.
ECOS solver failed:  The solver ECOS is not installed. 
Using SCS instead.
ECOS solver failed:  The solver ECOS is not installed. 
Using SCS instead.
ECOS solver failed:  The solver ECOS is not installed. 
Using SCS instead.
ECOS solver failed:  The solver ECOS is not installed. 
Using SCS instead.
ECOS solver failed:  The solver ECOS is not installed. 
Using SCS instead.
ECOS solver failed:  The solver ECOS is not installed. 
Using SCS instead.
ECOS solver failed:  The solver ECOS is not installed. 
Using SCS instead.
ECOS solver failed:  The solver ECOS is not installed. 
Using SCS instead.
ECOS solver failed:  The solver ECOS is not installed. 
Using SCS instead.
ECOS solver failed:  The solver ECOS is not installed. 
Using SCS instead.
M-step Design Matrix Calculation time (sec): 0.0140
ECOS solver failed in IPCW_HAL_init, falling back to SCS: The solver ECOS is not installed.
WARNING - large complementary slackness residual: 0.001054
M-step CVXPY optimize time (sec): 1.4445
ECOS solver failed:  The solver ECOS is not installed. 
Using SCS instead.
ECOS solver failed:  The solver ECOS is not installed. 
Using SCS instead.
ECOS solver failed:  The solver ECOS is not installed. 
Using SCS instead.
ECOS solver failed:  The solver ECOS is not installed. 
Using SCS instead.
ECOS solver failed:  The solver ECOS is not installed. 
Using SCS instead.
ECOS solver failed:  The solver ECOS is not installed. 
Using SCS instead.
ECOS solver failed:  The solver ECOS is not installed. 
Using SCS instead.
ECOS solver failed:  The solver ECOS is not installed. 
Using SCS instead.
ECOS solver failed:  The solver ECOS is not installed. 
Using SCS instead.
ECOS solver failed:  The solver ECOS is not installed. 
Using SCS instead.
ECOS solver failed:  The solver ECOS is not installed. 
Using SCS instead.
ECOS solver failed:  The solver ECOS is not installed. 
Using SCS instead.
ECOS solver failed:  The solver ECOS is not installed. 
Using SCS instead.
ECOS solver failed:  The solver ECOS is not installed. 
Using SCS instead.
ECOS solver failed:  The solver ECOS is not installed. 
Using SCS instead.
ECOS solver failed:  The solver ECOS is not installed. 
Using SCS instead.
ECOS solver failed:  The solver ECOS is not installed. 
Using SCS instead.
ECOS solver failed:  The solver ECOS is not installed. 
Using SCS instead.
ECOS solver failed:  The solver ECOS is not installed. 
Using SCS instead.
ECOS solver failed:  The solver ECOS is not installed. 
Using SCS instead.
ECOS solver failed:  The solver ECOS is not installed. 
Using SCS instead.
M-step Design Matrix Calculation time (sec): 0.0168
ECOS solver failed in IPCW_HAL_init, falling back to SCS: The solver ECOS is not installed.
WARNING - large complementary slackness residual: 0.002440
M-step CVXPY optimize time (sec): 0.7142
ECOS solver failed:  The solver ECOS is not installed. 
Using SCS instead.
ECOS solver failed:  The solver ECOS is not installed. 
Using SCS instead.
ECOS solver failed:  The solver ECOS is not installed. 
Using SCS instead.
ECOS solver failed:  The solver ECOS is not installed. 
Using SCS instead.
ECOS solver failed:  The solver ECOS is not installed. 
Using SCS instead.
ECOS solver failed:  The solver ECOS is not installed. 
Using SCS instead.
ECOS solver failed:  The solver ECOS is not installed. 
Using SCS instead.
ECOS solver failed:  The solver ECOS is not installed. 
Using SCS instead.
ECOS solver failed:  The solver ECOS is not installed. 
Using SCS instead.
ECOS solver failed:  The solver ECOS is not installed. 
Using SCS instead.
ECOS solver failed:  The solver ECOS is not installed. 
Using SCS instead.
ECOS solver failed:  The solver ECOS is not installed. 
Using SCS instead.
ECOS solver failed:  The solver ECOS is not installed. 
Using SCS instead.
ECOS solver failed:  The solver ECOS is not installed. 
Using SCS instead.
ECOS solver failed:  The solver ECOS is not installed. 
Using SCS instead.
ECOS solver failed:  The solver ECOS is not installed. 
Using SCS instead.
ECOS solver failed:  The solver ECOS is not installed. 
Using SCS instead.
ECOS solver failed:  The solver ECOS is not installed. 
Using SCS instead.
ECOS solver failed:  The solver ECOS is not installed. 
Using SCS instead.
ECOS solver failed:  The solver ECOS is not installed. 
Using SCS instead.
ECOS solver failed:  The solver ECOS is not installed. 
Using SCS instead.
M-step Design Matrix Calculation time (sec): 0.0158
ECOS solver failed in IPCW_HAL_init, falling back to SCS: The solver ECOS is not installed.
WARNING - large complementary slackness residual: 0.002687
M-step CVXPY optimize time (sec): 0.3801
ECOS solver failed:  The solver ECOS is not installed. 
Using SCS instead.
ECOS solver failed:  The solver ECOS is not installed. 
Using SCS instead.
ECOS solver failed:  The solver ECOS is not installed. 
Using SCS instead.

Using SCS instead.
ECOS solver failed:  The solver ECOS is not installed. 
Using SCS instead.
ECOS solver failed:  The solver ECOS is not installed. 
Using SCS instead.
ECOS solver failed:  The solver ECOS is not installed. 
Using SCS instead.
ECOS solver failed:  The solver ECOS is not installed. 
Using SCS instead.
ECOS solver failed:  The solver ECOS is not installed. 
Using SCS instead.
ECOS solver failed:  The solver ECOS is not installed. 
Using SCS instead.
ECOS solver failed:  The solver ECOS is not installed. 
Using SCS instead.
ECOS solver failed:  The solver ECOS is not installed. 
Using SCS instead.
ECOS solver failed:  The solver ECOS is not installed. 
Using SCS instead.
ECOS solver failed:  The solver ECOS is not installed. 
Using SCS instead.
ECOS solver failed:  The solver ECOS is not installed. 
Using SCS instead.
ECOS solver failed:  The solver ECOS is not installed. 
Using SCS instead.
ECOS solver failed:  The solver ECOS is not installed. 
Using SCS instead.
ECOS solver failed:  The solver ECOS is not installed. 
Using SCS instead.
M-step Design Matrix Calculation time (sec): 0.0139
ECOS solver failed in IPCW_HAL_init, falling back to SCS: The solver ECOS is not installed.
M-step CVXPY optimize time (sec): 1.4477
ECOS solver failed:  The solver ECOS is not installed. 
Using SCS instead.
ECOS solver failed:  The solver ECOS is not installed. 
Using SCS instead.
ECOS solver failed:  The solver ECOS is not installed. 
Using SCS instead.
ECOS solver failed:  The solver ECOS is not installed. 
Using SCS instead.
ECOS solver failed:  The solver ECOS is not installed. 
Using SCS instead.
ECOS solver failed:  The solver ECOS is not installed. 
Using SCS instead.
ECOS solver failed:  The solver ECOS is not installed. 
Using SCS instead.
ECOS solver failed:  The solver ECOS is not installed. 
Using SCS instead.
ECOS solver failed:  The solver ECOS is not installed. 
Using SCS instead.
ECOS solver failed:  The solver ECOS is not installed. 
Using SCS instead.
ECOS solver failed:  The solver ECOS is not installed. 
Using SCS instead.
ECOS solver failed:  The solver ECOS is not installed. 
Using SCS instead.
ECOS solver failed:  The solver ECOS is not installed. 
Using SCS instead.
ECOS solver failed:  The solver ECOS is not installed. 
Using SCS instead.
ECOS solver failed:  The solver ECOS is not installed. 
Using SCS instead.
ECOS solver failed:  The solver ECOS is not installed. 
Using SCS instead.
ECOS solver failed:  The solver ECOS is not installed. 
Using SCS instead.
ECOS solver failed:  The solver ECOS is not installed. 
Using SCS instead.
ECOS solver failed:  The solver ECOS is not installed. 
Using SCS instead.
ECOS solver failed:  The solver ECOS is not installed. 
Using SCS instead.
ECOS solver failed:  The solver ECOS is not installed. 
Using SCS instead.
M-step Design Matrix Calculation time (sec): 0.0279
ECOS solver failed in IPCW_HAL_init, falling back to SCS: The solver ECOS is not installed.
WARNING - large complementary slackness residual: 0.002835
M-step CVXPY optimize time (sec): 0.5030
ECOS solver failed:  The solver ECOS is not installed. 
Using SCS instead.
ECOS solver failed:  The solver ECOS is not installed. 
Using SCS instead.
ECOS solver failed:  The solver ECOS is not installed. 
Using SCS instead.
ECOS solver failed:  The solver ECOS is not installed. 
Using SCS instead.
ECOS solver failed:  The solver ECOS is not installed. 
Using SCS instead.
ECOS solver failed:  The solver ECOS is not installed. 
Using SCS instead.
ECOS solver failed:  The solver ECOS is not installed. 
Using SCS instead.
ECOS solver failed:  The solver ECOS is not installed. 
Using SCS instead.
ECOS solver failed:  The solver ECOS is not installed. 
Using SCS instead.
ECOS solver failed:  The solver ECOS is not installed. 
Using SCS instead.
ECOS solver failed:  The solver ECOS is not installed. 
Using SCS instead.
ECOS solver failed:  The solver ECOS is not installed. 
Using SCS instead.
ECOS solver failed:  The solver ECOS is not installed. 
Using SCS instead.
ECOS solver failed:  The solver ECOS is not installed. 
Using SCS instead.
ECOS solver failed:  The solver ECOS is not installed. 
Using SCS instead.
ECOS solver failed:  The solver ECOS is not installed. 
Using SCS instead.
ECOS solver failed:  The solver ECOS is not installed. 
Using SCS instead.
ECOS solver failed:  The solver ECOS is not installed. 
Using SCS instead.
M-step Design Matrix Calculation time (sec): 0.0134
ECOS solver failed in IPCW_HAL_init, falling back to SCS: The solver ECOS is not installed.
M-step CVXPY optimize time (sec): 0.4501
ECOS solver failed:  The solver ECOS is not installed. 
Using SCS instead.
ECOS solver failed:  The solver ECOS is not installed. 
Using SCS instead.
ECOS solver failed:  The solver ECOS is not installed. 
Using SCS instead.
ECOS solver failed:  The solver ECOS is not installed. 
Using SCS instead.
ECOS solver failed:  The solver ECOS is not installed. 
Using SCS instead.
ECOS solver failed:  The solver ECOS is not installed. 
Using SCS instead.
ECOS solver failed:  The solver ECOS is not installed. 
Using SCS instead.
ECOS solver failed:  The solver ECOS is not installed. 
Using SCS instead.
ECOS solver failed:  The solver ECOS is not installed. 
Using SCS instead.
ECOS solver failed:  The solver ECOS is not installed. 
Using SCS instead.
ECOS solver failed:  The solver ECOS is not installed. 
Using SCS instead.
ECOS solver failed:  The solver ECOS is not installed. 
Using SCS instead.
ECOS solver failed:  The solver ECOS is not installed. 
Using SCS instead.
ECOS solver failed:  The solver ECOS is not installed. 
Using SCS instead.
ECOS solver failed:  The solver ECOS is not installed. 
Using SCS instead.
ECOS solver failed:  The solver ECOS is not installed. 
Using SCS instead.
ECOS solver failed:  The solver ECOS is not installed. 
Using SCS instead.
ECOS solver failed:  The solver ECOS is not installed. 
Using SCS instead.
ECOS solver failed:  The solver ECOS is not installed. 
Using SCS instead.
ECOS solver failed:  The solver ECOS is not installed. 
Using SCS instead.
ECOS solver failed:  The solver ECOS is not installed. 
Using SCS instead.
M-step Design Matrix Calculation time (sec): 0.0439
ECOS solver failed in IPCW_HAL_init, falling back to SCS: The solver ECOS is not installed.
WARNING - large complementary slackness residual: 0.001135
M-step CVXPY optimize time (sec): 0.3665
ECOS solver failed:  The solver ECOS is not installed. 
Using SCS instead.
ECOS solver failed:  The solver ECOS is not installed. 
Using SCS instead.
ECOS solver failed:  The solver ECOS is not installed. 
Using SCS instead.
ECOS solver failed:  The solver ECOS is not installed. 
Using SCS instead.
ECOS solver failed:  The solver ECOS is not installed. 
Using SCS instead.
ECOS solver failed:  The solver ECOS is not installed. 
Using SCS instead.
ECOS solver failed:  The solver ECOS is not installed. 
Using SCS instead.
ECOS solver failed:  The solver ECOS is not installed. 
Using SCS instead.
ECOS solver failed:  The solver ECOS is not installed. 
Using SCS instead.
ECOS solver failed:  The solver ECOS is not installed. 
Using SCS instead.
ECOS solver failed:  The solver ECOS is not installed. 
Using SCS instead.
ECOS solver failed:  The solver ECOS is not installed. 
Using SCS instead.
ECOS solver failed:  The solver ECOS is not installed. 
Using SCS instead.
ECOS solver failed:  The solver ECOS is not installed. 
Using SCS instead.
ECOS solver failed:  The solver ECOS is not installed. 
Using SCS instead.
ECOS solver failed:  The solver ECOS is not installed. 
Using SCS instead.
ECOS solver failed:  The solver ECOS is not installed. 
Using SCS instead.
ECOS solver failed:  The solver ECOS is not installed. 
Using SCS instead.
ECOS solver failed:  The solver ECOS is not installed. 
Using SCS instead.
ECOS solver failed:  The solver ECOS is not installed. 
Using SCS instead.
ECOS solver failed:  The solver ECOS is not installed. 
Using SCS instead.
M-step Design Matrix Calculation time (sec): 0.0141
ECOS solver failed in IPCW_HAL_init, falling back to SCS: The solver ECOS is not installed.
WARNING - large complementary slackness residual: 0.001053
M-step CVXPY optimize time (sec): 0.4733
ECOS solver failed:  The solver ECOS is not installed. 
Using SCS instead.
ECOS solver failed:  The solver ECOS is not installed. 
Using SCS instead.
ECOS solver failed:  The solver ECOS is not installed. 
Using SCS instead.
ECOS solver failed:  The solver ECOS is not installed. 
Using SCS instead.
ECOS solver failed:  The solver ECOS is not installed. 
Using SCS instead.
ECOS solver failed:  The solver ECOS is not installed. 
Using SCS instead.
ECOS solver failed:  The solver ECOS is not installed. 
Using SCS instead.
ECOS solver failed:  The solver ECOS is not installed. 
Using SCS instead.
ECOS solver failed:  The solver ECOS is not installed. 
Using SCS instead.
ECOS solver failed:  The solver ECOS is not installed. 
Using SCS instead.
ECOS solver failed:  The solver ECOS is not installed. 
Using SCS instead.
ECOS solver failed:  The solver ECOS is not installed. 
Using SCS instead.
ECOS solver failed:  The solver ECOS is not installed. 
Using SCS instead.
ECOS solver failed:  The solver ECOS is not installed. 
Using SCS instead.
ECOS solver failed:  The solver ECOS is not installed. 
Using SCS instead.
ECOS solver failed:  The solver ECOS is not installed. 
Using SCS instead.
ECOS solver failed:  The solver ECOS is not installed. 
Using SCS instead.
ECOS solver failed:  The solver ECOS is not installed. 
Using SCS instead.
ECOS solver failed:  The solver ECOS is not installed. 
Using SCS instead.
ECOS solver failed:  The solver ECOS is not installed. 
Using SCS instead.
ECOS solver failed:  The solver ECOS is not installed. 
Using SCS instead.
M-step Design Matrix Calculation time (sec): 0.0149
ECOS solver failed in IPCW_HAL_init, falling back to SCS: The solver ECOS is not installed.
M-step CVXPY optimize time (sec): 0.6623
ECOS solver failed:  The solver ECOS is not installed. 
Using SCS instead.
ECOS solver failed:  The solver ECOS is not installed. 
Using SCS instead.
ECOS solver failed:  The solver ECOS is not installed. 
Using SCS instead.
ECOS solver failed:  The solver ECOS is not installed. 
Using SCS instead.
ECOS solver failed:  The solver ECOS is not installed. 
Using SCS instead.
ECOS solver failed:  The solver ECOS is not installed. 
Using SCS instead.
ECOS solver failed:  The solver ECOS is not installed. 
Using SCS instead.
ECOS solver failed:  The solver ECOS is not installed. 
Using SCS instead.
ECOS solver failed:  The solver ECOS is not installed. 
Using SCS instead.
ECOS solver failed:  The solver ECOS is not installed. 
Using SCS instead.
ECOS solver failed:  The solver ECOS is not installed. 
Using SCS instead.
ECOS solver failed:  The solver ECOS is not installed. 
Using SCS instead.
ECOS solver failed:  The solver ECOS is not installed. 
Using SCS instead.
ECOS solver failed:  The solver ECOS is not installed. 
Using SCS instead.
ECOS solver failed:  The solver ECOS is not installed. 
Using SCS instead.
ECOS solver failed:  The solver ECOS is not installed. 
Using SCS instead.
ECOS solver failed:  The solver ECOS is not installed. 
Using SCS instead.
ECOS solver failed:  The solver ECOS is not installed. 
Using SCS instead.
ECOS solver failed:  The solver ECOS is not installed. 
Using SCS instead.
ECOS solver failed:  The solver ECOS is not installed. 
Using SCS instead.
ECOS solver failed:  The solver ECOS is not installed. 
Using SCS instead.
M-step Design Matrix Calculation time (sec): 0.0141
ECOS solver failed in IPCW_HAL_init, falling back to SCS: The solver ECOS is not installed.
WARNING - large complementary slackness residual: 0.001363
M-step CVXPY optimize time (sec): 0.5922
ECOS solver failed:  The solver ECOS is not installed. 
Using SCS instead.
ECOS solver failed:  The solver ECOS is not installed. 
Using SCS instead.
ECOS solver failed:  The solver ECOS is not installed. 
Using SCS instead.
ECOS solver failed:  The solver ECOS is not installed. 
Using SCS instead.
ECOS solver failed:  The solver ECOS is not installed. 
Using SCS instead.
ECOS solver failed:  The solver ECOS is not installed. 
Using SCS instead.
ECOS solver failed:  The solver ECOS is not installed. 
Using SCS instead.
ECOS solver failed:  The solver ECOS is not installed. 
Using SCS instead.
ECOS solver failed:  The solver ECOS is not installed. 
Using SCS instead.
ECOS solver failed:  The solver ECOS is not installed. 
Using SCS instead.
ECOS solver failed:  The solver ECOS is not installed. 
Using SCS instead.
ECOS solver failed:  The solver ECOS is not installed. 
Using SCS instead.
ECOS solver failed:  The solver ECOS is not installed. 
Using SCS instead.
ECOS solver failed:  The solver ECOS is not installed. 
Using SCS instead.
ECOS solver failed:  The solver ECOS is not installed. 
Using SCS instead.
ECOS solver failed:  The solver ECOS is not installed. 
Using SCS instead.
ECOS solver failed:  The solver ECOS is not installed. 
Using SCS instead.
ECOS solver failed:  The solver ECOS is not installed. 
Using SCS instead.
ECOS solver failed:  The solver ECOS is not installed. 
Using SCS instead.
ECOS solver failed:  The solver ECOS is not installed. 
Using SCS instead.
ECOS solver failed:  The solver ECOS is not installed. 
Using SCS instead.
M-step Design Matrix Calculation time (sec): 0.0169
ECOS solver failed in IPCW_HAL_init, falling back to SCS: The solver ECOS is not installed.
M-step CVXPY optimize time (sec): 0.5236
ECOS solver failed:  The solver ECOS is not installed. 
Using SCS instead.
ECOS solver failed:  The solver ECOS is not installed. 
Using SCS instead.
ECOS solver failed:  The solver ECOS is not installed. 
Using SCS instead.
ECOS solver failed:  The solver ECOS is not installed. 
Using SCS instead.
ECOS solver failed:  The solver ECOS is not installed. 
Using SCS instead.
ECOS solver failed:  The solver ECOS is not installed. 
Using SCS instead.
ECOS solver failed:  The solver ECOS is not installed. 
Using SCS instead.
ECOS solver failed:  The solver ECOS is not installed. 
Using SCS instead.
ECOS solver failed:  The solver ECOS is not installed. 
Using SCS instead.
ECOS solver failed:  The solver ECOS is not installed. 
Using SCS instead.
ECOS solver failed:  The solver ECOS is not installed. 
Using SCS instead.
ECOS solver failed:  The solver ECOS is not installed. 
Using SCS instead.
ECOS solver failed:  The solver ECOS is not installed. 
Using SCS instead.
ECOS solver failed:  The solver ECOS is not installed. 
Using SCS instead.
ECOS solver failed:  The solver ECOS is not installed. 
Using SCS instead.
ECOS solver failed:  The solver ECOS is not installed. 
Using SCS instead.
ECOS solver failed:  The solver ECOS is not installed. 
Using SCS instead.
ECOS solver failed:  The solver ECOS is not installed. 
Using SCS instead.
ECOS solver failed:  The solver ECOS is not installed. 
Using SCS instead.
ECOS solver failed:  The solver ECOS is not installed. 
Using SCS instead.
ECOS solver failed:  The solver ECOS is not installed. 
Using SCS instead.
M-step Design Matrix Calculation time (sec): 0.0893
ECOS solver failed in IPCW_HAL_init, falling back to SCS: The solver ECOS is not installed.
WARNING - large complementary slackness residual: 0.001108
M-step CVXPY optimize time (sec): 1.6758
ECOS solver failed:  The solver ECOS is not installed. 
Using SCS instead.
ECOS solver failed:  The solver ECOS is not installed. 
Using SCS instead.
ECOS solver failed:  The solver ECOS is not installed. 
Using SCS instead.
ECOS solver failed:  The solver ECOS is not installed. 
Using SCS instead.
ECOS solver failed:  The solver ECOS is not installed. 
Using SCS instead.
ECOS solver failed:  The solver ECOS is not installed. 
Using SCS instead.
ECOS solver failed:  The solver ECOS is not installed. 
Using SCS instead.
ECOS solver failed:  The solver ECOS is not installed. 
Using SCS instead.
ECOS solver failed:  The solver ECOS is not installed. 
Using SCS instead.
ECOS solver failed:  The solver ECOS is not installed. 
Using SCS instead.
ECOS solver failed:  The solver ECOS is not installed. 
Using SCS instead.
ECOS solver failed:  The solver ECOS is not installed. 
Using SCS instead.
ECOS solver failed:  The solver ECOS is not installed. 
Using SCS instead.
ECOS solver failed:  The solver ECOS is not installed. 
Using SCS instead.
ECOS solver failed:  The solver ECOS is not installed. 
Using SCS instead.
ECOS solver failed:  The solver ECOS is not installed. 
Using SCS instead.
ECOS solver failed:  The solver ECOS is not installed. 
Using SCS instead.
ECOS solver failed:  The solver ECOS is not installed. 
Using SCS instead.
ECOS solver failed:  The solver ECOS is not installed. 
Using SCS instead.
ECOS solver failed:  The solver ECOS is not installed. 
Using SCS instead.
ECOS solver failed:  The solver ECOS is not installed. 
Using SCS instead.
M-step Design Matrix Calculation time (sec): 0.0173
ECOS solver failed in IPCW_HAL_init, falling back to SCS: The solver ECOS is not installed.
WARNING - large complementary slackness residual: 0.001587
M-step CVXPY optimize time (sec): 0.9895
ECOS solver failed:  The solver ECOS is not installed. 
Using SCS instead.
ECOS solver failed:  The solver ECOS is not installed. 
Using SCS instead.
ECOS solver failed:  The solver ECOS is not installed. 
Using SCS instead.
ECOS solver failed:  The solver ECOS is not installed. 
Using SCS instead.
ECOS solver failed:  The solver ECOS is not installed. 
Using SCS instead.
ECOS solver failed:  The solver ECOS is not installed. 
Using SCS instead.
ECOS solver failed:  The solver ECOS is not installed. 
Using SCS instead.
ECOS solver failed:  The solver ECOS is not installed. 
Using SCS instead.
ECOS solver failed:  The solver ECOS is not installed. 
Using SCS instead.
ECOS solver failed:  The solver ECOS is not installed. 
Using SCS instead.
ECOS solver failed:  The solver ECOS is not installed. 
Using SCS instead.
ECOS solver failed:  The solver ECOS is not installed. 
Using SCS instead.
ECOS solver failed:  The solver ECOS is not installed. 
Using SCS instead.
ECOS solver failed:  The solver ECOS is not installed. 
Using SCS instead.
ECOS solver failed:  The solver ECOS is not installed. 
Using SCS instead.
ECOS solver failed:  The solver ECOS is not installed. 
Using SCS instead.
ECOS solver failed:  The solver ECOS is not installed. 
Using SCS instead.
ECOS solver failed:  The solver ECOS is not installed. 
Using SCS instead.
ECOS solver failed:  The solver ECOS is not installed. 
Using SCS instead.
ECOS solver failed:  The solver ECOS is not installed. 
Using SCS instead.
ECOS solver failed:  The solver ECOS is not installed. 
Using SCS instead.
M-step Design Matrix Calculation time (sec): 0.0149
ECOS solver failed in IPCW_HAL_init, falling back to SCS: The solver ECOS is not installed.
WARNING - large complementary slackness residual: 0.001112
M-step CVXPY optimize time (sec): 0.5074
ECOS solver failed:  The solver ECOS is not installed. 
Using SCS instead.
ECOS solver failed:  The solver ECOS is not installed. 
Using SCS instead.
ECOS solver failed:  The solver ECOS is not installed. 
Using SCS instead.
ECOS solver failed:  The solver ECOS is not installed. 
Using SCS instead.
ECOS solver failed:  The solver ECOS is not installed. 
Using SCS instead.
ECOS solver failed:  The solver ECOS is not installed. 
Using SCS instead.
ECOS solver failed:  The solver ECOS is not installed. 
Using SCS instead.
ECOS solver failed:  The solver ECOS is not installed. 
Using SCS instead.
ECOS solver failed:  The solver ECOS is not installed. 
Using SCS instead.
ECOS solver failed:  The solver ECOS is not installed. 
Using SCS instead.
ECOS solver failed:  The solver ECOS is not installed. 
Using SCS instead.
ECOS solver failed:  The solver ECOS is not installed. 
Using SCS instead.
ECOS solver failed:  The solver ECOS is not installed. 
Using SCS instead.
ECOS solver failed:  The solver ECOS is not installed. 
Using SCS instead.
ECOS solver failed:  The solver ECOS is not installed. 
Using SCS instead.
ECOS solver failed:  The solver ECOS is not installed. 
Using SCS instead.
ECOS solver failed:  The solver ECOS is not installed. 
Using SCS instead.
ECOS solver failed:  The solver ECOS is not installed. 
Using SCS instead.
ECOS solver failed:  The solver ECOS is not installed. 
Using SCS instead.
ECOS solver failed:  The solver ECOS is not installed. 
Using SCS instead.
ECOS solver failed:  The solver ECOS is not installed. 
Using SCS instead.
M-step Design Matrix Calculation time (sec): 0.0140
ECOS solver failed in IPCW_HAL_init, falling back to SCS: The solver ECOS is not installed.
WARNING - large complementary slackness residual: 0.002739
M-step CVXPY optimize time (sec): 0.5193
ECOS solver failed:  The solver ECOS is not installed. 
Using SCS instead.
ECOS solver failed:  The solver ECOS is not installed. 
Using SCS instead.
ECOS solver failed:  The solver ECOS is not installed. 
Using SCS instead.
ECOS solver failed:  The solver ECOS is not installed. 
Using SCS instead.
ECOS solver failed:  The solver ECOS is not installed. 
Using SCS instead.
ECOS solver failed:  The solver ECOS is not installed. 
Using SCS instead.
ECOS solver failed:  The solver ECOS is not installed. 
Using SCS instead.
ECOS solver failed:  The solver ECOS is not installed. 
Using SCS instead.
ECOS solver failed:  The solver ECOS is not installed. 
Using SCS instead.
ECOS solver failed:  The solver ECOS is not installed. 
Using SCS instead.
ECOS solver failed:  The solver ECOS is not installed. 
Using SCS instead.
ECOS solver failed:  The solver ECOS is not installed. 
Using SCS instead.
ECOS solver failed:  The solver ECOS is not installed. 
Using SCS instead.
ECOS solver failed:  The solver ECOS is not installed. 
Using SCS instead.
ECOS solver failed:  The solver ECOS is not installed. 
Using SCS instead.
ECOS solver failed:  The solver ECOS is not installed. 
Using SCS instead.
ECOS solver failed:  The solver ECOS is not installed. 
Using SCS instead.
ECOS solver failed:  The solver ECOS is not installed. 
Using SCS instead.
ECOS solver failed:  The solver ECOS is not installed. 
Using SCS instead.
ECOS solver failed:  The solver ECOS is not installed. 
Using SCS instead.
ECOS solver failed:  The solver ECOS is not installed. 
Using SCS instead.
M-step Design Matrix Calculation time (sec): 0.0149
ECOS solver failed in IPCW_HAL_init, falling back to SCS: The solver ECOS is not installed.
WARNING - large complementary slackness residual: 0.002985
M-step CVXPY optimize time (sec): 0.6283
ECOS solver failed:  The solver ECOS is not installed. 
Using SCS instead.
ECOS solver failed:  The solver ECOS is not installed. 
Using SCS instead.
ECOS solver failed:  The solver ECOS is not installed. 
Using SCS instead.
ECOS solver failed:  The solver ECOS is not installed. 
Using SCS instead.
ECOS solver failed:  The solver ECOS is not installed. 
Using SCS instead.
ECOS solver failed:  The solver ECOS is not installed. 
Using SCS instead.
ECOS solver failed:  The solver ECOS is not installed. 
Using SCS instead.
ECOS solver failed:  The solver ECOS is not installed. 
Using SCS instead.
ECOS solver failed:  The solver ECOS is not installed. 
Using SCS instead.
ECOS solver failed:  The solver ECOS is not installed. 
Using SCS instead.
ECOS solver failed:  The solver ECOS is not installed. 
Using SCS instead.
ECOS solver failed:  The solver ECOS is not installed. 
Using SCS instead.
ECOS solver failed:  The solver ECOS is not installed. 
Using SCS instead.
ECOS solver failed:  The solver ECOS is not installed. 
Using SCS instead.
ECOS solver failed:  The solver ECOS is not installed. 
Using SCS instead.
ECOS solver failed:  The solver ECOS is not installed. 
Using SCS instead.
ECOS solver failed:  The solver ECOS is not installed. 
Using SCS instead.
ECOS solver failed:  The solver ECOS is not installed. 
Using SCS instead.
ECOS solver failed:  The solver ECOS is not installed. 
Using SCS instead.
ECOS solver failed:  The solver ECOS is not installed. 
Using SCS instead.
ECOS solver failed:  The solver ECOS is not installed. 
Using SCS instead.
M-step Design Matrix Calculation time (sec): 0.0159
ECOS solver failed in IPCW_HAL_init, falling back to SCS: The solver ECOS is not installed.
WARNING - large complementary slackness residual: 0.001076
M-step CVXPY optimize time (sec): 1.0028
ECOS solver failed:  The solver ECOS is not installed. 
Using SCS instead.
ECOS solver failed:  The solver ECOS is not installed. 
Using SCS instead.
ECOS solver failed:  The solver ECOS is not installed. 
Using SCS instead.
ECOS solver failed:  The solver ECOS is not installed. 
Using SCS instead.
ECOS solver failed:  The solver ECOS is not installed. 
Using SCS instead.
ECOS solver failed:  The solver ECOS is not installed. 
Using SCS instead.
ECOS solver failed:  The solver ECOS is not installed. 
Using SCS instead.
ECOS solver failed:  The solver ECOS is not installed. 
Using SCS instead.
ECOS solver failed:  The solver ECOS is not installed. 
Using SCS instead.
ECOS solver failed:  The solver ECOS is not installed. 
Using SCS instead.
ECOS solver failed:  The solver ECOS is not installed. 
Using SCS instead.
ECOS solver failed:  The solver ECOS is not installed. 
Using SCS instead.
ECOS solver failed:  The solver ECOS is not installed. 
Using SCS instead.
ECOS solver failed:  The solver ECOS is not installed. 
Using SCS instead.
ECOS solver failed:  The solver ECOS is not installed. 
Using SCS instead.
ECOS solver failed:  The solver ECOS is not installed. 
Using SCS instead.
ECOS solver failed:  The solver ECOS is not installed. 
Using SCS instead.
ECOS solver failed:  The solver ECOS is not installed. 
Using SCS instead.
ECOS solver failed:  The solver ECOS is not installed. 
Using SCS instead.
ECOS solver failed:  The solver ECOS is not installed. 
Using SCS instead.
ECOS solver failed:  The solver ECOS is not installed. 
Using SCS instead.
M-step Design Matrix Calculation time (sec): 0.0153
ECOS solver failed in IPCW_HAL_init, falling back to SCS: The solver ECOS is not installed.
WARNING - large complementary slackness residual: 0.001168
M-step CVXPY optimize time (sec): 0.5370
ECOS solver failed:  The solver ECOS is not installed. 
Using SCS instead.
ECOS solver failed:  The solver ECOS is not installed. 
Using SCS instead.
ECOS solver failed:  The solver ECOS is not installed. 
Using SCS instead.
ECOS solver failed:  The solver ECOS is not installed. 
Using SCS instead.
ECOS solver failed:  The solver ECOS is not installed. 
Using SCS instead.
ECOS solver failed:  The solver ECOS is not installed. 
Using SCS instead.
ECOS solver failed:  The solver ECOS is not installed. 
Using SCS instead.
ECOS solver failed:  The solver ECOS is not installed. 
Using SCS instead.
ECOS solver failed:  The solver ECOS is not installed. 
Using SCS instead.
ECOS solver failed:  The solver ECOS is not installed. 
Using SCS instead.
ECOS solver failed:  The solver ECOS is not installed. 
Using SCS instead.
ECOS solver failed:  The solver ECOS is not installed. 
Using SCS instead.
ECOS solver failed:  The solver ECOS is not installed. 
Using SCS instead.
ECOS solver failed:  The solver ECOS is not installed. 
Using SCS instead.
ECOS solver failed:  The solver ECOS is not installed. 
Using SCS instead.
ECOS solver failed:  The solver ECOS is not installed. 
Using SCS instead.
ECOS solver failed:  The solver ECOS is not installed. 
Using SCS instead.
ECOS solver failed:  The solver ECOS is not installed. 
Using SCS instead.
ECOS solver failed:  The solver ECOS is not installed. 
Using SCS instead.
ECOS solver failed:  The solver ECOS is not installed. 
Using SCS instead.
ECOS solver failed:  The solver ECOS is not installed. 
Using SCS instead.
M-step Design Matrix Calculation time (sec): 0.0191
ECOS solver failed in IPCW_HAL_init, falling back to SCS: The solver ECOS is not installed.
WARNING - large complementary slackness residual: 0.001161
M-step CVXPY optimize time (sec): 1.7113
ECOS solver failed:  The solver ECOS is not installed. 
Using SCS instead.
ECOS solver failed:  The solver ECOS is not installed. 
Using SCS instead.
ECOS solver failed:  The solver ECOS is not installed. 
Using SCS instead.
ECOS solver failed:  The solver ECOS is not installed. 
Using SCS instead.
ECOS solver failed:  The solver ECOS is not installed. 
Using SCS instead.
ECOS solver failed:  The solver ECOS is not installed. 
Using SCS instead.
ECOS solver failed:  The solver ECOS is not installed. 
Using SCS instead.
ECOS solver failed:  The solver ECOS is not installed. 
Using SCS instead.
ECOS solver failed:  The solver ECOS is not installed. 
Using SCS instead.
ECOS solver failed:  The solver ECOS is not installed. 
Using SCS instead.
ECOS solver failed:  The solver ECOS is not installed. 
Using SCS instead.
ECOS solver failed:  The solver ECOS is not installed. 
Using SCS instead.
ECOS solver failed:  The solver ECOS is not installed. 
Using SCS instead.
ECOS solver failed:  The solver ECOS is not installed. 
Using SCS instead.
ECOS solver failed:  The solver ECOS is not installed. 
Using SCS instead.
ECOS solver failed:  The solver ECOS is not installed. 
Using SCS instead.
ECOS solver failed:  The solver ECOS is not installed. 
Using SCS instead.
ECOS solver failed:  The solver ECOS is not installed. 
Using SCS instead.
ECOS solver failed:  The solver ECOS is not installed. 
Using SCS instead.
ECOS solver failed:  The solver ECOS is not installed. 
Using SCS instead.
ECOS solver failed:  The solver ECOS is not installed. 
Using SCS instead.
M-step Design Matrix Calculation time (sec): 0.0159
ECOS solver failed in IPCW_HAL_init, falling back to SCS: The solver ECOS is not installed.
WARNING - large complementary slackness residual: 0.002292
M-step CVXPY optimize time (sec): 1.2606
ECOS solver failed:  The solver ECOS is not installed. 
Using SCS instead.
ECOS solver failed:  The solver ECOS is not installed. 
Using SCS instead.
ECOS solver failed:  The solver ECOS is not installed. 
Using SCS instead.
ECOS solver failed:  The solver ECOS is not installed. 
Using SCS instead.
ECOS solver failed:  The solver ECOS is not installed. 
Using SCS instead.
ECOS solver failed:  The solver ECOS is not installed. 
Using SCS instead.
ECOS solver failed:  The solver ECOS is not installed. 
Using SCS instead.
ECOS solver failed:  The solver ECOS is not installed. 
Using SCS instead.
ECOS solver failed:  The solver ECOS is not installed. 
Using SCS instead.
ECOS solver failed:  The solver ECOS is not installed. 
Using SCS instead.
ECOS solver failed:  The solver ECOS is not installed. 
Using SCS instead.
ECOS solver failed:  The solver ECOS is not installed. 
Using SCS instead.
ECOS solver failed:  The solver ECOS is not installed. 
Using SCS instead.
ECOS solver failed:  The solver ECOS is not installed. 
Using SCS instead.
ECOS solver failed:  The solver ECOS is not installed. 
Using SCS instead.
ECOS solver failed:  The solver ECOS is not installed. 
Using SCS instead.
ECOS solver failed:  The solver ECOS is not installed. 
Using SCS instead.
ECOS solver failed:  The solver ECOS is not installed. 
Using SCS instead.
ECOS solver failed:  The solver ECOS is not installed. 
Using SCS instead.
ECOS solver failed:  The solver ECOS is not installed. 
Using SCS instead.
ECOS solver failed:  The solver ECOS is not installed. 
Using SCS instead.
M-step Design Matrix Calculation time (sec): 0.0154
ECOS solver failed in IPCW_HAL_init, falling back to SCS: The solver ECOS is not installed.
M-step CVXPY optimize time (sec): 0.7968
ECOS solver failed:  The solver ECOS is not installed. 
Using SCS instead.
ECOS solver failed:  The solver ECOS is not installed. 
Using SCS instead.
ECOS solver failed:  The solver ECOS is not installed. 
Using SCS instead.
ECOS solver failed:  The solver ECOS is not installed. 
Using SCS instead.
ECOS solver failed:  The solver ECOS is not installed. 
Using SCS instead.
ECOS solver failed:  The solver ECOS is not installed. 
Using SCS instead.
ECOS solver failed:  The solver ECOS is not installed. 
Using SCS instead.
ECOS solver failed:  The solver ECOS is not installed. 
Using SCS instead.
ECOS solver failed:  The solver ECOS is not installed. 
Using SCS instead.
ECOS solver failed:  The solver ECOS is not installed. 
Using SCS instead.
ECOS solver failed:  The solver ECOS is not installed. 
Using SCS instead.
ECOS solver failed:  The solver ECOS is not installed. 
Using SCS instead.
ECOS solver failed:  The solver ECOS is not installed. 
Using SCS instead.
ECOS solver failed:  The solver ECOS is not installed. 
Using SCS instead.
ECOS solver failed:  The solver ECOS is not installed. 
Using SCS instead.
ECOS solver failed:  The solver ECOS is not installed. 
Using SCS instead.
ECOS solver failed:  The solver ECOS is not installed. 
Using SCS instead.
ECOS solver failed:  The solver ECOS is not installed. 
Using SCS instead.
ECOS solver failed:  The solver ECOS is not installed. 
Using SCS instead.
ECOS solver failed:  The solver ECOS is not installed. 
Using SCS instead.
ECOS solver failed:  The solver ECOS is not installed. 
Using SCS instead.
M-step Design Matrix Calculation time (sec): 0.0636
ECOS solver failed in IPCW_HAL_init, falling back to SCS: The solver ECOS is not installed.
WARNING - large complementary slackness residual: 0.001200
M-step CVXPY optimize time (sec): 1.5552
ECOS solver failed:  The solver ECOS is not installed. 
Using SCS instead.
ECOS solver failed:  The solver ECOS is not installed. 
Using SCS instead.
ECOS solver failed:  The solver ECOS is not installed. 
Using SCS instead.
ECOS solver failed:  The solver ECOS is not installed. 
Using SCS instead.
ECOS solver failed:  The solver ECOS is not installed. 
Using SCS instead.
ECOS solver failed:  The solver ECOS is not installed. 
Using SCS instead.
ECOS solver failed:  The solver ECOS is not installed. 
Using SCS instead.
ECOS solver failed:  The solver ECOS is not installed. 
Using SCS instead.
ECOS solver failed:  The solver ECOS is not installed. 
Using SCS instead.
ECOS solver failed:  The solver ECOS is not installed. 
Using SCS instead.
ECOS solver failed:  The solver ECOS is not installed. 
Using SCS instead.
ECOS solver failed:  The solver ECOS is not installed. 
Using SCS instead.
ECOS solver failed:  The solver ECOS is not installed. 
Using SCS instead.
ECOS solver failed:  The solver ECOS is not installed. 
Using SCS instead.
ECOS solver failed:  The solver ECOS is not installed. 
Using SCS instead.
ECOS solver failed:  The solver ECOS is not installed. 
Using SCS instead.
ECOS solver failed:  The solver ECOS is not installed. 
Using SCS instead.
ECOS solver failed:  The solver ECOS is not installed. 
Using SCS instead.
ECOS solver failed:  The solver ECOS is not installed. 
Using SCS instead.
ECOS solver failed:  The solver ECOS is not installed. 
Using SCS instead.
ECOS solver failed:  The solver ECOS is not installed. 
Using SCS instead.
M-step Design Matrix Calculation time (sec): 0.0668
ECOS solver failed in IPCW_HAL_init, falling back to SCS: The solver ECOS is not installed.
WARNING - large complementary slackness residual: 0.001010
M-step CVXPY optimize time (sec): 0.2843
ECOS solver failed:  The solver ECOS is not installed. 
Using SCS instead.
ECOS solver failed:  The solver ECOS is not installed. 
Using SCS instead.
ECOS solver failed:  The solver ECOS is not installed. 
Using SCS instead.
ECOS solver failed:  The solver ECOS is not installed. 
Using SCS instead.
ECOS solver failed:  The solver ECOS is not installed. 
Using SCS instead.
ECOS solver failed:  The solver ECOS is not installed. 
Using SCS instead.
ECOS solver failed:  The solver ECOS is not installed. 
Using SCS instead.
ECOS solver failed:  The solver ECOS is not installed. 
Using SCS instead.
ECOS solver failed:  The solver ECOS is not installed. 
Using SCS instead.
ECOS solver failed:  The solver ECOS is not installed. 
Using SCS instead.
ECOS solver failed:  The solver ECOS is not installed. 
Using SCS instead.
ECOS solver failed:  The solver ECOS is not installed. 
Using SCS instead.
ECOS solver failed:  The solver ECOS is not installed. 
Using SCS instead.
ECOS solver failed:  The solver ECOS is not installed. 
Using SCS instead.
ECOS solver failed:  The solver ECOS is not installed. 
Using SCS instead.
ECOS solver failed:  The solver ECOS is not installed. 
Using SCS instead.
ECOS solver failed:  The solver ECOS is not installed. 
Using SCS instead.
ECOS solver failed:  The solver ECOS is not installed. 
Using SCS instead.
ECOS solver failed:  The solver ECOS is not installed. 
Using SCS instead.
ECOS solver failed:  The solver ECOS is not installed. 
Using SCS instead.
ECOS solver failed:  The solver ECOS is not installed. 
Using SCS instead.
M-step Design Matrix Calculation time (sec): 0.0148
ECOS solver failed in IPCW_HAL_init, falling back to SCS: The solver ECOS is not installed.
WARNING - large complementary slackness residual: 0.001139
M-step CVXPY optimize time (sec): 0.4282
ECOS solver failed:  The solver ECOS is not installed. 
Using SCS instead.
ECOS solver failed:  The solver ECOS is not installed. 
Using SCS instead.
ECOS solver failed:  The solver ECOS is not installed. 
Using SCS instead.
ECOS solver failed:  The solver ECOS is not installed. 
Using SCS instead.
ECOS solver failed:  The solver ECOS is not installed. 
Using SCS instead.
ECOS solver failed:  The solver ECOS is not installed. 
Using SCS instead.
ECOS solver failed:  The solver ECOS is not installed. 
Using SCS instead.
ECOS solver failed:  The solver ECOS is not installed. 
Using SCS instead.
ECOS solver failed:  The solver ECOS is not installed. 
Using SCS instead.
ECOS solver failed:  The solver ECOS is not installed. 
Using SCS instead.
ECOS solver failed:  The solver ECOS is not installed. 
Using SCS instead.
ECOS solver failed:  The solver ECOS is not installed. 
Using SCS instead.
ECOS solver failed:  The solver ECOS is not installed. 
Using SCS instead.
ECOS solver failed:  The solver ECOS is not installed. 
Using SCS instead.
ECOS solver failed:  The solver ECOS is not installed. 
Using SCS instead.
ECOS solver failed:  The solver ECOS is not installed. 
Using SCS instead.
ECOS solver failed:  The solver ECOS is not installed. 
Using SCS instead.
ECOS solver failed:  The solver ECOS is not installed. 
Using SCS instead.
ECOS solver failed:  The solver ECOS is not installed. 
Using SCS instead.
ECOS solver failed:  The solver ECOS is not installed. 
Using SCS instead.
ECOS solver failed:  The solver ECOS is not installed. 
Using SCS instead.
M-step Design Matrix Calculation time (sec): 0.0146
ECOS solver failed in IPCW_HAL_init, falling back to SCS: The solver ECOS is not installed.
M-step CVXPY optimize time (sec): 1.3999
ECOS solver failed:  The solver ECOS is not installed. 
Using SCS instead.
ECOS solver failed:  The solver ECOS is not installed. 
Using SCS instead.
ECOS solver failed:  The solver ECOS is not installed. 
Using SCS instead.
ECOS solver failed:  The solver ECOS is not installed. 
Using SCS instead.
ECOS solver failed:  The solver ECOS is not installed. 
Using SCS instead.
ECOS solver failed:  The solver ECOS is not installed. 
Using SCS instead.
ECOS solver failed:  The solver ECOS is not installed. 
Using SCS instead.
ECOS solver failed:  The solver ECOS is not installed. 
Using SCS instead.
ECOS solver failed:  The solver ECOS is not installed. 
Using SCS instead.
ECOS solver failed:  The solver ECOS is not installed. 
Using SCS instead.
ECOS solver failed:  The solver ECOS is not installed. 
Using SCS instead.
ECOS solver failed:  The solver ECOS is not installed. 
Using SCS instead.
ECOS solver failed:  The solver ECOS is not installed. 
Using SCS instead.
ECOS solver failed:  The solver ECOS is not installed. 
Using SCS instead.
ECOS solver failed:  The solver ECOS is not installed. 
Using SCS instead.
ECOS solver failed:  The solver ECOS is not installed. 
Using SCS instead.
ECOS solver failed:  The solver ECOS is not installed. 
Using SCS instead.
ECOS solver failed:  The solver ECOS is not installed. 
Using SCS instead.
ECOS solver failed:  The solver ECOS is not installed. 
Using SCS instead.
ECOS solver failed:  The solver ECOS is not installed. 
Using SCS instead.
ECOS solver failed:  The solver ECOS is not installed. 
Using SCS instead.
M-step Design Matrix Calculation time (sec): 0.0138
ECOS solver failed in IPCW_HAL_init, falling back to SCS: The solver ECOS is not installed.
M-step CVXPY optimize time (sec): 0.5219
ECOS solver failed:  The solver ECOS is not installed. 
Using SCS instead.
ECOS solver failed:  The solver ECOS is not installed. 
Using SCS instead.
ECOS solver failed:  The solver ECOS is not installed. 
Using SCS instead.
ECOS solver failed:  The solver ECOS is not installed. 
Using SCS instead.
ECOS solver failed:  The solver ECOS is not installed. 
Using SCS instead.
ECOS solver failed:  The solver ECOS is not installed. 
Using SCS instead.
ECOS solver failed:  The solver ECOS is not installed. 
Using SCS instead.
ECOS solver failed:  The solver ECOS is not installed. 
Using SCS instead.
ECOS solver failed:  The solver ECOS is not installed. 
Using SCS instead.
ECOS solver failed:  The solver ECOS is not installed. 
Using SCS instead.
ECOS solver failed:  The solver ECOS is not installed. 
Using SCS instead.
ECOS solver failed:  The solver ECOS is not installed. 
Using SCS instead.
ECOS solver failed:  The solver ECOS is not installed. 
Using SCS instead.
ECOS solver failed:  The solver ECOS is not installed. 
Using SCS instead.
ECOS solver failed:  The solver ECOS is not installed. 
Using SCS instead.
ECOS solver failed:  The solver ECOS is not installed. 
Using SCS instead.
ECOS solver failed:  The solver ECOS is not installed. 
Using SCS instead.
ECOS solver failed:  The solver ECOS is not installed. 
Using SCS instead.
ECOS solver failed:  The solver ECOS is not installed. 
Using SCS instead.
ECOS solver failed:  The solver ECOS is not installed. 
Using SCS instead.
ECOS solver failed:  The solver ECOS is not installed. 
Using SCS instead.
M-step Design Matrix Calculation time (sec): 0.0141
ECOS solver failed in IPCW_HAL_init, falling back to SCS: The solver ECOS is not installed.
WARNING - large complementary slackness residual: 0.001216
M-step CVXPY optimize time (sec): 0.9147
ECOS solver failed:  The solver ECOS is not installed. 
Using SCS instead.
ECOS solver failed:  The solver ECOS is not installed. 
Using SCS instead.
ECOS solver failed:  The solver ECOS is not installed. 
Using SCS instead.
ECOS solver failed:  The solver ECOS is not installed. 
Using SCS instead.
ECOS solver failed:  The solver ECOS is not installed. 
Using SCS instead.
ECOS solver failed:  The solver ECOS is not installed. 
Using SCS instead.
ECOS solver failed:  The solver ECOS is not installed. 
Using SCS instead.
ECOS solver failed:  The solver ECOS is not installed. 
Using SCS instead.
ECOS solver failed:  The solver ECOS is not installed. 
Using SCS instead.
ECOS solver failed:  The solver ECOS is not installed. 
Using SCS instead.
ECOS solver failed:  The solver ECOS is not installed. 
Using SCS instead.
ECOS solver failed:  The solver ECOS is not installed. 
Using SCS instead.
ECOS solver failed:  The solver ECOS is not installed. 
Using SCS instead.
ECOS solver failed:  The solver ECOS is not installed. 
Using SCS instead.
ECOS solver failed:  The solver ECOS is not installed. 
Using SCS instead.
ECOS solver failed:  The solver ECOS is not installed. 
Using SCS instead.
ECOS solver failed:  The solver ECOS is not installed. 
Using SCS instead.
ECOS solver failed:  The solver ECOS is not installed. 
Using SCS instead.
ECOS solver failed:  The solver ECOS is not installed. 
Using SCS instead.
ECOS solver failed:  The solver ECOS is not installed. 
Using SCS instead.
ECOS solver failed:  The solver ECOS is not installed. 
Using SCS instead.
M-step Design Matrix Calculation time (sec): 0.0158
ECOS solver failed in IPCW_HAL_init, falling back to SCS: The solver ECOS is not installed.
M-step CVXPY optimize time (sec): 0.6988
ECOS solver failed:  The solver ECOS is not installed. 
Using SCS instead.
ECOS solver failed:  The solver ECOS is not installed. 
Using SCS instead.
ECOS solver failed:  The solver ECOS is not installed. 
Using SCS instead.
ECOS solver failed:  The solver ECOS is not installed. 
Using SCS instead.
ECOS solver failed:  The solver ECOS is not installed. 
Using SCS instead.
ECOS solver failed:  The solver ECOS is not installed. 
Using SCS instead.
ECOS solver failed:  The solver ECOS is not installed. 
Using SCS instead.
ECOS solver failed:  The solver ECOS is not installed. 
Using SCS instead.
ECOS solver failed:  The solver ECOS is not installed. 
Using SCS instead.
ECOS solver failed:  The solver ECOS is not installed. 
Using SCS instead.
ECOS solver failed:  The solver ECOS is not installed. 
Using SCS instead.
ECOS solver failed:  The solver ECOS is not installed. 
Using SCS instead.
ECOS solver failed:  The solver ECOS is not installed. 
Using SCS instead.
ECOS solver failed:  The solver ECOS is not installed. 
Using SCS instead.
ECOS solver failed:  The solver ECOS is not installed. 
Using SCS instead.
ECOS solver failed:  The solver ECOS is not installed. 
Using SCS instead.
ECOS solver failed:  The solver ECOS is not installed. 
Using SCS instead.
ECOS solver failed:  The solver ECOS is not installed. 
Using SCS instead.
ECOS solver failed:  The solver ECOS is not installed. 
Using SCS instead.
ECOS solver failed:  The solver ECOS is not installed. 
Using SCS instead.
ECOS solver failed:  The solver ECOS is not installed. 
Using SCS instead.
M-step Design Matrix Calculation time (sec): 0.0139
ECOS solver failed in IPCW_HAL_init, falling back to SCS: The solver ECOS is not installed.
M-step CVXPY optimize time (sec): 0.3335
ECOS solver failed:  The solver ECOS is not installed. 
Using SCS instead.
ECOS solver failed:  The solver ECOS is not installed. 
Using SCS instead.
ECOS solver failed:  The solver ECOS is not installed. 
Using SCS instead.
ECOS solver failed:  The solver ECOS is not installed. 
Using SCS instead.
ECOS solver failed:  The solver ECOS is not installed. 
Using SCS instead.
ECOS solver failed:  The solver ECOS is not installed. 
Using SCS instead.
ECOS solver failed:  The solver ECOS is not installed. 
Using SCS instead.
ECOS solver failed:  The solver ECOS is not installed. 
Using SCS instead.
ECOS solver failed:  The solver ECOS is not installed. 
Using SCS instead.
ECOS solver failed:  The solver ECOS is not installed. 
Using SCS instead.
ECOS solver failed:  The solver ECOS is not installed. 
Using SCS instead.
ECOS solver failed:  The solver ECOS is not installed. 
Using SCS instead.
ECOS solver failed:  The solver ECOS is not installed. 
Using SCS instead.
ECOS solver failed:  The solver ECOS is not installed. 
Using SCS instead.
ECOS solver failed:  The solver ECOS is not installed. 
Using SCS instead.
ECOS solver failed:  The solver ECOS is not installed. 
Using SCS instead.
ECOS solver failed:  The solver ECOS is not installed. 
Using SCS instead.
ECOS solver failed:  The solver ECOS is not installed. 
Using SCS instead.
ECOS solver failed:  The solver ECOS is not installed. 
Using SCS instead.
ECOS solver failed:  The solver ECOS is not installed. 
Using SCS instead.
ECOS solver failed:  The solver ECOS is not installed. 
Using SCS instead.
M-step Design Matrix Calculation time (sec): 0.0163
ECOS solver failed in IPCW_HAL_init, falling back to SCS: The solver ECOS is not installed.
WARNING - large complementary slackness residual: 0.001577
M-step CVXPY optimize time (sec): 0.5409
ECOS solver failed:  The solver ECOS is not installed. 
Using SCS instead.
ECOS solver failed:  The solver ECOS is not installed. 
Using SCS instead.
ECOS solver failed:  The solver ECOS is not installed. 
Using SCS instead.
ECOS solver failed:  The solver ECOS is not installed. 
Using SCS instead.
ECOS solver failed:  The solver ECOS is not installed. 
Using SCS instead.
ECOS solver failed:  The solver ECOS is not installed. 
Using SCS instead.
ECOS solver failed:  The solver ECOS is not installed. 
Using SCS instead.
ECOS solver failed:  The solver ECOS is not installed. 
Using SCS instead.
ECOS solver failed:  The solver ECOS is not installed. 
Using SCS instead.
ECOS solver failed:  The solver ECOS is not installed. 
Using SCS instead.
ECOS solver failed:  The solver ECOS is not installed. 
Using SCS instead.
ECOS solver failed:  The solver ECOS is not installed. 
Using SCS instead.
ECOS solver failed:  The solver ECOS is not installed. 
Using SCS instead.
ECOS solver failed:  The solver ECOS is not installed. 
Using SCS instead.
ECOS solver failed:  The solver ECOS is not installed. 
Using SCS instead.
ECOS solver failed:  The solver ECOS is not installed. 
Using SCS instead.
ECOS solver failed:  The solver ECOS is not installed. 
Using SCS instead.
ECOS solver failed:  The solver ECOS is not installed. 
Using SCS instead.
ECOS solver failed:  The solver ECOS is not installed. 
Using SCS instead.
ECOS solver failed:  The solver ECOS is not installed. 
Using SCS instead.
ECOS solver failed:  The solver ECOS is not installed. 
Using SCS instead.
M-step Design Matrix Calculation time (sec): 0.0137
ECOS solver failed in IPCW_HAL_init, falling back to SCS: The solver ECOS is not installed.
M-step CVXPY optimize time (sec): 0.6989
ECOS solver failed:  The solver ECOS is not installed. 
Using SCS instead.
ECOS solver failed:  The solver ECOS is not installed. 
Using SCS instead.
ECOS solver failed:  The solver ECOS is not installed. 
Using SCS instead.
ECOS solver failed:  The solver ECOS is not installed. 
Using SCS instead.
ECOS solver failed:  The solver ECOS is not installed. 
Using SCS instead.
ECOS solver failed:  The solver ECOS is not installed. 
Using SCS instead.
ECOS solver failed:  The solver ECOS is not installed. 
Using SCS instead.
ECOS solver failed:  The solver ECOS is not installed. 
Using SCS instead.
ECOS solver failed:  The solver ECOS is not installed. 
Using SCS instead.
ECOS solver failed:  The solver ECOS is not installed. 
Using SCS instead.
ECOS solver failed:  The solver ECOS is not installed. 
Using SCS instead.
ECOS solver failed:  The solver ECOS is not installed. 
Using SCS instead.
ECOS solver failed:  The solver ECOS is not installed. 
Using SCS instead.
ECOS solver failed:  The solver ECOS is not installed. 
Using SCS instead.
ECOS solver failed:  The solver ECOS is not installed. 
Using SCS instead.
ECOS solver failed:  The solver ECOS is not installed. 
Using SCS instead.
ECOS solver failed:  The solver ECOS is not installed. 
Using SCS instead.
ECOS solver failed:  The solver ECOS is not installed. 
Using SCS instead.
ECOS solver failed:  The solver ECOS is not installed. 
Using SCS instead.
ECOS solver failed:  The solver ECOS is not installed. 
Using SCS instead.
ECOS solver failed:  The solver ECOS is not installed. 
Using SCS instead.
M-step Design Matrix Calculation time (sec): 0.0150
ECOS solver failed in IPCW_HAL_init, falling back to SCS: The solver ECOS is not installed.
WARNING - large complementary slackness residual: 0.002186
M-step CVXPY optimize time (sec): 0.7517
ECOS solver failed:  The solver ECOS is not installed. 
Using SCS instead.
ECOS solver failed:  The solver ECOS is not installed. 
Using SCS instead.
ECOS solver failed:  The solver ECOS is not installed. 
Using SCS instead.
ECOS solver failed:  The solver ECOS is not installed. 
Using SCS instead.
ECOS solver failed:  The solver ECOS is not installed. 
Using SCS instead.
ECOS solver failed:  The solver ECOS is not installed. 
Using SCS instead.
ECOS solver failed:  The solver ECOS is not installed. 
Using SCS instead.
ECOS solver failed:  The solver ECOS is not installed. 
Using SCS instead.
ECOS solver failed:  The solver ECOS is not installed. 
Using SCS instead.
ECOS solver failed:  The solver ECOS is not installed. 
Using SCS instead.
ECOS solver failed:  The solver ECOS is not installed. 
Using SCS instead.
ECOS solver failed:  The solver ECOS is not installed. 
Using SCS instead.
ECOS solver failed:  The solver ECOS is not installed. 
Using SCS instead.
ECOS solver failed:  The solver ECOS is not installed. 
Using SCS instead.
ECOS solver failed:  The solver ECOS is not installed. 
Using SCS instead.
ECOS solver failed:  The solver ECOS is not installed. 
Using SCS instead.
ECOS solver failed:  The solver ECOS is not installed. 
Using SCS instead.
ECOS solver failed:  The solver ECOS is not installed. 
Using SCS instead.
ECOS solver failed:  The solver ECOS is not installed. 
Using SCS instead.
ECOS solver failed:  The solver ECOS is not installed. 
Using SCS instead.
ECOS solver failed:  The solver ECOS is not installed. 
Using SCS instead.
M-step Design Matrix Calculation time (sec): 0.0146
ECOS solver failed in IPCW_HAL_init, falling back to SCS: The solver ECOS is not installed.
M-step CVXPY optimize time (sec): 1.1638
ECOS solver failed:  The solver ECOS is not installed. 
Using SCS instead.
ECOS solver failed:  The solver ECOS is not installed. 
Using SCS instead.
ECOS solver failed:  The solver ECOS is not installed. 
Using SCS instead.
ECOS solver failed:  The solver ECOS is not installed. 
Using SCS instead.
ECOS solver failed:  The solver ECOS is not installed. 
Using SCS instead.
ECOS solver failed:  The solver ECOS is not installed. 
Using SCS instead.
ECOS solver failed:  The solver ECOS is not installed. 
Using SCS instead.
ECOS solver failed:  The solver ECOS is not installed. 
Using SCS instead.
ECOS solver failed:  The solver ECOS is not installed. 
Using SCS instead.
ECOS solver failed:  The solver ECOS is not installed. 
Using SCS instead.
ECOS solver failed:  The solver ECOS is not installed. 
Using SCS instead.
ECOS solver failed:  The solver ECOS is not installed. 
Using SCS instead.
ECOS solver failed:  The solver ECOS is not installed. 
Using SCS instead.
ECOS solver failed:  The solver ECOS is not installed. 
Using SCS instead.
ECOS solver failed:  The solver ECOS is not installed. 
Using SCS instead.
ECOS solver failed:  The solver ECOS is not installed. 
Using SCS instead.
ECOS solver failed:  The solver ECOS is not installed. 
Using SCS instead.
ECOS solver failed:  The solver ECOS is not installed. 
Using SCS instead.
ECOS solver failed:  The solver ECOS is not installed. 
Using SCS instead.
ECOS solver failed:  The solver ECOS is not installed. 
Using SCS instead.
ECOS solver failed:  The solver ECOS is not installed. 
Using SCS instead.
M-step Design Matrix Calculation time (sec): 0.0153
ECOS solver failed in IPCW_HAL_init, falling back to SCS: The solver ECOS is not installed.
WARNING - large complementary slackness residual: 0.002824
M-step CVXPY optimize time (sec): 0.3438
ECOS solver failed:  The solver ECOS is not installed. 
Using SCS instead.
ECOS solver failed:  The solver ECOS is not installed. 
Using SCS instead.
ECOS solver failed:  The solver ECOS is not installed. 
Using SCS instead.
ECOS solver failed:  The solver ECOS is not installed. 
Using SCS instead.
ECOS solver failed:  The solver ECOS is not installed. 
Using SCS instead.
ECOS solver failed:  The solver ECOS is not installed. 
Using SCS instead.
ECOS solver failed:  The solver ECOS is not installed. 
Using SCS instead.
ECOS solver failed:  The solver ECOS is not installed. 
Using SCS instead.
ECOS solver failed:  The solver ECOS is not installed. 
Using SCS instead.
ECOS solver failed:  The solver ECOS is not installed. 
Using SCS instead.
ECOS solver failed:  The solver ECOS is not installed. 
Using SCS instead.
ECOS solver failed:  The solver ECOS is not installed. 
Using SCS instead.
ECOS solver failed:  The solver ECOS is not installed. 
Using SCS instead.
ECOS solver failed:  The solver ECOS is not installed. 
Using SCS instead.
ECOS solver failed:  The solver ECOS is not installed. 
Using SCS instead.
ECOS solver failed:  The solver ECOS is not installed. 
Using SCS instead.
ECOS solver failed:  The solver ECOS is not installed. 
Using SCS instead.
ECOS solver failed:  The solver ECOS is not installed. 
Using SCS instead.
ECOS solver failed:  The solver ECOS is not installed. 
Using SCS instead.
ECOS solver failed:  The solver ECOS is not installed. 
Using SCS instead.
ECOS solver failed:  The solver ECOS is not installed. 
Using SCS instead.
M-step Design Matrix Calculation time (sec): 0.0288
ECOS solver failed in IPCW_HAL_init, falling back to SCS: The solver ECOS is not installed.
M-step CVXPY optimize time (sec): 0.2822
ECOS solver failed:  The solver ECOS is not installed. 
Using SCS instead.
ECOS solver failed:  The solver ECOS is not installed. 
Using SCS instead.
ECOS solver failed:  The solver ECOS is not installed. 
Using SCS instead.
ECOS solver failed:  The solver ECOS is not installed. 
Using SCS instead.
ECOS solver failed:  The solver ECOS is not installed. 
Using SCS instead.
ECOS solver failed:  The solver ECOS is not installed. 
Using SCS instead.
ECOS solver failed:  The solver ECOS is not installed. 
Using SCS instead.
ECOS solver failed:  The solver ECOS is not installed. 
Using SCS instead.
ECOS solver failed:  The solver ECOS is not installed. 
Using SCS instead.
ECOS solver failed:  The solver ECOS is not installed. 
Using SCS instead.
ECOS solver failed:  The solver ECOS is not installed. 
Using SCS instead.
ECOS solver failed:  The solver ECOS is not installed. 
Using SCS instead.
ECOS solver failed:  The solver ECOS is not installed. 
Using SCS instead.
ECOS solver failed:  The solver ECOS is not installed. 
Using SCS instead.
ECOS solver failed:  The solver ECOS is not installed. 
Using SCS instead.
ECOS solver failed:  The solver ECOS is not installed. 
Using SCS instead.
ECOS solver failed:  The solver ECOS is not installed. 
Using SCS instead.
ECOS solver failed:  The solver ECOS is not installed. 
Using SCS instead.
ECOS solver failed:  The solver ECOS is not installed. 
Using SCS instead.
ECOS solver failed:  The solver ECOS is not installed. 
Using SCS instead.
ECOS solver failed:  The solver ECOS is not installed. 
Using SCS instead.
M-step Design Matrix Calculation time (sec): 0.1378
ECOS solver failed in IPCW_HAL_init, falling back to SCS: The solver ECOS is not installed.
WARNING - large complementary slackness residual: 0.001888
M-step CVXPY optimize time (sec): 0.5572
ECOS solver failed:  The solver ECOS is not installed. 
Using SCS instead.
ECOS solver failed:  The solver ECOS is not installed. 
Using SCS instead.
ECOS solver failed:  The solver ECOS is not installed. 
Using SCS instead.
ECOS solver failed:  The solver ECOS is not installed. 
Using SCS instead.
ECOS solver failed:  The solver ECOS is not installed. 
Using SCS instead.
ECOS solver failed:  The solver ECOS is not installed. 
Using SCS instead.
ECOS solver failed:  The solver ECOS is not installed. 
Using SCS instead.
ECOS solver failed:  The solver ECOS is not installed. 
Using SCS instead.
ECOS solver failed:  The solver ECOS is not installed. 
Using SCS instead.
ECOS solver failed:  The solver ECOS is not installed. 
Using SCS instead.
ECOS solver failed:  The solver ECOS is not installed. 
Using SCS instead.
ECOS solver failed:  The solver ECOS is not installed. 
Using SCS instead.
ECOS solver failed:  The solver ECOS is not installed. 
Using SCS instead.
ECOS solver failed:  The solver ECOS is not installed. 
Using SCS instead.
ECOS solver failed:  The solver ECOS is not installed. 
Using SCS instead.
ECOS solver failed:  The solver ECOS is not installed. 
Using SCS instead.
ECOS solver failed:  The solver ECOS is not installed. 
Using SCS instead.
ECOS solver failed:  The solver ECOS is not installed. 
Using SCS instead.
ECOS solver failed:  The solver ECOS is not installed. 
Using SCS instead.
ECOS solver failed:  The solver ECOS is not installed. 
Using SCS instead.
ECOS solver failed:  The solver ECOS is not installed. 
Using SCS instead.
M-step Design Matrix Calculation time (sec): 0.1429
ECOS solver failed in IPCW_HAL_init, falling back to SCS: The solver ECOS is not installed.
M-step CVXPY optimize time (sec): 0.3739
ECOS solver failed:  The solver ECOS is not installed. 
Using SCS instead.
ECOS solver failed:  The solver ECOS is not installed. 
Using SCS instead.
ECOS solver failed:  The solver ECOS is not installed. 
Using SCS instead.
ECOS solver failed:  The solver ECOS is not installed. 
Using SCS instead.
ECOS solver failed:  The solver ECOS is not installed. 
Using SCS instead.
ECOS solver failed:  The solver ECOS is not installed. 
Using SCS instead.
ECOS solver failed:  The solver ECOS is not installed. 
Using SCS instead.
ECOS solver failed:  The solver ECOS is not installed. 
Using SCS instead.
ECOS solver failed:  The solver ECOS is not installed. 
Using SCS instead.
ECOS solver failed:  The solver ECOS is not installed. 
Using SCS instead.
ECOS solver failed:  The solver ECOS is not installed. 
Using SCS instead.
ECOS solver failed:  The solver ECOS is not installed. 
Using SCS instead.
ECOS solver failed:  The solver ECOS is not installed. 
Using SCS instead.
ECOS solver failed:  The solver ECOS is not installed. 
Using SCS instead.
ECOS solver failed:  The solver ECOS is not installed. 
Using SCS instead.
ECOS solver failed:  The solver ECOS is not installed. 
Using SCS instead.
ECOS solver failed:  The solver ECOS is not installed. 
Using SCS instead.
ECOS solver failed:  The solver ECOS is not installed. 
Using SCS instead.
ECOS solver failed:  The solver ECOS is not installed. 
Using SCS instead.
ECOS solver failed:  The solver ECOS is not installed. 
Using SCS instead.
ECOS solver failed:  The solver ECOS is not installed. 
Using SCS instead.
M-step Design Matrix Calculation time (sec): 0.0159
ECOS solver failed in IPCW_HAL_init, falling back to SCS: The solver ECOS is not installed.
M-step CVXPY optimize time (sec): 0.6317
ECOS solver failed:  The solver ECOS is not installed. 
Using SCS instead.
ECOS solver failed:  The solver ECOS is not installed. 
Using SCS instead.
ECOS solver failed:  The solver ECOS is not installed. 
Using SCS instead.
ECOS solver failed:  The solver ECOS is not installed. 
Using SCS instead.
ECOS solver failed:  The solver ECOS is not installed. 
Using SCS instead.
ECOS solver failed:  The solver ECOS is not installed. 
Using SCS instead.
ECOS solver failed:  The solver ECOS is not installed. 
Using SCS instead.
ECOS solver failed:  The solver ECOS is not installed. 
Using SCS instead.
ECOS solver failed:  The solver ECOS is not installed. 
Using SCS instead.
ECOS solver failed:  The solver ECOS is not installed. 
Using SCS instead.
ECOS solver failed:  The solver ECOS is not installed. 
Using SCS instead.
ECOS solver failed:  The solver ECOS is not installed. 
Using SCS instead.
ECOS solver failed:  The solver ECOS is not installed. 
Using SCS instead.
ECOS solver failed:  The solver ECOS is not installed. 
Using SCS instead.
ECOS solver failed:  The solver ECOS is not installed. 
Using SCS instead.
ECOS solver failed:  The solver ECOS is not installed. 
Using SCS instead.
ECOS solver failed:  The solver ECOS is not installed. 
Using SCS instead.
ECOS solver failed:  The solver ECOS is not installed. 
Using SCS instead.
ECOS solver failed:  The solver ECOS is not installed. 
Using SCS instead.
ECOS solver failed:  The solver ECOS is not installed. 
Using SCS instead.
ECOS solver failed:  The solver ECOS is not installed. 
Using SCS instead.
M-step Design Matrix Calculation time (sec): 0.0346
ECOS solver failed in IPCW_HAL_init, falling back to SCS: The solver ECOS is not installed.
WARNING - large complementary slackness residual: 0.001016
M-step CVXPY optimize time (sec): 0.8939
ECOS solver failed:  The solver ECOS is not installed. 
Using SCS instead.
ECOS solver failed:  The solver ECOS is not installed. 
Using SCS instead.
ECOS solver failed:  The solver ECOS is not installed. 
Using SCS instead.
ECOS solver failed:  The solver ECOS is not installed. 
Using SCS instead.
ECOS solver failed:  The solver ECOS is not installed. 
Using SCS instead.
ECOS solver failed:  The solver ECOS is not installed. 
Using SCS instead.
ECOS solver failed:  The solver ECOS is not installed. 
Using SCS instead.
ECOS solver failed:  The solver ECOS is not installed. 
Using SCS instead.
ECOS solver failed:  The solver ECOS is not installed. 
Using SCS instead.
ECOS solver failed:  The solver ECOS is not installed. 
Using SCS instead.
ECOS solver failed:  The solver ECOS is not installed. 
Using SCS instead.
ECOS solver failed:  The solver ECOS is not installed. 
Using SCS instead.
ECOS solver failed:  The solver ECOS is not installed. 
Using SCS instead.
ECOS solver failed:  The solver ECOS is not installed. 
Using SCS instead.
ECOS solver failed:  The solver ECOS is not installed. 
Using SCS instead.
ECOS solver failed:  The solver ECOS is not installed. 
Using SCS instead.
ECOS solver failed:  The solver ECOS is not installed. 
Using SCS instead.
ECOS solver failed:  The solver ECOS is not installed. 
Using SCS instead.
ECOS solver failed:  The solver ECOS is not installed. 
Using SCS instead.
ECOS solver failed:  The solver ECOS is not installed. 
Using SCS instead.
ECOS solver failed:  The solver ECOS is not installed. 
Using SCS instead.
M-step Design Matrix Calculation time (sec): 0.0271
ECOS solver failed in IPCW_HAL_init, falling back to SCS: The solver ECOS is not installed.
WARNING - large complementary slackness residual: 0.002356
M-step CVXPY optimize time (sec): 1.0644
ECOS solver failed:  The solver ECOS is not installed. 
Using SCS instead.
ECOS solver failed:  The solver ECOS is not installed. 
Using SCS instead.
ECOS solver failed:  The solver ECOS is not installed. 
Using SCS instead.
ECOS solver failed:  The solver ECOS is not installed. 
Using SCS instead.
ECOS solver failed:  The solver ECOS is not installed. 
Using SCS instead.
ECOS solver failed:  The solver ECOS is not installed. 
Using SCS instead.
ECOS solver failed:  The solver ECOS is not installed. 
Using SCS instead.
ECOS solver failed:  The solver ECOS is not installed. 
Using SCS instead.
ECOS solver failed:  The solver ECOS is not installed. 
Using SCS instead.
ECOS solver failed:  The solver ECOS is not installed. 
Using SCS instead.
ECOS solver failed:  The solver ECOS is not installed. 
Using SCS instead.
ECOS solver failed:  The solver ECOS is not installed. 
Using SCS instead.
ECOS solver failed:  The solver ECOS is not installed. 
Using SCS instead.
ECOS solver failed:  The solver ECOS is not installed. 
Using SCS instead.
ECOS solver failed:  The solver ECOS is not installed. 
Using SCS instead.
ECOS solver failed:  The solver ECOS is not installed. 
Using SCS instead.
ECOS solver failed:  The solver ECOS is not installed. 
Using SCS instead.
ECOS solver failed:  The solver ECOS is not installed. 
Using SCS instead.
ECOS solver failed:  The solver ECOS is not installed. 
Using SCS instead.
ECOS solver failed:  The solver ECOS is not installed. 
Using SCS instead.
ECOS solver failed:  The solver ECOS is not installed. 
Using SCS instead.
M-step Design Matrix Calculation time (sec): 0.0135
ECOS solver failed in IPCW_HAL_init, falling back to SCS: The solver ECOS is not installed.
WARNING - large complementary slackness residual: 0.001204
M-step CVXPY optimize time (sec): 2.2777
ECOS solver failed:  The solver ECOS is not installed. 
Using SCS instead.
ECOS solver failed:  The solver ECOS is not installed. 
Using SCS instead.
ECOS solver failed:  The solver ECOS is not installed. 
Using SCS instead.
ECOS solver failed:  The solver ECOS is not installed. 
Using SCS instead.
ECOS solver failed:  The solver ECOS is not installed. 
Using SCS instead.
ECOS solver failed:  The solver ECOS is not installed. 
Using SCS instead.
ECOS solver failed:  The solver ECOS is not installed. 
Using SCS instead.
ECOS solver failed:  The solver ECOS is not installed. 
Using SCS instead.
ECOS solver failed:  The solver ECOS is not installed. 
Using SCS instead.
ECOS solver failed:  The solver ECOS is not installed. 
Using SCS instead.
ECOS solver failed:  The solver ECOS is not installed. 
Using SCS instead.
ECOS solver failed:  The solver ECOS is not installed. 
Using SCS instead.
ECOS solver failed:  The solver ECOS is not installed. 
Using SCS instead.
ECOS solver failed:  The solver ECOS is not installed. 
Using SCS instead.
ECOS solver failed:  The solver ECOS is not installed. 
Using SCS instead.
ECOS solver failed:  The solver ECOS is not installed. 
Using SCS instead.
ECOS solver failed:  The solver ECOS is not installed. 
Using SCS instead.
ECOS solver failed:  The solver ECOS is not installed. 
Using SCS instead.
ECOS solver failed:  The solver ECOS is not installed. 
Using SCS instead.
ECOS solver failed:  The solver ECOS is not installed. 
Using SCS instead.
ECOS solver failed:  The solver ECOS is not installed. 
Using SCS instead.
M-step Design Matrix Calculation time (sec): 0.0302
ECOS solver failed in IPCW_HAL_init, falling back to SCS: The solver ECOS is not installed.
WARNING - large complementary slackness residual: 0.001216
M-step CVXPY optimize time (sec): 0.7212
ECOS solver failed:  The solver ECOS is not installed. 
Using SCS instead.
ECOS solver failed:  The solver ECOS is not installed. 
Using SCS instead.
ECOS solver failed:  The solver ECOS is not installed. 
Using SCS instead.
ECOS solver failed:  The solver ECOS is not installed. 
Using SCS instead.
ECOS solver failed:  The solver ECOS is not installed. 
Using SCS instead.
ECOS solver failed:  The solver ECOS is not installed. 
Using SCS instead.
ECOS solver failed:  The solver ECOS is not installed. 
Using SCS instead.
ECOS solver failed:  The solver ECOS is not installed. 
Using SCS instead.
ECOS solver failed:  The solver ECOS is not installed. 
Using SCS instead.
ECOS solver failed:  The solver ECOS is not installed. 
Using SCS instead.
ECOS solver failed:  The solver ECOS is not installed. 
Using SCS instead.
ECOS solver failed:  The solver ECOS is not installed. 
Using SCS instead.
ECOS solver failed:  The solver ECOS is not installed. 
Using SCS instead.
ECOS solver failed:  The solver ECOS is not installed. 
Using SCS instead.
ECOS solver failed:  The solver ECOS is not installed. 
Using SCS instead.
ECOS solver failed:  The solver ECOS is not installed. 
Using SCS instead.
ECOS solver failed:  The solver ECOS is not installed. 
Using SCS instead.
ECOS solver failed:  The solver ECOS is not installed. 
Using SCS instead.
ECOS solver failed:  The solver ECOS is not installed. 
Using SCS instead.
ECOS solver failed:  The solver ECOS is not installed. 
Using SCS instead.
ECOS solver failed:  The solver ECOS is not installed. 
Using SCS instead.
M-step Design Matrix Calculation time (sec): 0.0150
ECOS solver failed in IPCW_HAL_init, falling back to SCS: The solver ECOS is not installed.
WARNING - large complementary slackness residual: 0.001182
M-step CVXPY optimize time (sec): 0.4373
ECOS solver failed:  The solver ECOS is not installed. 
Using SCS instead.
ECOS solver failed:  The solver ECOS is not installed. 
Using SCS instead.
ECOS solver failed:  The solver ECOS is not installed. 
Using SCS instead.
ECOS solver failed:  The solver ECOS is not installed. 
Using SCS instead.
ECOS solver failed:  The solver ECOS is not installed. 
Using SCS instead.
ECOS solver failed:  The solver ECOS is not installed. 
Using SCS instead.
ECOS solver failed:  The solver ECOS is not installed. 
Using SCS instead.
ECOS solver failed:  The solver ECOS is not installed. 
Using SCS instead.
ECOS solver failed:  The solver ECOS is not installed. 
Using SCS instead.
ECOS solver failed:  The solver ECOS is not installed. 
Using SCS instead.
ECOS solver failed:  The solver ECOS is not installed. 
Using SCS instead.
ECOS solver failed:  The solver ECOS is not installed. 
Using SCS instead.
ECOS solver failed:  The solver ECOS is not installed. 
Using SCS instead.
ECOS solver failed:  The solver ECOS is not installed. 
Using SCS instead.
ECOS solver failed:  The solver ECOS is not installed. 
Using SCS instead.
ECOS solver failed:  The solver ECOS is not installed. 
Using SCS instead.
ECOS solver failed:  The solver ECOS is not installed. 
Using SCS instead.
ECOS solver failed:  The solver ECOS is not installed. 
Using SCS instead.
ECOS solver failed:  The solver ECOS is not installed. 
Using SCS instead.
ECOS solver failed:  The solver ECOS is not installed. 
Using SCS instead.
ECOS solver failed:  The solver ECOS is not installed. 
Using SCS instead.
M-step Design Matrix Calculation time (sec): 0.0160
ECOS solver failed in IPCW_HAL_init, falling back to SCS: The solver ECOS is not installed.
WARNING - large complementary slackness residual: 0.001178
M-step CVXPY optimize time (sec): 0.6014
ECOS solver failed:  The solver ECOS is not installed. 
Using SCS instead.
ECOS solver failed:  The solver ECOS is not installed. 
Using SCS instead.
ECOS solver failed:  The solver ECOS is not installed. 
Using SCS instead.
ECOS solver failed:  The solver ECOS is not installed. 
Using SCS instead.
ECOS solver failed:  The solver ECOS is not installed. 
Using SCS instead.
ECOS solver failed:  The solver ECOS is not installed. 
Using SCS instead.
ECOS solver failed:  The solver ECOS is not installed. 
Using SCS instead.
ECOS solver failed:  The solver ECOS is not installed. 
Using SCS instead.
ECOS solver failed:  The solver ECOS is not installed. 
Using SCS instead.
ECOS solver failed:  The solver ECOS is not installed. 
Using SCS instead.
ECOS solver failed:  The solver ECOS is not installed. 
Using SCS instead.
ECOS solver failed:  The solver ECOS is not installed. 
Using SCS instead.
ECOS solver failed:  The solver ECOS is not installed. 
Using SCS instead.
ECOS solver failed:  The solver ECOS is not installed. 
Using SCS instead.
ECOS solver failed:  The solver ECOS is not installed. 
Using SCS instead.
ECOS solver failed:  The solver ECOS is not installed. 
Using SCS instead.
ECOS solver failed:  The solver ECOS is not installed. 
Using SCS instead.
ECOS solver failed:  The solver ECOS is not installed. 
Using SCS instead.
ECOS solver failed:  The solver ECOS is not installed. 
Using SCS instead.
ECOS solver failed:  The solver ECOS is not installed. 
Using SCS instead.
ECOS solver failed:  The solver ECOS is not installed. 
Using SCS instead.
M-step Design Matrix Calculation time (sec): 0.0151
ECOS solver failed in IPCW_HAL_init, falling back to SCS: The solver ECOS is not installed.
M-step CVXPY optimize time (sec): 1.0437
ECOS solver failed:  The solver ECOS is not installed. 
Using SCS instead.
ECOS solver failed:  The solver ECOS is not installed. 
Using SCS instead.
ECOS solver failed:  The solver ECOS is not installed. 
Using SCS instead.
ECOS solver failed:  The solver ECOS is not installed. 
Using SCS instead.
ECOS solver failed:  The solver ECOS is not installed. 
Using SCS instead.
ECOS solver failed:  The solver ECOS is not installed. 
Using SCS instead.
ECOS solver failed:  The solver ECOS is not installed. 
Using SCS instead.
ECOS solver failed:  The solver ECOS is not installed. 
Using SCS instead.
ECOS solver failed:  The solver ECOS is not installed. 
Using SCS instead.
ECOS solver failed:  The solver ECOS is not installed. 
Using SCS instead.
ECOS solver failed:  The solver ECOS is not installed. 
Using SCS instead.
ECOS solver failed:  The solver ECOS is not installed. 
Using SCS instead.
ECOS solver failed:  The solver ECOS is not installed. 
Using SCS instead.
ECOS solver failed:  The solver ECOS is not installed. 
Using SCS instead.
ECOS solver failed:  The solver ECOS is not installed. 
Using SCS instead.
ECOS solver failed:  The solver ECOS is not installed. 
Using SCS instead.
ECOS solver failed:  The solver ECOS is not installed. 
Using SCS instead.
ECOS solver failed:  The solver ECOS is not installed. 
Using SCS instead.
ECOS solver failed:  The solver ECOS is not installed. 
Using SCS instead.
ECOS solver failed:  The solver ECOS is not installed. 
Using SCS instead.
ECOS solver failed:  The solver ECOS is not installed. 
Using SCS instead.
M-step Design Matrix Calculation time (sec): 0.0142
ECOS solver failed in IPCW_HAL_init, falling back to SCS: The solver ECOS is not installed.
M-step CVXPY optimize time (sec): 0.3869
ECOS solver failed:  The solver ECOS is not installed. 
Using SCS instead.
ECOS solver failed:  The solver ECOS is not installed. 
Using SCS instead.
ECOS solver failed:  The solver ECOS is not installed. 
Using SCS instead.
ECOS solver failed:  The solver ECOS is not installed. 
Using SCS instead.
ECOS solver failed:  The solver ECOS is not installed. 
Using SCS instead.
ECOS solver failed:  The solver ECOS is not installed. 
Using SCS instead.
ECOS solver failed:  The solver ECOS is not installed. 
Using SCS instead.
ECOS solver failed:  The solver ECOS is not installed. 
Using SCS instead.
ECOS solver failed:  The solver ECOS is not installed. 
Using SCS instead.
ECOS solver failed:  The solver ECOS is not installed. 
Using SCS instead.
ECOS solver failed:  The solver ECOS is not installed. 
Using SCS instead.
ECOS solver failed:  The solver ECOS is not installed. 
Using SCS instead.
ECOS solver failed:  The solver ECOS is not installed. 
Using SCS instead.
ECOS solver failed:  The solver ECOS is not installed. 
Using SCS instead.
ECOS solver failed:  The solver ECOS is not installed. 
Using SCS instead.
ECOS solver failed:  The solver ECOS is not installed. 
Using SCS instead.
ECOS solver failed:  The solver ECOS is not installed. 
Using SCS instead.
ECOS solver failed:  The solver ECOS is not installed. 
Using SCS instead.
ECOS solver failed:  The solver ECOS is not installed. 
Using SCS instead.
ECOS solver failed:  The solver ECOS is not installed. 
Using SCS instead.
ECOS solver failed:  The solver ECOS is not installed. 
Using SCS instead.
M-step Design Matrix Calculation time (sec): 0.0154
ECOS solver failed in IPCW_HAL_init, falling back to SCS: The solver ECOS is not installed.
WARNING - large complementary slackness residual: 0.001312
M-step CVXPY optimize time (sec): 0.9714
ECOS solver failed:  The solver ECOS is not installed. 
Using SCS instead.
ECOS solver failed:  The solver ECOS is not installed. 
Using SCS instead.
ECOS solver failed:  The solver ECOS is not installed. 
Using SCS instead.
ECOS solver failed:  The solver ECOS is not installed. 
Using SCS instead.
ECOS solver failed:  The solver ECOS is not installed. 
Using SCS instead.
ECOS solver failed:  The solver ECOS is not installed. 
Using SCS instead.
ECOS solver failed:  The solver ECOS is not installed. 
Using SCS instead.
ECOS solver failed:  The solver ECOS is not installed. 
Using SCS instead.
ECOS solver failed:  The solver ECOS is not installed. 
Using SCS instead.
ECOS solver failed:  The solver ECOS is not installed. 
Using SCS instead.
ECOS solver failed:  The solver ECOS is not installed. 
Using SCS instead.
ECOS solver failed:  The solver ECOS is not installed. 
Using SCS instead.
ECOS solver failed:  The solver ECOS is not installed. 
Using SCS instead.
ECOS solver failed:  The solver ECOS is not installed. 
Using SCS instead.
ECOS solver failed:  The solver ECOS is not installed. 
Using SCS instead.
ECOS solver failed:  The solver ECOS is not installed. 
Using SCS instead.
ECOS solver failed:  The solver ECOS is not installed. 
Using SCS instead.
ECOS solver failed:  The solver ECOS is not installed. 
Using SCS instead.
ECOS solver failed:  The solver ECOS is not installed. 
Using SCS instead.
ECOS solver failed:  The solver ECOS is not installed. 
Using SCS instead.
ECOS solver failed:  The solver ECOS is not installed. 
Using SCS instead.
M-step Design Matrix Calculation time (sec): 0.0771
ECOS solver failed in IPCW_HAL_init, falling back to SCS: The solver ECOS is not installed.
M-step CVXPY optimize time (sec): 2.7837
ECOS solver failed:  The solver ECOS is not installed. 
Using SCS instead.
ECOS solver failed:  The solver ECOS is not installed. 
Using SCS instead.
ECOS solver failed:  The solver ECOS is not installed. 
Using SCS instead.
ECOS solver failed:  The solver ECOS is not installed. 
Using SCS instead.
ECOS solver failed:  The solver ECOS is not installed. 
Using SCS instead.
ECOS solver failed:  The solver ECOS is not installed. 
Using SCS instead.
ECOS solver failed:  The solver ECOS is not installed. 
Using SCS instead.
ECOS solver failed:  The solver ECOS is not installed. 
Using SCS instead.
ECOS solver failed:  The solver ECOS is not installed. 
Using SCS instead.
ECOS solver failed:  The solver ECOS is not installed. 
Using SCS instead.
ECOS solver failed:  The solver ECOS is not installed. 
Using SCS instead.
ECOS solver failed:  The solver ECOS is not installed. 
Using SCS instead.
ECOS solver failed:  The solver ECOS is not installed. 
Using SCS instead.
ECOS solver failed:  The solver ECOS is not installed. 
Using SCS instead.
ECOS solver failed:  The solver ECOS is not installed. 
Using SCS instead.
ECOS solver failed:  The solver ECOS is not installed. 
Using SCS instead.
ECOS solver failed:  The solver ECOS is not installed. 
Using SCS instead.
ECOS solver failed:  The solver ECOS is not installed. 
Using SCS instead.
ECOS solver failed:  The solver ECOS is not installed. 
Using SCS instead.
ECOS solver failed:  The solver ECOS is not installed. 
Using SCS instead.
ECOS solver failed:  The solver ECOS is not installed. 
Using SCS instead.
M-step Design Matrix Calculation time (sec): 0.0186
ECOS solver failed in IPCW_HAL_init, falling back to SCS: The solver ECOS is not installed.
WARNING - large complementary slackness residual: 0.001610
M-step CVXPY optimize time (sec): 0.8842
ECOS solver failed:  The solver ECOS is not installed. 
Using SCS instead.
ECOS solver failed:  The solver ECOS is not installed. 
Using SCS instead.
ECOS solver failed:  The solver ECOS is not installed. 
Using SCS instead.
ECOS solver failed:  The solver ECOS is not installed. 
Using SCS instead.
ECOS solver failed:  The solver ECOS is not installed. 
Using SCS instead.
ECOS solver failed:  The solver ECOS is not installed. 
Using SCS instead.
ECOS solver failed:  The solver ECOS is not installed. 
Using SCS instead.
ECOS solver failed:  The solver ECOS is not installed. 
Using SCS instead.
ECOS solver failed:  The solver ECOS is not installed. 
Using SCS instead.
ECOS solver failed:  The solver ECOS is not installed. 
Using SCS instead.
ECOS solver failed:  The solver ECOS is not installed. 
Using SCS instead.
ECOS solver failed:  The solver ECOS is not installed. 
Using SCS instead.
ECOS solver failed:  The solver ECOS is not installed. 
Using SCS instead.
ECOS solver failed:  The solver ECOS is not installed. 
Using SCS instead.
ECOS solver failed:  The solver ECOS is not installed. 
Using SCS instead.
ECOS solver failed:  The solver ECOS is not installed. 
Using SCS instead.
ECOS solver failed:  The solver ECOS is not installed. 
Using SCS instead.
ECOS solver failed:  The solver ECOS is not installed. 
Using SCS instead.
ECOS solver failed:  The solver ECOS is not installed. 
Using SCS instead.
ECOS solver failed:  The solver ECOS is not installed. 
Using SCS instead.
ECOS solver failed:  The solver ECOS is not installed. 
Using SCS instead.
M-step Design Matrix Calculation time (sec): 0.0333
ECOS solver failed in IPCW_HAL_init, falling back to SCS: The solver ECOS is not installed.
M-step CVXPY optimize time (sec): 0.5182
ECOS solver failed:  The solver ECOS is not installed. 
Using SCS instead.
ECOS solver failed:  The solver ECOS is not installed. 
Using SCS instead.
ECOS solver failed:  The solver ECOS is not installed. 
Using SCS instead.
ECOS solver failed:  The solver ECOS is not installed. 
Using SCS instead.
ECOS solver failed:  The solver ECOS is not installed. 
Using SCS instead.
ECOS solver failed:  The solver ECOS is not installed. 
Using SCS instead.
ECOS solver failed:  The solver ECOS is not installed. 
Using SCS instead.
ECOS solver failed:  The solver ECOS is not installed. 
Using SCS instead.
ECOS solver failed:  The solver ECOS is not installed. 
Using SCS instead.
ECOS solver failed:  The solver ECOS is not installed. 
Using SCS instead.
ECOS solver failed:  The solver ECOS is not installed. 
Using SCS instead.
ECOS solver failed:  The solver ECOS is not installed. 
Using SCS instead.
ECOS solver failed:  The solver ECOS is not installed. 
Using SCS instead.
ECOS solver failed:  The solver ECOS is not installed. 
Using SCS instead.
ECOS solver failed:  The solver ECOS is not installed. 
Using SCS instead.
ECOS solver failed:  The solver ECOS is not installed. 
Using SCS instead.
ECOS solver failed:  The solver ECOS is not installed. 
Using SCS instead.
ECOS solver failed:  The solver ECOS is not installed. 
Using SCS instead.
ECOS solver failed:  The solver ECOS is not installed. 
Using SCS instead.
ECOS solver failed:  The solver ECOS is not installed. 
Using SCS instead.
ECOS solver failed:  The solver ECOS is not installed. 
Using SCS instead.
M-step Design Matrix Calculation time (sec): 0.0151
ECOS solver failed in IPCW_HAL_init, falling back to SCS: The solver ECOS is not installed.
WARNING - large complementary slackness residual: 0.002731
M-step CVXPY optimize time (sec): 0.6323
ECOS solver failed:  The solver ECOS is not installed. 
Using SCS instead.
ECOS solver failed:  The solver ECOS is not installed. 
Using SCS instead.
ECOS solver failed:  The solver ECOS is not installed. 
Using SCS instead.
ECOS solver failed:  The solver ECOS is not installed. 
Using SCS instead.
ECOS solver failed:  The solver ECOS is not installed. 
Using SCS instead.
ECOS solver failed:  The solver ECOS is not installed. 
Using SCS instead.
ECOS solver failed:  The solver ECOS is not installed. 
Using SCS instead.
ECOS solver failed:  The solver ECOS is not installed. 
Using SCS instead.
ECOS solver failed:  The solver ECOS is not installed. 
Using SCS instead.
ECOS solver failed:  The solver ECOS is not installed. 
Using SCS instead.
ECOS solver failed:  The solver ECOS is not installed. 
Using SCS instead.
ECOS solver failed:  The solver ECOS is not installed. 
Using SCS instead.
ECOS solver failed:  The solver ECOS is not installed. 
Using SCS instead.
ECOS solver failed:  The solver ECOS is not installed. 
Using SCS instead.
ECOS solver failed:  The solver ECOS is not installed. 
Using SCS instead.
ECOS solver failed:  The solver ECOS is not installed. 
Using SCS instead.
ECOS solver failed:  The solver ECOS is not installed. 
Using SCS instead.
ECOS solver failed:  The solver ECOS is not installed. 
Using SCS instead.
ECOS solver failed:  The solver ECOS is not installed. 
Using SCS instead.
ECOS solver failed:  The solver ECOS is not installed. 
Using SCS instead.
ECOS solver failed:  The solver ECOS is not installed. 
Using SCS instead.
M-step Design Matrix Calculation time (sec): 0.0149
ECOS solver failed in IPCW_HAL_init, falling back to SCS: The solver ECOS is not installed.
M-step CVXPY optimize time (sec): 2.5860
ECOS solver failed:  The solver ECOS is not installed. 
Using SCS instead.
ECOS solver failed:  The solver ECOS is not installed. 
Using SCS instead.
ECOS solver failed:  The solver ECOS is not installed. 
Using SCS instead.
ECOS solver failed:  The solver ECOS is not installed. 
Using SCS instead.
ECOS solver failed:  The solver ECOS is not installed. 
Using SCS instead.
ECOS solver failed:  The solver ECOS is not installed. 
Using SCS instead.
ECOS solver failed:  The solver ECOS is not installed. 
Using SCS instead.
ECOS solver failed:  The solver ECOS is not installed. 
Using SCS instead.
ECOS solver failed:  The solver ECOS is not installed. 
Using SCS instead.
ECOS solver failed:  The solver ECOS is not installed. 
Using SCS instead.
ECOS solver failed:  The solver ECOS is not installed. 
Using SCS instead.
ECOS solver failed:  The solver ECOS is not installed. 
Using SCS instead.
ECOS solver failed:  The solver ECOS is not installed. 
Using SCS instead.
ECOS solver failed:  The solver ECOS is not installed. 
Using SCS instead.
ECOS solver failed:  The solver ECOS is not installed. 
Using SCS instead.
ECOS solver failed:  The solver ECOS is not installed. 
Using SCS instead.
ECOS solver failed:  The solver ECOS is not installed. 
Using SCS instead.
ECOS solver failed:  The solver ECOS is not installed. 
Using SCS instead.
ECOS solver failed:  The solver ECOS is not installed. 
Using SCS instead.
ECOS solver failed:  The solver ECOS is not installed. 
Using SCS instead.
ECOS solver failed:  The solver ECOS is not installed. 
Using SCS instead.
M-step Design Matrix Calculation time (sec): 0.0160
ECOS solver failed in IPCW_HAL_init, falling back to SCS: The solver ECOS is not installed.
WARNING - large complementary slackness residual: 0.002290
M-step CVXPY optimize time (sec): 0.9528
ECOS solver failed:  The solver ECOS is not installed. 
Using SCS instead.
ECOS solver failed:  The solver ECOS is not installed. 
Using SCS instead.
ECOS solver failed:  The solver ECOS is not installed. 
Using SCS instead.
ECOS solver failed:  The solver ECOS is not installed. 
Using SCS instead.
ECOS solver failed:  The solver ECOS is not installed. 
Using SCS instead.
ECOS solver failed:  The solver ECOS is not installed. 
Using SCS instead.
ECOS solver failed:  The solver ECOS is not installed. 
Using SCS instead.
ECOS solver failed:  The solver ECOS is not installed. 
Using SCS instead.
ECOS solver failed:  The solver ECOS is not installed. 
Using SCS instead.
ECOS solver failed:  The solver ECOS is not installed. 
Using SCS instead.
ECOS solver failed:  The solver ECOS is not installed. 
Using SCS instead.
ECOS solver failed:  The solver ECOS is not installed. 
Using SCS instead.
ECOS solver failed:  The solver ECOS is not installed. 
Using SCS instead.
ECOS solver failed:  The solver ECOS is not installed. 
Using SCS instead.
ECOS solver failed:  The solver ECOS is not installed. 
Using SCS instead.
ECOS solver failed:  The solver ECOS is not installed. 
Using SCS instead.
ECOS solver failed:  The solver ECOS is not installed. 
Using SCS instead.
ECOS solver failed:  The solver ECOS is not installed. 
Using SCS instead.
ECOS solver failed:  The solver ECOS is not installed. 
Using SCS instead.
ECOS solver failed:  The solver ECOS is not installed. 
Using SCS instead.
ECOS solver failed:  The solver ECOS is not installed. 
Using SCS instead.
M-step Design Matrix Calculation time (sec): 0.0142
ECOS solver failed in IPCW_HAL_init, falling back to SCS: The solver ECOS is not installed.
WARNING - large complementary slackness residual: 0.001959
M-step CVXPY optimize time (sec): 1.2603
ECOS solver failed:  The solver ECOS is not installed. 
Using SCS instead.
ECOS solver failed:  The solver ECOS is not installed. 
Using SCS instead.
ECOS solver failed:  The solver ECOS is not installed. 
Using SCS instead.
ECOS solver failed:  The solver ECOS is not installed. 
Using SCS instead.
ECOS solver failed:  The solver ECOS is not installed. 
Using SCS instead.
ECOS solver failed:  The solver ECOS is not installed. 
Using SCS instead.
ECOS solver failed:  The solver ECOS is not installed. 
Using SCS instead.
ECOS solver failed:  The solver ECOS is not installed. 
Using SCS instead.
ECOS solver failed:  The solver ECOS is not installed. 
Using SCS instead.
ECOS solver failed:  The solver ECOS is not installed. 
Using SCS instead.
ECOS solver failed:  The solver ECOS is not installed. 
Using SCS instead.
ECOS solver failed:  The solver ECOS is not installed. 
Using SCS instead.
ECOS solver failed:  The solver ECOS is not installed. 
Using SCS instead.
ECOS solver failed:  The solver ECOS is not installed. 
Using SCS instead.
ECOS solver failed:  The solver ECOS is not installed. 
Using SCS instead.
ECOS solver failed:  The solver ECOS is not installed. 
Using SCS instead.
ECOS solver failed:  The solver ECOS is not installed. 
Using SCS instead.
ECOS solver failed:  The solver ECOS is not installed. 
Using SCS instead.
ECOS solver failed:  The solver ECOS is not installed. 
Using SCS instead.
ECOS solver failed:  The solver ECOS is not installed. 
Using SCS instead.
ECOS solver failed:  The solver ECOS is not installed. 
Using SCS instead.
M-step Design Matrix Calculation time (sec): 0.0136
ECOS solver failed in IPCW_HAL_init, falling back to SCS: The solver ECOS is not installed.
M-step CVXPY optimize time (sec): 1.2366
ECOS solver failed:  The solver ECOS is not installed. 
Using SCS instead.
ECOS solver failed:  The solver ECOS is not installed. 
Using SCS instead.
ECOS solver failed:  The solver ECOS is not installed. 
Using SCS instead.
ECOS solver failed:  The solver ECOS is not installed. 
Using SCS instead.
ECOS solver failed:  The solver ECOS is not installed. 
Using SCS instead.
ECOS solver failed:  The solver ECOS is not installed. 
Using SCS instead.
ECOS solver failed:  The solver ECOS is not installed. 
Using SCS instead.
ECOS solver failed:  The solver ECOS is not installed. 
Using SCS instead.
ECOS solver failed:  The solver ECOS is not installed. 
Using SCS instead.
ECOS solver failed:  The solver ECOS is not installed. 
Using SCS instead.
ECOS solver failed:  The solver ECOS is not installed. 
Using SCS instead.
ECOS solver failed:  The solver ECOS is not installed. 
Using SCS instead.
ECOS solver failed:  The solver ECOS is not installed. 
Using SCS instead.
ECOS solver failed:  The solver ECOS is not installed. 
Using SCS instead.
ECOS solver failed:  The solver ECOS is not installed. 
Using SCS instead.
ECOS solver failed:  The solver ECOS is not installed. 
Using SCS instead.
ECOS solver failed:  The solver ECOS is not installed. 
Using SCS instead.
ECOS solver failed:  The solver ECOS is not installed. 
Using SCS instead.
ECOS solver failed:  The solver ECOS is not installed. 
Using SCS instead.
ECOS solver failed:  The solver ECOS is not installed. 
Using SCS instead.
ECOS solver failed:  The solver ECOS is not installed. 
Using SCS instead.
M-step Design Matrix Calculation time (sec): 0.0431
ECOS solver failed in IPCW_HAL_init, falling back to SCS: The solver ECOS is not installed.
WARNING - large complementary slackness residual: 0.001125
M-step CVXPY optimize time (sec): 1.9811
ECOS solver failed:  The solver ECOS is not installed. 
Using SCS instead.
ECOS solver failed:  The solver ECOS is not installed. 
Using SCS instead.
ECOS solver failed:  The solver ECOS is not installed. 
Using SCS instead.
ECOS solver failed:  The solver ECOS is not installed. 
Using SCS instead.
ECOS solver failed:  The solver ECOS is not installed. 
Using SCS instead.
ECOS solver failed:  The solver ECOS is not installed. 
Using SCS instead.
ECOS solver failed:  The solver ECOS is not installed. 
Using SCS instead.
ECOS solver failed:  The solver ECOS is not installed. 
Using SCS instead.
ECOS solver failed:  The solver ECOS is not installed. 
Using SCS instead.
ECOS solver failed:  The solver ECOS is not installed. 
Using SCS instead.
ECOS solver failed:  The solver ECOS is not installed. 
Using SCS instead.
ECOS solver failed:  The solver ECOS is not installed. 
Using SCS instead.
ECOS solver failed:  The solver ECOS is not installed. 
Using SCS instead.
ECOS solver failed:  The solver ECOS is not installed. 
Using SCS instead.
ECOS solver failed:  The solver ECOS is not installed. 
Using SCS instead.
ECOS solver failed:  The solver ECOS is not installed. 
Using SCS instead.
ECOS solver failed:  The solver ECOS is not installed. 
Using SCS instead.
ECOS solver failed:  The solver ECOS is not installed. 
Using SCS instead.
ECOS solver failed:  The solver ECOS is not installed. 
Using SCS instead.
ECOS solver failed:  The solver ECOS is not installed. 
Using SCS instead.
ECOS solver failed:  The solver ECOS is not installed. 
Using SCS instead.
M-step Design Matrix Calculation time (sec): 0.0207
ECOS solver failed in IPCW_HAL_init, falling back to SCS: The solver ECOS is not installed.
WARNING - large complementary slackness residual: 0.002253
M-step CVXPY optimize time (sec): 0.5803
ECOS solver failed:  The solver ECOS is not installed. 
Using SCS instead.
ECOS solver failed:  The solver ECOS is not installed. 
Using SCS instead.
ECOS solver failed:  The solver ECOS is not installed. 
Using SCS instead.
ECOS solver failed:  The solver ECOS is not installed. 
Using SCS instead.
ECOS solver failed:  The solver ECOS is not installed. 
Using SCS instead.
ECOS solver failed:  The solver ECOS is not installed. 
Using SCS instead.
ECOS solver failed:  The solver ECOS is not installed. 
Using SCS instead.
ECOS solver failed:  The solver ECOS is not installed. 
Using SCS instead.
ECOS solver failed:  The solver ECOS is not installed. 
Using SCS instead.
ECOS solver failed:  The solver ECOS is not installed. 
Using SCS instead.
ECOS solver failed:  The solver ECOS is not installed. 
Using SCS instead.
ECOS solver failed:  The solver ECOS is not installed. 
Using SCS instead.
ECOS solver failed:  The solver ECOS is not installed. 
Using SCS instead.
ECOS solver failed:  The solver ECOS is not installed. 
Using SCS instead.
ECOS solver failed:  The solver ECOS is not installed. 
Using SCS instead.
ECOS solver failed:  The solver ECOS is not installed. 
Using SCS instead.
ECOS solver failed:  The solver ECOS is not installed. 
Using SCS instead.
ECOS solver failed:  The solver ECOS is not installed. 
Using SCS instead.
ECOS solver failed:  The solver ECOS is not installed. 
Using SCS instead.
ECOS solver failed:  The solver ECOS is not installed. 
Using SCS instead.
ECOS solver failed:  The solver ECOS is not installed. 
Using SCS instead.
M-step Design Matrix Calculation time (sec): 0.0157
ECOS solver failed in IPCW_HAL_init, falling back to SCS: The solver ECOS is not installed.
M-step CVXPY optimize time (sec): 0.7966
ECOS solver failed:  The solver ECOS is not installed. 
Using SCS instead.
ECOS solver failed:  The solver ECOS is not installed. 
Using SCS instead.
ECOS solver failed:  The solver ECOS is not installed. 
Using SCS instead.
ECOS solver failed:  The solver ECOS is not installed. 
Using SCS instead.
ECOS solver failed:  The solver ECOS is not installed. 
Using SCS instead.
ECOS solver failed:  The solver ECOS is not installed. 
Using SCS instead.
ECOS solver failed:  The solver ECOS is not installed. 
Using SCS instead.
ECOS solver failed:  The solver ECOS is not installed. 
Using SCS instead.
ECOS solver failed:  The solver ECOS is not installed. 
Using SCS instead.
ECOS solver failed:  The solver ECOS is not installed. 
Using SCS instead.
ECOS solver failed:  The solver ECOS is not installed. 
Using SCS instead.
ECOS solver failed:  The solver ECOS is not installed. 
Using SCS instead.
ECOS solver failed:  The solver ECOS is not installed. 
Using SCS instead.
ECOS solver failed:  The solver ECOS is not installed. 
Using SCS instead.
ECOS solver failed:  The solver ECOS is not installed. 
Using SCS instead.
ECOS solver failed:  The solver ECOS is not installed. 
Using SCS instead.
ECOS solver failed:  The solver ECOS is not installed. 
Using SCS instead.
ECOS solver failed:  The solver ECOS is not installed. 
Using SCS instead.
ECOS solver failed:  The solver ECOS is not installed. 
Using SCS instead.
ECOS solver failed:  The solver ECOS is not installed. 
Using SCS instead.
ECOS solver failed:  The solver ECOS is not installed. 
Using SCS instead.
M-step Design Matrix Calculation time (sec): 0.0146
ECOS solver failed in IPCW_HAL_init, falling back to SCS: The solver ECOS is not installed.
WARNING - large complementary slackness residual: 0.002168
M-step CVXPY optimize time (sec): 0.4865
ECOS solver failed:  The solver ECOS is not installed. 
Using SCS instead.
ECOS solver failed:  The solver ECOS is not installed. 
Using SCS instead.
ECOS solver failed:  The solver ECOS is not installed. 
Using SCS instead.
ECOS solver failed:  The solver ECOS is not installed. 
Using SCS instead.
ECOS solver failed:  The solver ECOS is not installed. 
Using SCS instead.
ECOS solver failed:  The solver ECOS is not installed. 
Using SCS instead.
ECOS solver failed:  The solver ECOS is not installed. 
Using SCS instead.
ECOS solver failed:  The solver ECOS is not installed. 
Using SCS instead.
ECOS solver failed:  The solver ECOS is not installed. 
Using SCS instead.
ECOS solver failed:  The solver ECOS is not installed. 
Using SCS instead.
ECOS solver failed:  The solver ECOS is not installed. 
Using SCS instead.
ECOS solver failed:  The solver ECOS is not installed. 
Using SCS instead.
ECOS solver failed:  The solver ECOS is not installed. 
Using SCS instead.
ECOS solver failed:  The solver ECOS is not installed. 
Using SCS instead.
ECOS solver failed:  The solver ECOS is not installed. 
Using SCS instead.
ECOS solver failed:  The solver ECOS is not installed. 
Using SCS instead.
ECOS solver failed:  The solver ECOS is not installed. 
Using SCS instead.
ECOS solver failed:  The solver ECOS is not installed. 
Using SCS instead.
ECOS solver failed:  The solver ECOS is not installed. 
Using SCS instead.
ECOS solver failed:  The solver ECOS is not installed. 
Using SCS instead.
ECOS solver failed:  The solver ECOS is not installed. 
Using SCS instead.
M-step Design Matrix Calculation time (sec): 0.0153
ECOS solver failed in IPCW_HAL_init, falling back to SCS: The solver ECOS is not installed.
WARNING - large complementary slackness residual: 0.001044
M-step CVXPY optimize time (sec): 1.7007
ECOS solver failed:  The solver ECOS is not installed. 
Using SCS instead.
ECOS solver failed:  The solver ECOS is not installed. 
Using SCS instead.
ECOS solver failed:  The solver ECOS is not installed. 
Using SCS instead.
ECOS solver failed:  The solver ECOS is not installed. 
Using SCS instead.
ECOS solver failed:  The solver ECOS is not installed. 
Using SCS instead.
ECOS solver failed:  The solver ECOS is not installed. 
Using SCS instead.
ECOS solver failed:  The solver ECOS is not installed. 
Using SCS instead.
ECOS solver failed:  The solver ECOS is not installed. 
Using SCS instead.
ECOS solver failed:  The solver ECOS is not installed. 
Using SCS instead.
ECOS solver failed:  The solver ECOS is not installed. 
Using SCS instead.
ECOS solver failed:  The solver ECOS is not installed. 
Using SCS instead.
ECOS solver failed:  The solver ECOS is not installed. 
Using SCS instead.
ECOS solver failed:  The solver ECOS is not installed. 
Using SCS instead.
ECOS solver failed:  The solver ECOS is not installed. 
Using SCS instead.
ECOS solver failed:  The solver ECOS is not installed. 
Using SCS instead.
ECOS solver failed:  The solver ECOS is not installed. 
Using SCS instead.
ECOS solver failed:  The solver ECOS is not installed. 
Using SCS instead.
ECOS solver failed:  The solver ECOS is not installed. 
Using SCS instead.
ECOS solver failed:  The solver ECOS is not installed. 
Using SCS instead.
ECOS solver failed:  The solver ECOS is not installed. 
Using SCS instead.
ECOS solver failed:  The solver ECOS is not installed. 
Using SCS instead.
M-step Design Matrix Calculation time (sec): 0.0183
ECOS solver failed in IPCW_HAL_init, falling back to SCS: The solver ECOS is not installed.
WARNING - large complementary slackness residual: 0.003232
M-step CVXPY optimize time (sec): 0.3030
ECOS solver failed:  The solver ECOS is not installed. 
Using SCS instead.
ECOS solver failed:  The solver ECOS is not installed. 
Using SCS instead.
ECOS solver failed:  The solver ECOS is not installed. 
Using SCS instead.
ECOS solver failed:  The solver ECOS is not installed. 
Using SCS instead.
ECOS solver failed:  The solver ECOS is not installed. 
Using SCS instead.
ECOS solver failed:  The solver ECOS is not installed. 
Using SCS instead.
ECOS solver failed:  The solver ECOS is not installed. 
Using SCS instead.
ECOS solver failed:  The solver ECOS is not installed. 
Using SCS instead.
ECOS solver failed:  The solver ECOS is not installed. 
Using SCS instead.
ECOS solver failed:  The solver ECOS is not installed. 
Using SCS instead.
ECOS solver failed:  The solver ECOS is not installed. 
Using SCS instead.
ECOS solver failed:  The solver ECOS is not installed. 
Using SCS instead.
ECOS solver failed:  The solver ECOS is not installed. 
Using SCS instead.
ECOS solver failed:  The solver ECOS is not installed. 
Using SCS instead.
ECOS solver failed:  The solver ECOS is not installed. 
Using SCS instead.
ECOS solver failed:  The solver ECOS is not installed. 
Using SCS instead.
ECOS solver failed:  The solver ECOS is not installed. 
Using SCS instead.
ECOS solver failed:  The solver ECOS is not installed. 
Using SCS instead.
ECOS solver failed:  The solver ECOS is not installed. 
Using SCS instead.
ECOS solver failed:  The solver ECOS is not installed. 
Using SCS instead.
ECOS solver failed:  The solver ECOS is not installed. 
Using SCS instead.
M-step Design Matrix Calculation time (sec): 0.0149
ECOS solver failed in IPCW_HAL_init, falling back to SCS: The solver ECOS is not installed.
WARNING - large complementary slackness residual: 0.001369
M-step CVXPY optimize time (sec): 0.5150
ECOS solver failed:  The solver ECOS is not installed. 
Using SCS instead.
ECOS solver failed:  The solver ECOS is not installed. 
Using SCS instead.
ECOS solver failed:  The solver ECOS is not installed. 
Using SCS instead.
ECOS solver failed:  The solver ECOS is not installed. 
Using SCS instead.
ECOS solver failed:  The solver ECOS is not installed. 
Using SCS instead.
ECOS solver failed:  The solver ECOS is not installed. 
Using SCS instead.
ECOS solver failed:  The solver ECOS is not installed. 
Using SCS instead.
ECOS solver failed:  The solver ECOS is not installed. 
Using SCS instead.
ECOS solver failed:  The solver ECOS is not installed. 
Using SCS instead.
ECOS solver failed:  The solver ECOS is not installed. 
Using SCS instead.
ECOS solver failed:  The solver ECOS is not installed. 
Using SCS instead.
ECOS solver failed:  The solver ECOS is not installed. 
Using SCS instead.
ECOS solver failed:  The solver ECOS is not installed. 
Using SCS instead.
ECOS solver failed:  The solver ECOS is not installed. 
Using SCS instead.
ECOS solver failed:  The solver ECOS is not installed. 
Using SCS instead.
ECOS solver failed:  The solver ECOS is not installed. 
Using SCS instead.
ECOS solver failed:  The solver ECOS is not installed. 
Using SCS instead.
ECOS solver failed:  The solver ECOS is not installed. 
Using SCS instead.
ECOS solver failed:  The solver ECOS is not installed. 
Using SCS instead.
ECOS solver failed:  The solver ECOS is not installed. 
Using SCS instead.
ECOS solver failed:  The solver ECOS is not installed. 
Using SCS instead.
M-step Design Matrix Calculation time (sec): 0.0229
ECOS solver failed in IPCW_HAL_init, falling back to SCS: The solver ECOS is not installed.
M-step CVXPY optimize time (sec): 0.4067
ECOS solver failed:  The solver ECOS is not installed. 
Using SCS instead.
ECOS solver failed:  The solver ECOS is not installed. 
Using SCS instead.
ECOS solver failed:  The solver ECOS is not installed. 
Using SCS instead.
ECOS solver failed:  The solver ECOS is not installed. 
Using SCS instead.
ECOS solver failed:  The solver ECOS is not installed. 
Using SCS instead.
ECOS solver failed:  The solver ECOS is not installed. 
Using SCS instead.
ECOS solver failed:  The solver ECOS is not installed. 
Using SCS instead.
ECOS solver failed:  The solver ECOS is not installed. 
Using SCS instead.
ECOS solver failed:  The solver ECOS is not installed. 
Using SCS instead.
ECOS solver failed:  The solver ECOS is not installed. 
Using SCS instead.
ECOS solver failed:  The solver ECOS is not installed. 
Using SCS instead.
ECOS solver failed:  The solver ECOS is not installed. 
Using SCS instead.
ECOS solver failed:  The solver ECOS is not installed. 
Using SCS instead.
ECOS solver failed:  The solver ECOS is not installed. 
Using SCS instead.
ECOS solver failed:  The solver ECOS is not installed. 
Using SCS instead.
ECOS solver failed:  The solver ECOS is not installed. 
Using SCS instead.
ECOS solver failed:  The solver ECOS is not installed. 
Using SCS instead.
ECOS solver failed:  The solver ECOS is not installed. 
Using SCS instead.
ECOS solver failed:  The solver ECOS is not installed. 
Using SCS instead.
ECOS solver failed:  The solver ECOS is not installed. 
Using SCS instead.
ECOS solver failed:  The solver ECOS is not installed. 
Using SCS instead.
M-step Design Matrix Calculation time (sec): 0.0328
ECOS solver failed in IPCW_HAL_init, falling back to SCS: The solver ECOS is not installed.
WARNING - large complementary slackness residual: 0.001770
M-step CVXPY optimize time (sec): 0.4612
ECOS solver failed:  The solver ECOS is not installed. 
Using SCS instead.
ECOS solver failed:  The solver ECOS is not installed. 
Using SCS instead.
ECOS solver failed:  The solver ECOS is not installed. 
Using SCS instead.
ECOS solver failed:  The solver ECOS is not installed. 
Using SCS instead.
ECOS solver failed:  The solver ECOS is not installed. 
Using SCS instead.
ECOS solver failed:  The solver ECOS is not installed. 
Using SCS instead.
ECOS solver failed:  The solver ECOS is not installed. 
Using SCS instead.
ECOS solver failed:  The solver ECOS is not installed. 
Using SCS instead.
ECOS solver failed:  The solver ECOS is not installed. 
Using SCS instead.
ECOS solver failed:  The solver ECOS is not installed. 
Using SCS instead.
ECOS solver failed:  The solver ECOS is not installed. 
Using SCS instead.
ECOS solver failed:  The solver ECOS is not installed. 
Using SCS instead.
ECOS solver failed:  The solver ECOS is not installed. 
Using SCS instead.
ECOS solver failed:  The solver ECOS is not installed. 
Using SCS instead.
ECOS solver failed:  The solver ECOS is not installed. 
Using SCS instead.
ECOS solver failed:  The solver ECOS is not installed. 
Using SCS instead.
ECOS solver failed:  The solver ECOS is not installed. 
Using SCS instead.
ECOS solver failed:  The solver ECOS is not installed. 
Using SCS instead.
ECOS solver failed:  The solver ECOS is not installed. 
Using SCS instead.
ECOS solver failed:  The solver ECOS is not installed. 
Using SCS instead.
ECOS solver failed:  The solver ECOS is not installed. 
Using SCS instead.
M-step Design Matrix Calculation time (sec): 0.0329
ECOS solver failed in IPCW_HAL_init, falling back to SCS: The solver ECOS is not installed.
M-step CVXPY optimize time (sec): 0.6485
ECOS solver failed:  The solver ECOS is not installed. 
Using SCS instead.
ECOS solver failed:  The solver ECOS is not installed. 
Using SCS instead.
ECOS solver failed:  The solver ECOS is not installed. 
Using SCS instead.
ECOS solver failed:  The solver ECOS is not installed. 
Using SCS instead.
ECOS solver failed:  The solver ECOS is not installed. 
Using SCS instead.
ECOS solver failed:  The solver ECOS is not installed. 
Using SCS instead.
ECOS solver failed:  The solver ECOS is not installed. 
Using SCS instead.
ECOS solver failed:  The solver ECOS is not installed. 
Using SCS instead.
ECOS solver failed:  The solver ECOS is not installed. 
Using SCS instead.
ECOS solver failed:  The solver ECOS is not installed. 
Using SCS instead.
ECOS solver failed:  The solver ECOS is not installed. 
Using SCS instead.
ECOS solver failed:  The solver ECOS is not installed. 
Using SCS instead.
ECOS solver failed:  The solver ECOS is not installed. 
Using SCS instead.
ECOS solver failed:  The solver ECOS is not installed. 
Using SCS instead.
ECOS solver failed:  The solver ECOS is not installed. 
Using SCS instead.
ECOS solver failed:  The solver ECOS is not installed. 
Using SCS instead.
ECOS solver failed:  The solver ECOS is not installed. 
Using SCS instead.
ECOS solver failed:  The solver ECOS is not installed. 
Using SCS instead.
ECOS solver failed:  The solver ECOS is not installed. 
Using SCS instead.
ECOS solver failed:  The solver ECOS is not installed. 
Using SCS instead.
ECOS solver failed:  The solver ECOS is not installed. 
Using SCS instead.
M-step Design Matrix Calculation time (sec): 0.0413
ECOS solver failed in IPCW_HAL_init, falling back to SCS: The solver ECOS is not installed.
M-step CVXPY optimize time (sec): 0.5602
ECOS solver failed:  The solver ECOS is not installed. 
Using SCS instead.
ECOS solver failed:  The solver ECOS is not installed. 
Using SCS instead.
ECOS solver failed:  The solver ECOS is not installed. 
Using SCS instead.
ECOS solver failed:  The solver ECOS is not installed. 
Using SCS instead.
ECOS solver failed:  The solver ECOS is not installed. 
Using SCS instead.
ECOS solver failed:  The solver ECOS is not installed. 
Using SCS instead.
ECOS solver failed:  The solver ECOS is not installed. 
Using SCS instead.
ECOS solver failed:  The solver ECOS is not installed. 
Using SCS instead.
ECOS solver failed:  The solver ECOS is not installed. 
Using SCS instead.
ECOS solver failed:  The solver ECOS is not installed. 
Using SCS instead.
ECOS solver failed:  The solver ECOS is not installed. 
Using SCS instead.
ECOS solver failed:  The solver ECOS is not installed. 
Using SCS instead.
ECOS solver failed:  The solver ECOS is not installed. 
Using SCS instead.
ECOS solver failed:  The solver ECOS is not installed. 
Using SCS instead.
ECOS solver failed:  The solver ECOS is not installed. 
Using SCS instead.
ECOS solver failed:  The solver ECOS is not installed. 
Using SCS instead.
ECOS solver failed:  The solver ECOS is not installed. 
Using SCS instead.
ECOS solver failed:  The solver ECOS is not installed. 
Using SCS instead.
ECOS solver failed:  The solver ECOS is not installed. 
Using SCS instead.
ECOS solver failed:  The solver ECOS is not installed. 
Using SCS instead.
ECOS solver failed:  The solver ECOS is not installed. 
Using SCS instead.
M-step Design Matrix Calculation time (sec): 0.0146
ECOS solver failed in IPCW_HAL_init, falling back to SCS: The solver ECOS is not installed.
M-step CVXPY optimize time (sec): 0.7888
ECOS solver failed:  The solver ECOS is not installed. 
Using SCS instead.
ECOS solver failed:  The solver ECOS is not installed. 
Using SCS instead.
ECOS solver failed:  The solver ECOS is not installed. 
Using SCS instead.
ECOS solver failed:  The solver ECOS is not installed. 
Using SCS instead.
ECOS solver failed:  The solver ECOS is not installed. 
Using SCS instead.
ECOS solver failed:  The solver ECOS is not installed. 
Using SCS instead.
ECOS solver failed:  The solver ECOS is not installed. 
Using SCS instead.
ECOS solver failed:  The solver ECOS is not installed. 
Using SCS instead.
ECOS solver failed:  The solver ECOS is not installed. 
Using SCS instead.
ECOS solver failed:  The solver ECOS is not installed. 
Using SCS instead.
ECOS solver failed:  The solver ECOS is not installed. 
Using SCS instead.
ECOS solver failed:  The solver ECOS is not installed. 
Using SCS instead.
ECOS solver failed:  The solver ECOS is not installed. 
Using SCS instead.
ECOS solver failed:  The solver ECOS is not installed. 
Using SCS instead.
ECOS solver failed:  The solver ECOS is not installed. 
Using SCS instead.
ECOS solver failed:  The solver ECOS is not installed. 
Using SCS instead.
ECOS solver failed:  The solver ECOS is not installed. 
Using SCS instead.
ECOS solver failed:  The solver ECOS is not installed. 
Using SCS instead.
ECOS solver failed:  The solver ECOS is not installed. 
Using SCS instead.
ECOS solver failed:  The solver ECOS is not installed. 
Using SCS instead.
ECOS solver failed:  The solver ECOS is not installed. 
Using SCS instead.
M-step Design Matrix Calculation time (sec): 0.0178
ECOS solver failed in IPCW_HAL_init, falling back to SCS: The solver ECOS is not installed.
WARNING - large complementary slackness residual: 0.001838
M-step CVXPY optimize time (sec): 0.9407
ECOS solver failed:  The solver ECOS is not installed. 
Using SCS instead.
ECOS solver failed:  The solver ECOS is not installed. 
Using SCS instead.
ECOS solver failed:  The solver ECOS is not installed. 
Using SCS instead.
ECOS solver failed:  The solver ECOS is not installed. 
Using SCS instead.
ECOS solver failed:  The solver ECOS is not installed. 
Using SCS instead.
ECOS solver failed:  The solver ECOS is not installed. 
Using SCS instead.
ECOS solver failed:  The solver ECOS is not installed. 
Using SCS instead.
ECOS solver failed:  The solver ECOS is not installed. 
Using SCS instead.
ECOS solver failed:  The solver ECOS is not installed. 
Using SCS instead.
ECOS solver failed:  The solver ECOS is not installed. 
Using SCS instead.
ECOS solver failed:  The solver ECOS is not installed. 
Using SCS instead.
ECOS solver failed:  The solver ECOS is not installed. 
Using SCS instead.
ECOS solver failed:  The solver ECOS is not installed. 
Using SCS instead.
ECOS solver failed:  The solver ECOS is not installed. 
Using SCS instead.
ECOS solver failed:  The solver ECOS is not installed. 
Using SCS instead.
ECOS solver failed:  The solver ECOS is not installed. 
Using SCS instead.
ECOS solver failed:  The solver ECOS is not installed. 
Using SCS instead.
ECOS solver failed:  The solver ECOS is not installed. 
Using SCS instead.
ECOS solver failed:  The solver ECOS is not installed. 
Using SCS instead.
ECOS solver failed:  The solver ECOS is not installed. 
Using SCS instead.
ECOS solver failed:  The solver ECOS is not installed. 
Using SCS instead.
M-step Design Matrix Calculation time (sec): 0.0132
ECOS solver failed in IPCW_HAL_init, falling back to SCS: The solver ECOS is not installed.
WARNING - large complementary slackness residual: 0.002654
M-step CVXPY optimize time (sec): 0.3543
ECOS solver failed:  The solver ECOS is not installed. 
Using SCS instead.
ECOS solver failed:  The solver ECOS is not installed. 
Using SCS instead.
ECOS solver failed:  The solver ECOS is not installed. 
Using SCS instead.
ECOS solver failed:  The solver ECOS is not installed. 
Using SCS instead.
ECOS solver failed:  The solver ECOS is not installed. 
Using SCS instead.
ECOS solver failed:  The solver ECOS is not installed. 
Using SCS instead.
ECOS solver failed:  The solver ECOS is not installed. 
Using SCS instead.
ECOS solver failed:  The solver ECOS is not installed. 
Using SCS instead.
ECOS solver failed:  The solver ECOS is not installed. 
Using SCS instead.
ECOS solver failed:  The solver ECOS is not installed. 
Using SCS instead.
ECOS solver failed:  The solver ECOS is not installed. 
Using SCS instead.
ECOS solver failed:  The solver ECOS is not installed. 
Using SCS instead.
ECOS solver failed:  The solver ECOS is not installed. 
Using SCS instead.
ECOS solver failed:  The solver ECOS is not installed. 
Using SCS instead.
ECOS solver failed:  The solver ECOS is not installed. 
Using SCS instead.
ECOS solver failed:  The solver ECOS is not installed. 
Using SCS instead.
ECOS solver failed:  The solver ECOS is not installed. 
Using SCS instead.
ECOS solver failed:  The solver ECOS is not installed. 
Using SCS instead.
ECOS solver failed:  The solver ECOS is not installed. 
Using SCS instead.
ECOS solver failed:  The solver ECOS is not installed. 
Using SCS instead.
ECOS solver failed:  The solver ECOS is not installed. 
Using SCS instead.
M-step Design Matrix Calculation time (sec): 0.0157
ECOS solver failed in IPCW_HAL_init, falling back to SCS: The solver ECOS is not installed.
WARNING - large complementary slackness residual: 0.001369
M-step CVXPY optimize time (sec): 0.4187
ECOS solver failed:  The solver ECOS is not installed. 
Using SCS instead.
ECOS solver failed:  The solver ECOS is not installed. 
Using SCS instead.
ECOS solver failed:  The solver ECOS is not installed. 
Using SCS instead.
ECOS solver failed:  The solver ECOS is not installed. 
Using SCS instead.
ECOS solver failed:  The solver ECOS is not installed. 
Using SCS instead.
ECOS solver failed:  The solver ECOS is not installed. 
Using SCS instead.
ECOS solver failed:  The solver ECOS is not installed. 
Using SCS instead.
ECOS solver failed:  The solver ECOS is not installed. 
Using SCS instead.
ECOS solver failed:  The solver ECOS is not installed. 
Using SCS instead.
ECOS solver failed:  The solver ECOS is not installed. 
Using SCS instead.
ECOS solver failed:  The solver ECOS is not installed. 
Using SCS instead.
ECOS solver failed:  The solver ECOS is not installed. 
Using SCS instead.
ECOS solver failed:  The solver ECOS is not installed. 
Using SCS instead.
ECOS solver failed:  The solver ECOS is not installed. 
Using SCS instead.
ECOS solver failed:  The solver ECOS is not installed. 
Using SCS instead.
ECOS solver failed:  The solver ECOS is not installed. 
Using SCS instead.
ECOS solver failed:  The solver ECOS is not installed. 
Using SCS instead.
ECOS solver failed:  The solver ECOS is not installed. 
Using SCS instead.
ECOS solver failed:  The solver ECOS is not installed. 
Using SCS instead.
ECOS solver failed:  The solver ECOS is not installed. 
Using SCS instead.
ECOS solver failed:  The solver ECOS is not installed. 
Using SCS instead.
M-step Design Matrix Calculation time (sec): 0.0158
ECOS solver failed in IPCW_HAL_init, falling back to SCS: The solver ECOS is not installed.
WARNING - large complementary slackness residual: 0.001052
M-step CVXPY optimize time (sec): 0.7126
ECOS solver failed:  The solver ECOS is not installed. 
Using SCS instead.
ECOS solver failed:  The solver ECOS is not installed. 
Using SCS instead.
ECOS solver failed:  The solver ECOS is not installed. 
Using SCS instead.
ECOS solver failed:  The solver ECOS is not installed. 
Using SCS instead.
ECOS solver failed:  The solver ECOS is not installed. 
Using SCS instead.
ECOS solver failed:  The solver ECOS is not installed. 
Using SCS instead.
ECOS solver failed:  The solver ECOS is not installed. 
Using SCS instead.
ECOS solver failed:  The solver ECOS is not installed. 
Using SCS instead.
ECOS solver failed:  The solver ECOS is not installed. 
Using SCS instead.
ECOS solver failed:  The solver ECOS is not installed. 
Using SCS instead.
ECOS solver failed:  The solver ECOS is not installed. 
Using SCS instead.
ECOS solver failed:  The solver ECOS is not installed. 
Using SCS instead.
ECOS solver failed:  The solver ECOS is not installed. 
Using SCS instead.
ECOS solver failed:  The solver ECOS is not installed. 
Using SCS instead.
ECOS solver failed:  The solver ECOS is not installed. 
Using SCS instead.
ECOS solver failed:  The solver ECOS is not installed. 
Using SCS instead.
ECOS solver failed:  The solver ECOS is not installed. 
Using SCS instead.
ECOS solver failed:  The solver ECOS is not installed. 
Using SCS instead.
ECOS solver failed:  The solver ECOS is not installed. 
Using SCS instead.
ECOS solver failed:  The solver ECOS is not installed. 
Using SCS instead.
ECOS solver failed:  The solver ECOS is not installed. 
Using SCS instead.
M-step Design Matrix Calculation time (sec): 0.0166
ECOS solver failed in IPCW_HAL_init, falling back to SCS: The solver ECOS is not installed.
WARNING - large complementary slackness residual: 0.002505
M-step CVXPY optimize time (sec): 0.3773
ECOS solver failed:  The solver ECOS is not installed. 
Using SCS instead.
ECOS solver failed:  The solver ECOS is not installed. 
Using SCS instead.
ECOS solver failed:  The solver ECOS is not installed. 
Using SCS instead.
ECOS solver failed:  The solver ECOS is not installed. 
Using SCS instead.
ECOS solver failed:  The solver ECOS is not installed. 
Using SCS instead.
ECOS solver failed:  The solver ECOS is not installed. 
Using SCS instead.
ECOS solver failed:  The solver ECOS is not installed. 
Using SCS instead.
ECOS solver failed:  The solver ECOS is not installed. 
Using SCS instead.
ECOS solver failed:  The solver ECOS is not installed. 
Using SCS instead.
ECOS solver failed:  The solver ECOS is not installed. 
Using SCS instead.
ECOS solver failed:  The solver ECOS is not installed. 
Using SCS instead.
ECOS solver failed:  The solver ECOS is not installed. 
Using SCS instead.
ECOS solver failed:  The solver ECOS is not installed. 
Using SCS instead.
ECOS solver failed:  The solver ECOS is not installed. 
Using SCS instead.
ECOS solver failed:  The solver ECOS is not installed. 
Using SCS instead.
ECOS solver failed:  The solver ECOS is not installed. 
Using SCS instead.
ECOS solver failed:  The solver ECOS is not installed. 
Using SCS instead.
ECOS solver failed:  The solver ECOS is not installed. 
Using SCS instead.
ECOS solver failed:  The solver ECOS is not installed. 
Using SCS instead.
ECOS solver failed:  The solver ECOS is not installed. 
Using SCS instead.
ECOS solver failed:  The solver ECOS is not installed. 
Using SCS instead.
M-step Design Matrix Calculation time (sec): 0.0148
ECOS solver failed in IPCW_HAL_init, falling back to SCS: The solver ECOS is not installed.
WARNING - large complementary slackness residual: 0.002207
M-step CVXPY optimize time (sec): 0.7129
ECOS solver failed:  The solver ECOS is not installed. 
Using SCS instead.
ECOS solver failed:  The solver ECOS is not installed. 
Using SCS instead.
ECOS solver failed:  The solver ECOS is not installed. 
Using SCS instead.
ECOS solver failed:  The solver ECOS is not installed. 
Using SCS instead.
ECOS solver failed:  The solver ECOS is not installed. 
Using SCS instead.
ECOS solver failed:  The solver ECOS is not installed. 
Using SCS instead.
ECOS solver failed:  The solver ECOS is not installed. 
Using SCS instead.
ECOS solver failed:  The solver ECOS is not installed. 
Using SCS instead.
ECOS solver failed:  The solver ECOS is not installed. 
Using SCS instead.
ECOS solver failed:  The solver ECOS is not installed. 
Using SCS instead.
ECOS solver failed:  The solver ECOS is not installed. 
Using SCS instead.
ECOS solver failed:  The solver ECOS is not installed. 
Using SCS instead.
ECOS solver failed:  The solver ECOS is not installed. 
Using SCS instead.
ECOS solver failed:  The solver ECOS is not installed. 
Using SCS instead.
ECOS solver failed:  The solver ECOS is not installed. 
Using SCS instead.
ECOS solver failed:  The solver ECOS is not installed. 
Using SCS instead.
ECOS solver failed:  The solver ECOS is not installed. 
Using SCS instead.
ECOS solver failed:  The solver ECOS is not installed. 
Using SCS instead.
ECOS solver failed:  The solver ECOS is not installed. 
Using SCS instead.
ECOS solver failed:  The solver ECOS is not installed. 
Using SCS instead.
ECOS solver failed:  The solver ECOS is not installed. 
Using SCS instead.
M-step Design Matrix Calculation time (sec): 0.0269
ECOS solver failed in IPCW_HAL_init, falling back to SCS: The solver ECOS is not installed.
M-step CVXPY optimize time (sec): 1.3154
ECOS solver failed:  The solver ECOS is not installed. 
Using SCS instead.
ECOS solver failed:  The solver ECOS is not installed. 
Using SCS instead.
ECOS solver failed:  The solver ECOS is not installed. 
Using SCS instead.
ECOS solver failed:  The solver ECOS is not installed. 
Using SCS instead.
ECOS solver failed:  The solver ECOS is not installed. 
Using SCS instead.
ECOS solver failed:  The solver ECOS is not installed. 
Using SCS instead.
ECOS solver failed:  The solver ECOS is not installed. 
Using SCS instead.
ECOS solver failed:  The solver ECOS is not installed. 
Using SCS instead.
ECOS solver failed:  The solver ECOS is not installed. 
Using SCS instead.
ECOS solver failed:  The solver ECOS is not installed. 
Using SCS instead.
ECOS solver failed:  The solver ECOS is not installed. 
Using SCS instead.
ECOS solver failed:  The solver ECOS is not installed. 
Using SCS instead.
ECOS solver failed:  The solver ECOS is not installed. 
Using SCS instead.
ECOS solver failed:  The solver ECOS is not installed. 
Using SCS instead.
ECOS solver failed:  The solver ECOS is not installed. 
Using SCS instead.
ECOS solver failed:  The solver ECOS is not installed. 
Using SCS instead.
ECOS solver failed:  The solver ECOS is not installed. 
Using SCS instead.
ECOS solver failed:  The solver ECOS is not installed. 
Using SCS instead.
ECOS solver failed:  The solver ECOS is not installed. 
Using SCS instead.
ECOS solver failed:  The solver ECOS is not installed. 
Using SCS instead.
ECOS solver failed:  The solver ECOS is not installed. 
Using SCS instead.
M-step Design Matrix Calculation time (sec): 0.0155
ECOS solver failed in IPCW_HAL_init, falling back to SCS: The solver ECOS is not installed.
M-step CVXPY optimize time (sec): 0.8677
ECOS solver failed:  The solver ECOS is not installed. 
Using SCS instead.
ECOS solver failed:  The solver ECOS is not installed. 
Using SCS instead.
ECOS solver failed:  The solver ECOS is not installed. 
Using SCS instead.
ECOS solver failed:  The solver ECOS is not installed. 
Using SCS instead.
ECOS solver failed:  The solver ECOS is not installed. 
Using SCS instead.
ECOS solver failed:  The solver ECOS is not installed. 
Using SCS instead.
ECOS solver failed:  The solver ECOS is not installed. 
Using SCS instead.
ECOS solver failed:  The solver ECOS is not installed. 
Using SCS instead.
ECOS solver failed:  The solver ECOS is not installed. 
Using SCS instead.
ECOS solver failed:  The solver ECOS is not installed. 
Using SCS instead.
ECOS solver failed:  The solver ECOS is not installed. 
Using SCS instead.
ECOS solver failed:  The solver ECOS is not installed. 
Using SCS instead.
ECOS solver failed:  The solver ECOS is not installed. 
Using SCS instead.
ECOS solver failed:  The solver ECOS is not installed. 
Using SCS instead.
ECOS solver failed:  The solver ECOS is not installed. 
Using SCS instead.
ECOS solver failed:  The solver ECOS is not installed. 
Using SCS instead.
ECOS solver failed:  The solver ECOS is not installed. 
Using SCS instead.
ECOS solver failed:  The solver ECOS is not installed. 
Using SCS instead.
ECOS solver failed:  The solver ECOS is not installed. 
Using SCS instead.
ECOS solver failed:  The solver ECOS is not installed. 
Using SCS instead.
ECOS solver failed:  The solver ECOS is not installed. 
Using SCS instead.
M-step Design Matrix Calculation time (sec): 0.0169
ECOS solver failed in IPCW_HAL_init, falling back to SCS: The solver ECOS is not installed.
WARNING - large complementary slackness residual: 0.001086
M-step CVXPY optimize time (sec): 0.7256
ECOS solver failed:  The solver ECOS is not installed. 
Using SCS instead.
ECOS solver failed:  The solver ECOS is not installed. 
Using SCS instead.
ECOS solver failed:  The solver ECOS is not installed. 
Using SCS instead.
ECOS solver failed:  The solver ECOS is not installed. 
Using SCS instead.
ECOS solver failed:  The solver ECOS is not installed. 
Using SCS instead.
ECOS solver failed:  The solver ECOS is not installed. 
Using SCS instead.
ECOS solver failed:  The solver ECOS is not installed. 
Using SCS instead.
ECOS solver failed:  The solver ECOS is not installed. 
Using SCS instead.
ECOS solver failed:  The solver ECOS is not installed. 
Using SCS instead.
ECOS solver failed:  The solver ECOS is not installed. 
Using SCS instead.
ECOS solver failed:  The solver ECOS is not installed. 
Using SCS instead.
ECOS solver failed:  The solver ECOS is not installed. 
Using SCS instead.
ECOS solver failed:  The solver ECOS is not installed. 
Using SCS instead.
ECOS solver failed:  The solver ECOS is not installed. 
Using SCS instead.
ECOS solver failed:  The solver ECOS is not installed. 
Using SCS instead.
ECOS solver failed:  The solver ECOS is not installed. 
Using SCS instead.
ECOS solver failed:  The solver ECOS is not installed. 
Using SCS instead.
ECOS solver failed:  The solver ECOS is not installed. 
Using SCS instead.
ECOS solver failed:  The solver ECOS is not installed. 
Using SCS instead.
ECOS solver failed:  The solver ECOS is not installed. 
Using SCS instead.
ECOS solver failed:  The solver ECOS is not installed. 
Using SCS instead.
M-step Design Matrix Calculation time (sec): 0.0154
ECOS solver failed in IPCW_HAL_init, falling back to SCS: The solver ECOS is not installed.
M-step CVXPY optimize time (sec): 0.4413
ECOS solver failed:  The solver ECOS is not installed. 
Using SCS instead.
ECOS solver failed:  The solver ECOS is not installed. 
Using SCS instead.
ECOS solver failed:  The solver ECOS is not installed. 
Using SCS instead.
ECOS solver failed:  The solver ECOS is not installed. 
Using SCS instead.
ECOS solver failed:  The solver ECOS is not installed. 
Using SCS instead.
ECOS solver failed:  The solver ECOS is not installed. 
Using SCS instead.
ECOS solver failed:  The solver ECOS is not installed. 
Using SCS instead.
ECOS solver failed:  The solver ECOS is not installed. 
Using SCS instead.
ECOS solver failed:  The solver ECOS is not installed. 
Using SCS instead.
ECOS solver failed:  The solver ECOS is not installed. 
Using SCS instead.
ECOS solver failed:  The solver ECOS is not installed. 
Using SCS instead.
ECOS solver failed:  The solver ECOS is not installed. 
Using SCS instead.
ECOS solver failed:  The solver ECOS is not installed. 
Using SCS instead.
ECOS solver failed:  The solver ECOS is not installed. 
Using SCS instead.
ECOS solver failed:  The solver ECOS is not installed. 
Using SCS instead.
ECOS solver failed:  The solver ECOS is not installed. 
Using SCS instead.
ECOS solver failed:  The solver ECOS is not installed. 
Using SCS instead.
ECOS solver failed:  The solver ECOS is not installed. 
Using SCS instead.
ECOS solver failed:  The solver ECOS is not installed. 
Using SCS instead.
ECOS solver failed:  The solver ECOS is not installed. 
Using SCS instead.
ECOS solver failed:  The solver ECOS is not installed. 
Using SCS instead.
M-step Design Matrix Calculation time (sec): 0.0137
ECOS solver failed in IPCW_HAL_init, falling back to SCS: The solver ECOS is not installed.
WARNING - large complementary slackness residual: 0.002805
M-step CVXPY optimize time (sec): 0.6188
ECOS solver failed:  The solver ECOS is not installed. 
Using SCS instead.
ECOS solver failed:  The solver ECOS is not installed. 
Using SCS instead.
ECOS solver failed:  The solver ECOS is not installed. 
Using SCS instead.
ECOS solver failed:  The solver ECOS is not installed. 
Using SCS instead.
ECOS solver failed:  The solver ECOS is not installed. 
Using SCS instead.
ECOS solver failed:  The solver ECOS is not installed. 
Using SCS instead.
ECOS solver failed:  The solver ECOS is not installed. 
Using SCS instead.
ECOS solver failed:  The solver ECOS is not installed. 
Using SCS instead.
ECOS solver failed:  The solver ECOS is not installed. 
Using SCS instead.
ECOS solver failed:  The solver ECOS is not installed. 
Using SCS instead.
ECOS solver failed:  The solver ECOS is not installed. 
Using SCS instead.
ECOS solver failed:  The solver ECOS is not installed. 
Using SCS instead.
ECOS solver failed:  The solver ECOS is not installed. 
Using SCS instead.
ECOS solver failed:  The solver ECOS is not installed. 
Using SCS instead.
ECOS solver failed:  The solver ECOS is not installed. 
Using SCS instead.
ECOS solver failed:  The solver ECOS is not installed. 
Using SCS instead.
ECOS solver failed:  The solver ECOS is not installed. 
Using SCS instead.
ECOS solver failed:  The solver ECOS is not installed. 
Using SCS instead.
ECOS solver failed:  The solver ECOS is not installed. 
Using SCS instead.
ECOS solver failed:  The solver ECOS is not installed. 
Using SCS instead.
ECOS solver failed:  The solver ECOS is not installed. 
Using SCS instead.
M-step Design Matrix Calculation time (sec): 0.0363
ECOS solver failed in IPCW_HAL_init, falling back to SCS: The solver ECOS is not installed.
WARNING - large complementary slackness residual: 0.001818
M-step CVXPY optimize time (sec): 0.7346
ECOS solver failed:  The solver ECOS is not installed. 
Using SCS instead.
ECOS solver failed:  The solver ECOS is not installed. 
Using SCS instead.
ECOS solver failed:  The solver ECOS is not installed. 
Using SCS instead.
ECOS solver failed:  The solver ECOS is not installed. 
Using SCS instead.
ECOS solver failed:  The solver ECOS is not installed. 
Using SCS instead.
ECOS solver failed:  The solver ECOS is not installed. 
Using SCS instead.
ECOS solver failed:  The solver ECOS is not installed. 
Using SCS instead.
ECOS solver failed:  The solver ECOS is not installed. 
Using SCS instead.
ECOS solver failed:  The solver ECOS is not installed. 
Using SCS instead.
ECOS solver failed:  The solver ECOS is not installed. 
Using SCS instead.
ECOS solver failed:  The solver ECOS is not installed. 
Using SCS instead.
ECOS solver failed:  The solver ECOS is not installed. 
Using SCS instead.
ECOS solver failed:  The solver ECOS is not installed. 
Using SCS instead.
ECOS solver failed:  The solver ECOS is not installed. 
Using SCS instead.
ECOS solver failed:  The solver ECOS is not installed. 
Using SCS instead.
ECOS solver failed:  The solver ECOS is not installed. 
Using SCS instead.
ECOS solver failed:  The solver ECOS is not installed. 
Using SCS instead.
ECOS solver failed:  The solver ECOS is not installed. 
Using SCS instead.
ECOS solver failed:  The solver ECOS is not installed. 
Using SCS instead.
ECOS solver failed:  The solver ECOS is not installed. 
Using SCS instead.
ECOS solver failed:  The solver ECOS is not installed. 
Using SCS instead.
M-step Design Matrix Calculation time (sec): 0.0162
ECOS solver failed in IPCW_HAL_init, falling back to SCS: The solver ECOS is not installed.
WARNING - large complementary slackness residual: 0.002901
M-step CVXPY optimize time (sec): 0.7258
ECOS solver failed:  The solver ECOS is not installed. 
Using SCS instead.
ECOS solver failed:  The solver ECOS is not installed. 
Using SCS instead.
ECOS solver failed:  The solver ECOS is not installed. 
Using SCS instead.
ECOS solver failed:  The solver ECOS is not installed. 
Using SCS instead.
ECOS solver failed:  The solver ECOS is not installed. 
Using SCS instead.
ECOS solver failed:  The solver ECOS is not installed. 
Using SCS instead.
ECOS solver failed:  The solver ECOS is not installed. 
Using SCS instead.
ECOS solver failed:  The solver ECOS is not installed. 
Using SCS instead.
ECOS solver failed:  The solver ECOS is not installed. 
Using SCS instead.
ECOS solver failed:  The solver ECOS is not installed. 
Using SCS instead.
ECOS solver failed:  The solver ECOS is not installed. 
Using SCS instead.
ECOS solver failed:  The solver ECOS is not installed. 
Using SCS instead.
ECOS solver failed:  The solver ECOS is not installed. 
Using SCS instead.
ECOS solver failed:  The solver ECOS is not installed. 
Using SCS instead.
ECOS solver failed:  The solver ECOS is not installed. 
Using SCS instead.
ECOS solver failed:  The solver ECOS is not installed. 
Using SCS instead.
ECOS solver failed:  The solver ECOS is not installed. 
Using SCS instead.
ECOS solver failed:  The solver ECOS is not installed. 
Using SCS instead.
ECOS solver failed:  The solver ECOS is not installed. 
Using SCS instead.
ECOS solver failed:  The solver ECOS is not installed. 
Using SCS instead.
ECOS solver failed:  The solver ECOS is not installed. 
Using SCS instead.
M-step Design Matrix Calculation time (sec): 0.0166
ECOS solver failed in IPCW_HAL_init, falling back to SCS: The solver ECOS is not installed.
WARNING - large complementary slackness residual: 0.000981
M-step CVXPY optimize time (sec): 2.1832
ECOS solver failed:  The solver ECOS is not installed. 
Using SCS instead.
ECOS solver failed:  The solver ECOS is not installed. 
Using SCS instead.
ECOS solver failed:  The solver ECOS is not installed. 
Using SCS instead.
ECOS solver failed:  The solver ECOS is not installed. 
Using SCS instead.
ECOS solver failed:  The solver ECOS is not installed. 
Using SCS instead.
ECOS solver failed:  The solver ECOS is not installed. 
Using SCS instead.
ECOS solver failed:  The solver ECOS is not installed. 
Using SCS instead.
ECOS solver failed:  The solver ECOS is not installed. 
Using SCS instead.
ECOS solver failed:  The solver ECOS is not installed. 
Using SCS instead.
ECOS solver failed:  The solver ECOS is not installed. 
Using SCS instead.
ECOS solver failed:  The solver ECOS is not installed. 
Using SCS instead.
ECOS solver failed:  The solver ECOS is not installed. 
Using SCS instead.
ECOS solver failed:  The solver ECOS is not installed. 
Using SCS instead.
ECOS solver failed:  The solver ECOS is not installed. 
Using SCS instead.
ECOS solver failed:  The solver ECOS is not installed. 
Using SCS instead.
ECOS solver failed:  The solver ECOS is not installed. 
Using SCS instead.
ECOS solver failed:  The solver ECOS is not installed. 
Using SCS instead.
ECOS solver failed:  The solver ECOS is not installed. 
Using SCS instead.
ECOS solver failed:  The solver ECOS is not installed. 
Using SCS instead.
ECOS solver failed:  The solver ECOS is not installed. 
Using SCS instead.
ECOS solver failed:  The solver ECOS is not installed. 
Using SCS instead.
M-step Design Matrix Calculation time (sec): 0.0293
ECOS solver failed in IPCW_HAL_init, falling back to SCS: The solver ECOS is not installed.
WARNING - large complementary slackness residual: 0.001617
M-step CVXPY optimize time (sec): 0.7387
ECOS solver failed:  The solver ECOS is not installed. 
Using SCS instead.
ECOS solver failed:  The solver ECOS is not installed. 
Using SCS instead.
ECOS solver failed:  The solver ECOS is not installed. 
Using SCS instead.
ECOS solver failed:  The solver ECOS is not installed. 
Using SCS instead.
ECOS solver failed:  The solver ECOS is not installed. 
Using SCS instead.
ECOS solver failed:  The solver ECOS is not installed. 
Using SCS instead.
ECOS solver failed:  The solver ECOS is not installed. 
Using SCS instead.
ECOS solver failed:  The solver ECOS is not installed. 
Using SCS instead.
ECOS solver failed:  The solver ECOS is not installed. 
Using SCS instead.
ECOS solver failed:  The solver ECOS is not installed. 
Using SCS instead.
ECOS solver failed:  The solver ECOS is not installed. 
Using SCS instead.
ECOS solver failed:  The solver ECOS is not installed. 
Using SCS instead.
ECOS solver failed:  The solver ECOS is not installed. 
Using SCS instead.
ECOS solver failed:  The solver ECOS is not installed. 
Using SCS instead.
ECOS solver failed:  The solver ECOS is not installed. 
Using SCS instead.
ECOS solver failed:  The solver ECOS is not installed. 
Using SCS instead.
ECOS solver failed:  The solver ECOS is not installed. 
Using SCS instead.
ECOS solver failed:  The solver ECOS is not installed. 
Using SCS instead.
ECOS solver failed:  The solver ECOS is not installed. 
Using SCS instead.
ECOS solver failed:  The solver ECOS is not installed. 
Using SCS instead.
ECOS solver failed:  The solver ECOS is not installed. 
Using SCS instead.
M-step Design Matrix Calculation time (sec): 0.0150
ECOS solver failed in IPCW_HAL_init, falling back to SCS: The solver ECOS is not installed.
WARNING - large complementary slackness residual: 0.002134
M-step CVXPY optimize time (sec): 0.2116
ECOS solver failed:  The solver ECOS is not installed. 
Using SCS instead.
ECOS solver failed:  The solver ECOS is not installed. 
Using SCS instead.
ECOS solver failed:  The solver ECOS is not installed. 
Using SCS instead.
ECOS solver failed:  The solver ECOS is not installed. 
Using SCS instead.
ECOS solver failed:  The solver ECOS is not installed. 
Using SCS instead.
ECOS solver failed:  The solver ECOS is not installed. 
Using SCS instead.
ECOS solver failed:  The solver ECOS is not installed. 
Using SCS instead.
ECOS solver failed:  The solver ECOS is not installed. 
Using SCS instead.
ECOS solver failed:  The solver ECOS is not installed. 
Using SCS instead.
ECOS solver failed:  The solver ECOS is not installed. 
Using SCS instead.
ECOS solver failed:  The solver ECOS is not installed. 
Using SCS instead.
ECOS solver failed:  The solver ECOS is not installed. 
Using SCS instead.
ECOS solver failed:  The solver ECOS is not installed. 
Using SCS instead.
ECOS solver failed:  The solver ECOS is not installed. 
Using SCS instead.
ECOS solver failed:  The solver ECOS is not installed. 
Using SCS instead.
ECOS solver failed:  The solver ECOS is not installed. 
Using SCS instead.
ECOS solver failed:  The solver ECOS is not installed. 
Using SCS instead.
ECOS solver failed:  The solver ECOS is not installed. 
Using SCS instead.
ECOS solver failed:  The solver ECOS is not installed. 
Using SCS instead.
ECOS solver failed:  The solver ECOS is not installed. 
Using SCS instead.
ECOS solver failed:  The solver ECOS is not installed. 
Using SCS instead.
M-step Design Matrix Calculation time (sec): 0.0421
ECOS solver failed in IPCW_HAL_init, falling back to SCS: The solver ECOS is not installed.
WARNING - large complementary slackness residual: 0.001222
M-step CVXPY optimize time (sec): 0.3735
ECOS solver failed:  The solver ECOS is not installed. 
Using SCS instead.
ECOS solver failed:  The solver ECOS is not installed. 
Using SCS instead.
ECOS solver failed:  The solver ECOS is not installed. 
Using SCS instead.
ECOS solver failed:  The solver ECOS is not installed. 
Using SCS instead.
ECOS solver failed:  The solver ECOS is not installed. 
Using SCS instead.
ECOS solver failed:  The solver ECOS is not installed. 
Using SCS instead.
ECOS solver failed:  The solver ECOS is not installed. 
Using SCS instead.
ECOS solver failed:  The solver ECOS is not installed. 
Using SCS instead.
ECOS solver failed:  The solver ECOS is not installed. 
Using SCS instead.
ECOS solver failed:  The solver ECOS is not installed. 
Using SCS instead.
ECOS solver failed:  The solver ECOS is not installed. 
Using SCS instead.
ECOS solver failed:  The solver ECOS is not installed. 
Using SCS instead.
ECOS solver failed:  The solver ECOS is not installed. 
Using SCS instead.
ECOS solver failed:  The solver ECOS is not installed. 
Using SCS instead.
ECOS solver failed:  The solver ECOS is not installed. 
Using SCS instead.
ECOS solver failed:  The solver ECOS is not installed. 
Using SCS instead.
ECOS solver failed:  The solver ECOS is not installed. 
Using SCS instead.
ECOS solver failed:  The solver ECOS is not installed. 
Using SCS instead.
ECOS solver failed:  The solver ECOS is not installed. 
Using SCS instead.
ECOS solver failed:  The solver ECOS is not installed. 
Using SCS instead.
ECOS solver failed:  The solver ECOS is not installed. 
Using SCS instead.
M-step Design Matrix Calculation time (sec): 0.0151
ECOS solver failed in IPCW_HAL_init, falling back to SCS: The solver ECOS is not installed.
M-step CVXPY optimize time (sec): 0.3266
ECOS solver failed:  The solver ECOS is not installed. 
Using SCS instead.
ECOS solver failed:  The solver ECOS is not installed. 
Using SCS instead.
ECOS solver failed:  The solver ECOS is not installed. 
Using SCS instead.
ECOS solver failed:  The solver ECOS is not installed. 
Using SCS instead.
ECOS solver failed:  The solver ECOS is not installed. 
Using SCS instead.
ECOS solver failed:  The solver ECOS is not installed. 
Using SCS instead.
ECOS solver failed:  The solver ECOS is not installed. 
Using SCS instead.
ECOS solver failed:  The solver ECOS is not installed. 
Using SCS instead.
ECOS solver failed:  The solver ECOS is not installed. 
Using SCS instead.
ECOS solver failed:  The solver ECOS is not installed. 
Using SCS instead.
ECOS solver failed:  The solver ECOS is not installed. 
Using SCS instead.
ECOS solver failed:  The solver ECOS is not installed. 
Using SCS instead.
ECOS solver failed:  The solver ECOS is not installed. 
Using SCS instead.
ECOS solver failed:  The solver ECOS is not installed. 
Using SCS instead.
ECOS solver failed:  The solver ECOS is not installed. 
Using SCS instead.
ECOS solver failed:  The solver ECOS is not installed. 
Using SCS instead.
ECOS solver failed:  The solver ECOS is not installed. 
Using SCS instead.
ECOS solver failed:  The solver ECOS is not installed. 
Using SCS instead.
ECOS solver failed:  The solver ECOS is not installed. 
Using SCS instead.
ECOS solver failed:  The solver ECOS is not installed. 
Using SCS instead.
ECOS solver failed:  The solver ECOS is not installed. 
Using SCS instead.
M-step Design Matrix Calculation time (sec): 0.0146
ECOS solver failed in IPCW_HAL_init, falling back to SCS: The solver ECOS is not installed.
WARNING - large complementary slackness residual: 0.002841
M-step CVXPY optimize time (sec): 0.3754
ECOS solver failed:  The solver ECOS is not installed. 
Using SCS instead.
ECOS solver failed:  The solver ECOS is not installed. 
Using SCS instead.
ECOS solver failed:  The solver ECOS is not installed. 
Using SCS instead.
ECOS solver failed:  The solver ECOS is not installed. 
Using SCS instead.
ECOS solver failed:  The solver ECOS is not installed. 
Using SCS instead.
ECOS solver failed:  The solver ECOS is not installed. 
Using SCS instead.
ECOS solver failed:  The solver ECOS is not installed. 
Using SCS instead.
ECOS solver failed:  The solver ECOS is not installed. 
Using SCS instead.
ECOS solver failed:  The solver ECOS is not installed. 
Using SCS instead.
ECOS solver failed:  The solver ECOS is not installed. 
Using SCS instead.
ECOS solver failed:  The solver ECOS is not installed. 
Using SCS instead.
ECOS solver failed:  The solver ECOS is not installed. 
Using SCS instead.
ECOS solver failed:  The solver ECOS is not installed. 
Using SCS instead.
ECOS solver failed:  The solver ECOS is not installed. 
Using SCS instead.
ECOS solver failed:  The solver ECOS is not installed. 
Using SCS instead.
ECOS solver failed:  The solver ECOS is not installed. 
Using SCS instead.
ECOS solver failed:  The solver ECOS is not installed. 
Using SCS instead.
ECOS solver failed:  The solver ECOS is not installed. 
Using SCS instead.
ECOS solver failed:  The solver ECOS is not installed. 
Using SCS instead.
ECOS solver failed:  The solver ECOS is not installed. 
Using SCS instead.
ECOS solver failed:  The solver ECOS is not installed. 
Using SCS instead.
M-step Design Matrix Calculation time (sec): 0.0211
ECOS solver failed in IPCW_HAL_init, falling back to SCS: The solver ECOS is not installed.
M-step CVXPY optimize time (sec): 0.4001
ECOS solver failed:  The solver ECOS is not installed. 
Using SCS instead.
ECOS solver failed:  The solver ECOS is not installed. 
Using SCS instead.
ECOS solver failed:  The solver ECOS is not installed. 
Using SCS instead.
ECOS solver failed:  The solver ECOS is not installed. 
Using SCS instead.
ECOS solver failed:  The solver ECOS is not installed. 
Using SCS instead.
ECOS solver failed:  The solver ECOS is not installed. 
Using SCS instead.
ECOS solver failed:  The solver ECOS is not installed. 
Using SCS instead.
ECOS solver failed:  The solver ECOS is not installed. 
Using SCS instead.
ECOS solver failed:  The solver ECOS is not installed. 
Using SCS instead.
ECOS solver failed:  The solver ECOS is not installed. 
Using SCS instead.
ECOS solver failed:  The solver ECOS is not installed. 
Using SCS instead.
ECOS solver failed:  The solver ECOS is not installed. 
Using SCS instead.
ECOS solver failed:  The solver ECOS is not installed. 
Using SCS instead.
ECOS solver failed:  The solver ECOS is not installed. 
Using SCS instead.
ECOS solver failed:  The solver ECOS is not installed. 
Using SCS instead.
ECOS solver failed:  The solver ECOS is not installed. 
Using SCS instead.
ECOS solver failed:  The solver ECOS is not installed. 
Using SCS instead.
ECOS solver failed:  The solver ECOS is not installed. 
Using SCS instead.
ECOS solver failed:  The solver ECOS is not installed. 
Using SCS instead.
ECOS solver failed:  The solver ECOS is not installed. 
Using SCS instead.
ECOS solver failed:  The solver ECOS is not installed. 
Using SCS instead.
M-step Design Matrix Calculation time (sec): 0.0141
ECOS solver failed in IPCW_HAL_init, falling back to SCS: The solver ECOS is not installed.
M-step CVXPY optimize time (sec): 0.5252
ECOS solver failed:  The solver ECOS is not installed. 
Using SCS instead.
ECOS solver failed:  The solver ECOS is not installed. 
Using SCS instead.
ECOS solver failed:  The solver ECOS is not installed. 
Using SCS instead.
ECOS solver failed:  The solver ECOS is not installed. 
Using SCS instead.
ECOS solver failed:  The solver ECOS is not installed. 
Using SCS instead.
ECOS solver failed:  The solver ECOS is not installed. 
Using SCS instead.
ECOS solver failed:  The solver ECOS is not installed. 
Using SCS instead.
ECOS solver failed:  The solver ECOS is not installed. 
Using SCS instead.
ECOS solver failed:  The solver ECOS is not installed. 
Using SCS instead.
ECOS solver failed:  The solver ECOS is not installed. 
Using SCS instead.
ECOS solver failed:  The solver ECOS is not installed. 
Using SCS instead.
ECOS solver failed:  The solver ECOS is not installed. 
Using SCS instead.
ECOS solver failed:  The solver ECOS is not installed. 
Using SCS instead.
ECOS solver failed:  The solver ECOS is not installed. 
Using SCS instead.
ECOS solver failed:  The solver ECOS is not installed. 
Using SCS instead.
ECOS solver failed:  The solver ECOS is not installed. 
Using SCS instead.
ECOS solver failed:  The solver ECOS is not installed. 
Using SCS instead.
ECOS solver failed:  The solver ECOS is not installed. 
Using SCS instead.
ECOS solver failed:  The solver ECOS is not installed. 
Using SCS instead.
ECOS solver failed:  The solver ECOS is not installed. 
Using SCS instead.
ECOS solver failed:  The solver ECOS is not installed. 
Using SCS instead.
M-step Design Matrix Calculation time (sec): 0.0314
ECOS solver failed in IPCW_HAL_init, falling back to SCS: The solver ECOS is not installed.
WARNING - large complementary slackness residual: 0.002269
M-step CVXPY optimize time (sec): 0.8473
ECOS solver failed:  The solver ECOS is not installed. 
Using SCS instead.
ECOS solver failed:  The solver ECOS is not installed. 
Using SCS instead.
ECOS solver failed:  The solver ECOS is not installed. 
Using SCS instead.
ECOS solver failed:  The solver ECOS is not installed. 
Using SCS instead.
ECOS solver failed:  The solver ECOS is not installed. 
Using SCS instead.
ECOS solver failed:  The solver ECOS is not installed. 
Using SCS instead.
ECOS solver failed:  The solver ECOS is not installed. 
Using SCS instead.
ECOS solver failed:  The solver ECOS is not installed. 
Using SCS instead.
ECOS solver failed:  The solver ECOS is not installed. 
Using SCS instead.
ECOS solver failed:  The solver ECOS is not installed. 
Using SCS instead.
ECOS solver failed:  The solver ECOS is not installed. 
Using SCS instead.
ECOS solver failed:  The solver ECOS is not installed. 
Using SCS instead.
ECOS solver failed:  The solver ECOS is not installed. 
Using SCS instead.
ECOS solver failed:  The solver ECOS is not installed. 
Using SCS instead.
ECOS solver failed:  The solver ECOS is not installed. 
Using SCS instead.
ECOS solver failed:  The solver ECOS is not installed. 
Using SCS instead.
ECOS solver failed:  The solver ECOS is not installed. 
Using SCS instead.
ECOS solver failed:  The solver ECOS is not installed. 
Using SCS instead.
ECOS solver failed:  The solver ECOS is not installed. 
Using SCS instead.
ECOS solver failed:  The solver ECOS is not installed. 
Using SCS instead.
ECOS solver failed:  The solver ECOS is not installed. 
Using SCS instead.
M-step Design Matrix Calculation time (sec): 0.0318
ECOS solver failed in IPCW_HAL_init, falling back to SCS: The solver ECOS is not installed.
WARNING - large complementary slackness residual: 0.002532
M-step CVXPY optimize time (sec): 1.7975
ECOS solver failed:  The solver ECOS is not installed. 
Using SCS instead.
ECOS solver failed:  The solver ECOS is not installed. 
Using SCS instead.
ECOS solver failed:  The solver ECOS is not installed. 
Using SCS instead.
ECOS solver failed:  The solver ECOS is not installed. 
Using SCS instead.
ECOS solver failed:  The solver ECOS is not installed. 
Using SCS instead.
ECOS solver failed:  The solver ECOS is not installed. 
Using SCS instead.
ECOS solver failed:  The solver ECOS is not installed. 
Using SCS instead.
ECOS solver failed:  The solver ECOS is not installed. 
Using SCS instead.
ECOS solver failed:  The solver ECOS is not installed. 
Using SCS instead.
ECOS solver failed:  The solver ECOS is not installed. 
Using SCS instead.
ECOS solver failed:  The solver ECOS is not installed. 
Using SCS instead.
ECOS solver failed:  The solver ECOS is not installed. 
Using SCS instead.
ECOS solver failed:  The solver ECOS is not installed. 
Using SCS instead.
ECOS solver failed:  The solver ECOS is not installed. 
Using SCS instead.
ECOS solver failed:  The solver ECOS is not installed. 
Using SCS instead.
ECOS solver failed:  The solver ECOS is not installed. 
Using SCS instead.
ECOS solver failed:  The solver ECOS is not installed. 
Using SCS instead.
ECOS solver failed:  The solver ECOS is not installed. 
Using SCS instead.
ECOS solver failed:  The solver ECOS is not installed. 
Using SCS instead.
ECOS solver failed:  The solver ECOS is not installed. 
Using SCS instead.
ECOS solver failed:  The solver ECOS is not installed. 
Using SCS instead.
M-step Design Matrix Calculation time (sec): 0.0230
ECOS solver failed in IPCW_HAL_init, falling back to SCS: The solver ECOS is not installed.
WARNING - large complementary slackness residual: 0.002659
M-step CVXPY optimize time (sec): 2.1669
ECOS solver failed:  The solver ECOS is not installed. 
Using SCS instead.
ECOS solver failed:  The solver ECOS is not installed. 
Using SCS instead.
ECOS solver failed:  The solver ECOS is not installed. 
Using SCS instead.
ECOS solver failed:  The solver ECOS is not installed. 
Using SCS instead.
ECOS solver failed:  The solver ECOS is not installed. 
Using SCS instead.
ECOS solver failed:  The solver ECOS is not installed. 
Using SCS instead.
ECOS solver failed:  The solver ECOS is not installed. 
Using SCS instead.
ECOS solver failed:  The solver ECOS is not installed. 
Using SCS instead.
ECOS solver failed:  The solver ECOS is not installed. 
Using SCS instead.
ECOS solver failed:  The solver ECOS is not installed. 
Using SCS instead.
ECOS solver failed:  The solver ECOS is not installed. 
Using SCS instead.
ECOS solver failed:  The solver ECOS is not installed. 
Using SCS instead.
ECOS solver failed:  The solver ECOS is not installed. 
Using SCS instead.
ECOS solver failed:  The solver ECOS is not installed. 
Using SCS instead.
ECOS solver failed:  The solver ECOS is not installed. 
Using SCS instead.
ECOS solver failed:  The solver ECOS is not installed. 
Using SCS instead.
ECOS solver failed:  The solver ECOS is not installed. 
Using SCS instead.
ECOS solver failed:  The solver ECOS is not installed. 
Using SCS instead.
ECOS solver failed:  The solver ECOS is not installed. 
Using SCS instead.
ECOS solver failed:  The solver ECOS is not installed. 
Using SCS instead.
ECOS solver failed:  The solver ECOS is not installed. 
Using SCS instead.
M-step Design Matrix Calculation time (sec): 0.1200
ECOS solver failed in IPCW_HAL_init, falling back to SCS: The solver ECOS is not installed.
WARNING - large complementary slackness residual: 0.001551
M-step CVXPY optimize time (sec): 2.0733
ECOS solver failed:  The solver ECOS is not installed. 
Using SCS instead.
ECOS solver failed:  The solver ECOS is not installed. 
Using SCS instead.
ECOS solver failed:  The solver ECOS is not installed. 
Using SCS instead.
ECOS solver failed:  The solver ECOS is not installed. 
Using SCS instead.
ECOS solver failed:  The solver ECOS is not installed. 
Using SCS instead.
ECOS solver failed:  The solver ECOS is not installed. 
Using SCS instead.
ECOS solver failed:  The solver ECOS is not installed. 
Using SCS instead.
ECOS solver failed:  The solver ECOS is not installed. 
Using SCS instead.
ECOS solver failed:  The solver ECOS is not installed. 
Using SCS instead.
ECOS solver failed:  The solver ECOS is not installed. 
Using SCS instead.
ECOS solver failed:  The solver ECOS is not installed. 
Using SCS instead.
ECOS solver failed:  The solver ECOS is not installed. 
Using SCS instead.
ECOS solver failed:  The solver ECOS is not installed. 
Using SCS instead.
ECOS solver failed:  The solver ECOS is not installed. 
Using SCS instead.
ECOS solver failed:  The solver ECOS is not installed. 
Using SCS instead.
ECOS solver failed:  The solver ECOS is not installed. 
Using SCS instead.
ECOS solver failed:  The solver ECOS is not installed. 
Using SCS instead.
ECOS solver failed:  The solver ECOS is not installed. 
Using SCS instead.
ECOS solver failed:  The solver ECOS is not installed. 
Using SCS instead.
ECOS solver failed:  The solver ECOS is not installed. 
Using SCS instead.
ECOS solver failed:  The solver ECOS is not installed. 
Using SCS instead.
M-step Design Matrix Calculation time (sec): 0.0160
ECOS solver failed in IPCW_HAL_init, falling back to SCS: The solver ECOS is not installed.
WARNING - large complementary slackness residual: 0.001574
M-step CVXPY optimize time (sec): 0.7302
ECOS solver failed:  The solver ECOS is not installed. 
Using SCS instead.
ECOS solver failed:  The solver ECOS is not installed. 
Using SCS instead.
ECOS solver failed:  The solver ECOS is not installed. 
Using SCS instead.
ECOS solver failed:  The solver ECOS is not installed. 
Using SCS instead.
ECOS solver failed:  The solver ECOS is not installed. 
Using SCS instead.
ECOS solver failed:  The solver ECOS is not installed. 
Using SCS instead.
ECOS solver failed:  The solver ECOS is not installed. 
Using SCS instead.
ECOS solver failed:  The solver ECOS is not installed. 
Using SCS instead.
ECOS solver failed:  The solver ECOS is not installed. 
Using SCS instead.
ECOS solver failed:  The solver ECOS is not installed. 
Using SCS instead.
ECOS solver failed:  The solver ECOS is not installed. 
Using SCS instead.
ECOS solver failed:  The solver ECOS is not installed. 
Using SCS instead.
ECOS solver failed:  The solver ECOS is not installed. 
Using SCS instead.
ECOS solver failed:  The solver ECOS is not installed. 
Using SCS instead.
ECOS solver failed:  The solver ECOS is not installed. 
Using SCS instead.
ECOS solver failed:  The solver ECOS is not installed. 
Using SCS instead.
ECOS solver failed:  The solver ECOS is not installed. 
Using SCS instead.
ECOS solver failed:  The solver ECOS is not installed. 
Using SCS instead.
ECOS solver failed:  The solver ECOS is not installed. 
Using SCS instead.
ECOS solver failed:  The solver ECOS is not installed. 
Using SCS instead.
ECOS solver failed:  The solver ECOS is not installed. 
Using SCS instead.
M-step Design Matrix Calculation time (sec): 0.0321
ECOS solver failed in IPCW_HAL_init, falling back to SCS: The solver ECOS is not installed.
WARNING - large complementary slackness residual: 0.001215
M-step CVXPY optimize time (sec): 0.7442
ECOS solver failed:  The solver ECOS is not installed. 
Using SCS instead.
ECOS solver failed:  The solver ECOS is not installed. 
Using SCS instead.
ECOS solver failed:  The solver ECOS is not installed. 
Using SCS instead.
ECOS solver failed:  The solver ECOS is not installed. 
Using SCS instead.
ECOS solver failed:  The solver ECOS is not installed. 
Using SCS instead.
ECOS solver failed:  The solver ECOS is not installed. 
Using SCS instead.
ECOS solver failed:  The solver ECOS is not installed. 
Using SCS instead.
ECOS solver failed:  The solver ECOS is not installed. 
Using SCS instead.
ECOS solver failed:  The solver ECOS is not installed. 
Using SCS instead.
ECOS solver failed:  The solver ECOS is not installed. 
Using SCS instead.
ECOS solver failed:  The solver ECOS is not installed. 
Using SCS instead.
ECOS solver failed:  The solver ECOS is not installed. 
Using SCS instead.
ECOS solver failed:  The solver ECOS is not installed. 
Using SCS instead.
ECOS solver failed:  The solver ECOS is not installed. 
Using SCS instead.
ECOS solver failed:  The solver ECOS is not installed. 
Using SCS instead.
ECOS solver failed:  The solver ECOS is not installed. 
Using SCS instead.
ECOS solver failed:  The solver ECOS is not installed. 
Using SCS instead.
ECOS solver failed:  The solver ECOS is not installed. 
Using SCS instead.
ECOS solver failed:  The solver ECOS is not installed. 
Using SCS instead.
ECOS solver failed:  The solver ECOS is not installed. 
Using SCS instead.
ECOS solver failed:  The solver ECOS is not installed. 
Using SCS instead.
M-step Design Matrix Calculation time (sec): 0.0338
ECOS solver failed in IPCW_HAL_init, falling back to SCS: The solver ECOS is not installed.
M-step CVXPY optimize time (sec): 2.2271
ECOS solver failed:  The solver ECOS is not installed. 
Using SCS instead.
ECOS solver failed:  The solver ECOS is not installed. 
Using SCS instead.
ECOS solver failed:  The solver ECOS is not installed. 
Using SCS instead.
ECOS solver failed:  The solver ECOS is not installed. 
Using SCS instead.
ECOS solver failed:  The solver ECOS is not installed. 
Using SCS instead.
ECOS solver failed:  The solver ECOS is not installed. 
Using SCS instead.
ECOS solver failed:  The solver ECOS is not installed. 
Using SCS instead.
ECOS solver failed:  The solver ECOS is not installed. 
Using SCS instead.
ECOS solver failed:  The solver ECOS is not installed. 
Using SCS instead.
ECOS solver failed:  The solver ECOS is not installed. 
Using SCS instead.
ECOS solver failed:  The solver ECOS is not installed. 
Using SCS instead.
ECOS solver failed:  The solver ECOS is not installed. 
Using SCS instead.
ECOS solver failed:  The solver ECOS is not installed. 
Using SCS instead.
ECOS solver failed:  The solver ECOS is not installed. 
Using SCS instead.
ECOS solver failed:  The solver ECOS is not installed. 
Using SCS instead.
ECOS solver failed:  The solver ECOS is not installed. 
Using SCS instead.
ECOS solver failed:  The solver ECOS is not installed. 
Using SCS instead.
ECOS solver failed:  The solver ECOS is not installed. 
Using SCS instead.
ECOS solver failed:  The solver ECOS is not installed. 
Using SCS instead.
ECOS solver failed:  The solver ECOS is not installed. 
Using SCS instead.
ECOS solver failed:  The solver ECOS is not installed. 
Using SCS instead.
M-step Design Matrix Calculation time (sec): 0.0132
ECOS solver failed in IPCW_HAL_init, falling back to SCS: The solver ECOS is not installed.
WARNING - large complementary slackness residual: 0.001637
M-step CVXPY optimize time (sec): 0.3854
ECOS solver failed:  The solver ECOS is not installed. 
Using SCS instead.
ECOS solver failed:  The solver ECOS is not installed. 
Using SCS instead.
ECOS solver failed:  The solver ECOS is not installed. 
Using SCS instead.
ECOS solver failed:  The solver ECOS is not installed. 
Using SCS instead.
ECOS solver failed:  The solver ECOS is not installed. 
Using SCS instead.
ECOS solver failed:  The solver ECOS is not installed. 
Using SCS instead.
ECOS solver failed:  The solver ECOS is not installed. 
Using SCS instead.
ECOS solver failed:  The solver ECOS is not installed. 
Using SCS instead.
ECOS solver failed:  The solver ECOS is not installed. 
Using SCS instead.
ECOS solver failed:  The solver ECOS is not installed. 
Using SCS instead.
ECOS solver failed:  The solver ECOS is not installed. 
Using SCS instead.
ECOS solver failed:  The solver ECOS is not installed. 
Using SCS instead.
ECOS solver failed:  The solver ECOS is not installed. 
Using SCS instead.
ECOS solver failed:  The solver ECOS is not installed. 
Using SCS instead.
ECOS solver failed:  The solver ECOS is not installed. 
Using SCS instead.
ECOS solver failed:  The solver ECOS is not installed. 
Using SCS instead.
ECOS solver failed:  The solver ECOS is not installed. 
Using SCS instead.
ECOS solver failed:  The solver ECOS is not installed. 
Using SCS instead.
ECOS solver failed:  The solver ECOS is not installed. 
Using SCS instead.
ECOS solver failed:  The solver ECOS is not installed. 
Using SCS instead.
ECOS solver failed:  The solver ECOS is not installed. 
Using SCS instead.
M-step Design Matrix Calculation time (sec): 0.0247
ECOS solver failed in IPCW_HAL_init, falling back to SCS: The solver ECOS is not installed.
WARNING - large complementary slackness residual: 0.001164
M-step CVXPY optimize time (sec): 0.5601
ECOS solver failed:  The solver ECOS is not installed. 
Using SCS instead.
ECOS solver failed:  The solver ECOS is not installed. 
Using SCS instead.
ECOS solver failed:  The solver ECOS is not installed. 
Using SCS instead.
ECOS solver failed:  The solver ECOS is not installed. 
Using SCS instead.
ECOS solver failed:  The solver ECOS is not installed. 
Using SCS instead.
ECOS solver failed:  The solver ECOS is not installed. 
Using SCS instead.
ECOS solver failed:  The solver ECOS is not installed. 
Using SCS instead.
ECOS solver failed:  The solver ECOS is not installed. 
Using SCS instead.
ECOS solver failed:  The solver ECOS is not installed. 
Using SCS instead.
ECOS solver failed:  The solver ECOS is not installed. 
Using SCS instead.
ECOS solver failed:  The solver ECOS is not installed. 
Using SCS instead.
ECOS solver failed:  The solver ECOS is not installed. 
Using SCS instead.
ECOS solver failed:  The solver ECOS is not installed. 
Using SCS instead.
ECOS solver failed:  The solver ECOS is not installed. 
Using SCS instead.
ECOS solver failed:  The solver ECOS is not installed. 
Using SCS instead.
ECOS solver failed:  The solver ECOS is not installed. 
Using SCS instead.
ECOS solver failed:  The solver ECOS is not installed. 
Using SCS instead.
ECOS solver failed:  The solver ECOS is not installed. 
Using SCS instead.
ECOS solver failed:  The solver ECOS is not installed. 
Using SCS instead.
ECOS solver failed:  The solver ECOS is not installed. 
Using SCS instead.
ECOS solver failed:  The solver ECOS is not installed. 
Using SCS instead.
M-step Design Matrix Calculation time (sec): 0.0133
ECOS solver failed in IPCW_HAL_init, falling back to SCS: The solver ECOS is not installed.
WARNING - large complementary slackness residual: 0.001082
M-step CVXPY optimize time (sec): 0.6105
ECOS solver failed:  The solver ECOS is not installed. 
Using SCS instead.
ECOS solver failed:  The solver ECOS is not installed. 
Using SCS instead.
ECOS solver failed:  The solver ECOS is not installed. 
Using SCS instead.
ECOS solver failed:  The solver ECOS is not installed. 
Using SCS instead.
ECOS solver failed:  The solver ECOS is not installed. 
Using SCS instead.
ECOS solver failed:  The solver ECOS is not installed. 
Using SCS instead.
ECOS solver failed:  The solver ECOS is not installed. 
Using SCS instead.
ECOS solver failed:  The solver ECOS is not installed. 
Using SCS instead.
ECOS solver failed:  The solver ECOS is not installed. 
Using SCS instead.
ECOS solver failed:  The solver ECOS is not installed. 
Using SCS instead.
ECOS solver failed:  The solver ECOS is not installed. 
Using SCS instead.
ECOS solver failed:  The solver ECOS is not installed. 
Using SCS instead.
ECOS solver failed:  The solver ECOS is not installed. 
Using SCS instead.
ECOS solver failed:  The solver ECOS is not installed. 
Using SCS instead.
ECOS solver failed:  The solver ECOS is not installed. 
Using SCS instead.
ECOS solver failed:  The solver ECOS is not installed. 
Using SCS instead.
ECOS solver failed:  The solver ECOS is not installed. 
Using SCS instead.
ECOS solver failed:  The solver ECOS is not installed. 
Using SCS instead.
ECOS solver failed:  The solver ECOS is not installed. 
Using SCS instead.
ECOS solver failed:  The solver ECOS is not installed. 
Using SCS instead.
ECOS solver failed:  The solver ECOS is not installed. 
Using SCS instead.
M-step Design Matrix Calculation time (sec): 0.0151
ECOS solver failed in IPCW_HAL_init, falling back to SCS: The solver ECOS is not installed.
M-step CVXPY optimize time (sec): 0.1907
ECOS solver failed:  The solver ECOS is not installed. 
Using SCS instead.
ECOS solver failed:  The solver ECOS is not installed. 
Using SCS instead.
ECOS solver failed:  The solver ECOS is not installed. 
Using SCS instead.
ECOS solver failed:  The solver ECOS is not installed. 
Using SCS instead.
ECOS solver failed:  The solver ECOS is not installed. 
Using SCS instead.
ECOS solver failed:  The solver ECOS is not installed. 
Using SCS instead.
ECOS solver failed:  The solver ECOS is not installed. 
Using SCS instead.
ECOS solver failed:  The solver ECOS is not installed. 
Using SCS instead.
ECOS solver failed:  The solver ECOS is not installed. 
Using SCS instead.
ECOS solver failed:  The solver ECOS is not installed. 
Using SCS instead.
ECOS solver failed:  The solver ECOS is not installed. 
Using SCS instead.
ECOS solver failed:  The solver ECOS is not installed. 
Using SCS instead.
ECOS solver failed:  The solver ECOS is not installed. 
Using SCS instead.
ECOS solver failed:  The solver ECOS is not installed. 
Using SCS instead.
ECOS solver failed:  The solver ECOS is not installed. 
Using SCS instead.
ECOS solver failed:  The solver ECOS is not installed. 
Using SCS instead.
ECOS solver failed:  The solver ECOS is not installed. 
Using SCS instead.
ECOS solver failed:  The solver ECOS is not installed. 
Using SCS instead.
ECOS solver failed:  The solver ECOS is not installed. 
Using SCS instead.
ECOS solver failed:  The solver ECOS is not installed. 
Using SCS instead.
ECOS solver failed:  The solver ECOS is not installed. 
Using SCS instead.
M-step Design Matrix Calculation time (sec): 0.0160
ECOS solver failed in IPCW_HAL_init, falling back to SCS: The solver ECOS is not installed.
M-step CVXPY optimize time (sec): 0.7099
ECOS solver failed:  The solver ECOS is not installed. 
Using SCS instead.
ECOS solver failed:  The solver ECOS is not installed. 
Using SCS instead.
ECOS solver failed:  The solver ECOS is not installed. 
Using SCS instead.
ECOS solver failed:  The solver ECOS is not installed. 
Using SCS instead.
ECOS solver failed:  The solver ECOS is not installed. 
Using SCS instead.
ECOS solver failed:  The solver ECOS is not installed. 
Using SCS instead.
ECOS solver failed:  The solver ECOS is not installed. 
Using SCS instead.
ECOS solver failed:  The solver ECOS is not installed. 
Using SCS instead.
ECOS solver failed:  The solver ECOS is not installed. 
Using SCS instead.
ECOS solver failed:  The solver ECOS is not installed. 
Using SCS instead.
ECOS solver failed:  The solver ECOS is not installed. 
Using SCS instead.
ECOS solver failed:  The solver ECOS is not installed. 
Using SCS instead.
ECOS solver failed:  The solver ECOS is not installed. 
Using SCS instead.
ECOS solver failed:  The solver ECOS is not installed. 
Using SCS instead.
ECOS solver failed:  The solver ECOS is not installed. 
Using SCS instead.
ECOS solver failed:  The solver ECOS is not installed. 
Using SCS instead.
ECOS solver failed:  The solver ECOS is not installed. 
Using SCS instead.
ECOS solver failed:  The solver ECOS is not installed. 
Using SCS instead.
ECOS solver failed:  The solver ECOS is not installed. 
Using SCS instead.
ECOS solver failed:  The solver ECOS is not installed. 
Using SCS instead.
ECOS solver failed:  The solver ECOS is not installed. 
Using SCS instead.
M-step Design Matrix Calculation time (sec): 0.0338
ECOS solver failed in IPCW_HAL_init, falling back to SCS: The solver ECOS is not installed.
WARNING - large complementary slackness residual: 0.002663
M-step CVXPY optimize time (sec): 0.4927
ECOS solver failed:  The solver ECOS is not installed. 
Using SCS instead.
ECOS solver failed:  The solver ECOS is not installed. 
Using SCS instead.
ECOS solver failed:  The solver ECOS is not installed. 
Using SCS instead.
ECOS solver failed:  The solver ECOS is not installed. 
Using SCS instead.
ECOS solver failed:  The solver ECOS is not installed. 
Using SCS instead.
ECOS solver failed:  The solver ECOS is not installed. 
Using SCS instead.
ECOS solver failed:  The solver ECOS is not installed. 
Using SCS instead.
ECOS solver failed:  The solver ECOS is not installed. 
Using SCS instead.
ECOS solver failed:  The solver ECOS is not installed. 
Using SCS instead.
ECOS solver failed:  The solver ECOS is not installed. 
Using SCS instead.
ECOS solver failed:  The solver ECOS is not installed. 
Using SCS instead.
ECOS solver failed:  The solver ECOS is not installed. 
Using SCS instead.
ECOS solver failed:  The solver ECOS is not installed. 
Using SCS instead.
ECOS solver failed:  The solver ECOS is not installed. 
Using SCS instead.
ECOS solver failed:  The solver ECOS is not installed. 
Using SCS instead.
ECOS solver failed:  The solver ECOS is not installed. 
Using SCS instead.
ECOS solver failed:  The solver ECOS is not installed. 
Using SCS instead.
ECOS solver failed:  The solver ECOS is not installed. 
Using SCS instead.
ECOS solver failed:  The solver ECOS is not installed. 
Using SCS instead.
ECOS solver failed:  The solver ECOS is not installed. 
Using SCS instead.
ECOS solver failed:  The solver ECOS is not installed. 
Using SCS instead.
M-step Design Matrix Calculation time (sec): 0.0173
ECOS solver failed in IPCW_HAL_init, falling back to SCS: The solver ECOS is not installed.
M-step CVXPY optimize time (sec): 0.8618
ECOS solver failed:  The solver ECOS is not installed. 
Using SCS instead.
ECOS solver failed:  The solver ECOS is not installed. 
Using SCS instead.
ECOS solver failed:  The solver ECOS is not installed. 
Using SCS instead.
ECOS solver failed:  The solver ECOS is not installed. 
Using SCS instead.
ECOS solver failed:  The solver ECOS is not installed. 
Using SCS instead.
ECOS solver failed:  The solver ECOS is not installed. 
Using SCS instead.
ECOS solver failed:  The solver ECOS is not installed. 
Using SCS instead.
ECOS solver failed:  The solver ECOS is not installed. 
Using SCS instead.
ECOS solver failed:  The solver ECOS is not installed. 
Using SCS instead.
ECOS solver failed:  The solver ECOS is not installed. 
Using SCS instead.
ECOS solver failed:  The solver ECOS is not installed. 
Using SCS instead.
ECOS solver failed:  The solver ECOS is not installed. 
Using SCS instead.
ECOS solver failed:  The solver ECOS is not installed. 
Using SCS instead.
ECOS solver failed:  The solver ECOS is not installed. 
Using SCS instead.
ECOS solver failed:  The solver ECOS is not installed. 
Using SCS instead.
ECOS solver failed:  The solver ECOS is not installed. 
Using SCS instead.
ECOS solver failed:  The solver ECOS is not installed. 
Using SCS instead.
ECOS solver failed:  The solver ECOS is not installed. 
Using SCS instead.
ECOS solver failed:  The solver ECOS is not installed. 
Using SCS instead.
ECOS solver failed:  The solver ECOS is not installed. 
Using SCS instead.
ECOS solver failed:  The solver ECOS is not installed. 
Using SCS instead.
M-step Design Matrix Calculation time (sec): 0.0152
ECOS solver failed in IPCW_HAL_init, falling back to SCS: The solver ECOS is not installed.
WARNING - large complementary slackness residual: 0.002827
M-step CVXPY optimize time (sec): 0.4786
ECOS solver failed:  The solver ECOS is not installed. 
Using SCS instead.
ECOS solver failed:  The solver ECOS is not installed. 
Using SCS instead.
ECOS solver failed:  The solver ECOS is not installed. 
Using SCS instead.
ECOS solver failed:  The solver ECOS is not installed. 
Using SCS instead.
ECOS solver failed:  The solver ECOS is not installed. 
Using SCS instead.
ECOS solver failed:  The solver ECOS is not installed. 
Using SCS instead.
ECOS solver failed:  The solver ECOS is not installed. 
Using SCS instead.
ECOS solver failed:  The solver ECOS is not installed. 
Using SCS instead.
ECOS solver failed:  The solver ECOS is not installed. 
Using SCS instead.
ECOS solver failed:  The solver ECOS is not installed. 
Using SCS instead.
ECOS solver failed:  The solver ECOS is not installed. 
Using SCS instead.
ECOS solver failed:  The solver ECOS is not installed. 
Using SCS instead.
ECOS solver failed:  The solver ECOS is not installed. 
Using SCS instead.
ECOS solver failed:  The solver ECOS is not installed. 
Using SCS instead.
ECOS solver failed:  The solver ECOS is not installed. 
Using SCS instead.
ECOS solver failed:  The solver ECOS is not installed. 
Using SCS instead.
ECOS solver failed:  The solver ECOS is not installed. 
Using SCS instead.
ECOS solver failed:  The solver ECOS is not installed. 
Using SCS instead.
ECOS solver failed:  The solver ECOS is not installed. 
Using SCS instead.
ECOS solver failed:  The solver ECOS is not installed. 
Using SCS instead.
ECOS solver failed:  The solver ECOS is not installed. 
Using SCS instead.
M-step Design Matrix Calculation time (sec): 0.0157
ECOS solver failed in IPCW_HAL_init, falling back to SCS: The solver ECOS is not installed.
WARNING - large complementary slackness residual: 0.001355
M-step CVXPY optimize time (sec): 0.6270
ECOS solver failed:  The solver ECOS is not installed. 
Using SCS instead.
ECOS solver failed:  The solver ECOS is not installed. 
Using SCS instead.
ECOS solver failed:  The solver ECOS is not installed. 
Using SCS instead.
ECOS solver failed:  The solver ECOS is not installed. 
Using SCS instead.
ECOS solver failed:  The solver ECOS is not installed. 
Using SCS instead.
ECOS solver failed:  The solver ECOS is not installed. 
Using SCS instead.
ECOS solver failed:  The solver ECOS is not installed. 
Using SCS instead.
ECOS solver failed:  The solver ECOS is not installed. 
Using SCS instead.
ECOS solver failed:  The solver ECOS is not installed. 
Using SCS instead.
ECOS solver failed:  The solver ECOS is not installed. 
Using SCS instead.
ECOS solver failed:  The solver ECOS is not installed. 
Using SCS instead.
ECOS solver failed:  The solver ECOS is not installed. 
Using SCS instead.
ECOS solver failed:  The solver ECOS is not installed. 
Using SCS instead.
ECOS solver failed:  The solver ECOS is not installed. 
Using SCS instead.
ECOS solver failed:  The solver ECOS is not installed. 
Using SCS instead.
ECOS solver failed:  The solver ECOS is not installed. 
Using SCS instead.
ECOS solver failed:  The solver ECOS is not installed. 
Using SCS instead.
ECOS solver failed:  The solver ECOS is not installed. 
Using SCS instead.
ECOS solver failed:  The solver ECOS is not installed. 
Using SCS instead.
ECOS solver failed:  The solver ECOS is not installed. 
Using SCS instead.
ECOS solver failed:  The solver ECOS is not installed. 
Using SCS instead.
M-step Design Matrix Calculation time (sec): 0.0131
ECOS solver failed in IPCW_HAL_init, falling back to SCS: The solver ECOS is not installed.
WARNING - large complementary slackness residual: 0.001995
M-step CVXPY optimize time (sec): 0.5958
ECOS solver failed:  The solver ECOS is not installed. 
Using SCS instead.
ECOS solver failed:  The solver ECOS is not installed. 
Using SCS instead.
ECOS solver failed:  The solver ECOS is not installed. 
Using SCS instead.
ECOS solver failed:  The solver ECOS is not installed. 
Using SCS instead.
ECOS solver failed:  The solver ECOS is not installed. 
Using SCS instead.
ECOS solver failed:  The solver ECOS is not installed. 
Using SCS instead.
ECOS solver failed:  The solver ECOS is not installed. 
Using SCS instead.
ECOS solver failed:  The solver ECOS is not installed. 
Using SCS instead.
ECOS solver failed:  The solver ECOS is not installed. 
Using SCS instead.
ECOS solver failed:  The solver ECOS is not installed. 
Using SCS instead.
ECOS solver failed:  The solver ECOS is not installed. 
Using SCS instead.
ECOS solver failed:  The solver ECOS is not installed. 
Using SCS instead.
ECOS solver failed:  The solver ECOS is not installed. 
Using SCS instead.
ECOS solver failed:  The solver ECOS is not installed. 
Using SCS instead.
ECOS solver failed:  The solver ECOS is not installed. 
Using SCS instead.
ECOS solver failed:  The solver ECOS is not installed. 
Using SCS instead.
ECOS solver failed:  The solver ECOS is not installed. 
Using SCS instead.
ECOS solver failed:  The solver ECOS is not installed. 
Using SCS instead.
ECOS solver failed:  The solver ECOS is not installed. 
Using SCS instead.
ECOS solver failed:  The solver ECOS is not installed. 
Using SCS instead.
ECOS solver failed:  The solver ECOS is not installed. 
Using SCS instead.
M-step Design Matrix Calculation time (sec): 0.0158
ECOS solver failed in IPCW_HAL_init, falling back to SCS: The solver ECOS is not installed.
WARNING - large complementary slackness residual: 0.001159
M-step CVXPY optimize time (sec): 0.6273
ECOS solver failed:  The solver ECOS is not installed. 
Using SCS instead.
ECOS solver failed:  The solver ECOS is not installed. 
Using SCS instead.
ECOS solver failed:  The solver ECOS is not installed. 
Using SCS instead.
ECOS solver failed:  The solver ECOS is not installed. 
Using SCS instead.
ECOS solver failed:  The solver ECOS is not installed. 
Using SCS instead.
ECOS solver failed:  The solver ECOS is not installed. 
Using SCS instead.
ECOS solver failed:  The solver ECOS is not installed. 
Using SCS instead.
ECOS solver failed:  The solver ECOS is not installed. 
Using SCS instead.
ECOS solver failed:  The solver ECOS is not installed. 
Using SCS instead.
ECOS solver failed:  The solver ECOS is not installed. 
Using SCS instead.
ECOS solver failed:  The solver ECOS is not installed. 
Using SCS instead.
ECOS solver failed:  The solver ECOS is not installed. 
Using SCS instead.
ECOS solver failed:  The solver ECOS is not installed. 
Using SCS instead.
ECOS solver failed:  The solver ECOS is not installed. 
Using SCS instead.
ECOS solver failed:  The solver ECOS is not installed. 
Using SCS instead.
ECOS solver failed:  The solver ECOS is not installed. 
Using SCS instead.
ECOS solver failed:  The solver ECOS is not installed. 
Using SCS instead.
ECOS solver failed:  The solver ECOS is not installed. 
Using SCS instead.
ECOS solver failed:  The solver ECOS is not installed. 
Using SCS instead.
ECOS solver failed:  The solver ECOS is not installed. 
Using SCS instead.
ECOS solver failed:  The solver ECOS is not installed. 
Using SCS instead.
M-step Design Matrix Calculation time (sec): 0.0140
ECOS solver failed in IPCW_HAL_init, falling back to SCS: The solver ECOS is not installed.
M-step CVXPY optimize time (sec): 0.3546
ECOS solver failed:  The solver ECOS is not installed. 
Using SCS instead.
ECOS solver failed:  The solver ECOS is not installed. 
Using SCS instead.
ECOS solver failed:  The solver ECOS is not installed. 
Using SCS instead.
ECOS solver failed:  The solver ECOS is not installed. 
Using SCS instead.
ECOS solver failed:  The solver ECOS is not installed. 
Using SCS instead.
ECOS solver failed:  The solver ECOS is not installed. 
Using SCS instead.
ECOS solver failed:  The solver ECOS is not installed. 
Using SCS instead.
ECOS solver failed:  The solver ECOS is not installed. 
Using SCS instead.
ECOS solver failed:  The solver ECOS is not installed. 
Using SCS instead.
ECOS solver failed:  The solver ECOS is not installed. 
Using SCS instead.
ECOS solver failed:  The solver ECOS is not installed. 
Using SCS instead.
ECOS solver failed:  The solver ECOS is not installed. 
Using SCS instead.
ECOS solver failed:  The solver ECOS is not installed. 
Using SCS instead.
ECOS solver failed:  The solver ECOS is not installed. 
Using SCS instead.
ECOS solver failed:  The solver ECOS is not installed. 
Using SCS instead.
ECOS solver failed:  The solver ECOS is not installed. 
Using SCS instead.
ECOS solver failed:  The solver ECOS is not installed. 
Using SCS instead.
ECOS solver failed:  The solver ECOS is not installed. 
Using SCS instead.
ECOS solver failed:  The solver ECOS is not installed. 
Using SCS instead.
ECOS solver failed:  The solver ECOS is not installed. 
Using SCS instead.
ECOS solver failed:  The solver ECOS is not installed. 
Using SCS instead.
M-step Design Matrix Calculation time (sec): 0.0344
ECOS solver failed in IPCW_HAL_init, falling back to SCS: The solver ECOS is not installed.
M-step CVXPY optimize time (sec): 0.7977
ECOS solver failed:  The solver ECOS is not installed. 
Using SCS instead.
ECOS solver failed:  The solver ECOS is not installed. 
Using SCS instead.
ECOS solver failed:  The solver ECOS is not installed. 
Using SCS instead.
ECOS solver failed:  The solver ECOS is not installed. 
Using SCS instead.
ECOS solver failed:  The solver ECOS is not installed. 
Using SCS instead.
ECOS solver failed:  The solver ECOS is not installed. 
Using SCS instead.
ECOS solver failed:  The solver ECOS is not installed. 
Using SCS instead.
ECOS solver failed:  The solver ECOS is not installed. 
Using SCS instead.
ECOS solver failed:  The solver ECOS is not installed. 
Using SCS instead.
ECOS solver failed:  The solver ECOS is not installed. 
Using SCS instead.
ECOS solver failed:  The solver ECOS is not installed. 
Using SCS instead.
ECOS solver failed:  The solver ECOS is not installed. 
Using SCS instead.
ECOS solver failed:  The solver ECOS is not installed. 
Using SCS instead.
ECOS solver failed:  The solver ECOS is not installed. 
Using SCS instead.
ECOS solver failed:  The solver ECOS is not installed. 
Using SCS instead.
ECOS solver failed:  The solver ECOS is not installed. 
Using SCS instead.
ECOS solver failed:  The solver ECOS is not installed. 
Using SCS instead.
ECOS solver failed:  The solver ECOS is not installed. 
Using SCS instead.
ECOS solver failed:  The solver ECOS is not installed. 
Using SCS instead.
ECOS solver failed:  The solver ECOS is not installed. 
Using SCS instead.
ECOS solver failed:  The solver ECOS is not installed. 
Using SCS instead.
M-step Design Matrix Calculation time (sec): 0.0153
ECOS solver failed in IPCW_HAL_init, falling back to SCS: The solver ECOS is not installed.
WARNING - large complementary slackness residual: 0.001583
M-step CVXPY optimize time (sec): 0.9835
ECOS solver failed:  The solver ECOS is not installed. 
Using SCS instead.
ECOS solver failed:  The solver ECOS is not installed. 
Using SCS instead.
ECOS solver failed:  The solver ECOS is not installed. 
Using SCS instead.
ECOS solver failed:  The solver ECOS is not installed. 
Using SCS instead.
ECOS solver failed:  The solver ECOS is not installed. 
Using SCS instead.
ECOS solver failed:  The solver ECOS is not installed. 
Using SCS instead.
ECOS solver failed:  The solver ECOS is not installed. 
Using SCS instead.
ECOS solver failed:  The solver ECOS is not installed. 
Using SCS instead.
ECOS solver failed:  The solver ECOS is not installed. 
Using SCS instead.
ECOS solver failed:  The solver ECOS is not installed. 
Using SCS instead.
ECOS solver failed:  The solver ECOS is not installed. 
Using SCS instead.
ECOS solver failed:  The solver ECOS is not installed. 
Using SCS instead.
ECOS solver failed:  The solver ECOS is not installed. 
Using SCS instead.
ECOS solver failed:  The solver ECOS is not installed. 
Using SCS instead.
ECOS solver failed:  The solver ECOS is not installed. 
Using SCS instead.
ECOS solver failed:  The solver ECOS is not installed. 
Using SCS instead.
ECOS solver failed:  The solver ECOS is not installed. 
Using SCS instead.
ECOS solver failed:  The solver ECOS is not installed. 
Using SCS instead.
ECOS solver failed:  The solver ECOS is not installed. 
Using SCS instead.
ECOS solver failed:  The solver ECOS is not installed. 
Using SCS instead.
ECOS solver failed:  The solver ECOS is not installed. 
Using SCS instead.
M-step Design Matrix Calculation time (sec): 0.0382
ECOS solver failed in IPCW_HAL_init, falling back to SCS: The solver ECOS is not installed.
WARNING - large complementary slackness residual: 0.002689
M-step CVXPY optimize time (sec): 0.8262
ECOS solver failed:  The solver ECOS is not installed. 
Using SCS instead.
ECOS solver failed:  The solver ECOS is not installed. 
Using SCS instead.
ECOS solver failed:  The solver ECOS is not installed. 
Using SCS instead.
ECOS solver failed:  The solver ECOS is not installed. 
Using SCS instead.
ECOS solver failed:  The solver ECOS is not installed. 
Using SCS instead.
ECOS solver failed:  The solver ECOS is not installed. 
Using SCS instead.
ECOS solver failed:  The solver ECOS is not installed. 
Using SCS instead.
ECOS solver failed:  The solver ECOS is not installed. 
Using SCS instead.
ECOS solver failed:  The solver ECOS is not installed. 
Using SCS instead.
ECOS solver failed:  The solver ECOS is not installed. 
Using SCS instead.
ECOS solver failed:  The solver ECOS is not installed. 
Using SCS instead.
ECOS solver failed:  The solver ECOS is not installed. 
Using SCS instead.
ECOS solver failed:  The solver ECOS is not installed. 
Using SCS instead.
ECOS solver failed:  The solver ECOS is not installed. 
Using SCS instead.
ECOS solver failed:  The solver ECOS is not installed. 
Using SCS instead.
ECOS solver failed:  The solver ECOS is not installed. 
Using SCS instead.
ECOS solver failed:  The solver ECOS is not installed. 
Using SCS instead.
ECOS solver failed:  The solver ECOS is not installed. 
Using SCS instead.
ECOS solver failed:  The solver ECOS is not installed. 
Using SCS instead.
ECOS solver failed:  The solver ECOS is not installed. 
Using SCS instead.
ECOS solver failed:  The solver ECOS is not installed. 
Using SCS instead.
M-step Design Matrix Calculation time (sec): 0.0126
ECOS solver failed in IPCW_HAL_init, falling back to SCS: The solver ECOS is not installed.
WARNING - large complementary slackness residual: 0.001091
M-step CVXPY optimize time (sec): 0.4058
ECOS solver failed:  The solver ECOS is not installed. 
Using SCS instead.
ECOS solver failed:  The solver ECOS is not installed. 
Using SCS instead.
ECOS solver failed:  The solver ECOS is not installed. 
Using SCS instead.
ECOS solver failed:  The solver ECOS is not installed. 
Using SCS instead.
ECOS solver failed:  The solver ECOS is not installed. 
Using SCS instead.
ECOS solver failed:  The solver ECOS is not installed. 
Using SCS instead.
ECOS solver failed:  The solver ECOS is not installed. 
Using SCS instead.
ECOS solver failed:  The solver ECOS is not installed. 
Using SCS instead.
ECOS solver failed:  The solver ECOS is not installed. 
Using SCS instead.
ECOS solver failed:  The solver ECOS is not installed. 
Using SCS instead.
ECOS solver failed:  The solver ECOS is not installed. 
Using SCS instead.
ECOS solver failed:  The solver ECOS is not installed. 
Using SCS instead.
ECOS solver failed:  The solver ECOS is not installed. 
Using SCS instead.
ECOS solver failed:  The solver ECOS is not installed. 
Using SCS instead.
ECOS solver failed:  The solver ECOS is not installed. 
Using SCS instead.
ECOS solver failed:  The solver ECOS is not installed. 
Using SCS instead.
ECOS solver failed:  The solver ECOS is not installed. 
Using SCS instead.
ECOS solver failed:  The solver ECOS is not installed. 
Using SCS instead.
ECOS solver failed:  The solver ECOS is not installed. 
Using SCS instead.
ECOS solver failed:  The solver ECOS is not installed. 
Using SCS instead.
ECOS solver failed:  The solver ECOS is not installed. 
Using SCS instead.
M-step Design Matrix Calculation time (sec): 0.0597
ECOS solver failed in IPCW_HAL_init, falling back to SCS: The solver ECOS is not installed.
M-step CVXPY optimize time (sec): 0.5167
ECOS solver failed:  The solver ECOS is not installed. 
Using SCS instead.
ECOS solver failed:  The solver ECOS is not installed. 
Using SCS instead.
ECOS solver failed:  The solver ECOS is not installed. 
Using SCS instead.
ECOS solver failed:  The solver ECOS is not installed. 
Using SCS instead.
ECOS solver failed:  The solver ECOS is not installed. 
Using SCS instead.
ECOS solver failed:  The solver ECOS is not installed. 
Using SCS instead.
ECOS solver failed:  The solver ECOS is not installed. 
Using SCS instead.
ECOS solver failed:  The solver ECOS is not installed. 
Using SCS instead.
ECOS solver failed:  The solver ECOS is not installed. 
Using SCS instead.
ECOS solver failed:  The solver ECOS is not installed. 
Using SCS instead.
ECOS solver failed:  The solver ECOS is not installed. 
Using SCS instead.
ECOS solver failed:  The solver ECOS is not installed. 
Using SCS instead.
ECOS solver failed:  The solver ECOS is not installed. 
Using SCS instead.
ECOS solver failed:  The solver ECOS is not installed. 
Using SCS instead.
ECOS solver failed:  The solver ECOS is not installed. 
Using SCS instead.
ECOS solver failed:  The solver ECOS is not installed. 
Using SCS instead.
ECOS solver failed:  The solver ECOS is not installed. 
Using SCS instead.
ECOS solver failed:  The solver ECOS is not installed. 
Using SCS instead.
ECOS solver failed:  The solver ECOS is not installed. 
Using SCS instead.
ECOS solver failed:  The solver ECOS is not installed. 
Using SCS instead.
ECOS solver failed:  The solver ECOS is not installed. 
Using SCS instead.
M-step Design Matrix Calculation time (sec): 0.0160
ECOS solver failed in IPCW_HAL_init, falling back to SCS: The solver ECOS is not installed.
M-step CVXPY optimize time (sec): 1.8179
ECOS solver failed:  The solver ECOS is not installed. 
Using SCS instead.
ECOS solver failed:  The solver ECOS is not installed. 
Using SCS instead.
ECOS solver failed:  The solver ECOS is not installed. 
Using SCS instead.
ECOS solver failed:  The solver ECOS is not installed. 
Using SCS instead.
ECOS solver failed:  The solver ECOS is not installed. 
Using SCS instead.
ECOS solver failed:  The solver ECOS is not installed. 
Using SCS instead.
ECOS solver failed:  The solver ECOS is not installed. 
Using SCS instead.
ECOS solver failed:  The solver ECOS is not installed. 
Using SCS instead.
ECOS solver failed:  The solver ECOS is not installed. 
Using SCS instead.
ECOS solver failed:  The solver ECOS is not installed. 
Using SCS instead.
ECOS solver failed:  The solver ECOS is not installed. 
Using SCS instead.
ECOS solver failed:  The solver ECOS is not installed. 
Using SCS instead.
ECOS solver failed:  The solver ECOS is not installed. 
Using SCS instead.
ECOS solver failed:  The solver ECOS is not installed. 
Using SCS instead.
ECOS solver failed:  The solver ECOS is not installed. 
Using SCS instead.
ECOS solver failed:  The solver ECOS is not installed. 
Using SCS instead.
ECOS solver failed:  The solver ECOS is not installed. 
Using SCS instead.
ECOS solver failed:  The solver ECOS is not installed. 
Using SCS instead.
ECOS solver failed:  The solver ECOS is not installed. 
Using SCS instead.
ECOS solver failed:  The solver ECOS is not installed. 
Using SCS instead.
ECOS solver failed:  The solver ECOS is not installed. 
Using SCS instead.
M-step Design Matrix Calculation time (sec): 0.0355
ECOS solver failed in IPCW_HAL_init, falling back to SCS: The solver ECOS is not installed.
WARNING - large complementary slackness residual: 0.001050
M-step CVXPY optimize time (sec): 0.9539
ECOS solver failed:  The solver ECOS is not installed. 
Using SCS instead.
ECOS solver failed:  The solver ECOS is not installed. 
Using SCS instead.
ECOS solver failed:  The solver ECOS is not installed. 
Using SCS instead.
ECOS solver failed:  The solver ECOS is not installed. 
Using SCS instead.
ECOS solver failed:  The solver ECOS is not installed. 
Using SCS instead.
ECOS solver failed:  The solver ECOS is not installed. 
Using SCS instead.
ECOS solver failed:  The solver ECOS is not installed. 
Using SCS instead.
ECOS solver failed:  The solver ECOS is not installed. 
Using SCS instead.
ECOS solver failed:  The solver ECOS is not installed. 
Using SCS instead.
ECOS solver failed:  The solver ECOS is not installed. 
Using SCS instead.
ECOS solver failed:  The solver ECOS is not installed. 
Using SCS instead.
ECOS solver failed:  The solver ECOS is not installed. 
Using SCS instead.
ECOS solver failed:  The solver ECOS is not installed. 
Using SCS instead.
ECOS solver failed:  The solver ECOS is not installed. 
Using SCS instead.
ECOS solver failed:  The solver ECOS is not installed. 
Using SCS instead.
ECOS solver failed:  The solver ECOS is not installed. 
Using SCS instead.
ECOS solver failed:  The solver ECOS is not installed. 
Using SCS instead.
ECOS solver failed:  The solver ECOS is not installed. 
Using SCS instead.
ECOS solver failed:  The solver ECOS is not installed. 
Using SCS instead.
ECOS solver failed:  The solver ECOS is not installed. 
Using SCS instead.
ECOS solver failed:  The solver ECOS is not installed. 
Using SCS instead.
M-step Design Matrix Calculation time (sec): 0.0160
ECOS solver failed in IPCW_HAL_init, falling back to SCS: The solver ECOS is not installed.
M-step CVXPY optimize time (sec): 0.8617
ECOS solver failed:  The solver ECOS is not installed. 
Using SCS instead.
ECOS solver failed:  The solver ECOS is not installed. 
Using SCS instead.
ECOS solver failed:  The solver ECOS is not installed. 
Using SCS instead.
ECOS solver failed:  The solver ECOS is not installed. 
Using SCS instead.
ECOS solver failed:  The solver ECOS is not installed. 
Using SCS instead.
ECOS solver failed:  The solver ECOS is not installed. 
Using SCS instead.
ECOS solver failed:  The solver ECOS is not installed. 
Using SCS instead.
ECOS solver failed:  The solver ECOS is not installed. 
Using SCS instead.
ECOS solver failed:  The solver ECOS is not installed. 
Using SCS instead.
ECOS solver failed:  The solver ECOS is not installed. 
Using SCS instead.
ECOS solver failed:  The solver ECOS is not installed. 
Using SCS instead.
ECOS solver failed:  The solver ECOS is not installed. 
Using SCS instead.
ECOS solver failed:  The solver ECOS is not installed. 
Using SCS instead.
ECOS solver failed:  The solver ECOS is not installed. 
Using SCS instead.
ECOS solver failed:  The solver ECOS is not installed. 
Using SCS instead.
ECOS solver failed:  The solver ECOS is not installed. 
Using SCS instead.
ECOS solver failed:  The solver ECOS is not installed. 
Using SCS instead.
ECOS solver failed:  The solver ECOS is not installed. 
Using SCS instead.
ECOS solver failed:  The solver ECOS is not installed. 
Using SCS instead.
ECOS solver failed:  The solver ECOS is not installed. 
Using SCS instead.
ECOS solver failed:  The solver ECOS is not installed. 
Using SCS instead.
M-step Design Matrix Calculation time (sec): 0.0157
ECOS solver failed in IPCW_HAL_init, falling back to SCS: The solver ECOS is not installed.
WARNING - large complementary slackness residual: 0.001769
M-step CVXPY optimize time (sec): 0.5233
ECOS solver failed:  The solver ECOS is not installed. 
Using SCS instead.
ECOS solver failed:  The solver ECOS is not installed. 
Using SCS instead.
ECOS solver failed:  The solver ECOS is not installed. 
Using SCS instead.
ECOS solver failed:  The solver ECOS is not installed. 
Using SCS instead.
ECOS solver failed:  The solver ECOS is not installed. 
Using SCS instead.
ECOS solver failed:  The solver ECOS is not installed. 
Using SCS instead.
ECOS solver failed:  The solver ECOS is not installed. 
Using SCS instead.
ECOS solver failed:  The solver ECOS is not installed. 
Using SCS instead.
ECOS solver failed:  The solver ECOS is not installed. 
Using SCS instead.
ECOS solver failed:  The solver ECOS is not installed. 
Using SCS instead.
ECOS solver failed:  The solver ECOS is not installed. 
Using SCS instead.
ECOS solver failed:  The solver ECOS is not installed. 
Using SCS instead.
ECOS solver failed:  The solver ECOS is not installed. 
Using SCS instead.
ECOS solver failed:  The solver ECOS is not installed. 
Using SCS instead.
ECOS solver failed:  The solver ECOS is not installed. 
Using SCS instead.
ECOS solver failed:  The solver ECOS is not installed. 
Using SCS instead.
ECOS solver failed:  The solver ECOS is not installed. 
Using SCS instead.
ECOS solver failed:  The solver ECOS is not installed. 
Using SCS instead.
ECOS solver failed:  The solver ECOS is not installed. 
Using SCS instead.
ECOS solver failed:  The solver ECOS is not installed. 
Using SCS instead.
ECOS solver failed:  The solver ECOS is not installed. 
Using SCS instead.
M-step Design Matrix Calculation time (sec): 0.0289
ECOS solver failed in IPCW_HAL_init, falling back to SCS: The solver ECOS is not installed.
WARNING - large complementary slackness residual: 0.001556
M-step CVXPY optimize time (sec): 0.9316
ECOS solver failed:  The solver ECOS is not installed. 
Using SCS instead.
ECOS solver failed:  The solver ECOS is not installed. 
Using SCS instead.
ECOS solver failed:  The solver ECOS is not installed. 
Using SCS instead.
ECOS solver failed:  The solver ECOS is not installed. 
Using SCS instead.
ECOS solver failed:  The solver ECOS is not installed. 
Using SCS instead.
ECOS solver failed:  The solver ECOS is not installed. 
Using SCS instead.
ECOS solver failed:  The solver ECOS is not installed. 
Using SCS instead.
ECOS solver failed:  The solver ECOS is not installed. 
Using SCS instead.
ECOS solver failed:  The solver ECOS is not installed. 
Using SCS instead.
ECOS solver failed:  The solver ECOS is not installed. 
Using SCS instead.
ECOS solver failed:  The solver ECOS is not installed. 
Using SCS instead.
ECOS solver failed:  The solver ECOS is not installed. 
Using SCS instead.
ECOS solver failed:  The solver ECOS is not installed. 
Using SCS instead.
ECOS solver failed:  The solver ECOS is not installed. 
Using SCS instead.
ECOS solver failed:  The solver ECOS is not installed. 
Using SCS instead.
ECOS solver failed:  The solver ECOS is not installed. 
Using SCS instead.
ECOS solver failed:  The solver ECOS is not installed. 
Using SCS instead.
ECOS solver failed:  The solver ECOS is not installed. 
Using SCS instead.
ECOS solver failed:  The solver ECOS is not installed. 
Using SCS instead.
ECOS solver failed:  The solver ECOS is not installed. 
Using SCS instead.
ECOS solver failed:  The solver ECOS is not installed. 
Using SCS instead.
M-step Design Matrix Calculation time (sec): 0.0149
ECOS solver failed in IPCW_HAL_init, falling back to SCS: The solver ECOS is not installed.
WARNING - large complementary slackness residual: 0.003342
M-step CVXPY optimize time (sec): 0.9209
ECOS solver failed:  The solver ECOS is not installed. 
Using SCS instead.
ECOS solver failed:  The solver ECOS is not installed. 
Using SCS instead.
ECOS solver failed:  The solver ECOS is not installed. 
Using SCS instead.
ECOS solver failed:  The solver ECOS is not installed. 
Using SCS instead.
ECOS solver failed:  The solver ECOS is not installed. 
Using SCS instead.
ECOS solver failed:  The solver ECOS is not installed. 
Using SCS instead.
ECOS solver failed:  The solver ECOS is not installed. 
Using SCS instead.
ECOS solver failed:  The solver ECOS is not installed. 
Using SCS instead.
ECOS solver failed:  The solver ECOS is not installed. 
Using SCS instead.
ECOS solver failed:  The solver ECOS is not installed. 
Using SCS instead.
ECOS solver failed:  The solver ECOS is not installed. 
Using SCS instead.
ECOS solver failed:  The solver ECOS is not installed. 
Using SCS instead.
ECOS solver failed:  The solver ECOS is not installed. 
Using SCS instead.
ECOS solver failed:  The solver ECOS is not installed. 
Using SCS instead.
ECOS solver failed:  The solver ECOS is not installed. 
Using SCS instead.
ECOS solver failed:  The solver ECOS is not installed. 
Using SCS instead.
ECOS solver failed:  The solver ECOS is not installed. 
Using SCS instead.
ECOS solver failed:  The solver ECOS is not installed. 
Using SCS instead.
ECOS solver failed:  The solver ECOS is not installed. 
Using SCS instead.
ECOS solver failed:  The solver ECOS is not installed. 
Using SCS instead.
ECOS solver failed:  The solver ECOS is not installed. 
Using SCS instead.
M-step Design Matrix Calculation time (sec): 0.0133
ECOS solver failed in IPCW_HAL_init, falling back to SCS: The solver ECOS is not installed.
WARNING - large complementary slackness residual: 0.002055
M-step CVXPY optimize time (sec): 1.0344
ECOS solver failed:  The solver ECOS is not installed. 
Using SCS instead.
ECOS solver failed:  The solver ECOS is not installed. 
Using SCS instead.
ECOS solver failed:  The solver ECOS is not installed. 
Using SCS instead.
ECOS solver failed:  The solver ECOS is not installed. 
Using SCS instead.
ECOS solver failed:  The solver ECOS is not installed. 
Using SCS instead.
ECOS solver failed:  The solver ECOS is not installed. 
Using SCS instead.
ECOS solver failed:  The solver ECOS is not installed. 
Using SCS instead.
ECOS solver failed:  The solver ECOS is not installed. 
Using SCS instead.
ECOS solver failed:  The solver ECOS is not installed. 
Using SCS instead.
ECOS solver failed:  The solver ECOS is not installed. 
Using SCS instead.
ECOS solver failed:  The solver ECOS is not installed. 
Using SCS instead.
ECOS solver failed:  The solver ECOS is not installed. 
Using SCS instead.
ECOS solver failed:  The solver ECOS is not installed. 
Using SCS instead.
ECOS solver failed:  The solver ECOS is not installed. 
Using SCS instead.
ECOS solver failed:  The solver ECOS is not installed. 
Using SCS instead.
ECOS solver failed:  The solver ECOS is not installed. 
Using SCS instead.
ECOS solver failed:  The solver ECOS is not installed. 
Using SCS instead.
ECOS solver failed:  The solver ECOS is not installed. 
Using SCS instead.
ECOS solver failed:  The solver ECOS is not installed. 
Using SCS instead.
ECOS solver failed:  The solver ECOS is not installed. 
Using SCS instead.
ECOS solver failed:  The solver ECOS is not installed. 
Using SCS instead.
M-step Design Matrix Calculation time (sec): 0.0138
ECOS solver failed in IPCW_HAL_init, falling back to SCS: The solver ECOS is not installed.
WARNING - large complementary slackness residual: 0.002094
M-step CVXPY optimize time (sec): 0.3132
ECOS solver failed:  The solver ECOS is not installed. 
Using SCS instead.
ECOS solver failed:  The solver ECOS is not installed. 
Using SCS instead.
ECOS solver failed:  The solver ECOS is not installed. 
Using SCS instead.
ECOS solver failed:  The solver ECOS is not installed. 
Using SCS instead.
ECOS solver failed:  The solver ECOS is not installed. 
Using SCS instead.
ECOS solver failed:  The solver ECOS is not installed. 
Using SCS instead.
ECOS solver failed:  The solver ECOS is not installed. 
Using SCS instead.
ECOS solver failed:  The solver ECOS is not installed. 
Using SCS instead.
ECOS solver failed:  The solver ECOS is not installed. 
Using SCS instead.
ECOS solver failed:  The solver ECOS is not installed. 
Using SCS instead.
ECOS solver failed:  The solver ECOS is not installed. 
Using SCS instead.
ECOS solver failed:  The solver ECOS is not installed. 
Using SCS instead.
ECOS solver failed:  The solver ECOS is not installed. 
Using SCS instead.
ECOS solver failed:  The solver ECOS is not installed. 
Using SCS instead.
ECOS solver failed:  The solver ECOS is not installed. 
Using SCS instead.
ECOS solver failed:  The solver ECOS is not installed. 
Using SCS instead.
ECOS solver failed:  The solver ECOS is not installed. 
Using SCS instead.
ECOS solver failed:  The solver ECOS is not installed. 
Using SCS instead.
ECOS solver failed:  The solver ECOS is not installed. 
Using SCS instead.
ECOS solver failed:  The solver ECOS is not installed. 
Using SCS instead.
ECOS solver failed:  The solver ECOS is not installed. 
Using SCS instead.
M-step Design Matrix Calculation time (sec): 0.0166
ECOS solver failed in IPCW_HAL_init, falling back to SCS: The solver ECOS is not installed.
M-step CVXPY optimize time (sec): 1.5048
ECOS solver failed:  The solver ECOS is not installed. 
Using SCS instead.
ECOS solver failed:  The solver ECOS is not installed. 
Using SCS instead.
ECOS solver failed:  The solver ECOS is not installed. 
Using SCS instead.
ECOS solver failed:  The solver ECOS is not installed. 
Using SCS instead.
ECOS solver failed:  The solver ECOS is not installed. 
Using SCS instead.
ECOS solver failed:  The solver ECOS is not installed. 
Using SCS instead.
ECOS solver failed:  The solver ECOS is not installed. 
Using SCS instead.
ECOS solver failed:  The solver ECOS is not installed. 
Using SCS instead.
ECOS solver failed:  The solver ECOS is not installed. 
Using SCS instead.
ECOS solver failed:  The solver ECOS is not installed. 
Using SCS instead.
ECOS solver failed:  The solver ECOS is not installed. 
Using SCS instead.
ECOS solver failed:  The solver ECOS is not installed. 
Using SCS instead.
ECOS solver failed:  The solver ECOS is not installed. 
Using SCS instead.
ECOS solver failed:  The solver ECOS is not installed. 
Using SCS instead.
ECOS solver failed:  The solver ECOS is not installed. 
Using SCS instead.
ECOS solver failed:  The solver ECOS is not installed. 
Using SCS instead.
ECOS solver failed:  The solver ECOS is not installed. 
Using SCS instead.
ECOS solver failed:  The solver ECOS is not installed. 
Using SCS instead.
ECOS solver failed:  The solver ECOS is not installed. 
Using SCS instead.
ECOS solver failed:  The solver ECOS is not installed. 
Using SCS instead.
ECOS solver failed:  The solver ECOS is not installed. 
Using SCS instead.
M-step Design Matrix Calculation time (sec): 0.0594
ECOS solver failed in IPCW_HAL_init, falling back to SCS: The solver ECOS is not installed.
M-step CVXPY optimize time (sec): 1.0996
ECOS solver failed:  The solver ECOS is not installed. 
Using SCS instead.
ECOS solver failed:  The solver ECOS is not installed. 
Using SCS instead.
ECOS solver failed:  The solver ECOS is not installed. 
Using SCS instead.
ECOS solver failed:  The solver ECOS is not installed. 
Using SCS instead.
ECOS solver failed:  The solver ECOS is not installed. 
Using SCS instead.
ECOS solver failed:  The solver ECOS is not installed. 
Using SCS instead.
ECOS solver failed:  The solver ECOS is not installed. 
Using SCS instead.
ECOS solver failed:  The solver ECOS is not installed. 
Using SCS instead.
ECOS solver failed:  The solver ECOS is not installed. 
Using SCS instead.
ECOS solver failed:  The solver ECOS is not installed. 
Using SCS instead.
ECOS solver failed:  The solver ECOS is not installed. 
Using SCS instead.
ECOS solver failed:  The solver ECOS is not installed. 
Using SCS instead.
ECOS solver failed:  The solver ECOS is not installed. 
Using SCS instead.
ECOS solver failed:  The solver ECOS is not installed. 
Using SCS instead.
ECOS solver failed:  The solver ECOS is not installed. 
Using SCS instead.
ECOS solver failed:  The solver ECOS is not installed. 
Using SCS instead.
ECOS solver failed:  The solver ECOS is not installed. 
Using SCS instead.
ECOS solver failed:  The solver ECOS is not installed. 
Using SCS instead.
ECOS solver failed:  The solver ECOS is not installed. 
Using SCS instead.
ECOS solver failed:  The solver ECOS is not installed. 
Using SCS instead.
ECOS solver failed:  The solver ECOS is not installed. 
Using SCS instead.
M-step Design Matrix Calculation time (sec): 0.1373
ECOS solver failed in IPCW_HAL_init, falling back to SCS: The solver ECOS is not installed.
M-step CVXPY optimize time (sec): 0.7637
ECOS solver failed:  The solver ECOS is not installed. 
Using SCS instead.
ECOS solver failed:  The solver ECOS is not installed. 
Using SCS instead.
ECOS solver failed:  The solver ECOS is not installed. 
Using SCS instead.
ECOS solver failed:  The solver ECOS is not installed. 
Using SCS instead.
ECOS solver failed:  The solver ECOS is not installed. 
Using SCS instead.
ECOS solver failed:  The solver ECOS is not installed. 
Using SCS instead.
ECOS solver failed:  The solver ECOS is not installed. 
Using SCS instead.
ECOS solver failed:  The solver ECOS is not installed. 
Using SCS instead.
ECOS solver failed:  The solver ECOS is not installed. 
Using SCS instead.
ECOS solver failed:  The solver ECOS is not installed. 
Using SCS instead.
ECOS solver failed:  The solver ECOS is not installed. 
Using SCS instead.
ECOS solver failed:  The solver ECOS is not installed. 
Using SCS instead.
ECOS solver failed:  The solver ECOS is not installed. 
Using SCS instead.
ECOS solver failed:  The solver ECOS is not installed. 
Using SCS instead.
ECOS solver failed:  The solver ECOS is not installed. 
Using SCS instead.
ECOS solver failed:  The solver ECOS is not installed. 
Using SCS instead.
ECOS solver failed:  The solver ECOS is not installed. 
Using SCS instead.
ECOS solver failed:  The solver ECOS is not installed. 
Using SCS instead.
ECOS solver failed:  The solver ECOS is not installed. 
Using SCS instead.
ECOS solver failed:  The solver ECOS is not installed. 
Using SCS instead.
ECOS solver failed:  The solver ECOS is not installed. 
Using SCS instead.
M-step Design Matrix Calculation time (sec): 0.0434
ECOS solver failed in IPCW_HAL_init, falling back to SCS: The solver ECOS is not installed.
WARNING - large complementary slackness residual: 0.001154
M-step CVXPY optimize time (sec): 1.8626
ECOS solver failed:  The solver ECOS is not installed. 
Using SCS instead.
ECOS solver failed:  The solver ECOS is not installed. 
Using SCS instead.
ECOS solver failed:  The solver ECOS is not installed. 
Using SCS instead.
ECOS solver failed:  The solver ECOS is not installed. 
Using SCS instead.
ECOS solver failed:  The solver ECOS is not installed. 
Using SCS instead.
ECOS solver failed:  The solver ECOS is not installed. 
Using SCS instead.
ECOS solver failed:  The solver ECOS is not installed. 
Using SCS instead.
ECOS solver failed:  The solver ECOS is not installed. 
Using SCS instead.
ECOS solver failed:  The solver ECOS is not installed. 
Using SCS instead.
ECOS solver failed:  The solver ECOS is not installed. 
Using SCS instead.
ECOS solver failed:  The solver ECOS is not installed. 
Using SCS instead.
ECOS solver failed:  The solver ECOS is not installed. 
Using SCS instead.
ECOS solver failed:  The solver ECOS is not installed. 
Using SCS instead.
ECOS solver failed:  The solver ECOS is not installed. 
Using SCS instead.
ECOS solver failed:  The solver ECOS is not installed. 
Using SCS instead.
ECOS solver failed:  The solver ECOS is not installed. 
Using SCS instead.
ECOS solver failed:  The solver ECOS is not installed. 
Using SCS instead.
ECOS solver failed:  The solver ECOS is not installed. 
Using SCS instead.
ECOS solver failed:  The solver ECOS is not installed. 
Using SCS instead.
ECOS solver failed:  The solver ECOS is not installed. 
Using SCS instead.
ECOS solver failed:  The solver ECOS is not installed. 
Using SCS instead.
M-step Design Matrix Calculation time (sec): 0.0382
ECOS solver failed in IPCW_HAL_init, falling back to SCS: The solver ECOS is not installed.
WARNING - large complementary slackness residual: 0.001638
M-step CVXPY optimize time (sec): 1.3255
ECOS solver failed:  The solver ECOS is not installed. 
Using SCS instead.
ECOS solver failed:  The solver ECOS is not installed. 
Using SCS instead.
ECOS solver failed:  The solver ECOS is not installed. 
Using SCS instead.
ECOS solver failed:  The solver ECOS is not installed. 
Using SCS instead.
ECOS solver failed:  The solver ECOS is not installed. 
Using SCS instead.
ECOS solver failed:  ECOS solver failed:  The solver ECOS is not installed. 
Using SCS instead.
ECOS solver failed:  The solver ECOS is not installed. 
Using SCS instead.
ECOS solver failed:  The solver ECOS is not installed. 
Using SCS instead.
ECOS solver failed:  The solver ECOS is not installed. 
Using SCS instead.
ECOS solver failed:  The solver ECOS is not installed. 
Using SCS instead.
ECOS solver failed:  The solver ECOS is not installed. 
Using SCS instead.
ECOS solver failed:  The solver ECOS is not installed. 
Using SCS instead.
ECOS solver failed:  The solver ECOS is not installed. 
Using SCS instead.
ECOS solver failed:  The solver ECOS is not installed. 
Using SCS instead.
ECOS solver failed:  The solver ECOS is not installed. 
Using SCS instead.
ECOS solver failed:  The solver ECOS is not installed. 
Using SCS instead.
ECOS solver failed:  The solver ECOS is not installed. 
Using SCS instead.
ECOS solver failed:  The solver ECOS is not installed. 
Using SCS instead.
ECOS solver failed:  The solver ECOS is not installed. 
Using SCS instead.
ECOS solver failed:  The solver ECOS is not installed. 
Using SCS instead.
ECOS solver failed:  The solver ECOS is not installed. 
Using SCS instead.
ECOS solver failed:  The solver ECOS is not installed. 
Using SCS instead.
ECOS solver failed:  The solver ECOS is not installed. 
Using SCS instead.
ECOS solver failed:  The solver ECOS is not installed. 
Using SCS instead.
ECOS solver failed:  The solver ECOS is not installed. 
Using SCS instead.
ECOS solver failed:  The solver ECOS is not installed. 
Using SCS instead.
M-step Design Matrix Calculation time (sec): 0.0138
ECOS solver failed in IPCW_HAL_init, falling back to SCS: The solver ECOS is not installed.
WARNING - large complementary slackness residual: 0.001348
M-step CVXPY optimize time (sec): 0.3532
ECOS solver failed:  The solver ECOS is not installed. 
Using SCS instead.
ECOS solver failed:  The solver ECOS is not installed. 
Using SCS instead.
ECOS solver failed:  The solver ECOS is not installed. 
Using SCS instead.
ECOS solver failed:  The solver ECOS is not installed. 
Using SCS instead.
ECOS solver failed:  The solver ECOS is not installed. 
Using SCS instead.
ECOS solver failed:  The solver ECOS is not installed. 
Using SCS instead.
ECOS solver failed:  The solver ECOS is not installed. 
Using SCS instead.
ECOS solver failed:  The solver ECOS is not installed. 
Using SCS instead.
ECOS solver failed:  The solver ECOS is not installed. 
Using SCS instead.
ECOS solver failed:  The solver ECOS is not installed. 
Using SCS instead.
ECOS solver failed:  The solver ECOS is not installed. 
Using SCS instead.
ECOS solver failed:  The solver ECOS is not installed. 
Using SCS instead.
ECOS solver failed:  The solver ECOS is not installed. 
Using SCS instead.
ECOS solver failed:  The solver ECOS is not installed. 
Using SCS instead.
ECOS solver failed:  The solver ECOS is not installed. 
Using SCS instead.
ECOS solver failed:  The solver ECOS is not installed. 
Using SCS instead.
ECOS solver failed:  The solver ECOS is not installed. 
Using SCS instead.
ECOS solver failed:  The solver ECOS is not installed. 
Using SCS instead.
ECOS solver failed:  The solver ECOS is not installed. 
Using SCS instead.
ECOS solver failed:  The solver ECOS is not installed. 
Using SCS instead.
ECOS solver failed:  The solver ECOS is not installed. 
Using SCS instead.
M-step Design Matrix Calculation time (sec): 0.0317
ECOS solver failed in IPCW_HAL_init, falling back to SCS: The solver ECOS is not installed.
M-step CVXPY optimize time (sec): 3.5975
ECOS solver failed:  The solver ECOS is not installed. 
Using SCS instead.
ECOS solver failed:  The solver ECOS is not installed. 
Using SCS instead.
ECOS solver failed:  The solver ECOS is not installed. 
Using SCS instead.
ECOS solver failed:  The solver ECOS is not installed. 
Using SCS instead.
ECOS solver failed:  The solver ECOS is not installed. 
Using SCS instead.
ECOS solver failed:  The solver ECOS is not installed. 
Using SCS instead.
ECOS solver failed:  The solver ECOS is not installed. 
Using SCS instead.
ECOS solver failed:  The solver ECOS is not installed. 
Using SCS instead.
ECOS solver failed:  The solver ECOS is not installed. 
Using SCS instead.
ECOS solver failed:  The solver ECOS is not installed. 
Using SCS instead.
ECOS solver failed:  The solver ECOS is not installed. 
Using SCS instead.
ECOS solver failed:  The solver ECOS is not installed. 
Using SCS instead.
ECOS solver failed:  The solver ECOS is not installed. 
Using SCS instead.
ECOS solver failed:  The solver ECOS is not installed. 
Using SCS instead.
ECOS solver failed:  The solver ECOS is not installed. 
Using SCS instead.
ECOS solver failed:  The solver ECOS is not installed. 
Using SCS instead.
ECOS solver failed:  The solver ECOS is not installed. 
Using SCS instead.
ECOS solver failed:  The solver ECOS is not installed. 
Using SCS instead.
ECOS solver failed:  The solver ECOS is not installed. 
Using SCS instead.
ECOS solver failed:  The solver ECOS is not installed. 
Using SCS instead.
ECOS solver failed:  The solver ECOS is not installed. 
Using SCS instead.
M-step Design Matrix Calculation time (sec): 0.0223
ECOS solver failed in IPCW_HAL_init, falling back to SCS: The solver ECOS is not installed.
M-step CVXPY optimize time (sec): 0.9455
ECOS solver failed:  The solver ECOS is not installed. 
Using SCS instead.
ECOS solver failed:  The solver ECOS is not installed. 
Using SCS instead.
ECOS solver failed:  The solver ECOS is not installed. 
Using SCS instead.
ECOS solver failed:  The solver ECOS is not installed. 
Using SCS instead.
ECOS solver failed:  The solver ECOS is not installed. 
Using SCS instead.
ECOS solver failed:  The solver ECOS is not installed. 
Using SCS instead.
ECOS solver failed:  The solver ECOS is not installed. 
Using SCS instead.
ECOS solver failed:  The solver ECOS is not installed. 
Using SCS instead.
ECOS solver failed:  The solver ECOS is not installed. 
Using SCS instead.
ECOS solver failed:  The solver ECOS is not installed. 
Using SCS instead.
ECOS solver failed:  The solver ECOS is not installed. 
Using SCS instead.
ECOS solver failed:  The solver ECOS is not installed. 
Using SCS instead.
ECOS solver failed:  The solver ECOS is not installed. 
Using SCS instead.
ECOS solver failed:  The solver ECOS is not installed. 
Using SCS instead.
ECOS solver failed:  The solver ECOS is not installed. 
Using SCS instead.
ECOS solver failed:  The solver ECOS is not installed. 
Using SCS instead.
ECOS solver failed:  The solver ECOS is not installed. 
Using SCS instead.
ECOS solver failed:  The solver ECOS is not installed. 
Using SCS instead.
ECOS solver failed:  The solver ECOS is not installed. 
Using SCS instead.
ECOS solver failed:  The solver ECOS is not installed. 
Using SCS instead.
ECOS solver failed:  The solver ECOS is not installed. 
Using SCS instead.
M-step Design Matrix Calculation time (sec): 0.0149
ECOS solver failed in IPCW_HAL_init, falling back to SCS: The solver ECOS is not installed.
M-step CVXPY optimize time (sec): 0.7691
ECOS solver failed:  The solver ECOS is not installed. 
Using SCS instead.
ECOS solver failed:  The solver ECOS is not installed. 
Using SCS instead.
ECOS solver failed:  The solver ECOS is not installed. 
Using SCS instead.
ECOS solver failed:  The solver ECOS is not installed. 
Using SCS instead.
ECOS solver failed:  The solver ECOS is not installed. 
Using SCS instead.
ECOS solver failed:  The solver ECOS is not installed. 
Using SCS instead.
ECOS solver failed:  The solver ECOS is not installed. 
Using SCS instead.
ECOS solver failed:  The solver ECOS is not installed. 
Using SCS instead.
ECOS solver failed:  The solver ECOS is not installed. 
Using SCS instead.
ECOS solver failed:  The solver ECOS is not installed. 
Using SCS instead.
ECOS solver failed:  The solver ECOS is not installed. 
Using SCS instead.
ECOS solver failed:  The solver ECOS is not installed. 
Using SCS instead.
ECOS solver failed:  The solver ECOS is not installed. 
Using SCS instead.
ECOS solver failed:  The solver ECOS is not installed. 
Using SCS instead.
ECOS solver failed:  The solver ECOS is not installed. 
Using SCS instead.
ECOS solver failed:  The solver ECOS is not installed. 
Using SCS instead.
ECOS solver failed:  The solver ECOS is not installed. 
Using SCS instead.
ECOS solver failed:  The solver ECOS is not installed. 
Using SCS instead.
ECOS solver failed:  The solver ECOS is not installed. 
Using SCS instead.
ECOS solver failed:  The solver ECOS is not installed. 
Using SCS instead.
ECOS solver failed:  The solver ECOS is not installed. 
Using SCS instead.
M-step Design Matrix Calculation time (sec): 0.0506
ECOS solver failed in IPCW_HAL_init, falling back to SCS: The solver ECOS is not installed.
M-step CVXPY optimize time (sec): 1.6576
ECOS solver failed:  The solver ECOS is not installed. 
Using SCS instead.
ECOS solver failed:  The solver ECOS is not installed. 
Using SCS instead.
ECOS solver failed:  The solver ECOS is not installed. 
Using SCS instead.
ECOS solver failed:  The solver ECOS is not installed. 
Using SCS instead.
ECOS solver failed:  The solver ECOS is not installed. 
Using SCS instead.
ECOS solver failed:  The solver ECOS is not installed. 
Using SCS instead.
ECOS solver failed:  The solver ECOS is not installed. 
Using SCS instead.
ECOS solver failed:  The solver ECOS is not installed. 
Using SCS instead.
ECOS solver failed:  The solver ECOS is not installed. 
Using SCS instead.
ECOS solver failed:  The solver ECOS is not installed. 
Using SCS instead.
ECOS solver failed:  The solver ECOS is not installed. 
Using SCS instead.
ECOS solver failed:  The solver ECOS is not installed. 
Using SCS instead.
ECOS solver failed:  The solver ECOS is not installed. 
Using SCS instead.
ECOS solver failed:  The solver ECOS is not installed. 
Using SCS instead.
ECOS solver failed:  The solver ECOS is not installed. 
Using SCS instead.
ECOS solver failed:  The solver ECOS is not installed. 
Using SCS instead.
ECOS solver failed:  The solver ECOS is not installed. 
Using SCS instead.
ECOS solver failed:  The solver ECOS is not installed. 
Using SCS instead.
ECOS solver failed:  The solver ECOS is not installed. 
Using SCS instead.
ECOS solver failed:  The solver ECOS is not installed. 
Using SCS instead.
ECOS solver failed:  The solver ECOS is not installed. 
Using SCS instead.
M-step Design Matrix Calculation time (sec): 0.0688
ECOS solver failed in IPCW_HAL_init, falling back to SCS: The solver ECOS is not installed.
WARNING - large complementary slackness residual: 0.001169
M-step CVXPY optimize time (sec): 2.4932
ECOS solver failed:  The solver ECOS is not installed. 
Using SCS instead.
ECOS solver failed:  The solver ECOS is not installed. 
Using SCS instead.
ECOS solver failed:  The solver ECOS is not installed. 
Using SCS instead.
ECOS solver failed:  The solver ECOS is not installed. 
Using SCS instead.
ECOS solver failed:  The solver ECOS is not installed. 
Using SCS instead.
ECOS solver failed:  The solver ECOS is not installed. 
Using SCS instead.
ECOS solver failed:  The solver ECOS is not installed. 
Using SCS instead.
ECOS solver failed:  The solver ECOS is not installed. 
Using SCS instead.
ECOS solver failed:  The solver ECOS is not installed. 
Using SCS instead.
ECOS solver failed:  The solver ECOS is not installed. 
Using SCS instead.
ECOS solver failed:  The solver ECOS is not installed. 
Using SCS instead.
ECOS solver failed:  The solver ECOS is not installed. 
Using SCS instead.
ECOS solver failed:  The solver ECOS is not installed. 
Using SCS instead.
ECOS solver failed:  The solver ECOS is not installed. 
Using SCS instead.
ECOS solver failed:  The solver ECOS is not installed. 
Using SCS instead.
ECOS solver failed:  The solver ECOS is not installed. 
Using SCS instead.
ECOS solver failed:  The solver ECOS is not installed. 
Using SCS instead.
ECOS solver failed:  The solver ECOS is not installed. 
Using SCS instead.
ECOS solver failed:  The solver ECOS is not installed. 
Using SCS instead.
ECOS solver failed:  The solver ECOS is not installed. 
Using SCS instead.
ECOS solver failed:  The solver ECOS is not installed. 
Using SCS instead.
M-step Design Matrix Calculation time (sec): 0.0281
ECOS solver failed in IPCW_HAL_init, falling back to SCS: The solver ECOS is not installed.
WARNING - large complementary slackness residual: 0.002913
M-step CVXPY optimize time (sec): 0.2092
ECOS solver failed:  The solver ECOS is not installed. 
Using SCS instead.
ECOS solver failed:  The solver ECOS is not installed. 
Using SCS instead.
ECOS solver failed:  The solver ECOS is not installed. 
Using SCS instead.
ECOS solver failed:  The solver ECOS is not installed. 
Using SCS instead.
ECOS solver failed:  The solver ECOS is not installed. 
Using SCS instead.
ECOS solver failed:  The solver ECOS is not installed. 
Using SCS instead.
ECOS solver failed:  The solver ECOS is not installed. 
Using SCS instead.
ECOS solver failed:  The solver ECOS is not installed. 
Using SCS instead.
ECOS solver failed:  The solver ECOS is not installed. 
Using SCS instead.
ECOS solver failed:  The solver ECOS is not installed. 
Using SCS instead.
ECOS solver failed:  The solver ECOS is not installed. 
Using SCS instead.
ECOS solver failed:  The solver ECOS is not installed. 
Using SCS instead.
ECOS solver failed:  The solver ECOS is not installed. 
Using SCS instead.
ECOS solver failed:  The solver ECOS is not installed. 
Using SCS instead.
ECOS solver failed:  The solver ECOS is not installed. 
Using SCS instead.
ECOS solver failed:  The solver ECOS is not installed. 
Using SCS instead.
ECOS solver failed:  The solver ECOS is not installed. 
Using SCS instead.
ECOS solver failed:  The solver ECOS is not installed. 
Using SCS instead.
ECOS solver failed:  The solver ECOS is not installed. 
Using SCS instead.
ECOS solver failed:  The solver ECOS is not installed. 
Using SCS instead.
ECOS solver failed:  The solver ECOS is not installed. 
Using SCS instead.
M-step Design Matrix Calculation time (sec): 0.0282
ECOS solver failed in IPCW_HAL_init, falling back to SCS: The solver ECOS is not installed.
M-step CVXPY optimize time (sec): 0.5953
ECOS solver failed:  The solver ECOS is not installed. 
Using SCS instead.
ECOS solver failed:  The solver ECOS is not installed. 
Using SCS instead.
ECOS solver failed:  The solver ECOS is not installed. 
Using SCS instead.
ECOS solver failed:  The solver ECOS is not installed. 
Using SCS instead.
ECOS solver failed:  The solver ECOS is not installed. 
Using SCS instead.
ECOS solver failed:  The solver ECOS is not installed. 
Using SCS instead.
ECOS solver failed:  The solver ECOS is not installed. 
Using SCS instead.
ECOS solver failed:  The solver ECOS is not installed. 
Using SCS instead.
ECOS solver failed:  The solver ECOS is not installed. 
Using SCS instead.
ECOS solver failed:  The solver ECOS is not installed. 
Using SCS instead.
ECOS solver failed:  The solver ECOS is not installed. 
Using SCS instead.
ECOS solver failed:  The solver ECOS is not installed. 
Using SCS instead.
ECOS solver failed:  The solver ECOS is not installed. 
Using SCS instead.
ECOS solver failed:  The solver ECOS is not installed. 
Using SCS instead.
ECOS solver failed:  The solver ECOS is not installed. 
Using SCS instead.
ECOS solver failed:  The solver ECOS is not installed. 
Using SCS instead.
ECOS solver failed:  The solver ECOS is not installed. 
Using SCS instead.
ECOS solver failed:  The solver ECOS is not installed. 
Using SCS instead.
ECOS solver failed:  The solver ECOS is not installed. 
Using SCS instead.
ECOS solver failed:  The solver ECOS is not installed. 
Using SCS instead.
ECOS solver failed:  The solver ECOS is not installed. 
Using SCS instead.
M-step Design Matrix Calculation time (sec): 0.0785
ECOS solver failed in IPCW_HAL_init, falling back to SCS: The solver ECOS is not installed.
WARNING - large complementary slackness residual: 0.001172
M-step CVXPY optimize time (sec): 0.5443
ECOS solver failed:  The solver ECOS is not installed. 
Using SCS instead.
ECOS solver failed:  The solver ECOS is not installed. 
Using SCS instead.
ECOS solver failed:  The solver ECOS is not installed. 
Using SCS instead.
ECOS solver failed:  The solver ECOS is not installed. 
Using SCS instead.
ECOS solver failed:  The solver ECOS is not installed. 
Using SCS instead.
ECOS solver failed:  The solver ECOS is not installed. 
Using SCS instead.
ECOS solver failed:  The solver ECOS is not installed. 
Using SCS instead.
ECOS solver failed:  The solver ECOS is not installed. 
Using SCS instead.
ECOS solver failed:  The solver ECOS is not installed. 
Using SCS instead.
ECOS solver failed:  The solver ECOS is not installed. 
Using SCS instead.
ECOS solver failed:  The solver ECOS is not installed. 
Using SCS instead.
ECOS solver failed:  The solver ECOS is not installed. 
Using SCS instead.
ECOS solver failed:  The solver ECOS is not installed. 
Using SCS instead.
ECOS solver failed:  The solver ECOS is not installed. 
Using SCS instead.
ECOS solver failed:  The solver ECOS is not installed. 
Using SCS instead.
ECOS solver failed:  The solver ECOS is not installed. 
Using SCS instead.
ECOS solver failed:  The solver ECOS is not installed. 
Using SCS instead.
ECOS solver failed:  The solver ECOS is not installed. 
Using SCS instead.
ECOS solver failed:  The solver ECOS is not installed. 
Using SCS instead.
ECOS solver failed:  The solver ECOS is not installed. 
Using SCS instead.
ECOS solver failed:  The solver ECOS is not installed. 
Using SCS instead.
M-step Design Matrix Calculation time (sec): 0.0143
ECOS solver failed in IPCW_HAL_init, falling back to SCS: The solver ECOS is not installed.
WARNING - large complementary slackness residual: 0.002990
M-step CVXPY optimize time (sec): 0.7859
ECOS solver failed:  The solver ECOS is not installed. 
Using SCS instead.
ECOS solver failed:  The solver ECOS is not installed. 
Using SCS instead.
ECOS solver failed:  The solver ECOS is not installed. 
Using SCS instead.
ECOS solver failed:  The solver ECOS is not installed. 
Using SCS instead.
ECOS solver failed:  The solver ECOS is not installed. 
Using SCS instead.
ECOS solver failed:  The solver ECOS is not installed. 
Using SCS instead.
ECOS solver failed:  The solver ECOS is not installed. 
Using SCS instead.
ECOS solver failed:  The solver ECOS is not installed. 
Using SCS instead.
ECOS solver failed:  The solver ECOS is not installed. 
Using SCS instead.
ECOS solver failed:  The solver ECOS is not installed. 
Using SCS instead.
ECOS solver failed:  The solver ECOS is not installed. 
Using SCS instead.
ECOS solver failed:  The solver ECOS is not installed. 
Using SCS instead.
ECOS solver failed:  The solver ECOS is not installed. 
Using SCS instead.
ECOS solver failed:  The solver ECOS is not installed. 
Using SCS instead.
ECOS solver failed:  The solver ECOS is not installed. 
Using SCS instead.
ECOS solver failed:  The solver ECOS is not installed. 
Using SCS instead.
ECOS solver failed:  The solver ECOS is not installed. 
Using SCS instead.
ECOS solver failed:  The solver ECOS is not installed. 
Using SCS instead.
ECOS solver failed:  The solver ECOS is not installed. 
Using SCS instead.
ECOS solver failed:  The solver ECOS is not installed. 
Using SCS instead.
ECOS solver failed:  The solver ECOS is not installed. 
Using SCS instead.
M-step Design Matrix Calculation time (sec): 0.0132
ECOS solver failed in IPCW_HAL_init, falling back to SCS: The solver ECOS is not installed.
WARNING - large complementary slackness residual: 0.001914
M-step CVXPY optimize time (sec): 0.5445
ECOS solver failed:  The solver ECOS is not installed. 
Using SCS instead.
ECOS solver failed:  The solver ECOS is not installed. 
Using SCS instead.
ECOS solver failed:  The solver ECOS is not installed. 
Using SCS instead.
ECOS solver failed:  The solver ECOS is not installed. 
Using SCS instead.
ECOS solver failed:  The solver ECOS is not installed. 
Using SCS instead.
ECOS solver failed:  The solver ECOS is not installed. 
Using SCS instead.
ECOS solver failed:  The solver ECOS is not installed. 
Using SCS instead.
ECOS solver failed:  The solver ECOS is not installed. 
Using SCS instead.
ECOS solver failed:  The solver ECOS is not installed. 
Using SCS instead.
ECOS solver failed:  The solver ECOS is not installed. 
Using SCS instead.
ECOS solver failed:  The solver ECOS is not installed. 
Using SCS instead.
ECOS solver failed:  The solver ECOS is not installed. 
Using SCS instead.
ECOS solver failed:  The solver ECOS is not installed. 
Using SCS instead.
ECOS solver failed:  The solver ECOS is not installed. 
Using SCS instead.
ECOS solver failed:  The solver ECOS is not installed. 
Using SCS instead.
ECOS solver failed:  The solver ECOS is not installed. 
Using SCS instead.
ECOS solver failed:  The solver ECOS is not installed. 
Using SCS instead.
ECOS solver failed:  The solver ECOS is not installed. 
Using SCS instead.
ECOS solver failed:  The solver ECOS is not installed. 
Using SCS instead.
ECOS solver failed:  The solver ECOS is not installed. 
Using SCS instead.
ECOS solver failed:  The solver ECOS is not installed. 
Using SCS instead.
M-step Design Matrix Calculation time (sec): 0.0137
ECOS solver failed in IPCW_HAL_init, falling back to SCS: The solver ECOS is not installed.
WARNING - large complementary slackness residual: 0.001253
M-step CVXPY optimize time (sec): 1.1963
ECOS solver failed:  The solver ECOS is not installed. 
Using SCS instead.
ECOS solver failed:  The solver ECOS is not installed. 
Using SCS instead.
ECOS solver failed:  The solver ECOS is not installed. 
Using SCS instead.
ECOS solver failed:  The solver ECOS is not installed. 
Using SCS instead.
ECOS solver failed:  The solver ECOS is not installed. 
Using SCS instead.
ECOS solver failed:  The solver ECOS is not installed. 
Using SCS instead.
ECOS solver failed:  The solver ECOS is not installed. 
Using SCS instead.
ECOS solver failed:  The solver ECOS is not installed. 
Using SCS instead.
ECOS solver failed:  The solver ECOS is not installed. 
Using SCS instead.
ECOS solver failed:  The solver ECOS is not installed. 
Using SCS instead.
ECOS solver failed:  The solver ECOS is not installed. 
Using SCS instead.
ECOS solver failed:  The solver ECOS is not installed. 
Using SCS instead.
ECOS solver failed:  The solver ECOS is not installed. 
Using SCS instead.
ECOS solver failed:  The solver ECOS is not installed. 
Using SCS instead.
ECOS solver failed:  The solver ECOS is not installed. 
Using SCS instead.
ECOS solver failed:  The solver ECOS is not installed. 
Using SCS instead.
ECOS solver failed:  The solver ECOS is not installed. 
Using SCS instead.
ECOS solver failed:  The solver ECOS is not installed. 
Using SCS instead.
ECOS solver failed:  The solver ECOS is not installed. 
Using SCS instead.
ECOS solver failed:  The solver ECOS is not installed. 
Using SCS instead.
ECOS solver failed:  The solver ECOS is not installed. 
Using SCS instead.
M-step Design Matrix Calculation time (sec): 0.0151
ECOS solver failed in IPCW_HAL_init, falling back to SCS: The solver ECOS is not installed.
M-step CVXPY optimize time (sec): 0.7868
ECOS solver failed:  The solver ECOS is not installed. 
Using SCS instead.
ECOS solver failed:  The solver ECOS is not installed. 
Using SCS instead.
ECOS solver failed:  The solver ECOS is not installed. 
Using SCS instead.
ECOS solver failed:  The solver ECOS is not installed. 
Using SCS instead.
ECOS solver failed:  The solver ECOS is not installed. 
Using SCS instead.
ECOS solver failed:  The solver ECOS is not installed. 
Using SCS instead.
ECOS solver failed:  The solver ECOS is not installed. 
Using SCS instead.
ECOS solver failed:  The solver ECOS is not installed. 
Using SCS instead.
ECOS solver failed:  The solver ECOS is not installed. 
Using SCS instead.
ECOS solver failed:  The solver ECOS is not installed. 
Using SCS instead.
ECOS solver failed:  The solver ECOS is not installed. 
Using SCS instead.
ECOS solver failed:  The solver ECOS is not installed. 
Using SCS instead.
ECOS solver failed:  The solver ECOS is not installed. 
Using SCS instead.
ECOS solver failed:  The solver ECOS is not installed. 
Using SCS instead.
ECOS solver failed:  The solver ECOS is not installed. 
Using SCS instead.
ECOS solver failed:  The solver ECOS is not installed. 
Using SCS instead.
ECOS solver failed:  The solver ECOS is not installed. 
Using SCS instead.
ECOS solver failed:  The solver ECOS is not installed. 
Using SCS instead.
ECOS solver failed:  The solver ECOS is not installed. 
Using SCS instead.
ECOS solver failed:  The solver ECOS is not installed. 
Using SCS instead.
ECOS solver failed:  The solver ECOS is not installed. 
Using SCS instead.
M-step Design Matrix Calculation time (sec): 0.0147
ECOS solver failed in IPCW_HAL_init, falling back to SCS: The solver ECOS is not installed.
WARNING - large complementary slackness residual: 0.003145
M-step CVXPY optimize time (sec): 0.5060
ECOS solver failed:  The solver ECOS is not installed. 
Using SCS instead.
ECOS solver failed:  The solver ECOS is not installed. 
Using SCS instead.
ECOS solver failed:  The solver ECOS is not installed. 
Using SCS instead.
ECOS solver failed:  The solver ECOS is not installed. 
Using SCS instead.
ECOS solver failed:  The solver ECOS is not installed. 
Using SCS instead.
ECOS solver failed:  The solver ECOS is not installed. 
Using SCS instead.
ECOS solver failed:  The solver ECOS is not installed. 
Using SCS instead.
ECOS solver failed:  The solver ECOS is not installed. 
Using SCS instead.
ECOS solver failed:  The solver ECOS is not installed. 
Using SCS instead.
ECOS solver failed:  The solver ECOS is not installed. 
Using SCS instead.
ECOS solver failed:  The solver ECOS is not installed. 
Using SCS instead.
ECOS solver failed:  The solver ECOS is not installed. 
Using SCS instead.
ECOS solver failed:  The solver ECOS is not installed. 
Using SCS instead.
ECOS solver failed:  The solver ECOS is not installed. 
Using SCS instead.
ECOS solver failed:  The solver ECOS is not installed. 
Using SCS instead.
ECOS solver failed:  The solver ECOS is not installed. 
Using SCS instead.
ECOS solver failed:  The solver ECOS is not installed. 
Using SCS instead.
ECOS solver failed:  The solver ECOS is not installed. 
Using SCS instead.
ECOS solver failed:  The solver ECOS is not installed. 
Using SCS instead.
ECOS solver failed:  The solver ECOS is not installed. 
Using SCS instead.
ECOS solver failed:  The solver ECOS is not installed. 
Using SCS instead.
M-step Design Matrix Calculation time (sec): 0.0400
ECOS solver failed in IPCW_HAL_init, falling back to SCS: The solver ECOS is not installed.
M-step CVXPY optimize time (sec): 0.1429
ECOS solver failed:  The solver ECOS is not installed. 
Using SCS instead.
ECOS solver failed:  The solver ECOS is not installed. 
Using SCS instead.
ECOS solver failed:  The solver ECOS is not installed. 
Using SCS instead.
ECOS solver failed:  The solver ECOS is not installed. 
Using SCS instead.
ECOS solver failed:  The solver ECOS is not installed. 
Using SCS instead.
ECOS solver failed:  The solver ECOS is not installed. 
Using SCS instead.
ECOS solver failed:  The solver ECOS is not installed. 
Using SCS instead.
ECOS solver failed:  The solver ECOS is not installed. 
Using SCS instead.
ECOS solver failed:  The solver ECOS is not installed. 
Using SCS instead.
ECOS solver failed:  The solver ECOS is not installed. 
Using SCS instead.
ECOS solver failed:  The solver ECOS is not installed. 
Using SCS instead.
ECOS solver failed:  The solver ECOS is not installed. 
Using SCS instead.
ECOS solver failed:  The solver ECOS is not installed. 
Using SCS instead.
ECOS solver failed:  The solver ECOS is not installed. 
Using SCS instead.
ECOS solver failed:  The solver ECOS is not installed. 
Using SCS instead.
ECOS solver failed:  The solver ECOS is not installed. 
Using SCS instead.
ECOS solver failed:  The solver ECOS is not installed. 
Using SCS instead.
ECOS solver failed:  The solver ECOS is not installed. 
Using SCS instead.
ECOS solver failed:  The solver ECOS is not installed. 
Using SCS instead.
ECOS solver failed:  The solver ECOS is not installed. 
Using SCS instead.
ECOS solver failed:  The solver ECOS is not installed. 
Using SCS instead.
M-step Design Matrix Calculation time (sec): 0.0141
ECOS solver failed in IPCW_HAL_init, falling back to SCS: The solver ECOS is not installed.
M-step CVXPY optimize time (sec): 1.7864
ECOS solver failed:  The solver ECOS is not installed. 
Using SCS instead.
ECOS solver failed:  The solver ECOS is not installed. 
Using SCS instead.
ECOS solver failed:  The solver ECOS is not installed. 
Using SCS instead.
ECOS solver failed:  The solver ECOS is not installed. 
Using SCS instead.
ECOS solver failed:  The solver ECOS is not installed. 
Using SCS instead.
ECOS solver failed:  The solver ECOS is not installed. 
Using SCS instead.
ECOS solver failed:  The solver ECOS is not installed. 
Using SCS instead.
ECOS solver failed:  The solver ECOS is not installed. 
Using SCS instead.
ECOS solver failed:  The solver ECOS is not installed. 
Using SCS instead.
ECOS solver failed:  The solver ECOS is not installed. 
Using SCS instead.
ECOS solver failed:  The solver ECOS is not installed. 
Using SCS instead.
ECOS solver failed:  The solver ECOS is not installed. 
Using SCS instead.
ECOS solver failed:  The solver ECOS is not installed. 
Using SCS instead.
ECOS solver failed:  The solver ECOS is not installed. 
Using SCS instead.
ECOS solver failed:  The solver ECOS is not installed. 
Using SCS instead.
ECOS solver failed:  The solver ECOS is not installed. 
Using SCS instead.
ECOS solver failed:  The solver ECOS is not installed. 
Using SCS instead.
ECOS solver failed:  The solver ECOS is not installed. 
Using SCS instead.
ECOS solver failed:  The solver ECOS is not installed. 
Using SCS instead.
ECOS solver failed:  The solver ECOS is not installed. 
Using SCS instead.
ECOS solver failed:  The solver ECOS is not installed. 
Using SCS instead.
M-step Design Matrix Calculation time (sec): 0.0240
ECOS solver failed in IPCW_HAL_init, falling back to SCS: The solver ECOS is not installed.
M-step CVXPY optimize time (sec): 0.7515
ECOS solver failed:  The solver ECOS is not installed. 
Using SCS instead.
ECOS solver failed:  The solver ECOS is not installed. 
Using SCS instead.
ECOS solver failed:  The solver ECOS is not installed. 
Using SCS instead.
ECOS solver failed:  The solver ECOS is not installed. 
Using SCS instead.
ECOS solver failed:  The solver ECOS is not installed. 
Using SCS instead.
ECOS solver failed:  The solver ECOS is not installed. 
Using SCS instead.
ECOS solver failed:  The solver ECOS is not installed. 
Using SCS instead.
ECOS solver failed:  The solver ECOS is not installed. 
Using SCS instead.
ECOS solver failed:  The solver ECOS is not installed. 
Using SCS instead.
ECOS solver failed:  The solver ECOS is not installed. 
Using SCS instead.
ECOS solver failed:  The solver ECOS is not installed. 
Using SCS instead.
ECOS solver failed:  The solver ECOS is not installed. 
Using SCS instead.
ECOS solver failed:  The solver ECOS is not installed. 
Using SCS instead.
ECOS solver failed:  The solver ECOS is not installed. 
Using SCS instead.
ECOS solver failed:  The solver ECOS is not installed. 
Using SCS instead.
ECOS solver failed:  The solver ECOS is not installed. 
Using SCS instead.
ECOS solver failed:  The solver ECOS is not installed. 
Using SCS instead.
ECOS solver failed:  The solver ECOS is not installed. 
Using SCS instead.
ECOS solver failed:  The solver ECOS is not installed. 
Using SCS instead.
ECOS solver failed:  The solver ECOS is not installed. 
Using SCS instead.
ECOS solver failed:  The solver ECOS is not installed. 
Using SCS instead.
M-step Design Matrix Calculation time (sec): 0.0146
ECOS solver failed in IPCW_HAL_init, falling back to SCS: The solver ECOS is not installed.
WARNING - large complementary slackness residual: 0.002020
M-step CVXPY optimize time (sec): 0.8608
ECOS solver failed:  The solver ECOS is not installed. 
Using SCS instead.
ECOS solver failed:  The solver ECOS is not installed. 
Using SCS instead.
ECOS solver failed:  The solver ECOS is not installed. 
Using SCS instead.
ECOS solver failed:  The solver ECOS is not installed. 
Using SCS instead.
ECOS solver failed:  The solver ECOS is not installed. 
Using SCS instead.
ECOS solver failed:  The solver ECOS is not installed. 
Using SCS instead.
ECOS solver failed:  The solver ECOS is not installed. 
Using SCS instead.
The solver ECOS is not installed. 
Using SCS instead.
ECOS solver failed:  The solver ECOS is not installed. 
Using SCS instead.
ECOS solver failed:  The solver ECOS is not installed. 
Using SCS instead.
ECOS solver failed:  The solver ECOS is not installed. 
Using SCS instead.
ECOS solver failed:  The solver ECOS is not installed. 
Using SCS instead.
ECOS solver failed:  The solver ECOS is not installed. 
Using SCS instead.
ECOS solver failed:  The solver ECOS is not installed. 
Using SCS instead.
ECOS solver failed:  The solver ECOS is not installed. 
Using SCS instead.
ECOS solver failed:  The solver ECOS is not installed. 
Using SCS instead.
ECOS solver failed:  The solver ECOS is not installed. 
Using SCS instead.
ECOS solver failed:  The solver ECOS is not installed. 
Using SCS instead.
ECOS solver failed:  The solver ECOS is not installed. 
Using SCS instead.
ECOS solver failed:  The solver ECOS is not installed. 
Using SCS instead.
ECOS solver failed:  The solver ECOS is not installed. 
Using SCS instead.
ECOS solver failed:  The solver ECOS is not installed. 
Using SCS instead.
ECOS solver failed:  The solver ECOS is not installed. 
Using SCS instead.
M-step Design Matrix Calculation time (sec): 0.0246
ECOS solver failed in IPCW_HAL_init, falling back to SCS: The solver ECOS is not installed.
WARNING - large complementary slackness residual: 0.001792
M-step CVXPY optimize time (sec): 0.9333
ECOS solver failed:  The solver ECOS is not installed. 
Using SCS instead.
ECOS solver failed:  The solver ECOS is not installed. 
Using SCS instead.
ECOS solver failed:  The solver ECOS is not installed. 
Using SCS instead.
ECOS solver failed:  The solver ECOS is not installed. 
Using SCS instead.
ECOS solver failed:  The solver ECOS is not installed. 
Using SCS instead.
ECOS solver failed:  The solver ECOS is not installed. 
Using SCS instead.
ECOS solver failed:  The solver ECOS is not installed. 
Using SCS instead.
ECOS solver failed:  The solver ECOS is not installed. 
Using SCS instead.
ECOS solver failed:  The solver ECOS is not installed. 
Using SCS instead.
ECOS solver failed:  The solver ECOS is not installed. 
Using SCS instead.
ECOS solver failed:  The solver ECOS is not installed. 
Using SCS instead.
ECOS solver failed:  The solver ECOS is not installed. 
Using SCS instead.
ECOS solver failed:  The solver ECOS is not installed. 
Using SCS instead.
ECOS solver failed:  The solver ECOS is not installed. 
Using SCS instead.
ECOS solver failed:  The solver ECOS is not installed. 
Using SCS instead.
ECOS solver failed:  The solver ECOS is not installed. 
Using SCS instead.
ECOS solver failed:  The solver ECOS is not installed. 
Using SCS instead.
ECOS solver failed:  The solver ECOS is not installed. 
Using SCS instead.
ECOS solver failed:  The solver ECOS is not installed. 
Using SCS instead.
ECOS solver failed:  The solver ECOS is not installed. 
Using SCS instead.
ECOS solver failed:  The solver ECOS is not installed. 
Using SCS instead.
M-step Design Matrix Calculation time (sec): 0.0137
ECOS solver failed in IPCW_HAL_init, falling back to SCS: The solver ECOS is not installed.
WARNING - large complementary slackness residual: 0.001166
M-step CVXPY optimize time (sec): 0.3283
ECOS solver failed:  The solver ECOS is not installed. 
Using SCS instead.
ECOS solver failed:  The solver ECOS is not installed. 
Using SCS instead.
ECOS solver failed:  The solver ECOS is not installed. 
Using SCS instead.
ECOS solver failed:  The solver ECOS is not installed. 
Using SCS instead.
ECOS solver failed:  The solver ECOS is not installed. 
Using SCS instead.
ECOS solver failed:  The solver ECOS is not installed. 
Using SCS instead.
ECOS solver failed:  The solver ECOS is not installed. 
Using SCS instead.
ECOS solver failed:  The solver ECOS is not installed. 
Using SCS instead.
ECOS solver failed:  The solver ECOS is not installed. 
Using SCS instead.
ECOS solver failed:  The solver ECOS is not installed. 
Using SCS instead.
ECOS solver failed:  The solver ECOS is not installed. 
Using SCS instead.
ECOS solver failed:  The solver ECOS is not installed. 
Using SCS instead.
ECOS solver failed:  The solver ECOS is not installed. 
Using SCS instead.
ECOS solver failed:  The solver ECOS is not installed. 
Using SCS instead.
M-step Design Matrix Calculation time (sec): 0.0144
ECOS solver failed in IPCW_HAL_init, falling back to SCS: The solver ECOS is not installed.
M-step CVXPY optimize time (sec): 0.5014
ECOS solver failed:  The solver ECOS is not installed. 
Using SCS instead.
ECOS solver failed:  The solver ECOS is not installed. 
Using SCS instead.
ECOS solver failed:  The solver ECOS is not installed. 
Using SCS instead.
ECOS solver failed:  The solver ECOS is not installed. 
Using SCS instead.
ECOS solver failed:  The solver ECOS is not installed. 
Using SCS instead.
ECOS solver failed:  The solver ECOS is not installed. 
Using SCS instead.
ECOS solver failed:  The solver ECOS is not installed. 
Using SCS instead.
ECOS solver failed:  The solver ECOS is not installed. 
Using SCS instead.
ECOS solver failed:  The solver ECOS is not installed. 
Using SCS instead.
ECOS solver failed:  The solver ECOS is not installed. 
Using SCS instead.
ECOS solver failed:  The solver ECOS is not installed. 
Using SCS instead.
ECOS solver failed:  The solver ECOS is not installed. 
Using SCS instead.
ECOS solver failed:  The solver ECOS is not installed. 
Using SCS instead.
ECOS solver failed:  The solver ECOS is not installed. 
Using SCS instead.
ECOS solver failed:  The solver ECOS is not installed. 
Using SCS instead.
ECOS solver failed:  The solver ECOS is not installed. 
Using SCS instead.
ECOS solver failed:  The solver ECOS is not installed. 
Using SCS instead.
ECOS solver failed:  The solver ECOS is not installed. 
Using SCS instead.
ECOS solver failed:  The solver ECOS is not installed. 
Using SCS instead.
ECOS solver failed:  The solver ECOS is not installed. 
Using SCS instead.
ECOS solver failed:  The solver ECOS is not installed. 
Using SCS instead.
M-step Design Matrix Calculation time (sec): 0.0141
ECOS solver failed in IPCW_HAL_init, falling back to SCS: The solver ECOS is not installed.
WARNING - large complementary slackness residual: 0.002400
M-step CVXPY optimize time (sec): 0.3262
ECOS solver failed:  The solver ECOS is not installed. 
Using SCS instead.
ECOS solver failed:  The solver ECOS is not installed. 
Using SCS instead.
ECOS solver failed:  The solver ECOS is not installed. 
Using SCS instead.
ECOS solver failed:  The solver ECOS is not installed. 
Using SCS instead.
ECOS solver failed:  The solver ECOS is not installed. 
Using SCS instead.
ECOS solver failed:  The solver ECOS is not installed. 
Using SCS instead.
ECOS solver failed:  The solver ECOS is not installed. 
Using SCS instead.
ECOS solver failed:  The solver ECOS is not installed. 
Using SCS instead.
ECOS solver failed:  The solver ECOS is not installed. 
Using SCS instead.
ECOS solver failed:  The solver ECOS is not installed. 
Using SCS instead.
ECOS solver failed:  The solver ECOS is not installed. 
Using SCS instead.
ECOS solver failed:  The solver ECOS is not installed. 
Using SCS instead.
ECOS solver failed:  The solver ECOS is not installed. 
Using SCS instead.
ECOS solver failed:  The solver ECOS is not installed. 
Using SCS instead.
ECOS solver failed:  The solver ECOS is not installed. 
Using SCS instead.
ECOS solver failed:  The solver ECOS is not installed. 
Using SCS instead.
ECOS solver failed:  The solver ECOS is not installed. 
Using SCS instead.
ECOS solver failed:  The solver ECOS is not installed. 
Using SCS instead.
ECOS solver failed:  The solver ECOS is not installed. 
Using SCS instead.
ECOS solver failed:  The solver ECOS is not installed. 
Using SCS instead.
ECOS solver failed:  The solver ECOS is not installed. 
Using SCS instead.
M-step Design Matrix Calculation time (sec): 0.0191
ECOS solver failed in IPCW_HAL_init, falling back to SCS: The solver ECOS is not installed.
WARNING - large complementary slackness residual: 0.001122
M-step CVXPY optimize time (sec): 0.3856
ECOS solver failed:  The solver ECOS is not installed. 
Using SCS instead.
ECOS solver failed:  The solver ECOS is not installed. 
Using SCS instead.
ECOS solver failed:  The solver ECOS is not installed. 
Using SCS instead.
ECOS solver failed:  The solver ECOS is not installed. 
Using SCS instead.
ECOS solver failed:  The solver ECOS is not installed. 
Using SCS instead.
ECOS solver failed:  The solver ECOS is not installed. 
Using SCS instead.
ECOS solver failed:  The solver ECOS is not installed. 
Using SCS instead.
ECOS solver failed:  The solver ECOS is not installed. 
Using SCS instead.
ECOS solver failed:  The solver ECOS is not installed. 
Using SCS instead.
ECOS solver failed:  The solver ECOS is not installed. 
Using SCS instead.
ECOS solver failed:  The solver ECOS is not installed. 
Using SCS instead.
ECOS solver failed:  The solver ECOS is not installed. 
Using SCS instead.
ECOS solver failed:  The solver ECOS is not installed. 
Using SCS instead.
ECOS solver failed:  The solver ECOS is not installed. 
Using SCS instead.
ECOS solver failed:  The solver ECOS is not installed. 
Using SCS instead.
ECOS solver failed:  The solver ECOS is not installed. 
Using SCS instead.
ECOS solver failed:  The solver ECOS is not installed. 
Using SCS instead.
ECOS solver failed:  The solver ECOS is not installed. 
Using SCS instead.
ECOS solver failed:  The solver ECOS is not installed. 
Using SCS instead.
ECOS solver failed:  The solver ECOS is not installed. 
Using SCS instead.
ECOS solver failed:  The solver ECOS is not installed. 
Using SCS instead.
M-step Design Matrix Calculation time (sec): 0.0145
ECOS solver failed in IPCW_HAL_init, falling back to SCS: The solver ECOS is not installed.
M-step CVXPY optimize time (sec): 1.4261
ECOS solver failed:  The solver ECOS is not installed. 
Using SCS instead.
ECOS solver failed:  The solver ECOS is not installed. 
Using SCS instead.
ECOS solver failed:  The solver ECOS is not installed. 
Using SCS instead.
ECOS solver failed:  The solver ECOS is not installed. 
Using SCS instead.
ECOS solver failed:  The solver ECOS is not installed. 
Using SCS instead.
ECOS solver failed:  The solver ECOS is not installed. 
Using SCS instead.
ECOS solver failed:  The solver ECOS is not installed. 
Using SCS instead.
ECOS solver failed:  The solver ECOS is not installed. 
Using SCS instead.
ECOS solver failed:  The solver ECOS is not installed. 
Using SCS instead.
ECOS solver failed:  The solver ECOS is not installed. 
Using SCS instead.
ECOS solver failed:  The solver ECOS is not installed. 
Using SCS instead.
ECOS solver failed:  The solver ECOS is not installed. 
Using SCS instead.
ECOS solver failed:  The solver ECOS is not installed. 
Using SCS instead.
ECOS solver failed:  The solver ECOS is not installed. 
Using SCS instead.
ECOS solver failed:  The solver ECOS is not installed. 
Using SCS instead.
ECOS solver failed:  The solver ECOS is not installed. 
Using SCS instead.
ECOS solver failed:  The solver ECOS is not installed. 
Using SCS instead.
ECOS solver failed:  The solver ECOS is not installed. 
Using SCS instead.
ECOS solver failed:  The solver ECOS is not installed. 
Using SCS instead.
ECOS solver failed:  The solver ECOS is not installed. 
Using SCS instead.
ECOS solver failed:  The solver ECOS is not installed. 
Using SCS instead.
M-step Design Matrix Calculation time (sec): 0.0284
ECOS solver failed in IPCW_HAL_init, falling back to SCS: The solver ECOS is not installed.
WARNING - large complementary slackness residual: 0.001726
M-step CVXPY optimize time (sec): 0.4296
ECOS solver failed:  The solver ECOS is not installed. 
Using SCS instead.
ECOS solver failed:  The solver ECOS is not installed. 
Using SCS instead.
ECOS solver failed:  The solver ECOS is not installed. 
Using SCS instead.
ECOS solver failed:  The solver ECOS is not installed. 
Using SCS instead.
ECOS solver failed:  The solver ECOS is not installed. 
Using SCS instead.
ECOS solver failed:  The solver ECOS is not installed. 
Using SCS instead.
ECOS solver failed:  The solver ECOS is not installed. 
Using SCS instead.
ECOS solver failed:  The solver ECOS is not installed. 
Using SCS instead.
ECOS solver failed:  The solver ECOS is not installed. 
Using SCS instead.
ECOS solver failed:  The solver ECOS is not installed. 
Using SCS instead.
ECOS solver failed:  The solver ECOS is not installed. 
Using SCS instead.
ECOS solver failed:  The solver ECOS is not installed. 
Using SCS instead.
ECOS solver failed:  The solver ECOS is not installed. 
Using SCS instead.
ECOS solver failed:  The solver ECOS is not installed. 
Using SCS instead.
ECOS solver failed:  The solver ECOS is not installed. 
Using SCS instead.
ECOS solver failed:  The solver ECOS is not installed. 
Using SCS instead.
ECOS solver failed:  The solver ECOS is not installed. 
Using SCS instead.
ECOS solver failed:  The solver ECOS is not installed. 
Using SCS instead.
ECOS solver failed:  The solver ECOS is not installed. 
Using SCS instead.
ECOS solver failed:  The solver ECOS is not installed. 
Using SCS instead.
ECOS solver failed:  The solver ECOS is not installed. 
Using SCS instead.
M-step Design Matrix Calculation time (sec): 0.0134
ECOS solver failed in IPCW_HAL_init, falling back to SCS: The solver ECOS is not installed.
M-step CVXPY optimize time (sec): 1.6464
ECOS solver failed:  The solver ECOS is not installed. 
Using SCS instead.
ECOS solver failed:  The solver ECOS is not installed. 
Using SCS instead.
ECOS solver failed:  The solver ECOS is not installed. 
Using SCS instead.
ECOS solver failed:  The solver ECOS is not installed. 
Using SCS instead.
ECOS solver failed:  The solver ECOS is not installed. 
Using SCS instead.
ECOS solver failed:  The solver ECOS is not installed. 
Using SCS instead.
ECOS solver failed:  The solver ECOS is not installed. 
Using SCS instead.
ECOS solver failed:  The solver ECOS is not installed. 
Using SCS instead.
ECOS solver failed:  The solver ECOS is not installed. 
Using SCS instead.
ECOS solver failed:  The solver ECOS is not installed. 
Using SCS instead.
ECOS solver failed:  The solver ECOS is not installed. 
Using SCS instead.
ECOS solver failed:  The solver ECOS is not installed. 
Using SCS instead.
ECOS solver failed:  The solver ECOS is not installed. 
Using SCS instead.
ECOS solver failed:  The solver ECOS is not installed. 
Using SCS instead.
ECOS solver failed:  The solver ECOS is not installed. 
Using SCS instead.
ECOS solver failed:  The solver ECOS is not installed. 
Using SCS instead.
ECOS solver failed:  The solver ECOS is not installed. 
Using SCS instead.
ECOS solver failed:  The solver ECOS is not installed. 
Using SCS instead.
ECOS solver failed:  The solver ECOS is not installed. 
Using SCS instead.
ECOS solver failed:  The solver ECOS is not installed. 
Using SCS instead.
ECOS solver failed:  The solver ECOS is not installed. 
Using SCS instead.
M-step Design Matrix Calculation time (sec): 0.0149
ECOS solver failed in IPCW_HAL_init, falling back to SCS: The solver ECOS is not installed.
M-step CVXPY optimize time (sec): 1.9028
ECOS solver failed:  The solver ECOS is not installed. 
Using SCS instead.
ECOS solver failed:  The solver ECOS is not installed. 
Using SCS instead.
ECOS solver failed:  The solver ECOS is not installed. 
Using SCS instead.
ECOS solver failed:  The solver ECOS is not installed. 
Using SCS instead.
ECOS solver failed:  The solver ECOS is not installed. 
Using SCS instead.
ECOS solver failed:  The solver ECOS is not installed. 
Using SCS instead.
ECOS solver failed:  The solver ECOS is not installed. 
Using SCS instead.
ECOS solver failed:  The solver ECOS is not installed. 
Using SCS instead.
ECOS solver failed:  The solver ECOS is not installed. 
Using SCS instead.
ECOS solver failed:  The solver ECOS is not installed. 
Using SCS instead.
ECOS solver failed:  The solver ECOS is not installed. 
Using SCS instead.
ECOS solver failed:  The solver ECOS is not installed. 
Using SCS instead.
ECOS solver failed:  The solver ECOS is not installed. 
Using SCS instead.
ECOS solver failed:  The solver ECOS is not installed. 
Using SCS instead.
ECOS solver failed:  The solver ECOS is not installed. 
Using SCS instead.
ECOS solver failed:  The solver ECOS is not installed. 
Using SCS instead.
ECOS solver failed:  The solver ECOS is not installed. 
Using SCS instead.
ECOS solver failed:  The solver ECOS is not installed. 
Using SCS instead.
ECOS solver failed:  The solver ECOS is not installed. 
Using SCS instead.
ECOS solver failed:  The solver ECOS is not installed. 
Using SCS instead.
ECOS solver failed:  The solver ECOS is not installed. 
Using SCS instead.
M-step Design Matrix Calculation time (sec): 0.0139
ECOS solver failed in IPCW_HAL_init, falling back to SCS: The solver ECOS is not installed.
M-step CVXPY optimize time (sec): 0.4605
ECOS solver failed:  The solver ECOS is not installed. 
Using SCS instead.
ECOS solver failed:  The solver ECOS is not installed. 
Using SCS instead.
ECOS solver failed:  The solver ECOS is not installed. 
Using SCS instead.
ECOS solver failed:  The solver ECOS is not installed. 
Using SCS instead.
ECOS solver failed:  The solver ECOS is not installed. 
Using SCS instead.
ECOS solver failed:  The solver ECOS is not installed. 
Using SCS instead.
ECOS solver failed:  The solver ECOS is not installed. 
Using SCS instead.
ECOS solver failed:  The solver ECOS is not installed. 
Using SCS instead.
ECOS solver failed:  The solver ECOS is not installed. 
Using SCS instead.
ECOS solver failed:  The solver ECOS is not installed. 
Using SCS instead.
ECOS solver failed:  The solver ECOS is not installed. 
Using SCS instead.
ECOS solver failed:  The solver ECOS is not installed. 
Using SCS instead.
ECOS solver failed:  The solver ECOS is not installed. 
Using SCS instead.
ECOS solver failed:  The solver ECOS is not installed. 
Using SCS instead.
ECOS solver failed:  The solver ECOS is not installed. 
Using SCS instead.
ECOS solver failed:  The solver ECOS is not installed. 
Using SCS instead.
ECOS solver failed:  The solver ECOS is not installed. 
Using SCS instead.
ECOS solver failed:  The solver ECOS is not installed. 
Using SCS instead.
ECOS solver failed:  The solver ECOS is not installed. 
Using SCS instead.
ECOS solver failed:  The solver ECOS is not installed. 
Using SCS instead.
ECOS solver failed:  The solver ECOS is not installed. 
Using SCS instead.
M-step Design Matrix Calculation time (sec): 0.0141
ECOS solver failed in IPCW_HAL_init, falling back to SCS: The solver ECOS is not installed.
M-step CVXPY optimize time (sec): 0.3208
ECOS solver failed:  The solver ECOS is not installed. 
Using SCS instead.
ECOS solver failed:  The solver ECOS is not installed. 
Using SCS instead.
ECOS solver failed:  The solver ECOS is not installed. 
Using SCS instead.
ECOS solver failed:  The solver ECOS is not installed. 
Using SCS instead.
ECOS solver failed:  The solver ECOS is not installed. 
Using SCS instead.
ECOS solver failed:  The solver ECOS is not installed. 
Using SCS instead.
ECOS solver failed:  The solver ECOS is not installed. 
Using SCS instead.
ECOS solver failed:  The solver ECOS is not installed. 
Using SCS instead.
ECOS solver failed:  The solver ECOS is not installed. 
Using SCS instead.
ECOS solver failed:  The solver ECOS is not installed. 
Using SCS instead.
ECOS solver failed:  The solver ECOS is not installed. 
Using SCS instead.
ECOS solver failed:  The solver ECOS is not installed. 
Using SCS instead.
ECOS solver failed:  The solver ECOS is not installed. 
Using SCS instead.
ECOS solver failed:  The solver ECOS is not installed. 
Using SCS instead.
ECOS solver failed:  The solver ECOS is not installed. 
Using SCS instead.
ECOS solver failed:  The solver ECOS is not installed. 
Using SCS instead.
ECOS solver failed:  The solver ECOS is not installed. 
Using SCS instead.
ECOS solver failed:  The solver ECOS is not installed. 
Using SCS instead.
ECOS solver failed:  The solver ECOS is not installed. 
Using SCS instead.
ECOS solver failed:  The solver ECOS is not installed. 
Using SCS instead.
ECOS solver failed:  The solver ECOS is not installed. 
Using SCS instead.
M-step Design Matrix Calculation time (sec): 0.0617
ECOS solver failed in IPCW_HAL_init, falling back to SCS: The solver ECOS is not installed.
M-step CVXPY optimize time (sec): 0.1749
ECOS solver failed:  The solver ECOS is not installed. 
Using SCS instead.
ECOS solver failed:  The solver ECOS is not installed. 
Using SCS instead.
ECOS solver failed:  The solver ECOS is not installed. 
Using SCS instead.
ECOS solver failed:  The solver ECOS is not installed. 
Using SCS instead.
ECOS solver failed:  The solver ECOS is not installed. 
Using SCS instead.
ECOS solver failed:  The solver ECOS is not installed. 
Using SCS instead.
ECOS solver failed:  The solver ECOS is not installed. 
Using SCS instead.
ECOS solver failed:  The solver ECOS is not installed. 
Using SCS instead.
ECOS solver failed:  The solver ECOS is not installed. 
Using SCS instead.
ECOS solver failed:  The solver ECOS is not installed. 
Using SCS instead.
ECOS solver failed:  The solver ECOS is not installed. 
Using SCS instead.
ECOS solver failed:  The solver ECOS is not installed. 
Using SCS instead.
ECOS solver failed:  The solver ECOS is not installed. 
Using SCS instead.
ECOS solver failed:  The solver ECOS is not installed. 
Using SCS instead.
ECOS solver failed:  The solver ECOS is not installed. 
Using SCS instead.
ECOS solver failed:  The solver ECOS is not installed. 
Using SCS instead.
ECOS solver failed:  The solver ECOS is not installed. 
Using SCS instead.
ECOS solver failed:  The solver ECOS is not installed. 
Using SCS instead.
ECOS solver failed:  The solver ECOS is not installed. 
Using SCS instead.
ECOS solver failed:  The solver ECOS is not installed. 
Using SCS instead.
ECOS solver failed:  The solver ECOS is not installed. 
Using SCS instead.
M-step Design Matrix Calculation time (sec): 0.0159
ECOS solver failed in IPCW_HAL_init, falling back to SCS: The solver ECOS is not installed.
WARNING - large complementary slackness residual: 0.001330
M-step CVXPY optimize time (sec): 1.4839
ECOS solver failed:  The solver ECOS is not installed. 
Using SCS instead.
ECOS solver failed:  The solver ECOS is not installed. 
Using SCS instead.
ECOS solver failed:  The solver ECOS is not installed. 
Using SCS instead.
ECOS solver failed:  The solver ECOS is not installed. 
Using SCS instead.
ECOS solver failed:  The solver ECOS is not installed. 
Using SCS instead.
ECOS solver failed:  The solver ECOS is not installed. 
Using SCS instead.
ECOS solver failed:  The solver ECOS is not installed. 
Using SCS instead.
ECOS solver failed:  The solver ECOS is not installed. 
Using SCS instead.
ECOS solver failed:  The solver ECOS is not installed. 
Using SCS instead.
ECOS solver failed:  The solver ECOS is not installed. 
Using SCS instead.
ECOS solver failed:  The solver ECOS is not installed. 
Using SCS instead.
ECOS solver failed:  The solver ECOS is not installed. 
Using SCS instead.
ECOS solver failed:  The solver ECOS is not installed. 
Using SCS instead.
ECOS solver failed:  The solver ECOS is not installed. 
Using SCS instead.
ECOS solver failed:  The solver ECOS is not installed. 
Using SCS instead.
ECOS solver failed:  The solver ECOS is not installed. 
Using SCS instead.
ECOS solver failed:  The solver ECOS is not installed. 
Using SCS instead.
ECOS solver failed:  The solver ECOS is not installed. 
Using SCS instead.
ECOS solver failed:  The solver ECOS is not installed. 
Using SCS instead.
ECOS solver failed:  The solver ECOS is not installed. 
Using SCS instead.
ECOS solver failed:  The solver ECOS is not installed. 
Using SCS instead.
M-step Design Matrix Calculation time (sec): 0.0177
ECOS solver failed in IPCW_HAL_init, falling back to SCS: The solver ECOS is not installed.
M-step CVXPY optimize time (sec): 1.0223
ECOS solver failed:  The solver ECOS is not installed. 
Using SCS instead.
ECOS solver failed:  The solver ECOS is not installed. 
Using SCS instead.
ECOS solver failed:  The solver ECOS is not installed. 
Using SCS instead.
ECOS solver failed:  The solver ECOS is not installed. 
Using SCS instead.
ECOS solver failed:  The solver ECOS is not installed. 
Using SCS instead.
ECOS solver failed:  The solver ECOS is not installed. 
Using SCS instead.
ECOS solver failed:  The solver ECOS is not installed. 
Using SCS instead.
ECOS solver failed:  The solver ECOS is not installed. 
Using SCS instead.
ECOS solver failed:  The solver ECOS is not installed. 
Using SCS instead.
ECOS solver failed:  The solver ECOS is not installed. 
Using SCS instead.
ECOS solver failed:  The solver ECOS is not installed. 
Using SCS instead.
ECOS solver failed:  The solver ECOS is not installed. 
Using SCS instead.
ECOS solver failed:  The solver ECOS is not installed. 
Using SCS instead.
ECOS solver failed:  The solver ECOS is not installed. 
Using SCS instead.
ECOS solver failed:  The solver ECOS is not installed. 
Using SCS instead.
ECOS solver failed:  The solver ECOS is not installed. 
Using SCS instead.
ECOS solver failed:  The solver ECOS is not installed. 
Using SCS instead.
ECOS solver failed:  The solver ECOS is not installed. 
Using SCS instead.
ECOS solver failed:  The solver ECOS is not installed. 
Using SCS instead.
ECOS solver failed:  The solver ECOS is not installed. 
Using SCS instead.
ECOS solver failed:  The solver ECOS is not installed. 
Using SCS instead.
M-step Design Matrix Calculation time (sec): 0.0264
ECOS solver failed in IPCW_HAL_init, falling back to SCS: The solver ECOS is not installed.
M-step CVXPY optimize time (sec): 0.2025
ECOS solver failed:  The solver ECOS is not installed. 
Using SCS instead.
ECOS solver failed:  The solver ECOS is not installed. 
Using SCS instead.
ECOS solver failed:  The solver ECOS is not installed. 
Using SCS instead.
ECOS solver failed:  The solver ECOS is not installed. 
Using SCS instead.
ECOS solver failed:  The solver ECOS is not installed. 
Using SCS instead.
ECOS solver failed:  The solver ECOS is not installed. 
Using SCS instead.
ECOS solver failed:  The solver ECOS is not installed. 
Using SCS instead.
ECOS solver failed:  The solver ECOS is not installed. 
Using SCS instead.
ECOS solver failed:  The solver ECOS is not installed. 
Using SCS instead.
ECOS solver failed:  The solver ECOS is not installed. 
Using SCS instead.
ECOS solver failed:  The solver ECOS is not installed. 
Using SCS instead.
ECOS solver failed:  The solver ECOS is not installed. 
Using SCS instead.
ECOS solver failed:  The solver ECOS is not installed. 
Using SCS instead.
ECOS solver failed:  The solver ECOS is not installed. 
Using SCS instead.
ECOS solver failed:  The solver ECOS is not installed. 
Using SCS instead.
ECOS solver failed:  The solver ECOS is not installed. 
Using SCS instead.
ECOS solver failed:  The solver ECOS is not installed. 
Using SCS instead.
ECOS solver failed:  The solver ECOS is not installed. 
Using SCS instead.
ECOS solver failed:  The solver ECOS is not installed. 
Using SCS instead.
ECOS solver failed:  The solver ECOS is not installed. 
Using SCS instead.
ECOS solver failed:  The solver ECOS is not installed. 
Using SCS instead.
M-step Design Matrix Calculation time (sec): 0.0148
ECOS solver failed in IPCW_HAL_init, falling back to SCS: The solver ECOS is not installed.
WARNING - large complementary slackness residual: 0.003564
M-step CVXPY optimize time (sec): 0.4605
ECOS solver failed:  The solver ECOS is not installed. 
Using SCS instead.
ECOS solver failed:  The solver ECOS is not installed. 
Using SCS instead.
ECOS solver failed:  The solver ECOS is not installed. 
Using SCS instead.
ECOS solver failed:  The solver ECOS is not installed. 
Using SCS instead.
ECOS solver failed:  The solver ECOS is not installed. 
Using SCS instead.
ECOS solver failed:  The solver ECOS is not installed. 
Using SCS instead.
ECOS solver failed:  The solver ECOS is not installed. 
Using SCS instead.
ECOS solver failed:  The solver ECOS is not installed. 
Using SCS instead.
ECOS solver failed:  The solver ECOS is not installed. 
Using SCS instead.
ECOS solver failed:  The solver ECOS is not installed. 
Using SCS instead.
ECOS solver failed:  The solver ECOS is not installed. 
Using SCS instead.
ECOS solver failed:  The solver ECOS is not installed. 
Using SCS instead.
ECOS solver failed:  The solver ECOS is not installed. 
Using SCS instead.
ECOS solver failed:  The solver ECOS is not installed. 
Using SCS instead.
ECOS solver failed:  The solver ECOS is not installed. 
Using SCS instead.
ECOS solver failed:  The solver ECOS is not installed. 
Using SCS instead.
ECOS solver failed:  The solver ECOS is not installed. 
Using SCS instead.
ECOS solver failed:  The solver ECOS is not installed. 
Using SCS instead.
ECOS solver failed:  The solver ECOS is not installed. 
Using SCS instead.
ECOS solver failed:  The solver ECOS is not installed. 
Using SCS instead.
ECOS solver failed:  The solver ECOS is not installed. 
Using SCS instead.
M-step Design Matrix Calculation time (sec): 0.0173
ECOS solver failed in IPCW_HAL_init, falling back to SCS: The solver ECOS is not installed.
WARNING - large complementary slackness residual: 0.001799
M-step CVXPY optimize time (sec): 0.8850
ECOS solver failed:  The solver ECOS is not installed. 
Using SCS instead.
ECOS solver failed:  The solver ECOS is not installed. 
Using SCS instead.
ECOS solver failed:  The solver ECOS is not installed. 
Using SCS instead.
ECOS solver failed:  The solver ECOS is not installed. 
Using SCS instead.
ECOS solver failed:  The solver ECOS is not installed. 
Using SCS instead.
ECOS solver failed:  The solver ECOS is not installed. 
Using SCS instead.
ECOS solver failed:  The solver ECOS is not installed. 
Using SCS instead.
ECOS solver failed:  The solver ECOS is not installed. 
Using SCS instead.
ECOS solver failed:  The solver ECOS is not installed. 
Using SCS instead.
ECOS solver failed:  The solver ECOS is not installed. 
Using SCS instead.
ECOS solver failed:  The solver ECOS is not installed. 
Using SCS instead.
ECOS solver failed:  The solver ECOS is not installed. 
Using SCS instead.
ECOS solver failed:  The solver ECOS is not installed. 
Using SCS instead.
ECOS solver failed:  The solver ECOS is not installed. 
Using SCS instead.
ECOS solver failed:  The solver ECOS is not installed. 
Using SCS instead.
ECOS solver failed:  The solver ECOS is not installed. 
Using SCS instead.
ECOS solver failed:  The solver ECOS is not installed. 
Using SCS instead.
ECOS solver failed:  The solver ECOS is not installed. 
Using SCS instead.
ECOS solver failed:  The solver ECOS is not installed. 
Using SCS instead.
ECOS solver failed:  The solver ECOS is not installed. 
Using SCS instead.
ECOS solver failed:  The solver ECOS is not installed. 
Using SCS instead.
M-step Design Matrix Calculation time (sec): 0.0264
ECOS solver failed in IPCW_HAL_init, falling back to SCS: The solver ECOS is not installed.
WARNING - large complementary slackness residual: 0.001140
M-step CVXPY optimize time (sec): 0.5851
ECOS solver failed:  The solver ECOS is not installed. 
Using SCS instead.
ECOS solver failed:  The solver ECOS is not installed. 
Using SCS instead.
ECOS solver failed:  The solver ECOS is not installed. 
Using SCS instead.
ECOS solver failed:  The solver ECOS is not installed. 
Using SCS instead.
ECOS solver failed:  The solver ECOS is not installed. 
Using SCS instead.
ECOS solver failed:  The solver ECOS is not installed. 
Using SCS instead.
ECOS solver failed:  The solver ECOS is not installed. 
Using SCS instead.
ECOS solver failed:  The solver ECOS is not installed. 
Using SCS instead.
ECOS solver failed:  The solver ECOS is not installed. 
Using SCS instead.
ECOS solver failed:  The solver ECOS is not installed. 
Using SCS instead.
ECOS solver failed:  The solver ECOS is not installed. 
Using SCS instead.
ECOS solver failed:  The solver ECOS is not installed. 
Using SCS instead.
ECOS solver failed:  The solver ECOS is not installed. 
Using SCS instead.
ECOS solver failed:  The solver ECOS is not installed. 
Using SCS instead.
ECOS solver failed:  The solver ECOS is not installed. 
Using SCS instead.
ECOS solver failed:  The solver ECOS is not installed. 
Using SCS instead.
ECOS solver failed:  The solver ECOS is not installed. 
Using SCS instead.
ECOS solver failed:  The solver ECOS is not installed. 
Using SCS instead.
ECOS solver failed:  The solver ECOS is not installed. 
Using SCS instead.
ECOS solver failed:  The solver ECOS is not installed. 
Using SCS instead.
ECOS solver failed:  The solver ECOS is not installed. 
Using SCS instead.
M-step Design Matrix Calculation time (sec): 0.0372
ECOS solver failed in IPCW_HAL_init, falling back to SCS: The solver ECOS is not installed.
M-step CVXPY optimize time (sec): 1.7855
ECOS solver failed:  The solver ECOS is not installed. 
Using SCS instead.
ECOS solver failed:  The solver ECOS is not installed. 
Using SCS instead.
ECOS solver failed:  The solver ECOS is not installed. 
Using SCS instead.
ECOS solver failed:  The solver ECOS is not installed. 
Using SCS instead.
ECOS solver failed:  The solver ECOS is not installed. 
Using SCS instead.
ECOS solver failed:  The solver ECOS is not installed. 
Using SCS instead.
ECOS solver failed:  The solver ECOS is not installed. 
Using SCS instead.
ECOS solver failed:  The solver ECOS is not installed. 
Using SCS instead.
ECOS solver failed:  The solver ECOS is not installed. 
Using SCS instead.
ECOS solver failed:  The solver ECOS is not installed. 
Using SCS instead.
ECOS solver failed:  The solver ECOS is not installed. 
Using SCS instead.
ECOS solver failed:  The solver ECOS is not installed. 
Using SCS instead.
ECOS solver failed:  The solver ECOS is not installed. 
Using SCS instead.
ECOS solver failed:  The solver ECOS is not installed. 
Using SCS instead.
ECOS solver failed:  The solver ECOS is not installed. 
Using SCS instead.
ECOS solver failed:  The solver ECOS is not installed. 
Using SCS instead.
ECOS solver failed:  The solver ECOS is not installed. 
Using SCS instead.
ECOS solver failed:  The solver ECOS is not installed. 
Using SCS instead.
ECOS solver failed:  The solver ECOS is not installed. 
Using SCS instead.
ECOS solver failed:  The solver ECOS is not installed. 
Using SCS instead.
ECOS solver failed:  The solver ECOS is not installed. 
Using SCS instead.
M-step Design Matrix Calculation time (sec): 0.0183
ECOS solver failed in IPCW_HAL_init, falling back to SCS: The solver ECOS is not installed.
WARNING - large complementary slackness residual: 0.001465
M-step CVXPY optimize time (sec): 0.6310
ECOS solver failed:  The solver ECOS is not installed. 
Using SCS instead.
ECOS solver failed:  The solver ECOS is not installed. 
Using SCS instead.
ECOS solver failed:  The solver ECOS is not installed. 
Using SCS instead.
ECOS solver failed:  The solver ECOS is not installed. 
Using SCS instead.
ECOS solver failed:  The solver ECOS is not installed. 
Using SCS instead.
ECOS solver failed:  The solver ECOS is not installed. 
Using SCS instead.
ECOS solver failed:  The solver ECOS is not installed. 
Using SCS instead.
ECOS solver failed:  The solver ECOS is not installed. 
Using SCS instead.
ECOS solver failed:  The solver ECOS is not installed. 
Using SCS instead.
ECOS solver failed:  The solver ECOS is not installed. 
Using SCS instead.
ECOS solver failed:  The solver ECOS is not installed. 
Using SCS instead.
ECOS solver failed:  The solver ECOS is not installed. 
Using SCS instead.
ECOS solver failed:  The solver ECOS is not installed. 
Using SCS instead.
ECOS solver failed:  The solver ECOS is not installed. 
Using SCS instead.
ECOS solver failed:  The solver ECOS is not installed. 
Using SCS instead.
ECOS solver failed:  The solver ECOS is not installed. 
Using SCS instead.
ECOS solver failed:  The solver ECOS is not installed. 
Using SCS instead.
ECOS solver failed:  The solver ECOS is not installed. 
Using SCS instead.
ECOS solver failed:  The solver ECOS is not installed. 
Using SCS instead.
ECOS solver failed:  The solver ECOS is not installed. 
Using SCS instead.
ECOS solver failed:  The solver ECOS is not installed. 
Using SCS instead.
M-step Design Matrix Calculation time (sec): 0.0158
ECOS solver failed in IPCW_HAL_init, falling back to SCS: The solver ECOS is not installed.
WARNING - large complementary slackness residual: 0.001340
M-step CVXPY optimize time (sec): 0.6053
ECOS solver failed:  The solver ECOS is not installed. 
Using SCS instead.
ECOS solver failed:  The solver ECOS is not installed. 
Using SCS instead.
ECOS solver failed:  The solver ECOS is not installed. 
Using SCS instead.
ECOS solver failed:  The solver ECOS is not installed. 
Using SCS instead.
ECOS solver failed:  The solver ECOS is not installed. 
Using SCS instead.
ECOS solver failed:  The solver ECOS is not installed. 
Using SCS instead.
ECOS solver failed:  The solver ECOS is not installed. 
Using SCS instead.
ECOS solver failed:  The solver ECOS is not installed. 
Using SCS instead.
ECOS solver failed:  The solver ECOS is not installed. 
Using SCS instead.
ECOS solver failed:  The solver ECOS is not installed. 
Using SCS instead.
ECOS solver failed:  The solver ECOS is not installed. 
Using SCS instead.
ECOS solver failed:  The solver ECOS is not installed. 
Using SCS instead.
ECOS solver failed:  The solver ECOS is not installed. 
Using SCS instead.
ECOS solver failed:  The solver ECOS is not installed. 
Using SCS instead.
ECOS solver failed:  The solver ECOS is not installed. 
Using SCS instead.
ECOS solver failed:  The solver ECOS is not installed. 
Using SCS instead.
ECOS solver failed:  The solver ECOS is not installed. 
Using SCS instead.
ECOS solver failed:  The solver ECOS is not installed. 
Using SCS instead.
ECOS solver failed:  The solver ECOS is not installed. 
Using SCS instead.
ECOS solver failed:  The solver ECOS is not installed. 
Using SCS instead.
ECOS solver failed:  The solver ECOS is not installed. 
Using SCS instead.
M-step Design Matrix Calculation time (sec): 0.0147
ECOS solver failed in IPCW_HAL_init, falling back to SCS: The solver ECOS is not installed.
WARNING - large complementary slackness residual: 0.002895
M-step CVXPY optimize time (sec): 0.2539
ECOS solver failed:  The solver ECOS is not installed. 
Using SCS instead.
ECOS solver failed:  The solver ECOS is not installed. 
Using SCS instead.
ECOS solver failed:  The solver ECOS is not installed. 
Using SCS instead.
ECOS solver failed:  The solver ECOS is not installed. 
Using SCS instead.
ECOS solver failed:  The solver ECOS is not installed. 
Using SCS instead.
ECOS solver failed:  The solver ECOS is not installed. 
Using SCS instead.
ECOS solver failed:  The solver ECOS is not installed. 
Using SCS instead.
ECOS solver failed:  The solver ECOS is not installed. 
Using SCS instead.
ECOS solver failed:  The solver ECOS is not installed. 
Using SCS instead.
ECOS solver failed:  The solver ECOS is not installed. 
Using SCS instead.
ECOS solver failed:  The solver ECOS is not installed. 
Using SCS instead.
ECOS solver failed:  The solver ECOS is not installed. 
Using SCS instead.
ECOS solver failed:  The solver ECOS is not installed. 
Using SCS instead.
ECOS solver failed:  The solver ECOS is not installed. 
Using SCS instead.
ECOS solver failed:  The solver ECOS is not installed. 
Using SCS instead.
ECOS solver failed:  The solver ECOS is not installed. 
Using SCS instead.
ECOS solver failed:  The solver ECOS is not installed. 
Using SCS instead.
ECOS solver failed:  The solver ECOS is not installed. 
Using SCS instead.
ECOS solver failed:  The solver ECOS is not installed. 
Using SCS instead.
ECOS solver failed:  The solver ECOS is not installed. 
Using SCS instead.
ECOS solver failed:  The solver ECOS is not installed. 
Using SCS instead.
M-step Design Matrix Calculation time (sec): 0.0333
ECOS solver failed in IPCW_HAL_init, falling back to SCS: The solver ECOS is not installed.
M-step CVXPY optimize time (sec): 0.8427
ECOS solver failed:  The solver ECOS is not installed. 
Using SCS instead.
ECOS solver failed:  The solver ECOS is not installed. 
Using SCS instead.
ECOS solver failed:  The solver ECOS is not installed. 
Using SCS instead.
ECOS solver failed:  The solver ECOS is not installed. 
Using SCS instead.
ECOS solver failed:  The solver ECOS is not installed. 
Using SCS instead.
ECOS solver failed:  The solver ECOS is not installed. 
Using SCS instead.
ECOS solver failed:  The solver ECOS is not installed. 
Using SCS instead.
ECOS solver failed:  The solver ECOS is not installed. 
Using SCS instead.
ECOS solver failed:  The solver ECOS is not installed. 
Using SCS instead.
ECOS solver failed:  The solver ECOS is not installed. 
Using SCS instead.
ECOS solver failed:  The solver ECOS is not installed. 
Using SCS instead.
ECOS solver failed:  The solver ECOS is not installed. 
Using SCS instead.
ECOS solver failed:  The solver ECOS is not installed. 
Using SCS instead.
ECOS solver failed:  The solver ECOS is not installed. 
Using SCS instead.
ECOS solver failed:  The solver ECOS is not installed. 
Using SCS instead.
ECOS solver failed:  The solver ECOS is not installed. 
Using SCS instead.
ECOS solver failed:  The solver ECOS is not installed. 
Using SCS instead.
ECOS solver failed:  The solver ECOS is not installed. 
Using SCS instead.
ECOS solver failed:  The solver ECOS is not installed. 
Using SCS instead.
ECOS solver failed:  The solver ECOS is not installed. 
Using SCS instead.
ECOS solver failed:  The solver ECOS is not installed. 
Using SCS instead.
M-step Design Matrix Calculation time (sec): 0.0121
ECOS solver failed in IPCW_HAL_init, falling back to SCS: The solver ECOS is not installed.
M-step CVXPY optimize time (sec): 0.8701
ECOS solver failed:  The solver ECOS is not installed. 
Using SCS instead.
ECOS solver failed:  The solver ECOS is not installed. 
Using SCS instead.
ECOS solver failed:  The solver ECOS is not installed. 
Using SCS instead.
ECOS solver failed:  The solver ECOS is not installed. 
Using SCS instead.
ECOS solver failed:  The solver ECOS is not installed. 
Using SCS instead.
ECOS solver failed:  The solver ECOS is not installed. 
Using SCS instead.
ECOS solver failed:  The solver ECOS is not installed. 
Using SCS instead.
ECOS solver failed:  The solver ECOS is not installed. 
Using SCS instead.
ECOS solver failed:  The solver ECOS is not installed. 
Using SCS instead.
ECOS solver failed:  The solver ECOS is not installed. 
Using SCS instead.
ECOS solver failed:  The solver ECOS is not installed. 
Using SCS instead.
ECOS solver failed:  The solver ECOS is not installed. 
Using SCS instead.
ECOS solver failed:  The solver ECOS is not installed. 
Using SCS instead.
ECOS solver failed:  The solver ECOS is not installed. 
Using SCS instead.
ECOS solver failed:  The solver ECOS is not installed. 
Using SCS instead.
ECOS solver failed:  The solver ECOS is not installed. 
Using SCS instead.
ECOS solver failed:  The solver ECOS is not installed. 
Using SCS instead.
ECOS solver failed:  The solver ECOS is not installed. 
Using SCS instead.
ECOS solver failed:  The solver ECOS is not installed. 
Using SCS instead.
ECOS solver failed:  The solver ECOS is not installed. 
Using SCS instead.
ECOS solver failed:  The solver ECOS is not installed. 
Using SCS instead.
M-step Design Matrix Calculation time (sec): 0.0161
ECOS solver failed in IPCW_HAL_init, falling back to SCS: The solver ECOS is not installed.
M-step CVXPY optimize time (sec): 0.3760
ECOS solver failed:  The solver ECOS is not installed. Saved CSV files and lambda frequency plot.
