ECOS solver failed:  The solver ECOS is not installed. 
Using SCS instead.
ECOS solver failed:  The solver ECOS is not installed. 
Using SCS instead.
ECOS solver failed:  The solver ECOS is not installed. 
Using SCS instead.
ECOS solver failed:  The solver ECOS is not installed. 
Using SCS instead.
ECOS solver failed:  The solver ECOS is not installed. 
Using SCS instead.
ECOS solver failed:  The solver ECOS is not installed. 
Using SCS instead.
ECOS solver failed:  The solver ECOS is not installed. 
Using SCS instead.
ECOS solver failed:  The solver ECOS is not installed. 
Using SCS instead.
ECOS solver failed:  The solver ECOS is not installed. 
Using SCS instead.
ECOS solver failed:  The solver ECOS is not installed. 
Using SCS instead.
ECOS solver failed:  The solver ECOS is not installed. 
Using SCS instead.
ECOS solver failed:  The solver ECOS is not installed. 
Using SCS instead.
ECOS solver failed:  The solver ECOS is not installed. 
Using SCS instead.
ECOS solver failed:  The solver ECOS is not installed. 
Using SCS instead.
ECOS solver failed:  The solver ECOS is not installed. 
Using SCS instead.
ECOS solver failed:  The solver ECOS is not installed. 
Using SCS instead.
ECOS solver failed:  The solver ECOS is not installed. 
Using SCS instead.
ECOS solver failed:  The solver ECOS is not installed. 
Using SCS instead.
ECOS solver failed:  The solver ECOS is not installed. 
Using SCS instead.
ECOS solver failed:  The solver ECOS is not installed. 
Using SCS instead.
ECOS solver failed:  The solver ECOS is not installed. 
Using SCS instead.
M-step Design Matrix Calculation time (sec): 0.0561
ECOS solver failed in IPCW_HAL_init, falling back to SCS: The solver ECOS is not installed.
WARNING - large complementary slackness residual: 0.021230
M-step CVXPY optimize time (sec): 2.2224
ECOS solver failed:  The solver ECOS is not installed. 
Using SCS instead.
ECOS solver failed:  The solver ECOS is not installed. 
Using SCS instead.
ECOS solver failed:  The solver ECOS is not installed. 
Using SCS instead.
ECOS solver failed:  The solver ECOS is not installed. 
Using SCS instead.
ECOS solver failed:  The solver ECOS is not installed. 
Using SCS instead.
ECOS solver failed:  The solver ECOS is not installed. 
Using SCS instead.
ECOS solver failed:  The solver ECOS is not installed. 
Using SCS instead.
ECOS solver failed:  The solver ECOS is not installed. 
Using SCS instead.
ECOS solver failed:  The solver ECOS is not installed. 
Using SCS instead.
ECOS solver failed:  The solver ECOS is not installed. 
Using SCS instead.
ECOS solver failed:  The solver ECOS is not installed. 
Using SCS instead.
ECOS solver failed:  The solver ECOS is not installed. 
Using SCS instead.
ECOS solver failed:  The solver ECOS is not installed. 
Using SCS instead.
ECOS solver failed:  The solver ECOS is not installed. 
Using SCS instead.
ECOS solver failed:  The solver ECOS is not installed. 
Using SCS instead.
ECOS solver failed:  The solver ECOS is not installed. 
Using SCS instead.
ECOS solver failed:  The solver ECOS is not installed. 
Using SCS instead.
ECOS solver failed:  The solver ECOS is not installed. 
Using SCS instead.
ECOS solver failed:  The solver ECOS is not installed. 
Using SCS instead.
ECOS solver failed:  The solver ECOS is not installed. 
Using SCS instead.
ECOS solver failed:  The solver ECOS is not installed. 
Using SCS instead.
M-step Design Matrix Calculation time (sec): 0.0186
ECOS solver failed in IPCW_HAL_init, falling back to SCS: The solver ECOS is not installed.
WARNING - large complementary slackness residual: 0.011179
M-step CVXPY optimize time (sec): 1.1229
ECOS solver failed:  The solver ECOS is not installed. 
Using SCS instead.
ECOS solver failed:  The solver ECOS is not installed. 
Using SCS instead.
ECOS solver failed:  The solver ECOS is not installed. 
Using SCS instead.
ECOS solver failed:  The solver ECOS is not installed. 
Using SCS instead.
ECOS solver failed:  The solver ECOS is not installed. 
Using SCS instead.
ECOS solver failed:  The solver ECOS is not installed. 
Using SCS instead.
ECOS solver failed:  The solver ECOS is not installed. 
Using SCS instead.
ECOS solver failed:  The solver ECOS is not installed. 
Using SCS instead.
ECOS solver failed:  The solver ECOS is not installed. 
Using SCS instead.
ECOS solver failed:  The solver ECOS is not installed. 
Using SCS instead.
ECOS solver failed:  The solver ECOS is not installed. 
Using SCS instead.
ECOS solver failed:  The solver ECOS is not installed. 
Using SCS instead.
ECOS solver failed:  The solver ECOS is not installed. 
Using SCS instead.
ECOS solver failed:  The solver ECOS is not installed. 
Using SCS instead.
ECOS solver failed:  The solver ECOS is not installed. 
Using SCS instead.
ECOS solver failed:  The solver ECOS is not installed. 
Using SCS instead.
ECOS solver failed:  The solver ECOS is not installed. 
Using SCS instead.
ECOS solver failed:  The solver ECOS is not installed. 
Using SCS instead.
ECOS solver failed:  The solver ECOS is not installed. 
Using SCS instead.
ECOS solver failed:  The solver ECOS is not installed. 
Using SCS instead.
ECOS solver failed:  The solver ECOS is not installed. 
Using SCS instead.
M-step Design Matrix Calculation time (sec): 0.0665
ECOS solver failed in IPCW_HAL_init, falling back to SCS: The solver ECOS is not installed.
WARNING - large complementary slackness residual: 0.006734
M-step CVXPY optimize time (sec): 2.6891
ECOS solver failed:  The solver ECOS is not installed. 
Using SCS instead.
ECOS solver failed:  The solver ECOS is not installed. 
Using SCS instead.
ECOS solver failed:  The solver ECOS is not installed. 
Using SCS instead.
ECOS solver failed:  The solver ECOS is not installed. 
Using SCS instead.
ECOS solver failed:  The solver ECOS is not installed. 
Using SCS instead.
ECOS solver failed:  The solver ECOS is not installed. 
Using SCS instead.
ECOS solver failed:  The solver ECOS is not installed. 
Using SCS instead.
ECOS solver failed:  The solver ECOS is not installed. 
Using SCS instead.
ECOS solver failed:  The solver ECOS is not installed. 
Using SCS instead.
ECOS solver failed:  The solver ECOS is not installed. 
Using SCS instead.
ECOS solver failed:  The solver ECOS is not installed. 
Using SCS instead.
ECOS solver failed:  The solver ECOS is not installed. 
Using SCS instead.
ECOS solver failed:  The solver ECOS is not installed. 
Using SCS instead.
ECOS solver failed:  The solver ECOS is not installed. 
Using SCS instead.
ECOS solver failed:  The solver ECOS is not installed. 
Using SCS instead.
ECOS solver failed:  The solver ECOS is not installed. 
Using SCS instead.
ECOS solver failed:  The solver ECOS is not installed. 
Using SCS instead.
ECOS solver failed:  The solver ECOS is not installed. 
Using SCS instead.
ECOS solver failed:  The solver ECOS is not installed. 
Using SCS instead.
ECOS solver failed:  The solver ECOS is not installed. 
Using SCS instead.
ECOS solver failed:  The solver ECOS is not installed. 
Using SCS instead.
M-step Design Matrix Calculation time (sec): 0.0942
ECOS solver failed in IPCW_HAL_init, falling back to SCS: The solver ECOS is not installed.
WARNING - large complementary slackness residual: 0.008905
M-step CVXPY optimize time (sec): 2.0045
ECOS solver failed:  The solver ECOS is not installed. 
Using SCS instead.
ECOS solver failed:  The solver ECOS is not installed. 
Using SCS instead.
ECOS solver failed:  The solver ECOS is not installed. 
Using SCS instead.
ECOS solver failed:  The solver ECOS is not installed. 
Using SCS instead.
ECOS solver failed:  The solver ECOS is not installed. 
Using SCS instead.
ECOS solver failed:  The solver ECOS is not installed. 
Using SCS instead.
ECOS solver failed:  The solver ECOS is not installed. 
Using SCS instead.
ECOS solver failed:  The solver ECOS is not installed. 
Using SCS instead.
ECOS solver failed:  The solver ECOS is not installed. 
Using SCS instead.
ECOS solver failed:  The solver ECOS is not installed. 
Using SCS instead.
ECOS solver failed:  The solver ECOS is not installed. 
Using SCS instead.
ECOS solver failed:  The solver ECOS is not installed. 
Using SCS instead.
ECOS solver failed:  The solver ECOS is not installed. 
Using SCS instead.
ECOS solver failed:  The solver ECOS is not installed. 
Using SCS instead.
ECOS solver failed:  The solver ECOS is not installed. 
Using SCS instead.
ECOS solver failed:  The solver ECOS is not installed. 
Using SCS instead.
ECOS solver failed:  The solver ECOS is not installed. 
Using SCS instead.
ECOS solver failed:  The solver ECOS is not installed. 
Using SCS instead.
ECOS solver failed:  The solver ECOS is not installed. 
Using SCS instead.
ECOS solver failed:  The solver ECOS is not installed. 
Using SCS instead.
ECOS solver failed:  The solver ECOS is not installed. 
Using SCS instead.
M-step Design Matrix Calculation time (sec): 0.0170
ECOS solver failed in IPCW_HAL_init, falling back to SCS: The solver ECOS is not installed.
WARNING - large complementary slackness residual: 0.013230
M-step CVXPY optimize time (sec): 1.1120
ECOS solver failed:  The solver ECOS is not installed. 
Using SCS instead.
ECOS solver failed:  The solver ECOS is not installed. 
Using SCS instead.
ECOS solver failed:  The solver ECOS is not installed. 
Using SCS instead.
ECOS solver failed:  The solver ECOS is not installed. 
Using SCS instead.
ECOS solver failed:  The solver ECOS is not installed. 
Using SCS instead.
ECOS solver failed:  The solver ECOS is not installed. 
Using SCS instead.
ECOS solver failed:  The solver ECOS is not installed. 
Using SCS instead.
ECOS solver failed:  The solver ECOS is not installed. 
Using SCS instead.
ECOS solver failed:  The solver ECOS is not installed. 
Using SCS instead.
ECOS solver failed:  The solver ECOS is not installed. 
Using SCS instead.
ECOS solver failed:  The solver ECOS is not installed. 
Using SCS instead.
ECOS solver failed:  The solver ECOS is not installed. 
Using SCS instead.
ECOS solver failed:  The solver ECOS is not installed. 
Using SCS instead.
ECOS solver failed:  The solver ECOS is not installed. 
Using SCS instead.
ECOS solver failed:  The solver ECOS is not installed. 
Using SCS instead.
ECOS solver failed:  The solver ECOS is not installed. 
Using SCS instead.
ECOS solver failed:  The solver ECOS is not installed. 
Using SCS instead.
ECOS solver failed:  The solver ECOS is not installed. 
Using SCS instead.
ECOS solver failed:  The solver ECOS is not installed. 
Using SCS instead.
ECOS solver failed:  The solver ECOS is not installed. 
Using SCS instead.
ECOS solver failed:  The solver ECOS is not installed. 
Using SCS instead.
M-step Design Matrix Calculation time (sec): 0.0439
ECOS solver failed in IPCW_HAL_init, falling back to SCS: The solver ECOS is not installed.
WARNING - large complementary slackness residual: 0.004689
M-step CVXPY optimize time (sec): 1.8040
ECOS solver failed:  The solver ECOS is not installed. 
Using SCS instead.
ECOS solver failed:  The solver ECOS is not installed. 
Using SCS instead.
ECOS solver failed:  The solver ECOS is not installed. 
Using SCS instead.
ECOS solver failed:  The solver ECOS is not installed. 
Using SCS instead.
ECOS solver failed:  The solver ECOS is not installed. 
Using SCS instead.
ECOS solver failed:  The solver ECOS is not installed. 
Using SCS instead.
ECOS solver failed:  The solver ECOS is not installed. 
Using SCS instead.
ECOS solver failed:  The solver ECOS is not installed. 
Using SCS instead.
ECOS solver failed:  The solver ECOS is not installed. 
Using SCS instead.
ECOS solver failed:  The solver ECOS is not installed. 
Using SCS instead.
ECOS solver failed:  The solver ECOS is not installed. 
Using SCS instead.
ECOS solver failed:  The solver ECOS is not installed. 
Using SCS instead.
ECOS solver failed:  The solver ECOS is not installed. 
Using SCS instead.
ECOS solver failed:  The solver ECOS is not installed. 
Using SCS instead.
ECOS solver failed:  The solver ECOS is not installed. 
Using SCS instead.
ECOS solver failed:  The solver ECOS is not installed. 
Using SCS instead.
ECOS solver failed:  The solver ECOS is not installed. 
Using SCS instead.
ECOS solver failed:  The solver ECOS is not installed. 
Using SCS instead.
ECOS solver failed:  The solver ECOS is not installed. 
Using SCS instead.
ECOS solver failed:  The solver ECOS is not installed. 
Using SCS instead.
ECOS solver failed:  The solver ECOS is not installed. 
Using SCS instead.
M-step Design Matrix Calculation time (sec): 0.0252
ECOS solver failed in IPCW_HAL_init, falling back to SCS: The solver ECOS is not installed.
WARNING - large complementary slackness residual: 0.026099
M-step CVXPY optimize time (sec): 3.5929
ECOS solver failed:  The solver ECOS is not installed. 
Using SCS instead.
ECOS solver failed:  The solver ECOS is not installed. 
Using SCS instead.
ECOS solver failed:  The solver ECOS is not installed. 
Using SCS instead.
ECOS solver failed:  The solver ECOS is not installed. 
Using SCS instead.
ECOS solver failed:  The solver ECOS is not installed. 
Using SCS instead.
ECOS solver failed:  The solver ECOS is not installed. 
Using SCS instead.
ECOS solver failed:  The solver ECOS is not installed. 
Using SCS instead.
ECOS solver failed:  The solver ECOS is not installed. 
Using SCS instead.
ECOS solver failed:  The solver ECOS is not installed. 
Using SCS instead.
ECOS solver failed:  The solver ECOS is not installed. 
Using SCS instead.
ECOS solver failed:  The solver ECOS is not installed. 
Using SCS instead.
ECOS solver failed:  The solver ECOS is not installed. 
Using SCS instead.
ECOS solver failed:  The solver ECOS is not installed. 
Using SCS instead.
ECOS solver failed:  The solver ECOS is not installed. 
Using SCS instead.
ECOS solver failed:  The solver ECOS is not installed. 
Using SCS instead.
ECOS solver failed:  The solver ECOS is not installed. 
Using SCS instead.
ECOS solver failed:  The solver ECOS is not installed. 
Using SCS instead.
ECOS solver failed:  The solver ECOS is not installed. 
Using SCS instead.
ECOS solver failed:  The solver ECOS is not installed. 
Using SCS instead.
ECOS solver failed:  The solver ECOS is not installed. 
Using SCS instead.
ECOS solver failed:  The solver ECOS is not installed. 
Using SCS instead.
M-step Design Matrix Calculation time (sec): 0.0199
ECOS solver failed in IPCW_HAL_init, falling back to SCS: The solver ECOS is not installed.
M-step CVXPY optimize time (sec): 1.0397
ECOS solver failed:  The solver ECOS is not installed. 
Using SCS instead.
ECOS solver failed:  The solver ECOS is not installed. 
Using SCS instead.
ECOS solver failed:  The solver ECOS is not installed. 
Using SCS instead.
ECOS solver failed:  The solver ECOS is not installed. 
Using SCS instead.
ECOS solver failed:  The solver ECOS is not installed. 
Using SCS instead.
ECOS solver failed:  The solver ECOS is not installed. 
Using SCS instead.
ECOS solver failed:  The solver ECOS is not installed. 
Using SCS instead.
ECOS solver failed:  The solver ECOS is not installed. 
Using SCS instead.
ECOS solver failed:  The solver ECOS is not installed. 
Using SCS instead.
ECOS solver failed:  The solver ECOS is not installed. 
Using SCS instead.
ECOS solver failed:  The solver ECOS is not installed. 
Using SCS instead.
ECOS solver failed:  The solver ECOS is not installed. 
Using SCS instead.
ECOS solver failed:  The solver ECOS is not installed. 
Using SCS instead.
ECOS solver failed:  The solver ECOS is not installed. 
Using SCS instead.
ECOS solver failed:  The solver ECOS is not installed. 
Using SCS instead.
ECOS solver failed:  The solver ECOS is not installed. 
Using SCS instead.
ECOS solver failed:  The solver ECOS is not installed. 
Using SCS instead.
ECOS solver failed:  The solver ECOS is not installed. 
Using SCS instead.
ECOS solver failed:  The solver ECOS is not installed. 
Using SCS instead.
ECOS solver failed:  The solver ECOS is not installed. 
Using SCS instead.
ECOS solver failed:  The solver ECOS is not installed. 
Using SCS instead.
M-step Design Matrix Calculation time (sec): 0.0182
ECOS solver failed in IPCW_HAL_init, falling back to SCS: The solver ECOS is not installed.
M-step CVXPY optimize time (sec): 0.9005
ECOS solver failed:  The solver ECOS is not installed. 
Using SCS instead.
ECOS solver failed:  The solver ECOS is not installed. 
Using SCS instead.
ECOS solver failed:  The solver ECOS is not installed. 
Using SCS instead.
ECOS solver failed:  The solver ECOS is not installed. 
Using SCS instead.
ECOS solver failed:  The solver ECOS is not installed. 
Using SCS instead.
ECOS solver failed:  The solver ECOS is not installed. 
Using SCS instead.
ECOS solver failed:  The solver ECOS is not installed. 
Using SCS instead.
ECOS solver failed:  The solver ECOS is not installed. 
Using SCS instead.
ECOS solver failed:  The solver ECOS is not installed. 
Using SCS instead.
ECOS solver failed:  The solver ECOS is not installed. 
Using SCS instead.
ECOS solver failed:  The solver ECOS is not installed. 
Using SCS instead.
ECOS solver failed:  The solver ECOS is not installed. 
Using SCS instead.
ECOS solver failed:  The solver ECOS is not installed. 
Using SCS instead.
ECOS solver failed:  The solver ECOS is not installed. 
Using SCS instead.
ECOS solver failed:  The solver ECOS is not installed. 
Using SCS instead.
ECOS solver failed:  The solver ECOS is not installed. 
Using SCS instead.
ECOS solver failed:  The solver ECOS is not installed. 
Using SCS instead.
ECOS solver failed:  The solver ECOS is not installed. 
Using SCS instead.
ECOS solver failed:  The solver ECOS is not installed. 
Using SCS instead.
ECOS solver failed:  The solver ECOS is not installed. 
Using SCS instead.
ECOS solver failed:  The solver ECOS is not installed. 
Using SCS instead.
M-step Design Matrix Calculation time (sec): 0.0199
ECOS solver failed in IPCW_HAL_init, falling back to SCS: The solver ECOS is not installed.
M-step CVXPY optimize time (sec): 1.7448
ECOS solver failed:  The solver ECOS is not installed. 
Using SCS instead.
ECOS solver failed:  The solver ECOS is not installed. 
Using SCS instead.
ECOS solver failed:  The solver ECOS is not installed. 
Using SCS instead.
ECOS solver failed:  The solver ECOS is not installed. 
Using SCS instead.
ECOS solver failed:  The solver ECOS is not installed. 
Using SCS instead.
ECOS solver failed:  The solver ECOS is not installed. 
Using SCS instead.
ECOS solver failed:  The solver ECOS is not installed. 
Using SCS instead.
ECOS solver failed:  The solver ECOS is not installed. 
Using SCS instead.
ECOS solver failed:  The solver ECOS is not installed. 
Using SCS instead.
ECOS solver failed:  The solver ECOS is not installed. 
Using SCS instead.
ECOS solver failed:  The solver ECOS is not installed. 
Using SCS instead.
ECOS solver failed:  The solver ECOS is not installed. 
Using SCS instead.
ECOS solver failed:  The solver ECOS is not installed. 
Using SCS instead.
ECOS solver failed:  The solver ECOS is not installed. 
Using SCS instead.
ECOS solver failed:  The solver ECOS is not installed. 
Using SCS instead.
ECOS solver failed:  The solver ECOS is not installed. 
Using SCS instead.
ECOS solver failed:  The solver ECOS is not installed. 
Using SCS instead.
ECOS solver failed:  The solver ECOS is not installed. 
Using SCS instead.
ECOS solver failed:  The solver ECOS is not installed. 
Using SCS instead.
ECOS solver failed:  The solver ECOS is not installed. 
Using SCS instead.
ECOS solver failed:  The solver ECOS is not installed. 
Using SCS instead.
M-step Design Matrix Calculation time (sec): 0.0334
ECOS solver failed in IPCW_HAL_init, falling back to SCS: The solver ECOS is not installed.
M-step CVXPY optimize time (sec): 0.9720
ECOS solver failed:  The solver ECOS is not installed. 
Using SCS instead.
ECOS solver failed:  The solver ECOS is not installed. 
Using SCS instead.
ECOS solver failed:  The solver ECOS is not installed. 
Using SCS instead.
ECOS solver failed:  The solver ECOS is not installed. 
Using SCS instead.
ECOS solver failed:  The solver ECOS is not installed. 
Using SCS instead.
ECOS solver failed:  The solver ECOS is not installed. 
Using SCS instead.
ECOS solver failed:  The solver ECOS is not installed. 
Using SCS instead.
ECOS solver failed:  The solver ECOS is not installed. 
Using SCS instead.
ECOS solver failed:  The solver ECOS is not installed. 
Using SCS instead.
ECOS solver failed:  The solver ECOS is not installed. 
Using SCS instead.
ECOS solver failed:  The solver ECOS is not installed. 
Using SCS instead.
ECOS solver failed:  The solver ECOS is not installed. 
Using SCS instead.
ECOS solver failed:  The solver ECOS is not installed. 
Using SCS instead.
ECOS solver failed:  The solver ECOS is not installed. 
Using SCS instead.
ECOS solver failed:  The solver ECOS is not installed. 
Using SCS instead.
ECOS solver failed:  The solver ECOS is not installed. 
Using SCS instead.
ECOS solver failed:  The solver ECOS is not installed. 
Using SCS instead.
ECOS solver failed:  The solver ECOS is not installed. 
Using SCS instead.
ECOS solver failed:  The solver ECOS is not installed. 
Using SCS instead.
ECOS solver failed:  The solver ECOS is not installed. 
Using SCS instead.
ECOS solver failed:  The solver ECOS is not installed. 
Using SCS instead.
M-step Design Matrix Calculation time (sec): 0.0186
ECOS solver failed in IPCW_HAL_init, falling back to SCS: The solver ECOS is not installed.
M-step CVXPY optimize time (sec): 1.9019
ECOS solver failed:  The solver ECOS is not installed. 
Using SCS instead.
ECOS solver failed:  The solver ECOS is not installed. 
Using SCS instead.
ECOS solver failed:  The solver ECOS is not installed. 
Using SCS instead.
ECOS solver failed:  The solver ECOS is not installed. 
Using SCS instead.
ECOS solver failed:  The solver ECOS is not installed. 
Using SCS instead.
ECOS solver failed:  The solver ECOS is not installed. 
Using SCS instead.
ECOS solver failed:  The solver ECOS is not installed. 
Using SCS instead.
ECOS solver failed:  The solver ECOS is not installed. 
Using SCS instead.
ECOS solver failed:  The solver ECOS is not installed. 
Using SCS instead.
ECOS solver failed:  The solver ECOS is not installed. 
Using SCS instead.
ECOS solver failed:  The solver ECOS is not installed. 
Using SCS instead.
ECOS solver failed:  The solver ECOS is not installed. 
Using SCS instead.
ECOS solver failed:  The solver ECOS is not installed. 
Using SCS instead.
ECOS solver failed:  The solver ECOS is not installed. 
Using SCS instead.
ECOS solver failed:  The solver ECOS is not installed. 
Using SCS instead.
ECOS solver failed:  The solver ECOS is not installed. 
Using SCS instead.
ECOS solver failed:  The solver ECOS is not installed. 
Using SCS instead.
ECOS solver failed:  The solver ECOS is not installed. 
Using SCS instead.
ECOS solver failed:  The solver ECOS is not installed. 
Using SCS instead.
ECOS solver failed:  The solver ECOS is not installed. 
Using SCS instead.
ECOS solver failed:  The solver ECOS is not installed. 
Using SCS instead.
M-step Design Matrix Calculation time (sec): 0.0356
ECOS solver failed in IPCW_HAL_init, falling back to SCS: The solver ECOS is not installed.
WARNING - large complementary slackness residual: 0.025976
M-step CVXPY optimize time (sec): 2.2882
ECOS solver failed:  The solver ECOS is not installed. 
Using SCS instead.
ECOS solver failed:  The solver ECOS is not installed. 
Using SCS instead.
ECOS solver failed:  The solver ECOS is not installed. 
Using SCS instead.
ECOS solver failed:  The solver ECOS is not installed. 
Using SCS instead.
ECOS solver failed:  The solver ECOS is not installed. 
Using SCS instead.
ECOS solver failed:  The solver ECOS is not installed. 
Using SCS instead.
ECOS solver failed:  The solver ECOS is not installed. 
Using SCS instead.
ECOS solver failed:  The solver ECOS is not installed. 
Using SCS instead.
ECOS solver failed:  The solver ECOS is not installed. 
Using SCS instead.
ECOS solver failed:  The solver ECOS is not installed. 
Using SCS instead.
ECOS solver failed:  The solver ECOS is not installed. 
Using SCS instead.
ECOS solver failed:  The solver ECOS is not installed. 
Using SCS instead.
ECOS solver failed:  The solver ECOS is not installed. 
Using SCS instead.
ECOS solver failed:  The solver ECOS is not installed. 
Using SCS instead.
ECOS solver failed:  The solver ECOS is not installed. 
Using SCS instead.
ECOS solver failed:  The solver ECOS is not installed. 
Using SCS instead.
ECOS solver failed:  The solver ECOS is not installed. 
Using SCS instead.
ECOS solver failed:  The solver ECOS is not installed. 
Using SCS instead.
ECOS solver failed:  The solver ECOS is not installed. 
Using SCS instead.
ECOS solver failed:  The solver ECOS is not installed. 
Using SCS instead.
ECOS solver failed:  The solver ECOS is not installed. 
Using SCS instead.
M-step Design Matrix Calculation time (sec): 0.0191
ECOS solver failed in IPCW_HAL_init, falling back to SCS: The solver ECOS is not installed.
M-step CVXPY optimize time (sec): 1.1739
ECOS solver failed:  The solver ECOS is not installed. 
Using SCS instead.
ECOS solver failed:  The solver ECOS is not installed. 
Using SCS instead.
ECOS solver failed:  The solver ECOS is not installed. 
Using SCS instead.
ECOS solver failed:  The solver ECOS is not installed. 
Using SCS instead.
ECOS solver failed:  The solver ECOS is not installed. 
Using SCS instead.
ECOS solver failed:  The solver ECOS is not installed. 
Using SCS instead.
ECOS solver failed:  The solver ECOS is not installed. 
Using SCS instead.
ECOS solver failed:  The solver ECOS is not installed. 
Using SCS instead.
ECOS solver failed:  The solver ECOS is not installed. 
Using SCS instead.
ECOS solver failed:  The solver ECOS is not installed. 
Using SCS instead.
ECOS solver failed:  The solver ECOS is not installed. 
Using SCS instead.
ECOS solver failed:  The solver ECOS is not installed. 
Using SCS instead.
ECOS solver failed:  The solver ECOS is not installed. 
Using SCS instead.
ECOS solver failed:  The solver ECOS is not installed. 
Using SCS instead.
ECOS solver failed:  The solver ECOS is not installed. 
Using SCS instead.
ECOS solver failed:  The solver ECOS is not installed. 
Using SCS instead.
ECOS solver failed:  The solver ECOS is not installed. 
Using SCS instead.
ECOS solver failed:  The solver ECOS is not installed. 
Using SCS instead.
ECOS solver failed:  The solver ECOS is not installed. 
Using SCS instead.
ECOS solver failed:  The solver ECOS is not installed. 
Using SCS instead.
ECOS solver failed:  The solver ECOS is not installed. 
Using SCS instead.
M-step Design Matrix Calculation time (sec): 0.0508
ECOS solver failed in IPCW_HAL_init, falling back to SCS: The solver ECOS is not installed.
M-step CVXPY optimize time (sec): 0.9505
ECOS solver failed:  The solver ECOS is not installed. 
Using SCS instead.
ECOS solver failed:  The solver ECOS is not installed. 
Using SCS instead.
ECOS solver failed:  The solver ECOS is not installed. 
Using SCS instead.
ECOS solver failed:  The solver ECOS is not installed. 
Using SCS instead.
ECOS solver failed:  The solver ECOS is not installed. 
Using SCS instead.
ECOS solver failed:  The solver ECOS is not installed. 
Using SCS instead.
ECOS solver failed:  The solver ECOS is not installed. 
Using SCS instead.
ECOS solver failed:  The solver ECOS is not installed. 
Using SCS instead.
ECOS solver failed:  The solver ECOS is not installed. 
Using SCS instead.
ECOS solver failed:  The solver ECOS is not installed. 
Using SCS instead.
ECOS solver failed:  The solver ECOS is not installed. 
Using SCS instead.
ECOS solver failed:  The solver ECOS is not installed. 
Using SCS instead.
ECOS solver failed:  The solver ECOS is not installed. 
Using SCS instead.
ECOS solver failed:  The solver ECOS is not installed. 
Using SCS instead.
ECOS solver failed:  The solver ECOS is not installed. 
Using SCS instead.
ECOS solver failed:  The solver ECOS is not installed. 
Using SCS instead.
ECOS solver failed:  The solver ECOS is not installed. 
Using SCS instead.
ECOS solver failed:  The solver ECOS is not installed. 
Using SCS instead.
ECOS solver failed:  The solver ECOS is not installed. 
Using SCS instead.
ECOS solver failed:  The solver ECOS is not installed. 
Using SCS instead.
ECOS solver failed:  The solver ECOS is not installed. 
Using SCS instead.
M-step Design Matrix Calculation time (sec): 0.0179
ECOS solver failed in IPCW_HAL_init, falling back to SCS: The solver ECOS is not installed.
M-step CVXPY optimize time (sec): 1.3787
ECOS solver failed:  The solver ECOS is not installed. 
Using SCS instead.
ECOS solver failed:  The solver ECOS is not installed. 
Using SCS instead.
ECOS solver failed:  The solver ECOS is not installed. 
Using SCS instead.
ECOS solver failed:  The solver ECOS is not installed. 
Using SCS instead.
ECOS solver failed:  The solver ECOS is not installed. 
Using SCS instead.
ECOS solver failed:  The solver ECOS is not installed. 
Using SCS instead.
ECOS solver failed:  The solver ECOS is not installed. 
Using SCS instead.
ECOS solver failed:  The solver ECOS is not installed. 
Using SCS instead.
ECOS solver failed:  The solver ECOS is not installed. 
Using SCS instead.
ECOS solver failed:  The solver ECOS is not installed. 
Using SCS instead.
ECOS solver failed:  The solver ECOS is not installed. 
Using SCS instead.
ECOS solver failed:  The solver ECOS is not installed. 
Using SCS instead.
ECOS solver failed:  The solver ECOS is not installed. 
Using SCS instead.
ECOS solver failed:  The solver ECOS is not installed. 
Using SCS instead.
ECOS solver failed:  The solver ECOS is not installed. 
Using SCS instead.
ECOS solver failed:  The solver ECOS is not installed. 
Using SCS instead.
ECOS solver failed:  The solver ECOS is not installed. 
Using SCS instead.
ECOS solver failed:  The solver ECOS is not installed. 
Using SCS instead.
ECOS solver failed:  The solver ECOS is not installed. 
Using SCS instead.
ECOS solver failed:  The solver ECOS is not installed. 
Using SCS instead.
ECOS solver failed:  The solver ECOS is not installed. 
Using SCS instead.
M-step Design Matrix Calculation time (sec): 0.0379
ECOS solver failed in IPCW_HAL_init, falling back to SCS: The solver ECOS is not installed.
WARNING - large complementary slackness residual: 0.009278
M-step CVXPY optimize time (sec): 1.3292
ECOS solver failed:  The solver ECOS is not installed. 
Using SCS instead.
ECOS solver failed:  The solver ECOS is not installed. 
Using SCS instead.
ECOS solver failed:  The solver ECOS is not installed. 
Using SCS instead.
ECOS solver failed:  The solver ECOS is not installed. 
Using SCS instead.
ECOS solver failed:  The solver ECOS is not installed. 
Using SCS instead.
ECOS solver failed:  The solver ECOS is not installed. 
Using SCS instead.
ECOS solver failed:  The solver ECOS is not installed. 
Using SCS instead.
ECOS solver failed:  The solver ECOS is not installed. 
Using SCS instead.
ECOS solver failed:  The solver ECOS is not installed. 
Using SCS instead.
ECOS solver failed:  The solver ECOS is not installed. 
Using SCS instead.
ECOS solver failed:  The solver ECOS is not installed. 
Using SCS instead.
ECOS solver failed:  The solver ECOS is not installed. 
Using SCS instead.
ECOS solver failed:  The solver ECOS is not installed. 
Using SCS instead.
ECOS solver failed:  The solver ECOS is not installed. 
Using SCS instead.
ECOS solver failed:  The solver ECOS is not installed. 
Using SCS instead.
ECOS solver failed:  The solver ECOS is not installed. 
Using SCS instead.
ECOS solver failed:  The solver ECOS is not installed. 
Using SCS instead.
ECOS solver failed:  The solver ECOS is not installed. 
Using SCS instead.
ECOS solver failed:  The solver ECOS is not installed. 
Using SCS instead.
ECOS solver failed:  The solver ECOS is not installed. 
Using SCS instead.
ECOS solver failed:  The solver ECOS is not installed. 
Using SCS instead.
M-step Design Matrix Calculation time (sec): 0.0485
ECOS solver failed in IPCW_HAL_init, falling back to SCS: The solver ECOS is not installed.
WARNING - large complementary slackness residual: 0.033219
M-step CVXPY optimize time (sec): 1.2308
ECOS solver failed:  The solver ECOS is not installed. 
Using SCS instead.
ECOS solver failed:  The solver ECOS is not installed. 
Using SCS instead.
ECOS solver failed:  The solver ECOS is not installed. 
Using SCS instead.
ECOS solver failed:  The solver ECOS is not installed. 
Using SCS instead.
ECOS solver failed:  The solver ECOS is not installed. 
Using SCS instead.
ECOS solver failed:  The solver ECOS is not installed. 
Using SCS instead.
ECOS solver failed:  The solver ECOS is not installed. 
Using SCS instead.
ECOS solver failed:  The solver ECOS is not installed. 
Using SCS instead.
ECOS solver failed:  The solver ECOS is not installed. 
Using SCS instead.
ECOS solver failed:  The solver ECOS is not installed. 
Using SCS instead.
ECOS solver failed:  The solver ECOS is not installed. 
Using SCS instead.
ECOS solver failed:  The solver ECOS is not installed. 
Using SCS instead.
ECOS solver failed:  The solver ECOS is not installed. 
Using SCS instead.
ECOS solver failed:  The solver ECOS is not installed. 
Using SCS instead.
ECOS solver failed:  The solver ECOS is not installed. 
Using SCS instead.
ECOS solver failed:  The solver ECOS is not installed. 
Using SCS instead.
ECOS solver failed:  The solver ECOS is not installed. 
Using SCS instead.
ECOS solver failed:  The solver ECOS is not installed. 
Using SCS instead.
ECOS solver failed:  The solver ECOS is not installed. 
Using SCS instead.
ECOS solver failed:  The solver ECOS is not installed. 
Using SCS instead.
ECOS solver failed:  The solver ECOS is not installed. 
Using SCS instead.
M-step Design Matrix Calculation time (sec): 0.0187
ECOS solver failed in IPCW_HAL_init, falling back to SCS: The solver ECOS is not installed.
WARNING - large complementary slackness residual: 0.015580
M-step CVXPY optimize time (sec): 2.5241
ECOS solver failed:  The solver ECOS is not installed. 
Using SCS instead.
ECOS solver failed:  The solver ECOS is not installed. 
Using SCS instead.
ECOS solver failed:  The solver ECOS is not installed. 
Using SCS instead.
ECOS solver failed:  The solver ECOS is not installed. 
Using SCS instead.
ECOS solver failed:  The solver ECOS is not installed. 
Using SCS instead.
ECOS solver failed:  The solver ECOS is not installed. 
Using SCS instead.
ECOS solver failed:  The solver ECOS is not installed. 
Using SCS instead.
ECOS solver failed:  The solver ECOS is not installed. 
Using SCS instead.
ECOS solver failed:  The solver ECOS is not installed. 
Using SCS instead.
ECOS solver failed:  The solver ECOS is not installed. 
Using SCS instead.
ECOS solver failed:  The solver ECOS is not installed. 
Using SCS instead.
ECOS solver failed:  The solver ECOS is not installed. 
Using SCS instead.
ECOS solver failed:  The solver ECOS is not installed. 
Using SCS instead.
ECOS solver failed:  The solver ECOS is not installed. 
Using SCS instead.
ECOS solver failed:  The solver ECOS is not installed. 
Using SCS instead.
ECOS solver failed:  The solver ECOS is not installed. 
Using SCS instead.
ECOS solver failed:  The solver ECOS is not installed. 
Using SCS instead.
ECOS solver failed:  The solver ECOS is not installed. 
Using SCS instead.
ECOS solver failed:  The solver ECOS is not installed. 
Using SCS instead.
ECOS solver failed:  The solver ECOS is not installed. 
Using SCS instead.
ECOS solver failed:  The solver ECOS is not installed. 
Using SCS instead.
M-step Design Matrix Calculation time (sec): 0.0338
ECOS solver failed in IPCW_HAL_init, falling back to SCS: The solver ECOS is not installed.
WARNING - large complementary slackness residual: 0.024153
M-step CVXPY optimize time (sec): 2.3140
ECOS solver failed:  The solver ECOS is not installed. 
Using SCS instead.
ECOS solver failed:  The solver ECOS is not installed. 
Using SCS instead.
ECOS solver failed:  The solver ECOS is not installed. 
Using SCS instead.
ECOS solver failed:  The solver ECOS is not installed. 
Using SCS instead.
ECOS solver failed:  The solver ECOS is not installed. 
Using SCS instead.
ECOS solver failed:  The solver ECOS is not installed. 
Using SCS instead.
ECOS solver failed:  The solver ECOS is not installed. 
Using SCS instead.
ECOS solver failed:  The solver ECOS is not installed. 
Using SCS instead.
ECOS solver failed:  The solver ECOS is not installed. 
Using SCS instead.
ECOS solver failed:  The solver ECOS is not installed. 
Using SCS instead.
ECOS solver failed:  The solver ECOS is not installed. 
Using SCS instead.
ECOS solver failed:  The solver ECOS is not installed. 
Using SCS instead.
ECOS solver failed:  The solver ECOS is not installed. 
Using SCS instead.
ECOS solver failed:  The solver ECOS is not installed. 
Using SCS instead.
ECOS solver failed:  The solver ECOS is not installed. 
Using SCS instead.
ECOS solver failed:  The solver ECOS is not installed. 
Using SCS instead.
ECOS solver failed:  The solver ECOS is not installed. 
Using SCS instead.
ECOS solver failed:  The solver ECOS is not installed. 
Using SCS instead.
ECOS solver failed:  The solver ECOS is not installed. 
Using SCS instead.
ECOS solver failed:  The solver ECOS is not installed. 
Using SCS instead.
ECOS solver failed:  The solver ECOS is not installed. 
Using SCS instead.
M-step Design Matrix Calculation time (sec): 0.0207
ECOS solver failed in IPCW_HAL_init, falling back to SCS: The solver ECOS is not installed.
WARNING - large complementary slackness residual: 0.024107
M-step CVXPY optimize time (sec): 2.5994
ECOS solver failed:  The solver ECOS is not installed. 
Using SCS instead.
ECOS solver failed:  The solver ECOS is not installed. 
Using SCS instead.
ECOS solver failed:  The solver ECOS is not installed. 
Using SCS instead.
ECOS solver failed:  The solver ECOS is not installed. 
Using SCS instead.
ECOS solver failed:  The solver ECOS is not installed. 
Using SCS instead.
ECOS solver failed:  The solver ECOS is not installed. 
Using SCS instead.
ECOS solver failed:  The solver ECOS is not installed. 
Using SCS instead.
ECOS solver failed:  The solver ECOS is not installed. 
Using SCS instead.
ECOS solver failed:  The solver ECOS is not installed. 
Using SCS instead.
ECOS solver failed:  The solver ECOS is not installed. 
Using SCS instead.
ECOS solver failed:  The solver ECOS is not installed. 
Using SCS instead.
ECOS solver failed:  The solver ECOS is not installed. 
Using SCS instead.
ECOS solver failed:  The solver ECOS is not installed. 
Using SCS instead.
ECOS solver failed:  The solver ECOS is not installed. 
Using SCS instead.
ECOS solver failed:  The solver ECOS is not installed. 
Using SCS instead.
ECOS solver failed:  The solver ECOS is not installed. 
Using SCS instead.
ECOS solver failed:  The solver ECOS is not installed. 
Using SCS instead.
ECOS solver failed:  The solver ECOS is not installed. 
Using SCS instead.
ECOS solver failed:  The solver ECOS is not installed. 
Using SCS instead.
ECOS solver failed:  The solver ECOS is not installed. 
Using SCS instead.
ECOS solver failed:  The solver ECOS is not installed. 
Using SCS instead.
M-step Design Matrix Calculation time (sec): 0.0176
ECOS solver failed in IPCW_HAL_init, falling back to SCS: The solver ECOS is not installed.
WARNING - large complementary slackness residual: 0.015218
M-step CVXPY optimize time (sec): 4.2399
ECOS solver failed:  The solver ECOS is not installed. 
Using SCS instead.
ECOS solver failed:  The solver ECOS is not installed. 
Using SCS instead.
ECOS solver failed:  The solver ECOS is not installed. 
Using SCS instead.
ECOS solver failed:  The solver ECOS is not installed. 
Using SCS instead.
ECOS solver failed:  The solver ECOS is not installed. 
Using SCS instead.
ECOS solver failed:  The solver ECOS is not installed. 
Using SCS instead.
ECOS solver failed:  The solver ECOS is not installed. 
Using SCS instead.
ECOS solver failed:  The solver ECOS is not installed. 
Using SCS instead.
ECOS solver failed:  The solver ECOS is not installed. 
Using SCS instead.
ECOS solver failed:  The solver ECOS is not installed. 
Using SCS instead.
ECOS solver failed:  The solver ECOS is not installed. 
Using SCS instead.
ECOS solver failed:  The solver ECOS is not installed. 
Using SCS instead.
ECOS solver failed:  The solver ECOS is not installed. 
Using SCS instead.
ECOS solver failed:  The solver ECOS is not installed. 
Using SCS instead.
ECOS solver failed:  The solver ECOS is not installed. 
Using SCS instead.
ECOS solver failed:  The solver ECOS is not installed. 
Using SCS instead.
ECOS solver failed:  The solver ECOS is not installed. 
Using SCS instead.
ECOS solver failed:  The solver ECOS is not installed. 
Using SCS instead.
ECOS solver failed:  The solver ECOS is not installed. 
Using SCS instead.
ECOS solver failed:  The solver ECOS is not installed. 
Using SCS instead.
ECOS solver failed:  The solver ECOS is not installed. 
Using SCS instead.
M-step Design Matrix Calculation time (sec): 0.1502
ECOS solver failed in IPCW_HAL_init, falling back to SCS: The solver ECOS is not installed.
WARNING - large complementary slackness residual: 0.014064
M-step CVXPY optimize time (sec): 4.0186
ECOS solver failed:  The solver ECOS is not installed. 
Using SCS instead.
ECOS solver failed:  The solver ECOS is not installed. 
Using SCS instead.
ECOS solver failed:  The solver ECOS is not installed. 
Using SCS instead.
ECOS solver failed:  The solver ECOS is not installed. 
Using SCS instead.
ECOS solver failed:  The solver ECOS is not installed. 
Using SCS instead.
ECOS solver failed:  The solver ECOS is not installed. 
Using SCS instead.
ECOS solver failed:  The solver ECOS is not installed. 
Using SCS instead.
ECOS solver failed:  The solver ECOS is not installed. 
Using SCS instead.
ECOS solver failed:  The solver ECOS is not installed. 
Using SCS instead.
ECOS solver failed:  The solver ECOS is not installed. 
Using SCS instead.
ECOS solver failed:  The solver ECOS is not installed. 
Using SCS instead.
ECOS solver failed:  The solver ECOS is not installed. 
Using SCS instead.
ECOS solver failed:  The solver ECOS is not installed. 
Using SCS instead.
ECOS solver failed:  The solver ECOS is not installed. 
Using SCS instead.
ECOS solver failed:  The solver ECOS is not installed. 
Using SCS instead.
ECOS solver failed:  The solver ECOS is not installed. 
Using SCS instead.
ECOS solver failed:  The solver ECOS is not installed. 
Using SCS instead.
ECOS solver failed:  The solver ECOS is not installed. 
Using SCS instead.
ECOS solver failed:  The solver ECOS is not installed. 
Using SCS instead.
ECOS solver failed:  The solver ECOS is not installed. 
Using SCS instead.
ECOS solver failed:  The solver ECOS is not installed. 
Using SCS instead.
M-step Design Matrix Calculation time (sec): 0.0447
ECOS solver failed in IPCW_HAL_init, falling back to SCS: The solver ECOS is not installed.
WARNING - large complementary slackness residual: 0.027236
M-step CVXPY optimize time (sec): 2.3194
ECOS solver failed:  The solver ECOS is not installed. 
Using SCS instead.
ECOS solver failed:  The solver ECOS is not installed. 
Using SCS instead.
ECOS solver failed:  The solver ECOS is not installed. 
Using SCS instead.
ECOS solver failed:  The solver ECOS is not installed. 
Using SCS instead.
ECOS solver failed:  The solver ECOS is not installed. 
Using SCS instead.
ECOS solver failed:  The solver ECOS is not installed. 
Using SCS instead.
ECOS solver failed:  The solver ECOS is not installed. 
Using SCS instead.
ECOS solver failed:  The solver ECOS is not installed. 
Using SCS instead.
ECOS solver failed:  The solver ECOS is not installed. 
Using SCS instead.
ECOS solver failed:  The solver ECOS is not installed. 
Using SCS instead.
ECOS solver failed:  The solver ECOS is not installed. 
Using SCS instead.
ECOS solver failed:  The solver ECOS is not installed. 
Using SCS instead.
ECOS solver failed:  The solver ECOS is not installed. 
Using SCS instead.
ECOS solver failed:  The solver ECOS is not installed. 
Using SCS instead.
ECOS solver failed:  The solver ECOS is not installed. 
Using SCS instead.
ECOS solver failed:  The solver ECOS is not installed. 
Using SCS instead.
ECOS solver failed:  The solver ECOS is not installed. 
Using SCS instead.
ECOS solver failed:  The solver ECOS is not installed. 
Using SCS instead.
ECOS solver failed:  The solver ECOS is not installed. 
Using SCS instead.
ECOS solver failed:  The solver ECOS is not installed. 
Using SCS instead.
ECOS solver failed:  The solver ECOS is not installed. 
Using SCS instead.
M-step Design Matrix Calculation time (sec): 0.1442
ECOS solver failed in IPCW_HAL_init, falling back to SCS: The solver ECOS is not installed.
WARNING - large complementary slackness residual: 0.014247
M-step CVXPY optimize time (sec): 2.5014
ECOS solver failed:  The solver ECOS is not installed. 
Using SCS instead.
ECOS solver failed:  The solver ECOS is not installed. 
Using SCS instead.
ECOS solver failed:  The solver ECOS is not installed. 
Using SCS instead.
ECOS solver failed:  The solver ECOS is not installed. 
Using SCS instead.
ECOS solver failed:  The solver ECOS is not installed. 
Using SCS instead.
ECOS solver failed:  The solver ECOS is not installed. 
Using SCS instead.
ECOS solver failed:  The solver ECOS is not installed. 
Using SCS instead.
ECOS solver failed:  The solver ECOS is not installed. 
Using SCS instead.
ECOS solver failed:  The solver ECOS is not installed. 
Using SCS instead.
ECOS solver failed:  The solver ECOS is not installed. 
Using SCS instead.
ECOS solver failed:  The solver ECOS is not installed. 
Using SCS instead.
ECOS solver failed:  The solver ECOS is not installed. 
Using SCS instead.
ECOS solver failed:  The solver ECOS is not installed. 
Using SCS instead.
ECOS solver failed:  The solver ECOS is not installed. 
Using SCS instead.
ECOS solver failed:  The solver ECOS is not installed. 
Using SCS instead.
ECOS solver failed:  The solver ECOS is not installed. 
Using SCS instead.
ECOS solver failed:  The solver ECOS is not installed. 
Using SCS instead.
ECOS solver failed:  The solver ECOS is not installed. 
Using SCS instead.
ECOS solver failed:  The solver ECOS is not installed. 
Using SCS instead.
ECOS solver failed:  The solver ECOS is not installed. 
Using SCS instead.
ECOS solver failed:  The solver ECOS is not installed. 
Using SCS instead.
M-step Design Matrix Calculation time (sec): 0.0430
ECOS solver failed in IPCW_HAL_init, falling back to SCS: The solver ECOS is not installed.
WARNING - large complementary slackness residual: 0.014899
M-step CVXPY optimize time (sec): 3.7375
ECOS solver failed:  The solver ECOS is not installed. 
Using SCS instead.
ECOS solver failed:  The solver ECOS is not installed. 
Using SCS instead.
ECOS solver failed:  The solver ECOS is not installed. 
Using SCS instead.
ECOS solver failed:  The solver ECOS is not installed. 
Using SCS instead.
ECOS solver failed:  The solver ECOS is not installed. 
Using SCS instead.
ECOS solver failed:  The solver ECOS is not installed. 
Using SCS instead.
ECOS solver failed:  The solver ECOS is not installed. 
Using SCS instead.
ECOS solver failed:  The solver ECOS is not installed. 
Using SCS instead.
ECOS solver failed:  The solver ECOS is not installed. 
Using SCS instead.
ECOS solver failed:  The solver ECOS is not installed. 
Using SCS instead.
ECOS solver failed:  The solver ECOS is not installed. 
Using SCS instead.
ECOS solver failed:  The solver ECOS is not installed. 
Using SCS instead.
ECOS solver failed:  The solver ECOS is not installed. 
Using SCS instead.
ECOS solver failed:  The solver ECOS is not installed. 
Using SCS instead.
ECOS solver failed:  The solver ECOS is not installed. 
Using SCS instead.
ECOS solver failed:  The solver ECOS is not installed. 
Using SCS instead.
ECOS solver failed:  The solver ECOS is not installed. 
Using SCS instead.
ECOS solver failed:  The solver ECOS is not installed. 
Using SCS instead.
ECOS solver failed:  The solver ECOS is not installed. 
Using SCS instead.
ECOS solver failed:  The solver ECOS is not installed. 
Using SCS instead.
ECOS solver failed:  The solver ECOS is not installed. 
Using SCS instead.
M-step Design Matrix Calculation time (sec): 0.0180
ECOS solver failed in IPCW_HAL_init, falling back to SCS: The solver ECOS is not installed.
M-step CVXPY optimize time (sec): 1.4927
ECOS solver failed:  The solver ECOS is not installed. 
Using SCS instead.
ECOS solver failed:  The solver ECOS is not installed. 
Using SCS instead.
ECOS solver failed:  The solver ECOS is not installed. 
Using SCS instead.
ECOS solver failed:  The solver ECOS is not installed. 
Using SCS instead.
ECOS solver failed:  The solver ECOS is not installed. 
Using SCS instead.
ECOS solver failed:  The solver ECOS is not installed. 
Using SCS instead.
ECOS solver failed:  The solver ECOS is not installed. 
Using SCS instead.
ECOS solver failed:  The solver ECOS is not installed. 
Using SCS instead.
ECOS solver failed:  The solver ECOS is not installed. 
Using SCS instead.
ECOS solver failed:  The solver ECOS is not installed. 
Using SCS instead.
ECOS solver failed:  The solver ECOS is not installed. 
Using SCS instead.
ECOS solver failed:  The solver ECOS is not installed. 
Using SCS instead.
ECOS solver failed:  The solver ECOS is not installed. 
Using SCS instead.
ECOS solver failed:  The solver ECOS is not installed. 
Using SCS instead.
ECOS solver failed:  The solver ECOS is not installed. 
Using SCS instead.
ECOS solver failed:  The solver ECOS is not installed. 
Using SCS instead.
ECOS solver failed:  The solver ECOS is not installed. 
Using SCS instead.
ECOS solver failed:  The solver ECOS is not installed. 
Using SCS instead.
ECOS solver failed:  The solver ECOS is not installed. 
Using SCS instead.
ECOS solver failed:  The solver ECOS is not installed. 
Using SCS instead.
ECOS solver failed:  The solver ECOS is not installed. 
Using SCS instead.
M-step Design Matrix Calculation time (sec): 0.0875
ECOS solver failed in IPCW_HAL_init, falling back to SCS: The solver ECOS is not installed.
WARNING - large complementary slackness residual: 0.008805
M-step CVXPY optimize time (sec): 1.3982
ECOS solver failed:  The solver ECOS is not installed. 
Using SCS instead.
ECOS solver failed:  The solver ECOS is not installed. 
Using SCS instead.
ECOS solver failed:  The solver ECOS is not installed. 
Using SCS instead.
ECOS solver failed:  The solver ECOS is not installed. 
Using SCS instead.
ECOS solver failed:  The solver ECOS is not installed. 
Using SCS instead.
ECOS solver failed:  The solver ECOS is not installed. 
Using SCS instead.
ECOS solver failed:  The solver ECOS is not installed. 
Using SCS instead.
ECOS solver failed:  The solver ECOS is not installed. 
Using SCS instead.
ECOS solver failed:  The solver ECOS is not installed. 
Using SCS instead.
ECOS solver failed:  The solver ECOS is not installed. 
Using SCS instead.
ECOS solver failed:  The solver ECOS is not installed. 
Using SCS instead.
ECOS solver failed:  The solver ECOS is not installed. 
Using SCS instead.
ECOS solver failed:  The solver ECOS is not installed. 
Using SCS instead.
ECOS solver failed:  The solver ECOS is not installed. 
Using SCS instead.
ECOS solver failed:  The solver ECOS is not installed. 
Using SCS instead.
ECOS solver failed:  The solver ECOS is not installed. 
Using SCS instead.
ECOS solver failed:  The solver ECOS is not installed. 
Using SCS instead.
ECOS solver failed:  The solver ECOS is not installed. 
Using SCS instead.
ECOS solver failed:  The solver ECOS is not installed. 
Using SCS instead.
ECOS solver failed:  The solver ECOS is not installed. 
Using SCS instead.
ECOS solver failed:  The solver ECOS is not installed. 
Using SCS instead.
M-step Design Matrix Calculation time (sec): 0.1293
ECOS solver failed in IPCW_HAL_init, falling back to SCS: The solver ECOS is not installed.
M-step CVXPY optimize time (sec): 1.1113
ECOS solver failed:  The solver ECOS is not installed. 
Using SCS instead.
ECOS solver failed:  The solver ECOS is not installed. 
Using SCS instead.
ECOS solver failed:  The solver ECOS is not installed. 
Using SCS instead.
ECOS solver failed:  The solver ECOS is not installed. 
Using SCS instead.
ECOS solver failed:  The solver ECOS is not installed. 
Using SCS instead.
ECOS solver failed:  The solver ECOS is not installed. 
Using SCS instead.
ECOS solver failed:  The solver ECOS is not installed. 
Using SCS instead.
ECOS solver failed:  The solver ECOS is not installed. 
Using SCS instead.
ECOS solver failed:  The solver ECOS is not installed. 
Using SCS instead.
ECOS solver failed:  The solver ECOS is not installed. 
Using SCS instead.
ECOS solver failed:  The solver ECOS is not installed. 
Using SCS instead.
ECOS solver failed:  The solver ECOS is not installed. 
Using SCS instead.
ECOS solver failed:  The solver ECOS is not installed. 
Using SCS instead.
ECOS solver failed:  The solver ECOS is not installed. 
Using SCS instead.
ECOS solver failed:  The solver ECOS is not installed. 
Using SCS instead.
ECOS solver failed:  The solver ECOS is not installed. 
Using SCS instead.
ECOS solver failed:  The solver ECOS is not installed. 
Using SCS instead.
ECOS solver failed:  The solver ECOS is not installed. 
Using SCS instead.
ECOS solver failed:  The solver ECOS is not installed. 
Using SCS instead.
ECOS solver failed:  The solver ECOS is not installed. 
Using SCS instead.
ECOS solver failed:  The solver ECOS is not installed. 
Using SCS instead.
M-step Design Matrix Calculation time (sec): 0.0507
ECOS solver failed in IPCW_HAL_init, falling back to SCS: The solver ECOS is not installed.
WARNING - large complementary slackness residual: 0.025125
M-step CVXPY optimize time (sec): 1.0402
ECOS solver failed:  The solver ECOS is not installed. 
Using SCS instead.
ECOS solver failed:  The solver ECOS is not installed. 
Using SCS instead.
ECOS solver failed:  The solver ECOS is not installed. 
Using SCS instead.
ECOS solver failed:  The solver ECOS is not installed. 
Using SCS instead.
ECOS solver failed:  The solver ECOS is not installed. 
Using SCS instead.
ECOS solver failed:  The solver ECOS is not installed. 
Using SCS instead.
ECOS solver failed:  The solver ECOS is not installed. 
Using SCS instead.
ECOS solver failed:  The solver ECOS is not installed. 
Using SCS instead.
ECOS solver failed:  The solver ECOS is not installed. 
Using SCS instead.
ECOS solver failed:  The solver ECOS is not installed. 
Using SCS instead.
ECOS solver failed:  The solver ECOS is not installed. 
Using SCS instead.
ECOS solver failed:  The solver ECOS is not installed. 
Using SCS instead.
ECOS solver failed:  The solver ECOS is not installed. 
Using SCS instead.
ECOS solver failed:  The solver ECOS is not installed. 
Using SCS instead.
ECOS solver failed:  The solver ECOS is not installed. 
Using SCS instead.
ECOS solver failed:  The solver ECOS is not installed. 
Using SCS instead.
ECOS solver failed:  The solver ECOS is not installed. 
Using SCS instead.
ECOS solver failed:  The solver ECOS is not installed. 
Using SCS instead.
ECOS solver failed:  The solver ECOS is not installed. 
Using SCS instead.
ECOS solver failed:  The solver ECOS is not installed. 
Using SCS instead.
ECOS solver failed:  The solver ECOS is not installed. 
Using SCS instead.
M-step Design Matrix Calculation time (sec): 0.0751
ECOS solver failed in IPCW_HAL_init, falling back to SCS: The solver ECOS is not installed.
M-step CVXPY optimize time (sec): 1.9755
ECOS solver failed:  The solver ECOS is not installed. 
Using SCS instead.
ECOS solver failed:  The solver ECOS is not installed. 
Using SCS instead.
ECOS solver failed:  The solver ECOS is not installed. 
Using SCS instead.
ECOS solver failed:  The solver ECOS is not installed. 
Using SCS instead.
ECOS solver failed:  The solver ECOS is not installed. 
Using SCS instead.
ECOS solver failed:  The solver ECOS is not installed. 
Using SCS instead.
ECOS solver failed:  The solver ECOS is not installed. 
Using SCS instead.
ECOS solver failed:  The solver ECOS is not installed. 
Using SCS instead.
ECOS solver failed:  The solver ECOS is not installed. 
Using SCS instead.
ECOS solver failed:  The solver ECOS is not installed. 
Using SCS instead.
ECOS solver failed:  The solver ECOS is not installed. 
Using SCS instead.
ECOS solver failed:  The solver ECOS is not installed. 
Using SCS instead.
ECOS solver failed:  The solver ECOS is not installed. 
Using SCS instead.
ECOS solver failed:  The solver ECOS is not installed. 
Using SCS instead.
ECOS solver failed:  The solver ECOS is not installed. 
Using SCS instead.
ECOS solver failed:  The solver ECOS is not installed. 
Using SCS instead.
ECOS solver failed:  The solver ECOS is not installed. 
Using SCS instead.
ECOS solver failed:  The solver ECOS is not installed. 
Using SCS instead.
ECOS solver failed:  The solver ECOS is not installed. 
Using SCS instead.
ECOS solver failed:  The solver ECOS is not installed. 
Using SCS instead.
ECOS solver failed:  The solver ECOS is not installed. 
Using SCS instead.
M-step Design Matrix Calculation time (sec): 0.3386
ECOS solver failed in IPCW_HAL_init, falling back to SCS: The solver ECOS is not installed.
M-step CVXPY optimize time (sec): 1.9184
ECOS solver failed:  The solver ECOS is not installed. 
Using SCS instead.
ECOS solver failed:  The solver ECOS is not installed. 
Using SCS instead.
ECOS solver failed:  The solver ECOS is not installed. 
Using SCS instead.
ECOS solver failed:  The solver ECOS is not installed. 
Using SCS instead.
ECOS solver failed:  The solver ECOS is not installed. 
Using SCS instead.
ECOS solver failed:  The solver ECOS is not installed. 
Using SCS instead.
ECOS solver failed:  The solver ECOS is not installed. 
Using SCS instead.
ECOS solver failed:  The solver ECOS is not installed. 
Using SCS instead.
ECOS solver failed:  The solver ECOS is not installed. 
Using SCS instead.
ECOS solver failed:  The solver ECOS is not installed. 
Using SCS instead.
ECOS solver failed:  The solver ECOS is not installed. 
Using SCS instead.
ECOS solver failed:  The solver ECOS is not installed. 
Using SCS instead.
ECOS solver failed:  The solver ECOS is not installed. 
Using SCS instead.
ECOS solver failed:  The solver ECOS is not installed. 
Using SCS instead.
ECOS solver failed:  The solver ECOS is not installed. 
Using SCS instead.
ECOS solver failed:  The solver ECOS is not installed. 
Using SCS instead.
ECOS solver failed:  The solver ECOS is not installed. 
Using SCS instead.
ECOS solver failed:  The solver ECOS is not installed. 
Using SCS instead.
ECOS solver failed:  The solver ECOS is not installed. 
Using SCS instead.
ECOS solver failed:  The solver ECOS is not installed. 
Using SCS instead.
ECOS solver failed:  The solver ECOS is not installed. 
Using SCS instead.
M-step Design Matrix Calculation time (sec): 0.1797
ECOS solver failed in IPCW_HAL_init, falling back to SCS: The solver ECOS is not installed.
M-step CVXPY optimize time (sec): 1.0751
ECOS solver failed:  The solver ECOS is not installed. 
Using SCS instead.
ECOS solver failed:  The solver ECOS is not installed. 
Using SCS instead.
ECOS solver failed:  The solver ECOS is not installed. 
Using SCS instead.
ECOS solver failed:  The solver ECOS is not installed. 
Using SCS instead.
ECOS solver failed:  The solver ECOS is not installed. 
Using SCS instead.
ECOS solver failed:  The solver ECOS is not installed. 
Using SCS instead.
ECOS solver failed:  The solver ECOS is not installed. 
Using SCS instead.
ECOS solver failed:  The solver ECOS is not installed. 
Using SCS instead.
ECOS solver failed:  The solver ECOS is not installed. 
Using SCS instead.
ECOS solver failed:  The solver ECOS is not installed. 
Using SCS instead.
ECOS solver failed:  The solver ECOS is not installed. 
Using SCS instead.
ECOS solver failed:  The solver ECOS is not installed. 
Using SCS instead.
ECOS solver failed:  The solver ECOS is not installed. 
Using SCS instead.
ECOS solver failed:  The solver ECOS is not installed. 
Using SCS instead.
ECOS solver failed:  The solver ECOS is not installed. 
Using SCS instead.
ECOS solver failed:  The solver ECOS is not installed. 
Using SCS instead.
ECOS solver failed:  The solver ECOS is not installed. 
Using SCS instead.
ECOS solver failed:  The solver ECOS is not installed. 
Using SCS instead.
ECOS solver failed:  The solver ECOS is not installed. 
Using SCS instead.
ECOS solver failed:  The solver ECOS is not installed. 
Using SCS instead.
ECOS solver failed:  The solver ECOS is not installed. 
Using SCS instead.
M-step Design Matrix Calculation time (sec): 0.0314
ECOS solver failed in IPCW_HAL_init, falling back to SCS: The solver ECOS is not installed.
WARNING - large complementary slackness residual: 0.010820
M-step CVXPY optimize time (sec): 2.8986
ECOS solver failed:  The solver ECOS is not installed. 
Using SCS instead.
ECOS solver failed:  The solver ECOS is not installed. 
Using SCS instead.
ECOS solver failed:  The solver ECOS is not installed. 
Using SCS instead.
ECOS solver failed:  The solver ECOS is not installed. 
Using SCS instead.
ECOS solver failed:  The solver ECOS is not installed. 
Using SCS instead.
ECOS solver failed:  The solver ECOS is not installed. 
Using SCS instead.
ECOS solver failed:  The solver ECOS is not installed. 
Using SCS instead.
ECOS solver failed:  The solver ECOS is not installed. 
Using SCS instead.
ECOS solver failed:  The solver ECOS is not installed. 
Using SCS instead.
ECOS solver failed:  The solver ECOS is not installed. 
Using SCS instead.
ECOS solver failed:  The solver ECOS is not installed. 
Using SCS instead.
ECOS solver failed:  The solver ECOS is not installed. 
Using SCS instead.
ECOS solver failed:  The solver ECOS is not installed. 
Using SCS instead.
ECOS solver failed:  The solver ECOS is not installed. 
Using SCS instead.
ECOS solver failed:  The solver ECOS is not installed. 
Using SCS instead.
ECOS solver failed:  The solver ECOS is not installed. 
Using SCS instead.
ECOS solver failed:  The solver ECOS is not installed. 
Using SCS instead.
ECOS solver failed:  The solver ECOS is not installed. 
Using SCS instead.
ECOS solver failed:  The solver ECOS is not installed. 
Using SCS instead.
ECOS solver failed:  The solver ECOS is not installed. 
Using SCS instead.
ECOS solver failed:  The solver ECOS is not installed. 
Using SCS instead.
M-step Design Matrix Calculation time (sec): 0.1308
ECOS solver failed in IPCW_HAL_init, falling back to SCS: The solver ECOS is not installed.
WARNING - large complementary slackness residual: 0.007208
M-step CVXPY optimize time (sec): 2.2146
ECOS solver failed:  The solver ECOS is not installed. 
Using SCS instead.
ECOS solver failed:  The solver ECOS is not installed. 
Using SCS instead.
ECOS solver failed:  The solver ECOS is not installed. 
Using SCS instead.
ECOS solver failed:  The solver ECOS is not installed. 
Using SCS instead.
ECOS solver failed:  The solver ECOS is not installed. 
Using SCS instead.
ECOS solver failed:  The solver ECOS is not installed. 
Using SCS instead.
ECOS solver failed:  The solver ECOS is not installed. 
Using SCS instead.
ECOS solver failed:  The solver ECOS is not installed. 
Using SCS instead.
ECOS solver failed:  The solver ECOS is not installed. 
Using SCS instead.
ECOS solver failed:  The solver ECOS is not installed. 
Using SCS instead.
ECOS solver failed:  The solver ECOS is not installed. 
Using SCS instead.
ECOS solver failed:  The solver ECOS is not installed. 
Using SCS instead.
ECOS solver failed:  The solver ECOS is not installed. 
Using SCS instead.
ECOS solver failed:  The solver ECOS is not installed. 
Using SCS instead.
ECOS solver failed:  The solver ECOS is not installed. 
Using SCS instead.
ECOS solver failed:  The solver ECOS is not installed. 
Using SCS instead.
ECOS solver failed:  The solver ECOS is not installed. 
Using SCS instead.
ECOS solver failed:  The solver ECOS is not installed. 
Using SCS instead.
ECOS solver failed:  The solver ECOS is not installed. 
Using SCS instead.
ECOS solver failed:  The solver ECOS is not installed. 
Using SCS instead.
ECOS solver failed:  The solver ECOS is not installed. 
Using SCS instead.
M-step Design Matrix Calculation time (sec): 0.0178
ECOS solver failed in IPCW_HAL_init, falling back to SCS: The solver ECOS is not installed.
M-step CVXPY optimize time (sec): 0.7343
ECOS solver failed:  The solver ECOS is not installed. 
Using SCS instead.
ECOS solver failed:  The solver ECOS is not installed. 
Using SCS instead.
ECOS solver failed:  The solver ECOS is not installed. 
Using SCS instead.
ECOS solver failed:  The solver ECOS is not installed. 
Using SCS instead.
ECOS solver failed:  The solver ECOS is not installed. 
Using SCS instead.
ECOS solver failed:  The solver ECOS is not installed. 
Using SCS instead.
ECOS solver failed:  The solver ECOS is not installed. 
Using SCS instead.
ECOS solver failed:  The solver ECOS is not installed. 
Using SCS instead.
ECOS solver failed:  The solver ECOS is not installed. 
Using SCS instead.
ECOS solver failed:  The solver ECOS is not installed. 
Using SCS instead.
ECOS solver failed:  The solver ECOS is not installed. 
Using SCS instead.
ECOS solver failed:  The solver ECOS is not installed. 
Using SCS instead.
ECOS solver failed:  The solver ECOS is not installed. 
Using SCS instead.
ECOS solver failed:  The solver ECOS is not installed. 
Using SCS instead.
ECOS solver failed:  The solver ECOS is not installed. 
Using SCS instead.
ECOS solver failed:  The solver ECOS is not installed. 
Using SCS instead.
ECOS solver failed:  The solver ECOS is not installed. 
Using SCS instead.
ECOS solver failed:  The solver ECOS is not installed. 
Using SCS instead.
ECOS solver failed:  The solver ECOS is not installed. 
Using SCS instead.
ECOS solver failed:  The solver ECOS is not installed. 
Using SCS instead.
ECOS solver failed:  The solver ECOS is not installed. 
Using SCS instead.
M-step Design Matrix Calculation time (sec): 0.0197
ECOS solver failed in IPCW_HAL_init, falling back to SCS: The solver ECOS is not installed.
M-step CVXPY optimize time (sec): 1.0417
ECOS solver failed:  The solver ECOS is not installed. 
Using SCS instead.
ECOS solver failed:  The solver ECOS is not installed. 
Using SCS instead.
ECOS solver failed:  The solver ECOS is not installed. 
Using SCS instead.
ECOS solver failed:  The solver ECOS is not installed. 
Using SCS instead.
ECOS solver failed:  The solver ECOS is not installed. 
Using SCS instead.
ECOS solver failed:  The solver ECOS is not installed. 
Using SCS instead.
ECOS solver failed:  The solver ECOS is not installed. 
Using SCS instead.
ECOS solver failed:  The solver ECOS is not installed. 
Using SCS instead.
ECOS solver failed:  The solver ECOS is not installed. 
Using SCS instead.
ECOS solver failed:  The solver ECOS is not installed. 
Using SCS instead.
ECOS solver failed:  The solver ECOS is not installed. 
Using SCS instead.
ECOS solver failed:  The solver ECOS is not installed. 
Using SCS instead.
ECOS solver failed:  The solver ECOS is not installed. 
Using SCS instead.
ECOS solver failed:  The solver ECOS is not installed. 
Using SCS instead.
ECOS solver failed:  The solver ECOS is not installed. 
Using SCS instead.
ECOS solver failed:  The solver ECOS is not installed. 
Using SCS instead.
ECOS solver failed:  The solver ECOS is not installed. 
Using SCS instead.
ECOS solver failed:  The solver ECOS is not installed. 
Using SCS instead.
ECOS solver failed:  The solver ECOS is not installed. 
Using SCS instead.
ECOS solver failed:  The solver ECOS is not installed. 
Using SCS instead.
ECOS solver failed:  The solver ECOS is not installed. 
Using SCS instead.
M-step Design Matrix Calculation time (sec): 0.0657
ECOS solver failed in IPCW_HAL_init, falling back to SCS: The solver ECOS is not installed.
WARNING - large complementary slackness residual: 0.012725
M-step CVXPY optimize time (sec): 3.1799
ECOS solver failed:  The solver ECOS is not installed. 
Using SCS instead.
ECOS solver failed:  The solver ECOS is not installed. 
Using SCS instead.
ECOS solver failed:  The solver ECOS is not installed. 
Using SCS instead.
ECOS solver failed:  The solver ECOS is not installed. 
Using SCS instead.
ECOS solver failed:  The solver ECOS is not installed. 
Using SCS instead.
ECOS solver failed:  The solver ECOS is not installed. 
Using SCS instead.
ECOS solver failed:  The solver ECOS is not installed. 
Using SCS instead.
ECOS solver failed:  The solver ECOS is not installed. 
Using SCS instead.
ECOS solver failed:  The solver ECOS is not installed. 
Using SCS instead.
ECOS solver failed:  The solver ECOS is not installed. 
Using SCS instead.
ECOS solver failed:  The solver ECOS is not installed. 
Using SCS instead.
ECOS solver failed:  The solver ECOS is not installed. 
Using SCS instead.
ECOS solver failed:  The solver ECOS is not installed. 
Using SCS instead.
ECOS solver failed:  The solver ECOS is not installed. 
Using SCS instead.
ECOS solver failed:  The solver ECOS is not installed. 
Using SCS instead.
ECOS solver failed:  The solver ECOS is not installed. 
Using SCS instead.
ECOS solver failed:  The solver ECOS is not installed. 
Using SCS instead.
ECOS solver failed:  The solver ECOS is not installed. 
Using SCS instead.
ECOS solver failed:  The solver ECOS is not installed. 
Using SCS instead.
ECOS solver failed:  The solver ECOS is not installed. 
Using SCS instead.
ECOS solver failed:  The solver ECOS is not installed. 
Using SCS instead.
M-step Design Matrix Calculation time (sec): 0.1300
ECOS solver failed in IPCW_HAL_init, falling back to SCS: The solver ECOS is not installed.
WARNING - large complementary slackness residual: 0.006891
M-step CVXPY optimize time (sec): 1.6800
ECOS solver failed:  The solver ECOS is not installed. 
Using SCS instead.
ECOS solver failed:  The solver ECOS is not installed. 
Using SCS instead.
ECOS solver failed:  The solver ECOS is not installed. 
Using SCS instead.
ECOS solver failed:  The solver ECOS is not installed. 
Using SCS instead.
ECOS solver failed:  The solver ECOS is not installed. 
Using SCS instead.
ECOS solver failed:  The solver ECOS is not installed. 
Using SCS instead.
ECOS solver failed:  The solver ECOS is not installed. 
Using SCS instead.
ECOS solver failed:  The solver ECOS is not installed. 
Using SCS instead.
ECOS solver failed:  The solver ECOS is not installed. 
Using SCS instead.
ECOS solver failed:  The solver ECOS is not installed. 
Using SCS instead.
ECOS solver failed:  The solver ECOS is not installed. 
Using SCS instead.
ECOS solver failed:  The solver ECOS is not installed. 
Using SCS instead.
ECOS solver failed:  The solver ECOS is not installed. 
Using SCS instead.
ECOS solver failed:  The solver ECOS is not installed. 
Using SCS instead.
ECOS solver failed:  The solver ECOS is not installed. 
Using SCS instead.
ECOS solver failed:  The solver ECOS is not installed. 
Using SCS instead.
ECOS solver failed:  The solver ECOS is not installed. 
Using SCS instead.
ECOS solver failed:  The solver ECOS is not installed. 
Using SCS instead.
ECOS solver failed:  The solver ECOS is not installed. 
Using SCS instead.
ECOS solver failed:  The solver ECOS is not installed. 
Using SCS instead.
ECOS solver failed:  The solver ECOS is not installed. 
Using SCS instead.
M-step Design Matrix Calculation time (sec): 0.0181
ECOS solver failed in IPCW_HAL_init, falling back to SCS: The solver ECOS is not installed.
WARNING - large complementary slackness residual: 0.005971
M-step CVXPY optimize time (sec): 2.7682
ECOS solver failed:  The solver ECOS is not installed. 
Using SCS instead.
ECOS solver failed:  The solver ECOS is not installed. 
Using SCS instead.
ECOS solver failed:  The solver ECOS is not installed. 
Using SCS instead.
ECOS solver failed:  The solver ECOS is not installed. 
Using SCS instead.
ECOS solver failed:  The solver ECOS is not installed. 
Using SCS instead.
ECOS solver failed:  The solver ECOS is not installed. 
Using SCS instead.
ECOS solver failed:  The solver ECOS is not installed. 
Using SCS instead.
ECOS solver failed:  The solver ECOS is not installed. 
Using SCS instead.
ECOS solver failed:  The solver ECOS is not installed. 
Using SCS instead.
ECOS solver failed:  The solver ECOS is not installed. 
Using SCS instead.
ECOS solver failed:  The solver ECOS is not installed. 
Using SCS instead.
ECOS solver failed:  The solver ECOS is not installed. 
Using SCS instead.
ECOS solver failed:  The solver ECOS is not installed. 
Using SCS instead.
ECOS solver failed:  The solver ECOS is not installed. 
Using SCS instead.
ECOS solver failed:  The solver ECOS is not installed. 
Using SCS instead.
ECOS solver failed:  The solver ECOS is not installed. 
Using SCS instead.
ECOS solver failed:  The solver ECOS is not installed. 
Using SCS instead.
ECOS solver failed:  The solver ECOS is not installed. 
Using SCS instead.
ECOS solver failed:  The solver ECOS is not installed. 
Using SCS instead.
ECOS solver failed:  The solver ECOS is not installed. 
Using SCS instead.
ECOS solver failed:  The solver ECOS is not installed. 
Using SCS instead.
M-step Design Matrix Calculation time (sec): 0.0200
ECOS solver failed in IPCW_HAL_init, falling back to SCS: The solver ECOS is not installed.
WARNING - large complementary slackness residual: 0.004045
M-step CVXPY optimize time (sec): 2.2254
ECOS solver failed:  The solver ECOS is not installed. 
Using SCS instead.
ECOS solver failed:  The solver ECOS is not installed. 
Using SCS instead.
ECOS solver failed:  The solver ECOS is not installed. 
Using SCS instead.
ECOS solver failed:  The solver ECOS is not installed. 
Using SCS instead.
ECOS solver failed:  The solver ECOS is not installed. 
Using SCS instead.
ECOS solver failed:  The solver ECOS is not installed. 
Using SCS instead.
ECOS solver failed:  The solver ECOS is not installed. 
Using SCS instead.
ECOS solver failed:  The solver ECOS is not installed. 
Using SCS instead.
ECOS solver failed:  The solver ECOS is not installed. 
Using SCS instead.
ECOS solver failed:  The solver ECOS is not installed. 
Using SCS instead.
ECOS solver failed:  The solver ECOS is not installed. 
Using SCS instead.
ECOS solver failed:  The solver ECOS is not installed. 
Using SCS instead.
ECOS solver failed:  The solver ECOS is not installed. 
Using SCS instead.
ECOS solver failed:  The solver ECOS is not installed. 
Using SCS instead.
ECOS solver failed:  The solver ECOS is not installed. 
Using SCS instead.
ECOS solver failed:  The solver ECOS is not installed. 
Using SCS instead.
ECOS solver failed:  The solver ECOS is not installed. 
Using SCS instead.
ECOS solver failed:  The solver ECOS is not installed. 
Using SCS instead.
ECOS solver failed:  The solver ECOS is not installed. 
Using SCS instead.
ECOS solver failed:  The solver ECOS is not installed. 
Using SCS instead.
ECOS solver failed:  The solver ECOS is not installed. 
Using SCS instead.
M-step Design Matrix Calculation time (sec): 0.0234
ECOS solver failed in IPCW_HAL_init, falling back to SCS: The solver ECOS is not installed.
M-step CVXPY optimize time (sec): 1.2453
ECOS solver failed:  The solver ECOS is not installed. 
Using SCS instead.
ECOS solver failed:  The solver ECOS is not installed. 
Using SCS instead.
ECOS solver failed:  The solver ECOS is not installed. 
Using SCS instead.
ECOS solver failed:  The solver ECOS is not installed. 
Using SCS instead.
ECOS solver failed:  The solver ECOS is not installed. 
Using SCS instead.
ECOS solver failed:  The solver ECOS is not installed. 
Using SCS instead.
ECOS solver failed:  The solver ECOS is not installed. 
Using SCS instead.
ECOS solver failed:  The solver ECOS is not installed. 
Using SCS instead.
ECOS solver failed:  The solver ECOS is not installed. 
Using SCS instead.
ECOS solver failed:  The solver ECOS is not installed. 
Using SCS instead.
ECOS solver failed:  The solver ECOS is not installed. 
Using SCS instead.
ECOS solver failed:  The solver ECOS is not installed. 
Using SCS instead.
ECOS solver failed:  The solver ECOS is not installed. 
Using SCS instead.
ECOS solver failed:  The solver ECOS is not installed. 
Using SCS instead.
ECOS solver failed:  The solver ECOS is not installed. 
Using SCS instead.
ECOS solver failed:  The solver ECOS is not installed. 
Using SCS instead.
ECOS solver failed:  The solver ECOS is not installed. 
Using SCS instead.
ECOS solver failed:  The solver ECOS is not installed. 
Using SCS instead.
ECOS solver failed:  The solver ECOS is not installed. 
Using SCS instead.
ECOS solver failed:  The solver ECOS is not installed. 
Using SCS instead.
ECOS solver failed:  The solver ECOS is not installed. 
Using SCS instead.
M-step Design Matrix Calculation time (sec): 0.0211
ECOS solver failed in IPCW_HAL_init, falling back to SCS: The solver ECOS is not installed.
M-step CVXPY optimize time (sec): 0.7322
ECOS solver failed:  The solver ECOS is not installed. 
Using SCS instead.
ECOS solver failed:  The solver ECOS is not installed. 
Using SCS instead.
ECOS solver failed:  The solver ECOS is not installed. 
Using SCS instead.
ECOS solver failed:  The solver ECOS is not installed. 
Using SCS instead.
ECOS solver failed:  The solver ECOS is not installed. 
Using SCS instead.
ECOS solver failed:  The solver ECOS is not installed. 
Using SCS instead.
ECOS solver failed:  The solver ECOS is not installed. 
Using SCS instead.
ECOS solver failed:  The solver ECOS is not installed. 
Using SCS instead.
ECOS solver failed:  The solver ECOS is not installed. 
Using SCS instead.
ECOS solver failed:  The solver ECOS is not installed. 
Using SCS instead.
ECOS solver failed:  The solver ECOS is not installed. 
Using SCS instead.
ECOS solver failed:  The solver ECOS is not installed. 
Using SCS instead.
ECOS solver failed:  The solver ECOS is not installed. 
Using SCS instead.
ECOS solver failed:  The solver ECOS is not installed. 
Using SCS instead.
ECOS solver failed:  The solver ECOS is not installed. 
Using SCS instead.
ECOS solver failed:  The solver ECOS is not installed. 
Using SCS instead.
ECOS solver failed:  The solver ECOS is not installed. 
Using SCS instead.
ECOS solver failed:  The solver ECOS is not installed. 
Using SCS instead.
ECOS solver failed:  The solver ECOS is not installed. 
Using SCS instead.
ECOS solver failed:  The solver ECOS is not installed. 
Using SCS instead.
ECOS solver failed:  The solver ECOS is not installed. 
Using SCS instead.
M-step Design Matrix Calculation time (sec): 0.0946
ECOS solver failed in IPCW_HAL_init, falling back to SCS: The solver ECOS is not installed.
WARNING - large complementary slackness residual: 0.028466
M-step CVXPY optimize time (sec): 1.5157
ECOS solver failed:  The solver ECOS is not installed. 
Using SCS instead.
ECOS solver failed:  The solver ECOS is not installed. 
Using SCS instead.
ECOS solver failed:  The solver ECOS is not installed. 
Using SCS instead.
ECOS solver failed:  The solver ECOS is not installed. 
Using SCS instead.
ECOS solver failed:  The solver ECOS is not installed. 
Using SCS instead.
ECOS solver failed:  The solver ECOS is not installed. 
Using SCS instead.
ECOS solver failed:  The solver ECOS is not installed. 
Using SCS instead.
ECOS solver failed:  The solver ECOS is not installed. 
Using SCS instead.
ECOS solver failed:  The solver ECOS is not installed. 
Using SCS instead.
ECOS solver failed:  The solver ECOS is not installed. 
Using SCS instead.
ECOS solver failed:  The solver ECOS is not installed. 
Using SCS instead.
ECOS solver failed:  The solver ECOS is not installed. 
Using SCS instead.
ECOS solver failed:  The solver ECOS is not installed. 
Using SCS instead.
ECOS solver failed:  The solver ECOS is not installed. 
Using SCS instead.
ECOS solver failed:  The solver ECOS is not installed. 
Using SCS instead.
ECOS solver failed:  The solver ECOS is not installed. 
Using SCS instead.
ECOS solver failed:  The solver ECOS is not installed. 
Using SCS instead.
ECOS solver failed:  The solver ECOS is not installed. 
Using SCS instead.
ECOS solver failed:  The solver ECOS is not installed. 
Using SCS instead.
ECOS solver failed:  The solver ECOS is not installed. 
Using SCS instead.
ECOS solver failed:  The solver ECOS is not installed. 
Using SCS instead.
M-step Design Matrix Calculation time (sec): 0.0363
ECOS solver failed in IPCW_HAL_init, falling back to SCS: The solver ECOS is not installed.
M-step CVXPY optimize time (sec): 1.6844
ECOS solver failed:  The solver ECOS is not installed. 
Using SCS instead.
ECOS solver failed:  The solver ECOS is not installed. 
Using SCS instead.
ECOS solver failed:  The solver ECOS is not installed. 
Using SCS instead.
ECOS solver failed:  The solver ECOS is not installed. 
Using SCS instead.
ECOS solver failed:  The solver ECOS is not installed. 
Using SCS instead.
ECOS solver failed:  The solver ECOS is not installed. 
Using SCS instead.
ECOS solver failed:  The solver ECOS is not installed. 
Using SCS instead.
ECOS solver failed:  The solver ECOS is not installed. 
Using SCS instead.
ECOS solver failed:  The solver ECOS is not installed. 
Using SCS instead.
ECOS solver failed:  The solver ECOS is not installed. 
Using SCS instead.
ECOS solver failed:  The solver ECOS is not installed. 
Using SCS instead.
ECOS solver failed:  The solver ECOS is not installed. 
Using SCS instead.
ECOS solver failed:  The solver ECOS is not installed. 
Using SCS instead.
ECOS solver failed:  The solver ECOS is not installed. 
Using SCS instead.
ECOS solver failed:  The solver ECOS is not installed. 
Using SCS instead.
ECOS solver failed:  The solver ECOS is not installed. 
Using SCS instead.
ECOS solver failed:  The solver ECOS is not installed. 
Using SCS instead.
ECOS solver failed:  The solver ECOS is not installed. 
Using SCS instead.
ECOS solver failed:  The solver ECOS is not installed. 
Using SCS instead.
ECOS solver failed:  The solver ECOS is not installed. 
Using SCS instead.
ECOS solver failed:  The solver ECOS is not installed. 
Using SCS instead.
M-step Design Matrix Calculation time (sec): 0.0604
ECOS solver failed in IPCW_HAL_init, falling back to SCS: The solver ECOS is not installed.
WARNING - large complementary slackness residual: 0.022735
M-step CVXPY optimize time (sec): 2.8244
ECOS solver failed:  The solver ECOS is not installed. 
Using SCS instead.
ECOS solver failed:  The solver ECOS is not installed. 
Using SCS instead.
ECOS solver failed:  The solver ECOS is not installed. 
Using SCS instead.
ECOS solver failed:  The solver ECOS is not installed. 
Using SCS instead.
ECOS solver failed:  The solver ECOS is not installed. 
Using SCS instead.
ECOS solver failed:  The solver ECOS is not installed. 
Using SCS instead.
ECOS solver failed:  The solver ECOS is not installed. 
Using SCS instead.
ECOS solver failed:  The solver ECOS is not installed. 
Using SCS instead.
ECOS solver failed:  The solver ECOS is not installed. 
Using SCS instead.
ECOS solver failed:  The solver ECOS is not installed. 
Using SCS instead.
ECOS solver failed:  The solver ECOS is not installed. 
Using SCS instead.
ECOS solver failed:  The solver ECOS is not installed. 
Using SCS instead.
ECOS solver failed:  The solver ECOS is not installed. 
Using SCS instead.
ECOS solver failed:  The solver ECOS is not installed. 
Using SCS instead.
ECOS solver failed:  The solver ECOS is not installed. 
Using SCS instead.
ECOS solver failed:  The solver ECOS is not installed. 
Using SCS instead.
ECOS solver failed:  The solver ECOS is not installed. 
Using SCS instead.
ECOS solver failed:  The solver ECOS is not installed. 
Using SCS instead.
ECOS solver failed:  The solver ECOS is not installed. 
Using SCS instead.
ECOS solver failed:  The solver ECOS is not installed. 
Using SCS instead.
ECOS solver failed:  The solver ECOS is not installed. 
Using SCS instead.
M-step Design Matrix Calculation time (sec): 0.1714
ECOS solver failed in IPCW_HAL_init, falling back to SCS: The solver ECOS is not installed.
WARNING - large complementary slackness residual: 0.007911
M-step CVXPY optimize time (sec): 2.0294
ECOS solver failed:  The solver ECOS is not installed. 
Using SCS instead.
ECOS solver failed:  The solver ECOS is not installed. 
Using SCS instead.
ECOS solver failed:  The solver ECOS is not installed. 
Using SCS instead.
ECOS solver failed:  The solver ECOS is not installed. 
Using SCS instead.
ECOS solver failed:  The solver ECOS is not installed. 
Using SCS instead.
ECOS solver failed:  The solver ECOS is not installed. 
Using SCS instead.
ECOS solver failed:  The solver ECOS is not installed. 
Using SCS instead.
ECOS solver failed:  The solver ECOS is not installed. 
Using SCS instead.
ECOS solver failed:  The solver ECOS is not installed. 
Using SCS instead.
ECOS solver failed:  The solver ECOS is not installed. 
Using SCS instead.
ECOS solver failed:  The solver ECOS is not installed. 
Using SCS instead.
ECOS solver failed:  The solver ECOS is not installed. 
Using SCS instead.
ECOS solver failed:  The solver ECOS is not installed. 
Using SCS instead.
ECOS solver failed:  The solver ECOS is not installed. 
Using SCS instead.
ECOS solver failed:  The solver ECOS is not installed. 
Using SCS instead.
ECOS solver failed:  The solver ECOS is not installed. 
Using SCS instead.
ECOS solver failed:  The solver ECOS is not installed. 
Using SCS instead.
ECOS solver failed:  The solver ECOS is not installed. 
Using SCS instead.
ECOS solver failed:  The solver ECOS is not installed. 
Using SCS instead.
ECOS solver failed:  The solver ECOS is not installed. 
Using SCS instead.
ECOS solver failed:  The solver ECOS is not installed. 
Using SCS instead.
M-step Design Matrix Calculation time (sec): 0.0199
ECOS solver failed in IPCW_HAL_init, falling back to SCS: The solver ECOS is not installed.
M-step CVXPY optimize time (sec): 0.8219
ECOS solver failed:  The solver ECOS is not installed. 
Using SCS instead.
ECOS solver failed:  The solver ECOS is not installed. 
Using SCS instead.
ECOS solver failed:  The solver ECOS is not installed. 
Using SCS instead.
ECOS solver failed:  The solver ECOS is not installed. 
Using SCS instead.
ECOS solver failed:  The solver ECOS is not installed. 
Using SCS instead.
ECOS solver failed:  The solver ECOS is not installed. 
Using SCS instead.
ECOS solver failed:  The solver ECOS is not installed. 
Using SCS instead.
ECOS solver failed:  The solver ECOS is not installed. 
Using SCS instead.
ECOS solver failed:  The solver ECOS is not installed. 
Using SCS instead.
ECOS solver failed:  The solver ECOS is not installed. 
Using SCS instead.
ECOS solver failed:  The solver ECOS is not installed. 
Using SCS instead.
ECOS solver failed:  The solver ECOS is not installed. 
Using SCS instead.
ECOS solver failed:  The solver ECOS is not installed. 
Using SCS instead.
ECOS solver failed:  The solver ECOS is not installed. 
Using SCS instead.
ECOS solver failed:  The solver ECOS is not installed. 
Using SCS instead.
ECOS solver failed:  The solver ECOS is not installed. 
Using SCS instead.
ECOS solver failed:  The solver ECOS is not installed. 
Using SCS instead.
ECOS solver failed:  The solver ECOS is not installed. 
Using SCS instead.
ECOS solver failed:  The solver ECOS is not installed. 
Using SCS instead.
ECOS solver failed:  The solver ECOS is not installed. 
Using SCS instead.
ECOS solver failed:  The solver ECOS is not installed. 
Using SCS instead.
M-step Design Matrix Calculation time (sec): 0.0346
ECOS solver failed in IPCW_HAL_init, falling back to SCS: The solver ECOS is not installed.
WARNING - large complementary slackness residual: 0.015709
M-step CVXPY optimize time (sec): 1.1852
ECOS solver failed:  The solver ECOS is not installed. 
Using SCS instead.
ECOS solver failed:  The solver ECOS is not installed. 
Using SCS instead.
ECOS solver failed:  The solver ECOS is not installed. 
Using SCS instead.
ECOS solver failed:  The solver ECOS is not installed. 
Using SCS instead.
ECOS solver failed:  The solver ECOS is not installed. 
Using SCS instead.
ECOS solver failed:  The solver ECOS is not installed. 
Using SCS instead.
ECOS solver failed:  The solver ECOS is not installed. 
Using SCS instead.
ECOS solver failed:  The solver ECOS is not installed. 
Using SCS instead.
ECOS solver failed:  The solver ECOS is not installed. 
Using SCS instead.
ECOS solver failed:  The solver ECOS is not installed. 
Using SCS instead.
ECOS solver failed:  The solver ECOS is not installed. 
Using SCS instead.
ECOS solver failed:  The solver ECOS is not installed. 
Using SCS instead.
ECOS solver failed:  The solver ECOS is not installed. 
Using SCS instead.
ECOS solver failed:  The solver ECOS is not installed. 
Using SCS instead.
ECOS solver failed:  The solver ECOS is not installed. 
Using SCS instead.
ECOS solver failed:  The solver ECOS is not installed. 
Using SCS instead.
ECOS solver failed:  The solver ECOS is not installed. 
Using SCS instead.
ECOS solver failed:  The solver ECOS is not installed. 
Using SCS instead.
ECOS solver failed:  The solver ECOS is not installed. 
Using SCS instead.
ECOS solver failed:  The solver ECOS is not installed. 
Using SCS instead.
ECOS solver failed:  The solver ECOS is not installed. 
Using SCS instead.
M-step Design Matrix Calculation time (sec): 0.0174
ECOS solver failed in IPCW_HAL_init, falling back to SCS: The solver ECOS is not installed.
WARNING - large complementary slackness residual: 0.018453
M-step CVXPY optimize time (sec): 3.4072
ECOS solver failed:  The solver ECOS is not installed. 
Using SCS instead.
ECOS solver failed:  The solver ECOS is not installed. 
Using SCS instead.
ECOS solver failed:  The solver ECOS is not installed. 
Using SCS instead.
ECOS solver failed:  The solver ECOS is not installed. 
Using SCS instead.
ECOS solver failed:  The solver ECOS is not installed. 
Using SCS instead.
ECOS solver failed:  The solver ECOS is not installed. 
Using SCS instead.
ECOS solver failed:  The solver ECOS is not installed. 
Using SCS instead.
ECOS solver failed:  The solver ECOS is not installed. 
Using SCS instead.
ECOS solver failed:  The solver ECOS is not installed. 
Using SCS instead.
ECOS solver failed:  The solver ECOS is not installed. 
Using SCS instead.
ECOS solver failed:  The solver ECOS is not installed. 
Using SCS instead.
ECOS solver failed:  The solver ECOS is not installed. 
Using SCS instead.
ECOS solver failed:  The solver ECOS is not installed. 
Using SCS instead.
ECOS solver failed:  The solver ECOS is not installed. 
Using SCS instead.
ECOS solver failed:  The solver ECOS is not installed. 
Using SCS instead.
ECOS solver failed:  The solver ECOS is not installed. 
Using SCS instead.
ECOS solver failed:  The solver ECOS is not installed. 
Using SCS instead.
ECOS solver failed:  The solver ECOS is not installed. 
Using SCS instead.
ECOS solver failed:  The solver ECOS is not installed. 
Using SCS instead.
ECOS solver failed:  The solver ECOS is not installed. 
Using SCS instead.
ECOS solver failed:  The solver ECOS is not installed. 
Using SCS instead.
M-step Design Matrix Calculation time (sec): 0.0191
ECOS solver failed in IPCW_HAL_init, falling back to SCS: The solver ECOS is not installed.
WARNING - large complementary slackness residual: 0.023679
M-step CVXPY optimize time (sec): 3.1734
ECOS solver failed:  The solver ECOS is not installed. 
Using SCS instead.
ECOS solver failed:  The solver ECOS is not installed. 
Using SCS instead.
ECOS solver failed:  The solver ECOS is not installed. 
Using SCS instead.
ECOS solver failed:  The solver ECOS is not installed. 
Using SCS instead.
ECOS solver failed:  The solver ECOS is not installed. 
Using SCS instead.
ECOS solver failed:  The solver ECOS is not installed. 
Using SCS instead.
ECOS solver failed:  The solver ECOS is not installed. 
Using SCS instead.
ECOS solver failed:  The solver ECOS is not installed. 
Using SCS instead.
ECOS solver failed:  The solver ECOS is not installed. 
Using SCS instead.
ECOS solver failed:  The solver ECOS is not installed. 
Using SCS instead.
ECOS solver failed:  The solver ECOS is not installed. 
Using SCS instead.
ECOS solver failed:  The solver ECOS is not installed. 
Using SCS instead.
ECOS solver failed:  The solver ECOS is not installed. 
Using SCS instead.
ECOS solver failed:  The solver ECOS is not installed. 
Using SCS instead.
ECOS solver failed:  The solver ECOS is not installed. 
Using SCS instead.
ECOS solver failed:  The solver ECOS is not installed. 
Using SCS instead.
ECOS solver failed:  The solver ECOS is not installed. 
Using SCS instead.
ECOS solver failed:  The solver ECOS is not installed. 
Using SCS instead.
ECOS solver failed:  The solver ECOS is not installed. 
Using SCS instead.
ECOS solver failed:  The solver ECOS is not installed. 
Using SCS instead.
ECOS solver failed:  The solver ECOS is not installed. 
Using SCS instead.
M-step Design Matrix Calculation time (sec): 0.0332
ECOS solver failed in IPCW_HAL_init, falling back to SCS: The solver ECOS is not installed.
WARNING - large complementary slackness residual: 0.015923
M-step CVXPY optimize time (sec): 2.3177
ECOS solver failed:  The solver ECOS is not installed. 
Using SCS instead.
ECOS solver failed:  The solver ECOS is not installed. 
Using SCS instead.
ECOS solver failed:  The solver ECOS is not installed. 
Using SCS instead.
ECOS solver failed:  The solver ECOS is not installed. 
Using SCS instead.
ECOS solver failed:  The solver ECOS is not installed. 
Using SCS instead.
ECOS solver failed:  The solver ECOS is not installed. 
Using SCS instead.
ECOS solver failed:  The solver ECOS is not installed. 
Using SCS instead.
ECOS solver failed:  The solver ECOS is not installed. 
Using SCS instead.
ECOS solver failed:  The solver ECOS is not installed. 
Using SCS instead.
ECOS solver failed:  The solver ECOS is not installed. 
Using SCS instead.
ECOS solver failed:  The solver ECOS is not installed. 
Using SCS instead.
ECOS solver failed:  The solver ECOS is not installed. 
Using SCS instead.
ECOS solver failed:  The solver ECOS is not installed. 
Using SCS instead.
ECOS solver failed:  The solver ECOS is not installed. 
Using SCS instead.
ECOS solver failed:  The solver ECOS is not installed. 
Using SCS instead.
ECOS solver failed:  The solver ECOS is not installed. 
Using SCS instead.
ECOS solver failed:  The solver ECOS is not installed. 
Using SCS instead.
ECOS solver failed:  The solver ECOS is not installed. 
Using SCS instead.
ECOS solver failed:  The solver ECOS is not installed. 
Using SCS instead.
ECOS solver failed:  The solver ECOS is not installed. 
Using SCS instead.
ECOS solver failed:  The solver ECOS is not installed. 
Using SCS instead.
M-step Design Matrix Calculation time (sec): 0.0592
ECOS solver failed in IPCW_HAL_init, falling back to SCS: The solver ECOS is not installed.
WARNING - large complementary slackness residual: 0.028658
M-step CVXPY optimize time (sec): 4.0873
ECOS solver failed:  The solver ECOS is not installed. 
Using SCS instead.
ECOS solver failed:  The solver ECOS is not installed. 
Using SCS instead.
ECOS solver failed:  The solver ECOS is not installed. 
Using SCS instead.
ECOS solver failed:  The solver ECOS is not installed. 
Using SCS instead.
ECOS solver failed:  The solver ECOS is not installed. 
Using SCS instead.
ECOS solver failed:  The solver ECOS is not installed. 
Using SCS instead.
ECOS solver failed:  The solver ECOS is not installed. 
Using SCS instead.
ECOS solver failed:  The solver ECOS is not installed. 
Using SCS instead.
ECOS solver failed:  The solver ECOS is not installed. 
Using SCS instead.
ECOS solver failed:  The solver ECOS is not installed. 
Using SCS instead.
ECOS solver failed:  The solver ECOS is not installed. 
Using SCS instead.
ECOS solver failed:  The solver ECOS is not installed. 
Using SCS instead.
ECOS solver failed:  The solver ECOS is not installed. 
Using SCS instead.
ECOS solver failed:  The solver ECOS is not installed. 
Using SCS instead.
ECOS solver failed:  The solver ECOS is not installed. 
Using SCS instead.
ECOS solver failed:  The solver ECOS is not installed. 
Using SCS instead.
ECOS solver failed:  The solver ECOS is not installed. 
Using SCS instead.
ECOS solver failed:  The solver ECOS is not installed. 
Using SCS instead.
ECOS solver failed:  The solver ECOS is not installed. 
Using SCS instead.
ECOS solver failed:  The solver ECOS is not installed. 
Using SCS instead.
ECOS solver failed:  The solver ECOS is not installed. 
Using SCS instead.
M-step Design Matrix Calculation time (sec): 0.0353
ECOS solver failed in IPCW_HAL_init, falling back to SCS: The solver ECOS is not installed.
M-step CVXPY optimize time (sec): 1.0449
ECOS solver failed:  The solver ECOS is not installed. 
Using SCS instead.
ECOS solver failed:  The solver ECOS is not installed. 
Using SCS instead.
ECOS solver failed:  The solver ECOS is not installed. 
Using SCS instead.
ECOS solver failed:  The solver ECOS is not installed. 
Using SCS instead.
ECOS solver failed:  The solver ECOS is not installed. 
Using SCS instead.
ECOS solver failed:  The solver ECOS is not installed. 
Using SCS instead.
ECOS solver failed:  The solver ECOS is not installed. 
Using SCS instead.
ECOS solver failed:  The solver ECOS is not installed. 
Using SCS instead.
ECOS solver failed:  The solver ECOS is not installed. 
Using SCS instead.
ECOS solver failed:  The solver ECOS is not installed. 
Using SCS instead.
ECOS solver failed:  The solver ECOS is not installed. 
Using SCS instead.
ECOS solver failed:  The solver ECOS is not installed. 
Using SCS instead.
ECOS solver failed:  The solver ECOS is not installed. 
Using SCS instead.
ECOS solver failed:  The solver ECOS is not installed. 
Using SCS instead.
ECOS solver failed:  The solver ECOS is not installed. 
Using SCS instead.
ECOS solver failed:  The solver ECOS is not installed. 
Using SCS instead.
ECOS solver failed:  The solver ECOS is not installed. 
Using SCS instead.
ECOS solver failed:  The solver ECOS is not installed. 
Using SCS instead.
ECOS solver failed:  The solver ECOS is not installed. 
Using SCS instead.
ECOS solver failed:  The solver ECOS is not installed. 
Using SCS instead.
ECOS solver failed:  The solver ECOS is not installed. 
Using SCS instead.
M-step Design Matrix Calculation time (sec): 0.0158
ECOS solver failed in IPCW_HAL_init, falling back to SCS: The solver ECOS is not installed.
WARNING - large complementary slackness residual: 0.008391
M-step CVXPY optimize time (sec): 2.2731
ECOS solver failed:  The solver ECOS is not installed. 
Using SCS instead.
ECOS solver failed:  The solver ECOS is not installed. 
Using SCS instead.
ECOS solver failed:  The solver ECOS is not installed. 
Using SCS instead.
ECOS solver failed:  The solver ECOS is not installed. 
Using SCS instead.
ECOS solver failed:  The solver ECOS is not installed. 
Using SCS instead.
ECOS solver failed:  The solver ECOS is not installed. 
Using SCS instead.
ECOS solver failed:  The solver ECOS is not installed. 
Using SCS instead.
ECOS solver failed:  The solver ECOS is not installed. 
Using SCS instead.
ECOS solver failed:  The solver ECOS is not installed. 
Using SCS instead.
ECOS solver failed:  The solver ECOS is not installed. 
Using SCS instead.
ECOS solver failed:  The solver ECOS is not installed. 
Using SCS instead.
ECOS solver failed:  The solver ECOS is not installed. 
Using SCS instead.
ECOS solver failed:  The solver ECOS is not installed. 
Using SCS instead.
ECOS solver failed:  The solver ECOS is not installed. 
Using SCS instead.
ECOS solver failed:  The solver ECOS is not installed. 
Using SCS instead.
ECOS solver failed:  The solver ECOS is not installed. 
Using SCS instead.
ECOS solver failed:  The solver ECOS is not installed. 
Using SCS instead.
ECOS solver failed:  The solver ECOS is not installed. 
Using SCS instead.
ECOS solver failed:  The solver ECOS is not installed. 
Using SCS instead.
ECOS solver failed:  The solver ECOS is not installed. 
Using SCS instead.
ECOS solver failed:  The solver ECOS is not installed. 
Using SCS instead.
M-step Design Matrix Calculation time (sec): 0.0355
ECOS solver failed in IPCW_HAL_init, falling back to SCS: The solver ECOS is not installed.
WARNING - large complementary slackness residual: 0.018405
M-step CVXPY optimize time (sec): 0.7726
ECOS solver failed:  The solver ECOS is not installed. 
Using SCS instead.
ECOS solver failed:  The solver ECOS is not installed. 
Using SCS instead.
ECOS solver failed:  The solver ECOS is not installed. 
Using SCS instead.
ECOS solver failed:  The solver ECOS is not installed. 
Using SCS instead.
ECOS solver failed:  The solver ECOS is not installed. 
Using SCS instead.
ECOS solver failed:  The solver ECOS is not installed. 
Using SCS instead.
ECOS solver failed:  The solver ECOS is not installed. 
Using SCS instead.
ECOS solver failed:  The solver ECOS is not installed. 
Using SCS instead.
ECOS solver failed:  The solver ECOS is not installed. 
Using SCS instead.
ECOS solver failed:  The solver ECOS is not installed. 
Using SCS instead.
ECOS solver failed:  The solver ECOS is not installed. 
Using SCS instead.
ECOS solver failed:  The solver ECOS is not installed. 
Using SCS instead.
ECOS solver failed:  The solver ECOS is not installed. 
Using SCS instead.
ECOS solver failed:  The solver ECOS is not installed. 
Using SCS instead.
ECOS solver failed:  The solver ECOS is not installed. 
Using SCS instead.
ECOS solver failed:  The solver ECOS is not installed. 
Using SCS instead.
ECOS solver failed:  The solver ECOS is not installed. 
Using SCS instead.
ECOS solver failed:  The solver ECOS is not installed. 
Using SCS instead.
ECOS solver failed:  The solver ECOS is not installed. 
Using SCS instead.
ECOS solver failed:  The solver ECOS is not installed. 
Using SCS instead.
ECOS solver failed:  The solver ECOS is not installed. 
Using SCS instead.
M-step Design Matrix Calculation time (sec): 0.0201
ECOS solver failed in IPCW_HAL_init, falling back to SCS: The solver ECOS is not installed.
WARNING - large complementary slackness residual: 0.016592
M-step CVXPY optimize time (sec): 1.9761
ECOS solver failed:  The solver ECOS is not installed. 
Using SCS instead.
ECOS solver failed:  The solver ECOS is not installed. 
Using SCS instead.
ECOS solver failed:  The solver ECOS is not installed. 
Using SCS instead.
ECOS solver failed:  The solver ECOS is not installed. 
Using SCS instead.
ECOS solver failed:  The solver ECOS is not installed. 
Using SCS instead.
ECOS solver failed:  The solver ECOS is not installed. 
Using SCS instead.
ECOS solver failed:  The solver ECOS is not installed. 
Using SCS instead.
ECOS solver failed:  The solver ECOS is not installed. 
Using SCS instead.
ECOS solver failed:  The solver ECOS is not installed. 
Using SCS instead.
ECOS solver failed:  The solver ECOS is not installed. 
Using SCS instead.
ECOS solver failed:  The solver ECOS is not installed. 
Using SCS instead.
ECOS solver failed:  The solver ECOS is not installed. 
Using SCS instead.
ECOS solver failed:  The solver ECOS is not installed. 
Using SCS instead.
ECOS solver failed:  The solver ECOS is not installed. 
Using SCS instead.
ECOS solver failed:  The solver ECOS is not installed. 
Using SCS instead.
ECOS solver failed:  The solver ECOS is not installed. 
Using SCS instead.
ECOS solver failed:  The solver ECOS is not installed. 
Using SCS instead.
ECOS solver failed:  The solver ECOS is not installed. 
Using SCS instead.
ECOS solver failed:  The solver ECOS is not installed. 
Using SCS instead.
ECOS solver failed:  The solver ECOS is not installed. 
Using SCS instead.
ECOS solver failed:  The solver ECOS is not installed. 
Using SCS instead.
M-step Design Matrix Calculation time (sec): 0.1125
ECOS solver failed in IPCW_HAL_init, falling back to SCS: The solver ECOS is not installed.
WARNING - large complementary slackness residual: 0.021003
M-step CVXPY optimize time (sec): 1.3104
ECOS solver failed:  The solver ECOS is not installed. 
Using SCS instead.
ECOS solver failed:  The solver ECOS is not installed. 
Using SCS instead.
ECOS solver failed:  The solver ECOS is not installed. 
Using SCS instead.
ECOS solver failed:  The solver ECOS is not installed. 
Using SCS instead.
ECOS solver failed:  The solver ECOS is not installed. 
Using SCS instead.
ECOS solver failed:  The solver ECOS is not installed. 
Using SCS instead.
ECOS solver failed:  The solver ECOS is not installed. 
Using SCS instead.
ECOS solver failed:  The solver ECOS is not installed. 
Using SCS instead.
ECOS solver failed:  The solver ECOS is not installed. 
Using SCS instead.
ECOS solver failed:  The solver ECOS is not installed. 
Using SCS instead.
ECOS solver failed:  The solver ECOS is not installed. 
Using SCS instead.
ECOS solver failed:  The solver ECOS is not installed. 
Using SCS instead.
ECOS solver failed:  The solver ECOS is not installed. 
Using SCS instead.
ECOS solver failed:  The solver ECOS is not installed. 
Using SCS instead.
ECOS solver failed:  The solver ECOS is not installed. 
Using SCS instead.
ECOS solver failed:  The solver ECOS is not installed. 
Using SCS instead.
ECOS solver failed:  The solver ECOS is not installed. 
Using SCS instead.
ECOS solver failed:  The solver ECOS is not installed. 
Using SCS instead.
ECOS solver failed:  The solver ECOS is not installed. 
Using SCS instead.
ECOS solver failed:  The solver ECOS is not installed. 
Using SCS instead.
ECOS solver failed:  The solver ECOS is not installed. 
Using SCS instead.
M-step Design Matrix Calculation time (sec): 0.0208
ECOS solver failed in IPCW_HAL_init, falling back to SCS: The solver ECOS is not installed.
WARNING - large complementary slackness residual: 0.014884
M-step CVXPY optimize time (sec): 2.1228
ECOS solver failed:  The solver ECOS is not installed. 
Using SCS instead.
ECOS solver failed:  The solver ECOS is not installed. 
Using SCS instead.
ECOS solver failed:  The solver ECOS is not installed. 
Using SCS instead.
ECOS solver failed:  The solver ECOS is not installed. 
Using SCS instead.
ECOS solver failed:  The solver ECOS is not installed. 
Using SCS instead.
ECOS solver failed:  The solver ECOS is not installed. 
Using SCS instead.
ECOS solver failed:  The solver ECOS is not installed. 
Using SCS instead.
ECOS solver failed:  The solver ECOS is not installed. 
Using SCS instead.
ECOS solver failed:  The solver ECOS is not installed. 
Using SCS instead.
ECOS solver failed:  The solver ECOS is not installed. 
Using SCS instead.
ECOS solver failed:  The solver ECOS is not installed. 
Using SCS instead.
ECOS solver failed:  The solver ECOS is not installed. 
Using SCS instead.
ECOS solver failed:  The solver ECOS is not installed. 
Using SCS instead.
ECOS solver failed:  The solver ECOS is not installed. 
Using SCS instead.
ECOS solver failed:  The solver ECOS is not installed. 
Using SCS instead.
ECOS solver failed:  The solver ECOS is not installed. 
Using SCS instead.
ECOS solver failed:  The solver ECOS is not installed. 
Using SCS instead.
ECOS solver failed:  The solver ECOS is not installed. 
Using SCS instead.
ECOS solver failed:  The solver ECOS is not installed. 
Using SCS instead.
ECOS solver failed:  The solver ECOS is not installed. 
Using SCS instead.
ECOS solver failed:  The solver ECOS is not installed. 
Using SCS instead.
M-step Design Matrix Calculation time (sec): 0.0367
ECOS solver failed in IPCW_HAL_init, falling back to SCS: The solver ECOS is not installed.
M-step CVXPY optimize time (sec): 1.0319
ECOS solver failed:  The solver ECOS is not installed. 
Using SCS instead.
ECOS solver failed:  The solver ECOS is not installed. 
Using SCS instead.
ECOS solver failed:  The solver ECOS is not installed. 
Using SCS instead.
ECOS solver failed:  The solver ECOS is not installed. 
Using SCS instead.
ECOS solver failed:  The solver ECOS is not installed. 
Using SCS instead.
ECOS solver failed:  The solver ECOS is not installed. 
Using SCS instead.
ECOS solver failed:  The solver ECOS is not installed. 
Using SCS instead.
ECOS solver failed:  The solver ECOS is not installed. 
Using SCS instead.
ECOS solver failed:  The solver ECOS is not installed. 
Using SCS instead.
ECOS solver failed:  The solver ECOS is not installed. 
Using SCS instead.
ECOS solver failed:  The solver ECOS is not installed. 
Using SCS instead.
ECOS solver failed:  The solver ECOS is not installed. 
Using SCS instead.
ECOS solver failed:  The solver ECOS is not installed. 
Using SCS instead.
ECOS solver failed:  The solver ECOS is not installed. 
Using SCS instead.
ECOS solver failed:  The solver ECOS is not installed. 
Using SCS instead.
ECOS solver failed:  The solver ECOS is not installed. 
Using SCS instead.
ECOS solver failed:  The solver ECOS is not installed. 
Using SCS instead.
ECOS solver failed:  The solver ECOS is not installed. 
Using SCS instead.
ECOS solver failed:  The solver ECOS is not installed. 
Using SCS instead.
ECOS solver failed:  The solver ECOS is not installed. 
Using SCS instead.
ECOS solver failed:  The solver ECOS is not installed. 
Using SCS instead.
M-step Design Matrix Calculation time (sec): 0.0321
ECOS solver failed in IPCW_HAL_init, falling back to SCS: The solver ECOS is not installed.
M-step CVXPY optimize time (sec): 1.1607
ECOS solver failed:  The solver ECOS is not installed. 
Using SCS instead.
ECOS solver failed:  The solver ECOS is not installed. 
Using SCS instead.
ECOS solver failed:  The solver ECOS is not installed. 
Using SCS instead.
ECOS solver failed:  The solver ECOS is not installed. 
Using SCS instead.
ECOS solver failed:  The solver ECOS is not installed. 
Using SCS instead.
ECOS solver failed:  The solver ECOS is not installed. 
Using SCS instead.
ECOS solver failed:  The solver ECOS is not installed. 
Using SCS instead.
ECOS solver failed:  The solver ECOS is not installed. 
Using SCS instead.
ECOS solver failed:  The solver ECOS is not installed. 
Using SCS instead.
ECOS solver failed:  The solver ECOS is not installed. 
Using SCS instead.
ECOS solver failed:  The solver ECOS is not installed. 
Using SCS instead.
ECOS solver failed:  The solver ECOS is not installed. 
Using SCS instead.
ECOS solver failed:  The solver ECOS is not installed. 
Using SCS instead.
ECOS solver failed:  The solver ECOS is not installed. 
Using SCS instead.
ECOS solver failed:  The solver ECOS is not installed. 
Using SCS instead.
ECOS solver failed:  The solver ECOS is not installed. 
Using SCS instead.
ECOS solver failed:  The solver ECOS is not installed. 
Using SCS instead.
ECOS solver failed:  The solver ECOS is not installed. 
Using SCS instead.
ECOS solver failed:  The solver ECOS is not installed. 
Using SCS instead.
ECOS solver failed:  The solver ECOS is not installed. 
Using SCS instead.
ECOS solver failed:  The solver ECOS is not installed. 
Using SCS instead.
M-step Design Matrix Calculation time (sec): 0.0368
ECOS solver failed in IPCW_HAL_init, falling back to SCS: The solver ECOS is not installed.
M-step CVXPY optimize time (sec): 0.7898
ECOS solver failed:  The solver ECOS is not installed. 
Using SCS instead.
ECOS solver failed:  The solver ECOS is not installed. 
Using SCS instead.
ECOS solver failed:  The solver ECOS is not installed. 
Using SCS instead.
ECOS solver failed:  The solver ECOS is not installed. 
Using SCS instead.
ECOS solver failed:  The solver ECOS is not installed. 
Using SCS instead.
ECOS solver failed:  The solver ECOS is not installed. 
Using SCS instead.
ECOS solver failed:  The solver ECOS is not installed. 
Using SCS instead.
ECOS solver failed:  The solver ECOS is not installed. 
Using SCS instead.
ECOS solver failed:  The solver ECOS is not installed. 
Using SCS instead.
ECOS solver failed:  The solver ECOS is not installed. 
Using SCS instead.
ECOS solver failed:  The solver ECOS is not installed. 
Using SCS instead.
ECOS solver failed:  The solver ECOS is not installed. 
Using SCS instead.
ECOS solver failed:  The solver ECOS is not installed. 
Using SCS instead.
ECOS solver failed:  The solver ECOS is not installed. 
Using SCS instead.
ECOS solver failed:  The solver ECOS is not installed. 
Using SCS instead.
ECOS solver failed:  The solver ECOS is not installed. 
Using SCS instead.
ECOS solver failed:  The solver ECOS is not installed. 
Using SCS instead.
ECOS solver failed:  The solver ECOS is not installed. 
Using SCS instead.
ECOS solver failed:  The solver ECOS is not installed. 
Using SCS instead.
ECOS solver failed:  The solver ECOS is not installed. 
Using SCS instead.
ECOS solver failed:  The solver ECOS is not installed. 
Using SCS instead.
M-step Design Matrix Calculation time (sec): 0.0208
ECOS solver failed in IPCW_HAL_init, falling back to SCS: The solver ECOS is not installed.
M-step CVXPY optimize time (sec): 0.5574
ECOS solver failed:  The solver ECOS is not installed. 
Using SCS instead.
ECOS solver failed:  The solver ECOS is not installed. 
Using SCS instead.
ECOS solver failed:  The solver ECOS is not installed. 
Using SCS instead.
ECOS solver failed:  The solver ECOS is not installed. 
Using SCS instead.
ECOS solver failed:  The solver ECOS is not installed. 
Using SCS instead.
ECOS solver failed:  The solver ECOS is not installed. 
Using SCS instead.
ECOS solver failed:  The solver ECOS is not installed. 
Using SCS instead.
ECOS solver failed:  The solver ECOS is not installed. 
Using SCS instead.
ECOS solver failed:  The solver ECOS is not installed. 
Using SCS instead.
ECOS solver failed:  The solver ECOS is not installed. 
Using SCS instead.
ECOS solver failed:  The solver ECOS is not installed. 
Using SCS instead.
ECOS solver failed:  The solver ECOS is not installed. 
Using SCS instead.
ECOS solver failed:  The solver ECOS is not installed. 
Using SCS instead.
ECOS solver failed:  The solver ECOS is not installed. 
Using SCS instead.
ECOS solver failed:  The solver ECOS is not installed. 
Using SCS instead.
ECOS solver failed:  The solver ECOS is not installed. 
Using SCS instead.
ECOS solver failed:  The solver ECOS is not installed. 
Using SCS instead.
ECOS solver failed:  The solver ECOS is not installed. 
Using SCS instead.
ECOS solver failed:  The solver ECOS is not installed. 
Using SCS instead.
ECOS solver failed:  The solver ECOS is not installed. 
Using SCS instead.
ECOS solver failed:  The solver ECOS is not installed. 
Using SCS instead.
M-step Design Matrix Calculation time (sec): 0.0638
ECOS solver failed in IPCW_HAL_init, falling back to SCS: The solver ECOS is not installed.
WARNING - large complementary slackness residual: 0.004819
M-step CVXPY optimize time (sec): 3.4034
ECOS solver failed:  The solver ECOS is not installed. 
Using SCS instead.
ECOS solver failed:  The solver ECOS is not installed. 
Using SCS instead.
ECOS solver failed:  The solver ECOS is not installed. 
Using SCS instead.
ECOS solver failed:  The solver ECOS is not installed. 
Using SCS instead.
ECOS solver failed:  The solver ECOS is not installed. 
Using SCS instead.
ECOS solver failed:  The solver ECOS is not installed. 
Using SCS instead.
ECOS solver failed:  The solver ECOS is not installed. 
Using SCS instead.
ECOS solver failed:  The solver ECOS is not installed. 
Using SCS instead.
ECOS solver failed:  The solver ECOS is not installed. 
Using SCS instead.
ECOS solver failed:  The solver ECOS is not installed. 
Using SCS instead.
ECOS solver failed:  The solver ECOS is not installed. 
Using SCS instead.
ECOS solver failed:  The solver ECOS is not installed. 
Using SCS instead.
ECOS solver failed:  The solver ECOS is not installed. 
Using SCS instead.
ECOS solver failed:  The solver ECOS is not installed. 
Using SCS instead.
ECOS solver failed:  The solver ECOS is not installed. 
Using SCS instead.
ECOS solver failed:  The solver ECOS is not installed. 
Using SCS instead.
ECOS solver failed:  The solver ECOS is not installed. 
Using SCS instead.
ECOS solver failed:  The solver ECOS is not installed. 
Using SCS instead.
ECOS solver failed:  The solver ECOS is not installed. 
Using SCS instead.
ECOS solver failed:  The solver ECOS is not installed. 
Using SCS instead.
ECOS solver failed:  The solver ECOS is not installed. 
Using SCS instead.
M-step Design Matrix Calculation time (sec): 0.0186
ECOS solver failed in IPCW_HAL_init, falling back to SCS: The solver ECOS is not installed.
M-step CVXPY optimize time (sec): 0.6168
ECOS solver failed:  The solver ECOS is not installed. 
Using SCS instead.
ECOS solver failed:  The solver ECOS is not installed. 
Using SCS instead.
ECOS solver failed:  The solver ECOS is not installed. 
Using SCS instead.
ECOS solver failed:  The solver ECOS is not installed. 
Using SCS instead.
ECOS solver failed:  The solver ECOS is not installed. 
Using SCS instead.
ECOS solver failed:  The solver ECOS is not installed. 
Using SCS instead.
ECOS solver failed:  The solver ECOS is not installed. 
Using SCS instead.
ECOS solver failed:  The solver ECOS is not installed. 
Using SCS instead.
ECOS solver failed:  The solver ECOS is not installed. 
Using SCS instead.
ECOS solver failed:  The solver ECOS is not installed. 
Using SCS instead.
ECOS solver failed:  The solver ECOS is not installed. 
Using SCS instead.
ECOS solver failed:  The solver ECOS is not installed. 
Using SCS instead.
ECOS solver failed:  The solver ECOS is not installed. 
Using SCS instead.
ECOS solver failed:  The solver ECOS is not installed. 
Using SCS instead.
ECOS solver failed:  The solver ECOS is not installed. 
Using SCS instead.
ECOS solver failed:  The solver ECOS is not installed. 
Using SCS instead.
ECOS solver failed:  The solver ECOS is not installed. 
Using SCS instead.
ECOS solver failed:  The solver ECOS is not installed. 
Using SCS instead.
ECOS solver failed:  The solver ECOS is not installed. 
Using SCS instead.
ECOS solver failed:  The solver ECOS is not installed. 
Using SCS instead.
ECOS solver failed:  The solver ECOS is not installed. 
Using SCS instead.
M-step Design Matrix Calculation time (sec): 0.0544
ECOS solver failed in IPCW_HAL_init, falling back to SCS: The solver ECOS is not installed.
M-step CVXPY optimize time (sec): 0.9078
ECOS solver failed:  The solver ECOS is not installed. 
Using SCS instead.
ECOS solver failed:  The solver ECOS is not installed. 
Using SCS instead.
ECOS solver failed:  The solver ECOS is not installed. 
Using SCS instead.
ECOS solver failed:  The solver ECOS is not installed. 
Using SCS instead.
ECOS solver failed:  The solver ECOS is not installed. 
Using SCS instead.
ECOS solver failed:  The solver ECOS is not installed. 
Using SCS instead.
ECOS solver failed:  The solver ECOS is not installed. 
Using SCS instead.
ECOS solver failed:  The solver ECOS is not installed. 
Using SCS instead.
ECOS solver failed:  The solver ECOS is not installed. 
Using SCS instead.
ECOS solver failed:  The solver ECOS is not installed. 
Using SCS instead.
ECOS solver failed:  The solver ECOS is not installed. 
Using SCS instead.
ECOS solver failed:  The solver ECOS is not installed. 
Using SCS instead.
ECOS solver failed:  The solver ECOS is not installed. 
Using SCS instead.
ECOS solver failed:  The solver ECOS is not installed. 
Using SCS instead.
ECOS solver failed:  The solver ECOS is not installed. 
Using SCS instead.
ECOS solver failed:  The solver ECOS is not installed. 
Using SCS instead.
ECOS solver failed:  The solver ECOS is not installed. 
Using SCS instead.
ECOS solver failed:  The solver ECOS is not installed. 
Using SCS instead.
ECOS solver failed:  The solver ECOS is not installed. 
Using SCS instead.
ECOS solver failed:  The solver ECOS is not installed. 
Using SCS instead.
ECOS solver failed:  The solver ECOS is not installed. 
Using SCS instead.
M-step Design Matrix Calculation time (sec): 0.0392
ECOS solver failed in IPCW_HAL_init, falling back to SCS: The solver ECOS is not installed.
M-step CVXPY optimize time (sec): 1.1513
ECOS solver failed:  The solver ECOS is not installed. 
Using SCS instead.
ECOS solver failed:  The solver ECOS is not installed. 
Using SCS instead.
ECOS solver failed:  The solver ECOS is not installed. 
Using SCS instead.
ECOS solver failed:  The solver ECOS is not installed. 
Using SCS instead.
ECOS solver failed:  The solver ECOS is not installed. 
Using SCS instead.
ECOS solver failed:  The solver ECOS is not installed. 
Using SCS instead.
ECOS solver failed:  The solver ECOS is not installed. 
Using SCS instead.
ECOS solver failed:  The solver ECOS is not installed. 
Using SCS instead.
ECOS solver failed:  The solver ECOS is not installed. 
Using SCS instead.
ECOS solver failed:  The solver ECOS is not installed. 
Using SCS instead.
ECOS solver failed:  The solver ECOS is not installed. 
Using SCS instead.
ECOS solver failed:  The solver ECOS is not installed. 
Using SCS instead.
ECOS solver failed:  The solver ECOS is not installed. 
Using SCS instead.
ECOS solver failed:  The solver ECOS is not installed. 
Using SCS instead.
ECOS solver failed:  The solver ECOS is not installed. 
Using SCS instead.
ECOS solver failed:  The solver ECOS is not installed. 
Using SCS instead.
ECOS solver failed:  The solver ECOS is not installed. 
Using SCS instead.
ECOS solver failed:  The solver ECOS is not installed. 
Using SCS instead.
ECOS solver failed:  The solver ECOS is not installed. 
Using SCS instead.
ECOS solver failed:  The solver ECOS is not installed. 
Using SCS instead.
ECOS solver failed:  The solver ECOS is not installed. 
Using SCS instead.
M-step Design Matrix Calculation time (sec): 0.0170
ECOS solver failed in IPCW_HAL_init, falling back to SCS: The solver ECOS is not installed.
M-step CVXPY optimize time (sec): 0.7310
ECOS solver failed:  The solver ECOS is not installed. 
Using SCS instead.
ECOS solver failed:  The solver ECOS is not installed. 
Using SCS instead.
ECOS solver failed:  The solver ECOS is not installed. 
Using SCS instead.
ECOS solver failed:  The solver ECOS is not installed. 
Using SCS instead.
ECOS solver failed:  The solver ECOS is not installed. 
Using SCS instead.
ECOS solver failed:  The solver ECOS is not installed. 
Using SCS instead.
ECOS solver failed:  The solver ECOS is not installed. 
Using SCS instead.
ECOS solver failed:  The solver ECOS is not installed. 
Using SCS instead.
ECOS solver failed:  The solver ECOS is not installed. 
Using SCS instead.
ECOS solver failed:  The solver ECOS is not installed. 
Using SCS instead.
ECOS solver failed:  The solver ECOS is not installed. 
Using SCS instead.
ECOS solver failed:  The solver ECOS is not installed. 
Using SCS instead.
ECOS solver failed:  The solver ECOS is not installed. 
Using SCS instead.
ECOS solver failed:  The solver ECOS is not installed. 
Using SCS instead.
ECOS solver failed:  The solver ECOS is not installed. 
Using SCS instead.
ECOS solver failed:  The solver ECOS is not installed. 
Using SCS instead.
ECOS solver failed:  The solver ECOS is not installed. 
Using SCS instead.
ECOS solver failed:  The solver ECOS is not installed. 
Using SCS instead.
ECOS solver failed:  The solver ECOS is not installed. 
Using SCS instead.
ECOS solver failed:  The solver ECOS is not installed. 
Using SCS instead.
ECOS solver failed:  The solver ECOS is not installed. 
Using SCS instead.
M-step Design Matrix Calculation time (sec): 0.0179
ECOS solver failed in IPCW_HAL_init, falling back to SCS: The solver ECOS is not installed.
M-step CVXPY optimize time (sec): 0.9447
ECOS solver failed:  The solver ECOS is not installed. 
Using SCS instead.
ECOS solver failed:  The solver ECOS is not installed. 
Using SCS instead.
ECOS solver failed:  The solver ECOS is not installed. 
Using SCS instead.
ECOS solver failed:  The solver ECOS is not installed. 
Using SCS instead.
ECOS solver failed:  The solver ECOS is not installed. 
Using SCS instead.
ECOS solver failed:  The solver ECOS is not installed. 
Using SCS instead.
ECOS solver failed:  The solver ECOS is not installed. 
Using SCS instead.
ECOS solver failed:  The solver ECOS is not installed. 
Using SCS instead.
ECOS solver failed:  The solver ECOS is not installed. 
Using SCS instead.
ECOS solver failed:  The solver ECOS is not installed. 
Using SCS instead.
ECOS solver failed:  The solver ECOS is not installed. 
Using SCS instead.
ECOS solver failed:  The solver ECOS is not installed. 
Using SCS instead.
ECOS solver failed:  The solver ECOS is not installed. 
Using SCS instead.
ECOS solver failed:  The solver ECOS is not installed. 
Using SCS instead.
ECOS solver failed:  The solver ECOS is not installed. 
Using SCS instead.
ECOS solver failed:  The solver ECOS is not installed. 
Using SCS instead.
ECOS solver failed:  The solver ECOS is not installed. 
Using SCS instead.
ECOS solver failed:  The solver ECOS is not installed. 
Using SCS instead.
ECOS solver failed:  The solver ECOS is not installed. 
Using SCS instead.
ECOS solver failed:  The solver ECOS is not installed. 
Using SCS instead.
ECOS solver failed:  The solver ECOS is not installed. 
Using SCS instead.
M-step Design Matrix Calculation time (sec): 0.0178
ECOS solver failed in IPCW_HAL_init, falling back to SCS: The solver ECOS is not installed.
WARNING - large complementary slackness residual: 0.033314
M-step CVXPY optimize time (sec): 2.9804
ECOS solver failed:  The solver ECOS is not installed. 
Using SCS instead.
ECOS solver failed:  The solver ECOS is not installed. 
Using SCS instead.
ECOS solver failed:  The solver ECOS is not installed. 
Using SCS instead.
ECOS solver failed:  The solver ECOS is not installed. 
Using SCS instead.
ECOS solver failed:  The solver ECOS is not installed. 
Using SCS instead.
ECOS solver failed:  The solver ECOS is not installed. 
Using SCS instead.
ECOS solver failed:  The solver ECOS is not installed. 
Using SCS instead.
ECOS solver failed:  The solver ECOS is not installed. 
Using SCS instead.
ECOS solver failed:  The solver ECOS is not installed. 
Using SCS instead.
ECOS solver failed:  The solver ECOS is not installed. 
Using SCS instead.
ECOS solver failed:  The solver ECOS is not installed. 
Using SCS instead.
ECOS solver failed:  The solver ECOS is not installed. 
Using SCS instead.
ECOS solver failed:  The solver ECOS is not installed. 
Using SCS instead.
ECOS solver failed:  The solver ECOS is not installed. 
Using SCS instead.
ECOS solver failed:  The solver ECOS is not installed. 
Using SCS instead.
ECOS solver failed:  The solver ECOS is not installed. 
Using SCS instead.
ECOS solver failed:  The solver ECOS is not installed. 
Using SCS instead.
ECOS solver failed:  The solver ECOS is not installed. 
Using SCS instead.
ECOS solver failed:  The solver ECOS is not installed. 
Using SCS instead.
ECOS solver failed:  The solver ECOS is not installed. 
Using SCS instead.
ECOS solver failed:  The solver ECOS is not installed. 
Using SCS instead.
M-step Design Matrix Calculation time (sec): 0.1168
ECOS solver failed in IPCW_HAL_init, falling back to SCS: The solver ECOS is not installed.
WARNING - large complementary slackness residual: 0.013291
M-step CVXPY optimize time (sec): 4.8517
ECOS solver failed:  The solver ECOS is not installed. 
Using SCS instead.
ECOS solver failed:  The solver ECOS is not installed. 
Using SCS instead.
ECOS solver failed:  The solver ECOS is not installed. 
Using SCS instead.
ECOS solver failed:  The solver ECOS is not installed. 
Using SCS instead.
ECOS solver failed:  The solver ECOS is not installed. 
Using SCS instead.
ECOS solver failed:  The solver ECOS is not installed. 
Using SCS instead.
ECOS solver failed:  The solver ECOS is not installed. 
Using SCS instead.
ECOS solver failed:  The solver ECOS is not installed. 
Using SCS instead.
ECOS solver failed:  The solver ECOS is not installed. 
Using SCS instead.
ECOS solver failed:  The solver ECOS is not installed. 
Using SCS instead.
ECOS solver failed:  The solver ECOS is not installed. 
Using SCS instead.
ECOS solver failed:  The solver ECOS is not installed. 
Using SCS instead.
ECOS solver failed:  The solver ECOS is not installed. 
Using SCS instead.
ECOS solver failed:  The solver ECOS is not installed. 
Using SCS instead.
ECOS solver failed:  The solver ECOS is not installed. 
Using SCS instead.
ECOS solver failed:  The solver ECOS is not installed. 
Using SCS instead.
ECOS solver failed:  The solver ECOS is not installed. 
Using SCS instead.
ECOS solver failed:  The solver ECOS is not installed. 
Using SCS instead.
ECOS solver failed:  The solver ECOS is not installed. 
Using SCS instead.
ECOS solver failed:  The solver ECOS is not installed. 
Using SCS instead.
ECOS solver failed:  The solver ECOS is not installed. 
Using SCS instead.
M-step Design Matrix Calculation time (sec): 0.0346
ECOS solver failed in IPCW_HAL_init, falling back to SCS: The solver ECOS is not installed.
WARNING - large complementary slackness residual: 0.026026
M-step CVXPY optimize time (sec): 1.0405
ECOS solver failed:  The solver ECOS is not installed. 
Using SCS instead.
ECOS solver failed:  The solver ECOS is not installed. 
Using SCS instead.
ECOS solver failed:  The solver ECOS is not installed. 
Using SCS instead.
ECOS solver failed:  The solver ECOS is not installed. 
Using SCS instead.
ECOS solver failed:  The solver ECOS is not installed. 
Using SCS instead.
ECOS solver failed:  The solver ECOS is not installed. 
Using SCS instead.
ECOS solver failed:  The solver ECOS is not installed. 
Using SCS instead.
ECOS solver failed:  The solver ECOS is not installed. 
Using SCS instead.
ECOS solver failed:  The solver ECOS is not installed. 
Using SCS instead.
ECOS solver failed:  The solver ECOS is not installed. 
Using SCS instead.
ECOS solver failed:  The solver ECOS is not installed. 
Using SCS instead.
ECOS solver failed:  The solver ECOS is not installed. 
Using SCS instead.
ECOS solver failed:  The solver ECOS is not installed. 
Using SCS instead.
ECOS solver failed:  The solver ECOS is not installed. 
Using SCS instead.
ECOS solver failed:  The solver ECOS is not installed. 
Using SCS instead.
ECOS solver failed:  The solver ECOS is not installed. 
Using SCS instead.
ECOS solver failed:  The solver ECOS is not installed. 
Using SCS instead.
ECOS solver failed:  The solver ECOS is not installed. 
Using SCS instead.
ECOS solver failed:  The solver ECOS is not installed. 
Using SCS instead.
ECOS solver failed:  The solver ECOS is not installed. 
Using SCS instead.
ECOS solver failed:  The solver ECOS is not installed. 
Using SCS instead.
M-step Design Matrix Calculation time (sec): 0.0618
ECOS solver failed in IPCW_HAL_init, falling back to SCS: The solver ECOS is not installed.
WARNING - large complementary slackness residual: 0.008928
M-step CVXPY optimize time (sec): 2.4132
ECOS solver failed:  The solver ECOS is not installed. 
Using SCS instead.
ECOS solver failed:  The solver ECOS is not installed. 
Using SCS instead.
ECOS solver failed:  The solver ECOS is not installed. 
Using SCS instead.
ECOS solver failed:  The solver ECOS is not installed. 
Using SCS instead.
ECOS solver failed:  The solver ECOS is not installed. 
Using SCS instead.
ECOS solver failed:  The solver ECOS is not installed. 
Using SCS instead.
ECOS solver failed:  The solver ECOS is not installed. 
Using SCS instead.
ECOS solver failed:  The solver ECOS is not installed. 
Using SCS instead.
ECOS solver failed:  The solver ECOS is not installed. 
Using SCS instead.
ECOS solver failed:  The solver ECOS is not installed. 
Using SCS instead.
ECOS solver failed:  The solver ECOS is not installed. 
Using SCS instead.
ECOS solver failed:  The solver ECOS is not installed. 
Using SCS instead.
ECOS solver failed:  The solver ECOS is not installed. 
Using SCS instead.
ECOS solver failed:  The solver ECOS is not installed. 
Using SCS instead.
ECOS solver failed:  The solver ECOS is not installed. 
Using SCS instead.
ECOS solver failed:  The solver ECOS is not installed. 
Using SCS instead.
ECOS solver failed:  The solver ECOS is not installed. 
Using SCS instead.
ECOS solver failed:  The solver ECOS is not installed. 
Using SCS instead.
ECOS solver failed:  The solver ECOS is not installed. 
Using SCS instead.
ECOS solver failed:  The solver ECOS is not installed. 
Using SCS instead.
ECOS solver failed:  The solver ECOS is not installed. 
Using SCS instead.
M-step Design Matrix Calculation time (sec): 0.0195
ECOS solver failed in IPCW_HAL_init, falling back to SCS: The solver ECOS is not installed.
WARNING - large complementary slackness residual: 0.005664
M-step CVXPY optimize time (sec): 1.4734
ECOS solver failed:  The solver ECOS is not installed. 
Using SCS instead.
ECOS solver failed:  The solver ECOS is not installed. 
Using SCS instead.
ECOS solver failed:  The solver ECOS is not installed. 
Using SCS instead.
ECOS solver failed:  The solver ECOS is not installed. 
Using SCS instead.
ECOS solver failed:  The solver ECOS is not installed. 
Using SCS instead.
ECOS solver failed:  The solver ECOS is not installed. 
Using SCS instead.
ECOS solver failed:  The solver ECOS is not installed. 
Using SCS instead.
ECOS solver failed:  The solver ECOS is not installed. 
Using SCS instead.
ECOS solver failed:  The solver ECOS is not installed. 
Using SCS instead.
ECOS solver failed:  The solver ECOS is not installed. 
Using SCS instead.
ECOS solver failed:  The solver ECOS is not installed. 
Using SCS instead.
ECOS solver failed:  The solver ECOS is not installed. 
Using SCS instead.
ECOS solver failed:  The solver ECOS is not installed. 
Using SCS instead.
ECOS solver failed:  The solver ECOS is not installed. 
Using SCS instead.
ECOS solver failed:  The solver ECOS is not installed. 
Using SCS instead.
ECOS solver failed:  The solver ECOS is not installed. 
Using SCS instead.
ECOS solver failed:  The solver ECOS is not installed. 
Using SCS instead.
ECOS solver failed:  The solver ECOS is not installed. 
Using SCS instead.
ECOS solver failed:  The solver ECOS is not installed. 
Using SCS instead.
ECOS solver failed:  The solver ECOS is not installed. 
Using SCS instead.
ECOS solver failed:  The solver ECOS is not installed. 
Using SCS instead.
M-step Design Matrix Calculation time (sec): 0.0849
ECOS solver failed in IPCW_HAL_init, falling back to SCS: The solver ECOS is not installed.
M-step CVXPY optimize time (sec): 1.0521
ECOS solver failed:  The solver ECOS is not installed. 
Using SCS instead.
ECOS solver failed:  The solver ECOS is not installed. 
Using SCS instead.
ECOS solver failed:  The solver ECOS is not installed. 
Using SCS instead.
ECOS solver failed:  The solver ECOS is not installed. 
Using SCS instead.
ECOS solver failed:  The solver ECOS is not installed. 
Using SCS instead.
ECOS solver failed:  The solver ECOS is not installed. 
Using SCS instead.
ECOS solver failed:  The solver ECOS is not installed. 
Using SCS instead.
ECOS solver failed:  The solver ECOS is not installed. 
Using SCS instead.
ECOS solver failed:  The solver ECOS is not installed. 
Using SCS instead.
ECOS solver failed:  The solver ECOS is not installed. 
Using SCS instead.
ECOS solver failed:  The solver ECOS is not installed. 
Using SCS instead.
ECOS solver failed:  The solver ECOS is not installed. 
Using SCS instead.
ECOS solver failed:  The solver ECOS is not installed. 
Using SCS instead.
ECOS solver failed:  The solver ECOS is not installed. 
Using SCS instead.
ECOS solver failed:  The solver ECOS is not installed. 
Using SCS instead.
ECOS solver failed:  The solver ECOS is not installed. 
Using SCS instead.
ECOS solver failed:  The solver ECOS is not installed. 
Using SCS instead.
ECOS solver failed:  The solver ECOS is not installed. 
Using SCS instead.
ECOS solver failed:  The solver ECOS is not installed. 
Using SCS instead.
ECOS solver failed:  The solver ECOS is not installed. 
Using SCS instead.
ECOS solver failed:  The solver ECOS is not installed. 
Using SCS instead.
M-step Design Matrix Calculation time (sec): 0.1208
ECOS solver failed in IPCW_HAL_init, falling back to SCS: The solver ECOS is not installed.
WARNING - large complementary slackness residual: 0.011663
M-step CVXPY optimize time (sec): 4.8804
ECOS solver failed:  The solver ECOS is not installed. 
Using SCS instead.
ECOS solver failed:  The solver ECOS is not installed. 
Using SCS instead.
ECOS solver failed:  The solver ECOS is not installed. 
Using SCS instead.
ECOS solver failed:  The solver ECOS is not installed. 
Using SCS instead.
ECOS solver failed:  The solver ECOS is not installed. 
Using SCS instead.
ECOS solver failed:  The solver ECOS is not installed. 
Using SCS instead.
ECOS solver failed:  The solver ECOS is not installed. 
Using SCS instead.
ECOS solver failed:  The solver ECOS is not installed. 
Using SCS instead.
ECOS solver failed:  The solver ECOS is not installed. 
Using SCS instead.
ECOS solver failed:  The solver ECOS is not installed. 
Using SCS instead.
ECOS solver failed:  The solver ECOS is not installed. 
Using SCS instead.
ECOS solver failed:  The solver ECOS is not installed. 
Using SCS instead.
ECOS solver failed:  The solver ECOS is not installed. 
Using SCS instead.
ECOS solver failed:  The solver ECOS is not installed. 
Using SCS instead.
ECOS solver failed:  The solver ECOS is not installed. 
Using SCS instead.
ECOS solver failed:  The solver ECOS is not installed. 
Using SCS instead.
ECOS solver failed:  The solver ECOS is not installed. 
Using SCS instead.
ECOS solver failed:  The solver ECOS is not installed. 
Using SCS instead.
ECOS solver failed:  The solver ECOS is not installed. 
Using SCS instead.
ECOS solver failed:  The solver ECOS is not installed. 
Using SCS instead.
ECOS solver failed:  The solver ECOS is not installed. 
Using SCS instead.
M-step Design Matrix Calculation time (sec): 0.0444
ECOS solver failed in IPCW_HAL_init, falling back to SCS: The solver ECOS is not installed.
WARNING - large complementary slackness residual: 0.019828
M-step CVXPY optimize time (sec): 5.9192
ECOS solver failed:  The solver ECOS is not installed. 
Using SCS instead.
ECOS solver failed:  The solver ECOS is not installed. 
Using SCS instead.
ECOS solver failed:  The solver ECOS is not installed. 
Using SCS instead.
ECOS solver failed:  The solver ECOS is not installed. 
Using SCS instead.
ECOS solver failed:  The solver ECOS is not installed. 
Using SCS instead.
ECOS solver failed:  The solver ECOS is not installed. 
Using SCS instead.
ECOS solver failed:  The solver ECOS is not installed. 
Using SCS instead.
ECOS solver failed:  The solver ECOS is not installed. 
Using SCS instead.
ECOS solver failed:  The solver ECOS is not installed. 
Using SCS instead.
ECOS solver failed:  The solver ECOS is not installed. 
Using SCS instead.
ECOS solver failed:  The solver ECOS is not installed. 
Using SCS instead.
ECOS solver failed:  The solver ECOS is not installed. 
Using SCS instead.
ECOS solver failed:  The solver ECOS is not installed. 
Using SCS instead.
ECOS solver failed:  The solver ECOS is not installed. 
Using SCS instead.
ECOS solver failed:  The solver ECOS is not installed. 
Using SCS instead.
ECOS solver failed:  The solver ECOS is not installed. 
Using SCS instead.
ECOS solver failed:  The solver ECOS is not installed. 
Using SCS instead.
ECOS solver failed:  The solver ECOS is not installed. 
Using SCS instead.
ECOS solver failed:  The solver ECOS is not installed. 
Using SCS instead.
ECOS solver failed:  The solver ECOS is not installed. 
Using SCS instead.
ECOS solver failed:  The solver ECOS is not installed. 
Using SCS instead.
M-step Design Matrix Calculation time (sec): 0.0346
ECOS solver failed in IPCW_HAL_init, falling back to SCS: The solver ECOS is not installed.
WARNING - large complementary slackness residual: 0.018322
M-step CVXPY optimize time (sec): 2.8948
ECOS solver failed:  The solver ECOS is not installed. 
Using SCS instead.
ECOS solver failed:  The solver ECOS is not installed. 
Using SCS instead.
ECOS solver failed:  The solver ECOS is not installed. 
Using SCS instead.
ECOS solver failed:  The solver ECOS is not installed. 
Using SCS instead.
ECOS solver failed:  The solver ECOS is not installed. 
Using SCS instead.
ECOS solver failed:  The solver ECOS is not installed. 
Using SCS instead.
ECOS solver failed:  The solver ECOS is not installed. 
Using SCS instead.
ECOS solver failed:  The solver ECOS is not installed. 
Using SCS instead.
ECOS solver failed:  The solver ECOS is not installed. 
Using SCS instead.
ECOS solver failed:  The solver ECOS is not installed. 
Using SCS instead.
ECOS solver failed:  The solver ECOS is not installed. 
Using SCS instead.
ECOS solver failed:  The solver ECOS is not installed. 
Using SCS instead.
ECOS solver failed:  The solver ECOS is not installed. 
Using SCS instead.
ECOS solver failed:  The solver ECOS is not installed. 
Using SCS instead.
ECOS solver failed:  The solver ECOS is not installed. 
Using SCS instead.
ECOS solver failed:  The solver ECOS is not installed. 
Using SCS instead.
ECOS solver failed:  The solver ECOS is not installed. 
Using SCS instead.
ECOS solver failed:  The solver ECOS is not installed. 
Using SCS instead.
ECOS solver failed:  The solver ECOS is not installed. 
Using SCS instead.
ECOS solver failed:  The solver ECOS is not installed. 
Using SCS instead.
ECOS solver failed:  The solver ECOS is not installed. 
Using SCS instead.
M-step Design Matrix Calculation time (sec): 0.1043
ECOS solver failed in IPCW_HAL_init, falling back to SCS: The solver ECOS is not installed.
WARNING - large complementary slackness residual: 0.021482
M-step CVXPY optimize time (sec): 2.4178
ECOS solver failed:  The solver ECOS is not installed. 
Using SCS instead.
ECOS solver failed:  The solver ECOS is not installed. 
Using SCS instead.
ECOS solver failed:  The solver ECOS is not installed. 
Using SCS instead.
ECOS solver failed:  The solver ECOS is not installed. 
Using SCS instead.
ECOS solver failed:  The solver ECOS is not installed. 
Using SCS instead.
ECOS solver failed:  The solver ECOS is not installed. 
Using SCS instead.
ECOS solver failed:  The solver ECOS is not installed. 
Using SCS instead.
ECOS solver failed:  The solver ECOS is not installed. 
Using SCS instead.
ECOS solver failed:  The solver ECOS is not installed. 
Using SCS instead.
ECOS solver failed:  The solver ECOS is not installed. 
Using SCS instead.
ECOS solver failed:  The solver ECOS is not installed. 
Using SCS instead.
ECOS solver failed:  The solver ECOS is not installed. 
Using SCS instead.
ECOS solver failed:  The solver ECOS is not installed. 
Using SCS instead.
ECOS solver failed:  The solver ECOS is not installed. 
Using SCS instead.
ECOS solver failed:  The solver ECOS is not installed. 
Using SCS instead.
ECOS solver failed:  The solver ECOS is not installed. 
Using SCS instead.
ECOS solver failed:  The solver ECOS is not installed. 
Using SCS instead.
ECOS solver failed:  The solver ECOS is not installed. 
Using SCS instead.
ECOS solver failed:  The solver ECOS is not installed. 
Using SCS instead.
ECOS solver failed:  The solver ECOS is not installed. 
Using SCS instead.
ECOS solver failed:  The solver ECOS is not installed. 
Using SCS instead.
M-step Design Matrix Calculation time (sec): 0.0199
ECOS solver failed in IPCW_HAL_init, falling back to SCS: The solver ECOS is not installed.
WARNING - large complementary slackness residual: 0.016566
M-step CVXPY optimize time (sec): 2.9837
ECOS solver failed:  The solver ECOS is not installed. 
Using SCS instead.
ECOS solver failed:  The solver ECOS is not installed. 
Using SCS instead.
ECOS solver failed:  The solver ECOS is not installed. 
Using SCS instead.
ECOS solver failed:  The solver ECOS is not installed. 
Using SCS instead.
ECOS solver failed:  The solver ECOS is not installed. 
Using SCS instead.
ECOS solver failed:  The solver ECOS is not installed. 
Using SCS instead.
ECOS solver failed:  The solver ECOS is not installed. 
Using SCS instead.
ECOS solver failed:  The solver ECOS is not installed. 
Using SCS instead.
ECOS solver failed:  The solver ECOS is not installed. 
Using SCS instead.
ECOS solver failed:  The solver ECOS is not installed. 
Using SCS instead.
ECOS solver failed:  The solver ECOS is not installed. 
Using SCS instead.
ECOS solver failed:  The solver ECOS is not installed. 
Using SCS instead.
ECOS solver failed:  The solver ECOS is not installed. 
Using SCS instead.
ECOS solver failed:  The solver ECOS is not installed. 
Using SCS instead.
ECOS solver failed:  The solver ECOS is not installed. 
Using SCS instead.
ECOS solver failed:  The solver ECOS is not installed. 
Using SCS instead.
ECOS solver failed:  The solver ECOS is not installed. 
Using SCS instead.
ECOS solver failed:  The solver ECOS is not installed. 
Using SCS instead.
ECOS solver failed:  The solver ECOS is not installed. 
Using SCS instead.
ECOS solver failed:  The solver ECOS is not installed. 
Using SCS instead.
ECOS solver failed:  The solver ECOS is not installed. 
Using SCS instead.
M-step Design Matrix Calculation time (sec): 0.0178
ECOS solver failed in IPCW_HAL_init, falling back to SCS: The solver ECOS is not installed.
WARNING - large complementary slackness residual: 0.026629
M-step CVXPY optimize time (sec): 3.8025
ECOS solver failed:  The solver ECOS is not installed. 
Using SCS instead.
ECOS solver failed:  The solver ECOS is not installed. 
Using SCS instead.
ECOS solver failed:  The solver ECOS is not installed. 
Using SCS instead.
ECOS solver failed:  The solver ECOS is not installed. 
Using SCS instead.
ECOS solver failed:  The solver ECOS is not installed. 
Using SCS instead.
ECOS solver failed:  The solver ECOS is not installed. 
Using SCS instead.
ECOS solver failed:  The solver ECOS is not installed. 
Using SCS instead.
ECOS solver failed:  The solver ECOS is not installed. 
Using SCS instead.
ECOS solver failed:  The solver ECOS is not installed. 
Using SCS instead.
ECOS solver failed:  The solver ECOS is not installed. 
Using SCS instead.
ECOS solver failed:  The solver ECOS is not installed. 
Using SCS instead.
ECOS solver failed:  The solver ECOS is not installed. 
Using SCS instead.
ECOS solver failed:  The solver ECOS is not installed. 
Using SCS instead.
ECOS solver failed:  The solver ECOS is not installed. 
Using SCS instead.
ECOS solver failed:  The solver ECOS is not installed. 
Using SCS instead.
ECOS solver failed:  The solver ECOS is not installed. 
Using SCS instead.
ECOS solver failed:  The solver ECOS is not installed. 
Using SCS instead.
ECOS solver failed:  The solver ECOS is not installed. 
Using SCS instead.
ECOS solver failed:  The solver ECOS is not installed. 
Using SCS instead.
ECOS solver failed:  The solver ECOS is not installed. 
Using SCS instead.
ECOS solver failed:  The solver ECOS is not installed. 
Using SCS instead.
M-step Design Matrix Calculation time (sec): 0.0317
ECOS solver failed in IPCW_HAL_init, falling back to SCS: The solver ECOS is not installed.
M-step CVXPY optimize time (sec): 1.6232
ECOS solver failed:  The solver ECOS is not installed. 
Using SCS instead.
ECOS solver failed:  The solver ECOS is not installed. 
Using SCS instead.
ECOS solver failed:  The solver ECOS is not installed. 
Using SCS instead.
ECOS solver failed:  The solver ECOS is not installed. 
Using SCS instead.
ECOS solver failed:  The solver ECOS is not installed. 
Using SCS instead.
ECOS solver failed:  The solver ECOS is not installed. 
Using SCS instead.
ECOS solver failed:  The solver ECOS is not installed. 
Using SCS instead.
ECOS solver failed:  The solver ECOS is not installed. 
Using SCS instead.
ECOS solver failed:  The solver ECOS is not installed. 
Using SCS instead.
ECOS solver failed:  The solver ECOS is not installed. 
Using SCS instead.
ECOS solver failed:  The solver ECOS is not installed. 
Using SCS instead.
ECOS solver failed:  The solver ECOS is not installed. 
Using SCS instead.
ECOS solver failed:  The solver ECOS is not installed. 
Using SCS instead.
ECOS solver failed:  The solver ECOS is not installed. 
Using SCS instead.
ECOS solver failed:  The solver ECOS is not installed. 
Using SCS instead.
ECOS solver failed:  The solver ECOS is not installed. 
Using SCS instead.
ECOS solver failed:  The solver ECOS is not installed. 
Using SCS instead.
ECOS solver failed:  The solver ECOS is not installed. 
Using SCS instead.
ECOS solver failed:  The solver ECOS is not installed. 
Using SCS instead.
ECOS solver failed:  The solver ECOS is not installed. 
Using SCS instead.
ECOS solver failed:  The solver ECOS is not installed. 
Using SCS instead.
M-step Design Matrix Calculation time (sec): 0.0185
ECOS solver failed in IPCW_HAL_init, falling back to SCS: The solver ECOS is not installed.
WARNING - large complementary slackness residual: 0.005111
M-step CVXPY optimize time (sec): 0.9169
ECOS solver failed:  The solver ECOS is not installed. 
Using SCS instead.
ECOS solver failed:  The solver ECOS is not installed. 
Using SCS instead.
ECOS solver failed:  The solver ECOS is not installed. 
Using SCS instead.
ECOS solver failed:  The solver ECOS is not installed. 
Using SCS instead.
ECOS solver failed:  The solver ECOS is not installed. 
Using SCS instead.
ECOS solver failed:  The solver ECOS is not installed. 
Using SCS instead.
ECOS solver failed:  The solver ECOS is not installed. 
Using SCS instead.
ECOS solver failed:  The solver ECOS is not installed. 
Using SCS instead.
ECOS solver failed:  The solver ECOS is not installed. 
Using SCS instead.
ECOS solver failed:  The solver ECOS is not installed. 
Using SCS instead.
ECOS solver failed:  The solver ECOS is not installed. 
Using SCS instead.
ECOS solver failed:  The solver ECOS is not installed. 
Using SCS instead.
ECOS solver failed:  The solver ECOS is not installed. 
Using SCS instead.
ECOS solver failed:  The solver ECOS is not installed. 
Using SCS instead.
ECOS solver failed:  The solver ECOS is not installed. 
Using SCS instead.
ECOS solver failed:  The solver ECOS is not installed. 
Using SCS instead.
ECOS solver failed:  The solver ECOS is not installed. 
Using SCS instead.
ECOS solver failed:  The solver ECOS is not installed. 
Using SCS instead.
ECOS solver failed:  The solver ECOS is not installed. 
Using SCS instead.
ECOS solver failed:  The solver ECOS is not installed. 
Using SCS instead.
ECOS solver failed:  The solver ECOS is not installed. 
Using SCS instead.
M-step Design Matrix Calculation time (sec): 0.0177
ECOS solver failed in IPCW_HAL_init, falling back to SCS: The solver ECOS is not installed.
WARNING - large complementary slackness residual: 0.015901
M-step CVXPY optimize time (sec): 2.7474
ECOS solver failed:  The solver ECOS is not installed. 
Using SCS instead.
ECOS solver failed:  The solver ECOS is not installed. 
Using SCS instead.
ECOS solver failed:  The solver ECOS is not installed. 
Using SCS instead.
ECOS solver failed:  The solver ECOS is not installed. 
Using SCS instead.
ECOS solver failed:  The solver ECOS is not installed. 
Using SCS instead.
ECOS solver failed:  The solver ECOS is not installed. 
Using SCS instead.
ECOS solver failed:  The solver ECOS is not installed. 
Using SCS instead.
ECOS solver failed:  The solver ECOS is not installed. 
Using SCS instead.
ECOS solver failed:  The solver ECOS is not installed. 
Using SCS instead.
ECOS solver failed:  The solver ECOS is not installed. 
Using SCS instead.
ECOS solver failed:  The solver ECOS is not installed. 
Using SCS instead.
ECOS solver failed:  The solver ECOS is not installed. 
Using SCS instead.
ECOS solver failed:  The solver ECOS is not installed. 
Using SCS instead.
ECOS solver failed:  The solver ECOS is not installed. 
Using SCS instead.
ECOS solver failed:  The solver ECOS is not installed. 
Using SCS instead.
ECOS solver failed:  The solver ECOS is not installed. 
Using SCS instead.
ECOS solver failed:  The solver ECOS is not installed. 
Using SCS instead.
ECOS solver failed:  The solver ECOS is not installed. 
Using SCS instead.
ECOS solver failed:  The solver ECOS is not installed. 
Using SCS instead.
ECOS solver failed:  The solver ECOS is not installed. 
Using SCS instead.
ECOS solver failed:  The solver ECOS is not installed. 
Using SCS instead.
M-step Design Matrix Calculation time (sec): 0.0181
ECOS solver failed in IPCW_HAL_init, falling back to SCS: The solver ECOS is not installed.
WARNING - large complementary slackness residual: 0.006486
M-step CVXPY optimize time (sec): 2.4915
ECOS solver failed:  The solver ECOS is not installed. 
Using SCS instead.
ECOS solver failed:  The solver ECOS is not installed. 
Using SCS instead.
ECOS solver failed:  The solver ECOS is not installed. 
Using SCS instead.
ECOS solver failed:  The solver ECOS is not installed. 
Using SCS instead.
ECOS solver failed:  The solver ECOS is not installed. 
Using SCS instead.
ECOS solver failed:  The solver ECOS is not installed. 
Using SCS instead.
ECOS solver failed:  The solver ECOS is not installed. 
Using SCS instead.
ECOS solver failed:  The solver ECOS is not installed. 
Using SCS instead.
ECOS solver failed:  The solver ECOS is not installed. 
Using SCS instead.
ECOS solver failed:  The solver ECOS is not installed. 
Using SCS instead.
ECOS solver failed:  The solver ECOS is not installed. 
Using SCS instead.
ECOS solver failed:  The solver ECOS is not installed. 
Using SCS instead.
ECOS solver failed:  The solver ECOS is not installed. 
Using SCS instead.
ECOS solver failed:  The solver ECOS is not installed. 
Using SCS instead.
ECOS solver failed:  The solver ECOS is not installed. 
Using SCS instead.
ECOS solver failed:  The solver ECOS is not installed. 
Using SCS instead.
ECOS solver failed:  The solver ECOS is not installed. 
Using SCS instead.
ECOS solver failed:  The solver ECOS is not installed. 
Using SCS instead.
ECOS solver failed:  The solver ECOS is not installed. 
Using SCS instead.
ECOS solver failed:  The solver ECOS is not installed. 
Using SCS instead.
ECOS solver failed:  The solver ECOS is not installed. 
Using SCS instead.
M-step Design Matrix Calculation time (sec): 0.0196
ECOS solver failed in IPCW_HAL_init, falling back to SCS: The solver ECOS is not installed.
WARNING - large complementary slackness residual: 0.032984
M-step CVXPY optimize time (sec): 1.0942
ECOS solver failed:  The solver ECOS is not installed. 
Using SCS instead.
ECOS solver failed:  The solver ECOS is not installed. 
Using SCS instead.
ECOS solver failed:  The solver ECOS is not installed. 
Using SCS instead.
ECOS solver failed:  The solver ECOS is not installed. 
Using SCS instead.
ECOS solver failed:  The solver ECOS is not installed. 
Using SCS instead.
ECOS solver failed:  The solver ECOS is not installed. 
Using SCS instead.
ECOS solver failed:  The solver ECOS is not installed. 
Using SCS instead.
ECOS solver failed:  The solver ECOS is not installed. 
Using SCS instead.
ECOS solver failed:  The solver ECOS is not installed. 
Using SCS instead.
ECOS solver failed:  The solver ECOS is not installed. 
Using SCS instead.
ECOS solver failed:  The solver ECOS is not installed. 
Using SCS instead.
ECOS solver failed:  The solver ECOS is not installed. 
Using SCS instead.
ECOS solver failed:  The solver ECOS is not installed. 
Using SCS instead.
ECOS solver failed:  The solver ECOS is not installed. 
Using SCS instead.
ECOS solver failed:  The solver ECOS is not installed. 
Using SCS instead.
ECOS solver failed:  The solver ECOS is not installed. 
Using SCS instead.
ECOS solver failed:  The solver ECOS is not installed. 
Using SCS instead.
ECOS solver failed:  The solver ECOS is not installed. 
Using SCS instead.
ECOS solver failed:  The solver ECOS is not installed. 
Using SCS instead.
ECOS solver failed:  The solver ECOS is not installed. 
Using SCS instead.
ECOS solver failed:  The solver ECOS is not installed. 
Using SCS instead.
M-step Design Matrix Calculation time (sec): 0.0212
ECOS solver failed in IPCW_HAL_init, falling back to SCS: The solver ECOS is not installed.
WARNING - large complementary slackness residual: 0.018271
M-step CVXPY optimize time (sec): 3.3621
ECOS solver failed:  The solver ECOS is not installed. 
Using SCS instead.
ECOS solver failed:  The solver ECOS is not installed. 
Using SCS instead.
ECOS solver failed:  The solver ECOS is not installed. 
Using SCS instead.
ECOS solver failed:  The solver ECOS is not installed. 
Using SCS instead.
ECOS solver failed:  The solver ECOS is not installed. 
Using SCS instead.
ECOS solver failed:  The solver ECOS is not installed. 
Using SCS instead.
ECOS solver failed:  The solver ECOS is not installed. 
Using SCS instead.
ECOS solver failed:  The solver ECOS is not installed. 
Using SCS instead.
ECOS solver failed:  The solver ECOS is not installed. 
Using SCS instead.
ECOS solver failed:  The solver ECOS is not installed. 
Using SCS instead.
ECOS solver failed:  The solver ECOS is not installed. 
Using SCS instead.
ECOS solver failed:  The solver ECOS is not installed. 
Using SCS instead.
ECOS solver failed:  The solver ECOS is not installed. 
Using SCS instead.
ECOS solver failed:  The solver ECOS is not installed. 
Using SCS instead.
ECOS solver failed:  The solver ECOS is not installed. 
Using SCS instead.
ECOS solver failed:  The solver ECOS is not installed. 
Using SCS instead.
ECOS solver failed:  The solver ECOS is not installed. 
Using SCS instead.
ECOS solver failed:  The solver ECOS is not installed. 
Using SCS instead.
ECOS solver failed:  The solver ECOS is not installed. 
Using SCS instead.
ECOS solver failed:  The solver ECOS is not installed. 
Using SCS instead.
ECOS solver failed:  The solver ECOS is not installed. 
Using SCS instead.
M-step Design Matrix Calculation time (sec): 0.0385
ECOS solver failed in IPCW_HAL_init, falling back to SCS: The solver ECOS is not installed.
WARNING - large complementary slackness residual: 0.032867
M-step CVXPY optimize time (sec): 1.5593
ECOS solver failed:  The solver ECOS is not installed. 
Using SCS instead.
ECOS solver failed:  The solver ECOS is not installed. 
Using SCS instead.
ECOS solver failed:  The solver ECOS is not installed. 
Using SCS instead.
ECOS solver failed:  The solver ECOS is not installed. 
Using SCS instead.
ECOS solver failed:  The solver ECOS is not installed. 
Using SCS instead.
ECOS solver failed:  The solver ECOS is not installed. 
Using SCS instead.
ECOS solver failed:  The solver ECOS is not installed. 
Using SCS instead.
ECOS solver failed:  The solver ECOS is not installed. 
Using SCS instead.
ECOS solver failed:  The solver ECOS is not installed. 
Using SCS instead.
ECOS solver failed:  The solver ECOS is not installed. 
Using SCS instead.
ECOS solver failed:  The solver ECOS is not installed. 
Using SCS instead.
ECOS solver failed:  The solver ECOS is not installed. 
Using SCS instead.
ECOS solver failed:  The solver ECOS is not installed. 
Using SCS instead.
ECOS solver failed:  The solver ECOS is not installed. 
Using SCS instead.
ECOS solver failed:  The solver ECOS is not installed. 
Using SCS instead.
ECOS solver failed:  The solver ECOS is not installed. 
Using SCS instead.
ECOS solver failed:  The solver ECOS is not installed. 
Using SCS instead.
ECOS solver failed:  The solver ECOS is not installed. 
Using SCS instead.
ECOS solver failed:  The solver ECOS is not installed. 
Using SCS instead.
ECOS solver failed:  The solver ECOS is not installed. 
Using SCS instead.
ECOS solver failed:  The solver ECOS is not installed. 
Using SCS instead.
M-step Design Matrix Calculation time (sec): 0.0668
ECOS solver failed in IPCW_HAL_init, falling back to SCS: The solver ECOS is not installed.
WARNING - large complementary slackness residual: 0.026448
M-step CVXPY optimize time (sec): 2.4249
ECOS solver failed:  The solver ECOS is not installed. 
Using SCS instead.
ECOS solver failed:  The solver ECOS is not installed. 
Using SCS instead.
ECOS solver failed:  The solver ECOS is not installed. 
Using SCS instead.
ECOS solver failed:  The solver ECOS is not installed. 
Using SCS instead.
ECOS solver failed:  The solver ECOS is not installed. 
Using SCS instead.
ECOS solver failed:  The solver ECOS is not installed. 
Using SCS instead.
ECOS solver failed:  The solver ECOS is not installed. 
Using SCS instead.
ECOS solver failed:  The solver ECOS is not installed. 
Using SCS instead.
ECOS solver failed:  The solver ECOS is not installed. 
Using SCS instead.
ECOS solver failed:  The solver ECOS is not installed. 
Using SCS instead.
ECOS solver failed:  The solver ECOS is not installed. 
Using SCS instead.
ECOS solver failed:  The solver ECOS is not installed. 
Using SCS instead.
ECOS solver failed:  The solver ECOS is not installed. 
Using SCS instead.
ECOS solver failed:  The solver ECOS is not installed. 
Using SCS instead.
ECOS solver failed:  The solver ECOS is not installed. 
Using SCS instead.
ECOS solver failed:  The solver ECOS is not installed. 
Using SCS instead.
ECOS solver failed:  The solver ECOS is not installed. 
Using SCS instead.
ECOS solver failed:  The solver ECOS is not installed. 
Using SCS instead.
ECOS solver failed:  The solver ECOS is not installed. 
Using SCS instead.
ECOS solver failed:  The solver ECOS is not installed. 
Using SCS instead.
ECOS solver failed:  The solver ECOS is not installed. 
Using SCS instead.
M-step Design Matrix Calculation time (sec): 0.0208
ECOS solver failed in IPCW_HAL_init, falling back to SCS: The solver ECOS is not installed.
M-step CVXPY optimize time (sec): 1.2175
ECOS solver failed:  The solver ECOS is not installed. 
Using SCS instead.
ECOS solver failed:  The solver ECOS is not installed. 
Using SCS instead.
ECOS solver failed:  The solver ECOS is not installed. 
Using SCS instead.
ECOS solver failed:  The solver ECOS is not installed. 
Using SCS instead.
ECOS solver failed:  The solver ECOS is not installed. 
Using SCS instead.
ECOS solver failed:  The solver ECOS is not installed. 
Using SCS instead.
ECOS solver failed:  The solver ECOS is not installed. 
Using SCS instead.
ECOS solver failed:  The solver ECOS is not installed. 
Using SCS instead.
ECOS solver failed:  The solver ECOS is not installed. 
Using SCS instead.
ECOS solver failed:  The solver ECOS is not installed. 
Using SCS instead.
ECOS solver failed:  The solver ECOS is not installed. 
Using SCS instead.
ECOS solver failed:  The solver ECOS is not installed. 
Using SCS instead.
ECOS solver failed:  The solver ECOS is not installed. 
Using SCS instead.
ECOS solver failed:  The solver ECOS is not installed. 
Using SCS instead.
ECOS solver failed:  The solver ECOS is not installed. 
Using SCS instead.
ECOS solver failed:  The solver ECOS is not installed. 
Using SCS instead.
ECOS solver failed:  The solver ECOS is not installed. 
Using SCS instead.
ECOS solver failed:  The solver ECOS is not installed. 
Using SCS instead.
ECOS solver failed:  The solver ECOS is not installed. 
Using SCS instead.
ECOS solver failed:  The solver ECOS is not installed. 
Using SCS instead.
ECOS solver failed:  The solver ECOS is not installed. 
Using SCS instead.
M-step Design Matrix Calculation time (sec): 0.0181
ECOS solver failed in IPCW_HAL_init, falling back to SCS: The solver ECOS is not installed.
M-step CVXPY optimize time (sec): 0.8478
ECOS solver failed:  The solver ECOS is not installed. 
Using SCS instead.
ECOS solver failed:  The solver ECOS is not installed. 
Using SCS instead.
ECOS solver failed:  The solver ECOS is not installed. 
Using SCS instead.
ECOS solver failed:  The solver ECOS is not installed. 
Using SCS instead.
ECOS solver failed:  The solver ECOS is not installed. 
Using SCS instead.
ECOS solver failed:  The solver ECOS is not installed. 
Using SCS instead.
ECOS solver failed:  The solver ECOS is not installed. 
Using SCS instead.
ECOS solver failed:  The solver ECOS is not installed. 
Using SCS instead.
ECOS solver failed:  The solver ECOS is not installed. 
Using SCS instead.
ECOS solver failed:  The solver ECOS is not installed. 
Using SCS instead.
ECOS solver failed:  The solver ECOS is not installed. 
Using SCS instead.
ECOS solver failed:  The solver ECOS is not installed. 
Using SCS instead.
ECOS solver failed:  The solver ECOS is not installed. 
Using SCS instead.
ECOS solver failed:  The solver ECOS is not installed. 
Using SCS instead.
ECOS solver failed:  The solver ECOS is not installed. 
Using SCS instead.
ECOS solver failed:  The solver ECOS is not installed. 
Using SCS instead.
ECOS solver failed:  The solver ECOS is not installed. 
Using SCS instead.
ECOS solver failed:  The solver ECOS is not installed. 
Using SCS instead.
ECOS solver failed:  The solver ECOS is not installed. 
Using SCS instead.
ECOS solver failed:  The solver ECOS is not installed. 
Using SCS instead.
ECOS solver failed:  The solver ECOS is not installed. 
Using SCS instead.
M-step Design Matrix Calculation time (sec): 0.0408
ECOS solver failed in IPCW_HAL_init, falling back to SCS: The solver ECOS is not installed.
M-step CVXPY optimize time (sec): 1.1582
ECOS solver failed:  The solver ECOS is not installed. 
Using SCS instead.
ECOS solver failed:  The solver ECOS is not installed. 
Using SCS instead.
ECOS solver failed:  The solver ECOS is not installed. 
Using SCS instead.
ECOS solver failed:  The solver ECOS is not installed. 
Using SCS instead.
ECOS solver failed:  The solver ECOS is not installed. 
Using SCS instead.
ECOS solver failed:  The solver ECOS is not installed. 
Using SCS instead.
ECOS solver failed:  The solver ECOS is not installed. 
Using SCS instead.
ECOS solver failed:  The solver ECOS is not installed. 
Using SCS instead.
ECOS solver failed:  The solver ECOS is not installed. 
Using SCS instead.
ECOS solver failed:  The solver ECOS is not installed. 
Using SCS instead.
ECOS solver failed:  The solver ECOS is not installed. 
Using SCS instead.
ECOS solver failed:  The solver ECOS is not installed. 
Using SCS instead.
ECOS solver failed:  The solver ECOS is not installed. 
Using SCS instead.
ECOS solver failed:  The solver ECOS is not installed. 
Using SCS instead.
ECOS solver failed:  The solver ECOS is not installed. 
Using SCS instead.
ECOS solver failed:  The solver ECOS is not installed. 
Using SCS instead.
ECOS solver failed:  The solver ECOS is not installed. 
Using SCS instead.
ECOS solver failed:  The solver ECOS is not installed. 
Using SCS instead.
ECOS solver failed:  The solver ECOS is not installed. 
Using SCS instead.
ECOS solver failed:  The solver ECOS is not installed. 
Using SCS instead.
ECOS solver failed:  The solver ECOS is not installed. 
Using SCS instead.
M-step Design Matrix Calculation time (sec): 0.0178
ECOS solver failed in IPCW_HAL_init, falling back to SCS: The solver ECOS is not installed.
M-step CVXPY optimize time (sec): 0.8516
ECOS solver failed:  The solver ECOS is not installed. 
Using SCS instead.
ECOS solver failed:  The solver ECOS is not installed. 
Using SCS instead.
ECOS solver failed:  The solver ECOS is not installed. 
Using SCS instead.
ECOS solver failed:  The solver ECOS is not installed. 
Using SCS instead.
ECOS solver failed:  The solver ECOS is not installed. 
Using SCS instead.
ECOS solver failed:  The solver ECOS is not installed. 
Using SCS instead.
ECOS solver failed:  The solver ECOS is not installed. 
Using SCS instead.
ECOS solver failed:  The solver ECOS is not installed. 
Using SCS instead.
ECOS solver failed:  The solver ECOS is not installed. 
Using SCS instead.
ECOS solver failed:  The solver ECOS is not installed. 
Using SCS instead.
ECOS solver failed:  The solver ECOS is not installed. 
Using SCS instead.
ECOS solver failed:  The solver ECOS is not installed. 
Using SCS instead.
ECOS solver failed:  The solver ECOS is not installed. 
Using SCS instead.
ECOS solver failed:  The solver ECOS is not installed. 
Using SCS instead.
ECOS solver failed:  The solver ECOS is not installed. 
Using SCS instead.
ECOS solver failed:  The solver ECOS is not installed. 
Using SCS instead.
ECOS solver failed:  The solver ECOS is not installed. 
Using SCS instead.
ECOS solver failed:  The solver ECOS is not installed. 
Using SCS instead.
ECOS solver failed:  The solver ECOS is not installed. 
Using SCS instead.
ECOS solver failed:  The solver ECOS is not installed. 
Using SCS instead.
ECOS solver failed:  The solver ECOS is not installed. 
Using SCS instead.
M-step Design Matrix Calculation time (sec): 0.0210
ECOS solver failed in IPCW_HAL_init, falling back to SCS: The solver ECOS is not installed.
WARNING - large complementary slackness residual: 0.019509
M-step CVXPY optimize time (sec): 3.2672
ECOS solver failed:  The solver ECOS is not installed. 
Using SCS instead.
ECOS solver failed:  The solver ECOS is not installed. 
Using SCS instead.
ECOS solver failed:  The solver ECOS is not installed. 
Using SCS instead.
ECOS solver failed:  The solver ECOS is not installed. 
Using SCS instead.
ECOS solver failed:  The solver ECOS is not installed. 
Using SCS instead.
ECOS solver failed:  The solver ECOS is not installed. 
Using SCS instead.
ECOS solver failed:  The solver ECOS is not installed. 
Using SCS instead.
ECOS solver failed:  The solver ECOS is not installed. 
Using SCS instead.
ECOS solver failed:  The solver ECOS is not installed. 
Using SCS instead.
ECOS solver failed:  The solver ECOS is not installed. 
Using SCS instead.
ECOS solver failed:  The solver ECOS is not installed. 
Using SCS instead.
ECOS solver failed:  The solver ECOS is not installed. 
Using SCS instead.
ECOS solver failed:  The solver ECOS is not installed. 
Using SCS instead.
ECOS solver failed:  The solver ECOS is not installed. 
Using SCS instead.
ECOS solver failed:  The solver ECOS is not installed. 
Using SCS instead.
ECOS solver failed:  The solver ECOS is not installed. 
Using SCS instead.
ECOS solver failed:  The solver ECOS is not installed. 
Using SCS instead.
ECOS solver failed:  The solver ECOS is not installed. 
Using SCS instead.
ECOS solver failed:  The solver ECOS is not installed. 
Using SCS instead.
ECOS solver failed:  The solver ECOS is not installed. 
Using SCS instead.
ECOS solver failed:  The solver ECOS is not installed. 
Using SCS instead.
M-step Design Matrix Calculation time (sec): 0.1285
ECOS solver failed in IPCW_HAL_init, falling back to SCS: The solver ECOS is not installed.
WARNING - large complementary slackness residual: 0.007711
M-step CVXPY optimize time (sec): 2.0639
ECOS solver failed:  The solver ECOS is not installed. 
Using SCS instead.
ECOS solver failed:  The solver ECOS is not installed. 
Using SCS instead.
ECOS solver failed:  The solver ECOS is not installed. 
Using SCS instead.
ECOS solver failed:  The solver ECOS is not installed. 
Using SCS instead.
ECOS solver failed:  The solver ECOS is not installed. 
Using SCS instead.
ECOS solver failed:  The solver ECOS is not installed. 
Using SCS instead.
ECOS solver failed:  The solver ECOS is not installed. 
Using SCS instead.
ECOS solver failed:  The solver ECOS is not installed. 
Using SCS instead.
ECOS solver failed:  The solver ECOS is not installed. 
Using SCS instead.
ECOS solver failed:  The solver ECOS is not installed. 
Using SCS instead.
ECOS solver failed:  The solver ECOS is not installed. 
Using SCS instead.
ECOS solver failed:  The solver ECOS is not installed. 
Using SCS instead.
ECOS solver failed:  The solver ECOS is not installed. 
Using SCS instead.
ECOS solver failed:  The solver ECOS is not installed. 
Using SCS instead.
ECOS solver failed:  The solver ECOS is not installed. 
Using SCS instead.
ECOS solver failed:  The solver ECOS is not installed. 
Using SCS instead.
ECOS solver failed:  The solver ECOS is not installed. 
Using SCS instead.
ECOS solver failed:  The solver ECOS is not installed. 
Using SCS instead.
ECOS solver failed:  The solver ECOS is not installed. 
Using SCS instead.
ECOS solver failed:  The solver ECOS is not installed. 
Using SCS instead.
ECOS solver failed:  The solver ECOS is not installed. 
Using SCS instead.
M-step Design Matrix Calculation time (sec): 0.0190
ECOS solver failed in IPCW_HAL_init, falling back to SCS: The solver ECOS is not installed.
WARNING - large complementary slackness residual: 0.011414
M-step CVXPY optimize time (sec): 1.9614
ECOS solver failed:  The solver ECOS is not installed. 
Using SCS instead.
ECOS solver failed:  The solver ECOS is not installed. 
Using SCS instead.
ECOS solver failed:  The solver ECOS is not installed. 
Using SCS instead.
ECOS solver failed:  The solver ECOS is not installed. 
Using SCS instead.
ECOS solver failed:  The solver ECOS is not installed. 
Using SCS instead.
ECOS solver failed:  The solver ECOS is not installed. 
Using SCS instead.
ECOS solver failed:  The solver ECOS is not installed. 
Using SCS instead.
ECOS solver failed:  The solver ECOS is not installed. 
Using SCS instead.
ECOS solver failed:  The solver ECOS is not installed. 
Using SCS instead.
ECOS solver failed:  The solver ECOS is not installed. 
Using SCS instead.
ECOS solver failed:  The solver ECOS is not installed. 
Using SCS instead.
ECOS solver failed:  The solver ECOS is not installed. 
Using SCS instead.
ECOS solver failed:  The solver ECOS is not installed. 
Using SCS instead.
ECOS solver failed:  The solver ECOS is not installed. 
Using SCS instead.
ECOS solver failed:  The solver ECOS is not installed. 
Using SCS instead.
ECOS solver failed:  The solver ECOS is not installed. 
Using SCS instead.
ECOS solver failed:  The solver ECOS is not installed. 
Using SCS instead.
ECOS solver failed:  The solver ECOS is not installed. 
Using SCS instead.
ECOS solver failed:  The solver ECOS is not installed. 
Using SCS instead.
ECOS solver failed:  The solver ECOS is not installed. 
Using SCS instead.
ECOS solver failed:  The solver ECOS is not installed. 
Using SCS instead.
M-step Design Matrix Calculation time (sec): 0.0204
ECOS solver failed in IPCW_HAL_init, falling back to SCS: The solver ECOS is not installed.
M-step CVXPY optimize time (sec): 0.7607
ECOS solver failed:  The solver ECOS is not installed. 
Using SCS instead.
ECOS solver failed:  The solver ECOS is not installed. 
Using SCS instead.
ECOS solver failed:  The solver ECOS is not installed. 
Using SCS instead.
ECOS solver failed:  The solver ECOS is not installed. 
Using SCS instead.
ECOS solver failed:  The solver ECOS is not installed. 
Using SCS instead.
ECOS solver failed:  The solver ECOS is not installed. 
Using SCS instead.
ECOS solver failed:  The solver ECOS is not installed. 
Using SCS instead.
ECOS solver failed:  The solver ECOS is not installed. 
Using SCS instead.
ECOS solver failed:  The solver ECOS is not installed. 
Using SCS instead.
ECOS solver failed:  The solver ECOS is not installed. 
Using SCS instead.
ECOS solver failed:  The solver ECOS is not installed. 
Using SCS instead.
ECOS solver failed:  The solver ECOS is not installed. 
Using SCS instead.
ECOS solver failed:  The solver ECOS is not installed. 
Using SCS instead.
ECOS solver failed:  The solver ECOS is not installed. 
Using SCS instead.
ECOS solver failed:  The solver ECOS is not installed. 
Using SCS instead.
ECOS solver failed:  The solver ECOS is not installed. 
Using SCS instead.
ECOS solver failed:  The solver ECOS is not installed. 
Using SCS instead.
ECOS solver failed:  The solver ECOS is not installed. 
Using SCS instead.
ECOS solver failed:  The solver ECOS is not installed. 
Using SCS instead.
ECOS solver failed:  The solver ECOS is not installed. 
Using SCS instead.
ECOS solver failed:  The solver ECOS is not installed. 
Using SCS instead.
M-step Design Matrix Calculation time (sec): 0.0289
ECOS solver failed in IPCW_HAL_init, falling back to SCS: The solver ECOS is not installed.
WARNING - large complementary slackness residual: 0.008231
M-step CVXPY optimize time (sec): 3.3111
ECOS solver failed:  The solver ECOS is not installed. 
Using SCS instead.
ECOS solver failed:  The solver ECOS is not installed. 
Using SCS instead.
ECOS solver failed:  The solver ECOS is not installed. 
Using SCS instead.
ECOS solver failed:  The solver ECOS is not installed. 
Using SCS instead.
ECOS solver failed:  The solver ECOS is not installed. 
Using SCS instead.
ECOS solver failed:  The solver ECOS is not installed. 
Using SCS instead.
ECOS solver failed:  The solver ECOS is not installed. 
Using SCS instead.
ECOS solver failed:  The solver ECOS is not installed. 
Using SCS instead.
ECOS solver failed:  The solver ECOS is not installed. 
Using SCS instead.
ECOS solver failed:  The solver ECOS is not installed. 
Using SCS instead.
ECOS solver failed:  The solver ECOS is not installed. 
Using SCS instead.
ECOS solver failed:  The solver ECOS is not installed. 
Using SCS instead.
ECOS solver failed:  The solver ECOS is not installed. 
Using SCS instead.
ECOS solver failed:  The solver ECOS is not installed. 
Using SCS instead.
ECOS solver failed:  The solver ECOS is not installed. 
Using SCS instead.
ECOS solver failed:  The solver ECOS is not installed. 
Using SCS instead.
ECOS solver failed:  The solver ECOS is not installed. 
Using SCS instead.
ECOS solver failed:  The solver ECOS is not installed. 
Using SCS instead.
ECOS solver failed:  The solver ECOS is not installed. 
Using SCS instead.
ECOS solver failed:  The solver ECOS is not installed. 
Using SCS instead.
ECOS solver failed:  The solver ECOS is not installed. 
Using SCS instead.
M-step Design Matrix Calculation time (sec): 0.0999
ECOS solver failed in IPCW_HAL_init, falling back to SCS: The solver ECOS is not installed.
WARNING - large complementary slackness residual: 0.017214
M-step CVXPY optimize time (sec): 2.0463
ECOS solver failed:  The solver ECOS is not installed. 
Using SCS instead.
ECOS solver failed:  The solver ECOS is not installed. 
Using SCS instead.
ECOS solver failed:  The solver ECOS is not installed. 
Using SCS instead.
ECOS solver failed:  The solver ECOS is not installed. 
Using SCS instead.
ECOS solver failed:  The solver ECOS is not installed. 
Using SCS instead.
ECOS solver failed:  The solver ECOS is not installed. 
Using SCS instead.
ECOS solver failed:  The solver ECOS is not installed. 
Using SCS instead.
ECOS solver failed:  The solver ECOS is not installed. 
Using SCS instead.
ECOS solver failed:  The solver ECOS is not installed. 
Using SCS instead.
ECOS solver failed:  The solver ECOS is not installed. 
Using SCS instead.
ECOS solver failed:  The solver ECOS is not installed. 
Using SCS instead.
ECOS solver failed:  The solver ECOS is not installed. 
Using SCS instead.
ECOS solver failed:  The solver ECOS is not installed. 
Using SCS instead.
ECOS solver failed:  The solver ECOS is not installed. 
Using SCS instead.
ECOS solver failed:  The solver ECOS is not installed. 
Using SCS instead.
ECOS solver failed:  The solver ECOS is not installed. 
Using SCS instead.
ECOS solver failed:  The solver ECOS is not installed. 
Using SCS instead.
ECOS solver failed:  The solver ECOS is not installed. 
Using SCS instead.
ECOS solver failed:  The solver ECOS is not installed. 
Using SCS instead.
ECOS solver failed:  The solver ECOS is not installed. 
Using SCS instead.
ECOS solver failed:  The solver ECOS is not installed. 
Using SCS instead.
M-step Design Matrix Calculation time (sec): 0.0175
ECOS solver failed in IPCW_HAL_init, falling back to SCS: The solver ECOS is not installed.
WARNING - large complementary slackness residual: 0.023886
M-step CVXPY optimize time (sec): 1.2152
ECOS solver failed:  The solver ECOS is not installed. 
Using SCS instead.
ECOS solver failed:  The solver ECOS is not installed. 
Using SCS instead.
ECOS solver failed:  The solver ECOS is not installed. 
Using SCS instead.
ECOS solver failed:  The solver ECOS is not installed. 
Using SCS instead.
ECOS solver failed:  The solver ECOS is not installed. 
Using SCS instead.
ECOS solver failed:  The solver ECOS is not installed. 
Using SCS instead.
ECOS solver failed:  The solver ECOS is not installed. 
Using SCS instead.
ECOS solver failed:  The solver ECOS is not installed. 
Using SCS instead.
ECOS solver failed:  The solver ECOS is not installed. 
Using SCS instead.
ECOS solver failed:  The solver ECOS is not installed. 
Using SCS instead.
ECOS solver failed:  The solver ECOS is not installed. 
Using SCS instead.
ECOS solver failed:  The solver ECOS is not installed. 
Using SCS instead.
ECOS solver failed:  The solver ECOS is not installed. 
Using SCS instead.
ECOS solver failed:  The solver ECOS is not installed. 
Using SCS instead.
ECOS solver failed:  The solver ECOS is not installed. 
Using SCS instead.
ECOS solver failed:  The solver ECOS is not installed. 
Using SCS instead.
ECOS solver failed:  The solver ECOS is not installed. 
Using SCS instead.
ECOS solver failed:  The solver ECOS is not installed. 
Using SCS instead.
ECOS solver failed:  The solver ECOS is not installed. 
Using SCS instead.
ECOS solver failed:  The solver ECOS is not installed. 
Using SCS instead.
ECOS solver failed:  The solver ECOS is not installed. 
Using SCS instead.
M-step Design Matrix Calculation time (sec): 0.0236
ECOS solver failed in IPCW_HAL_init, falling back to SCS: The solver ECOS is not installed.
M-step CVXPY optimize time (sec): 0.8188
ECOS solver failed:  The solver ECOS is not installed. 
Using SCS instead.
ECOS solver failed:  The solver ECOS is not installed. 
Using SCS instead.
ECOS solver failed:  The solver ECOS is not installed. 
Using SCS instead.
ECOS solver failed:  The solver ECOS is not installed. 
Using SCS instead.
ECOS solver failed:  The solver ECOS is not installed. 
Using SCS instead.
ECOS solver failed:  The solver ECOS is not installed. 
Using SCS instead.
ECOS solver failed:  The solver ECOS is not installed. 
Using SCS instead.
ECOS solver failed:  The solver ECOS is not installed. 
Using SCS instead.
ECOS solver failed:  The solver ECOS is not installed. 
Using SCS instead.
ECOS solver failed:  The solver ECOS is not installed. 
Using SCS instead.
ECOS solver failed:  The solver ECOS is not installed. 
Using SCS instead.
ECOS solver failed:  The solver ECOS is not installed. 
Using SCS instead.
ECOS solver failed:  The solver ECOS is not installed. 
Using SCS instead.
ECOS solver failed:  The solver ECOS is not installed. 
Using SCS instead.
ECOS solver failed:  The solver ECOS is not installed. 
Using SCS instead.
ECOS solver failed:  The solver ECOS is not installed. 
Using SCS instead.
ECOS solver failed:  The solver ECOS is not installed. 
Using SCS instead.
ECOS solver failed:  The solver ECOS is not installed. 
Using SCS instead.
ECOS solver failed:  The solver ECOS is not installed. 
Using SCS instead.
ECOS solver failed:  The solver ECOS is not installed. 
Using SCS instead.
ECOS solver failed:  The solver ECOS is not installed. 
Using SCS instead.
M-step Design Matrix Calculation time (sec): 0.0863
ECOS solver failed in IPCW_HAL_init, falling back to SCS: The solver ECOS is not installed.
WARNING - large complementary slackness residual: 0.026368
M-step CVXPY optimize time (sec): 1.2150
ECOS solver failed:  The solver ECOS is not installed. 
Using SCS instead.
ECOS solver failed:  The solver ECOS is not installed. 
Using SCS instead.
ECOS solver failed:  The solver ECOS is not installed. 
Using SCS instead.
ECOS solver failed:  The solver ECOS is not installed. 
Using SCS instead.
ECOS solver failed:  The solver ECOS is not installed. 
Using SCS instead.
ECOS solver failed:  The solver ECOS is not installed. 
Using SCS instead.
ECOS solver failed:  The solver ECOS is not installed. 
Using SCS instead.
ECOS solver failed:  The solver ECOS is not installed. 
Using SCS instead.
ECOS solver failed:  The solver ECOS is not installed. 
Using SCS instead.
ECOS solver failed:  The solver ECOS is not installed. 
Using SCS instead.
ECOS solver failed:  The solver ECOS is not installed. 
Using SCS instead.
ECOS solver failed:  The solver ECOS is not installed. 
Using SCS instead.
ECOS solver failed:  The solver ECOS is not installed. 
Using SCS instead.
ECOS solver failed:  The solver ECOS is not installed. 
Using SCS instead.
ECOS solver failed:  The solver ECOS is not installed. 
Using SCS instead.
ECOS solver failed:  The solver ECOS is not installed. 
Using SCS instead.
ECOS solver failed:  The solver ECOS is not installed. 
Using SCS instead.
ECOS solver failed:  The solver ECOS is not installed. 
Using SCS instead.
ECOS solver failed:  The solver ECOS is not installed. 
Using SCS instead.
ECOS solver failed:  The solver ECOS is not installed. 
Using SCS instead.
ECOS solver failed:  The solver ECOS is not installed. 
Using SCS instead.
M-step Design Matrix Calculation time (sec): 0.0303
ECOS solver failed in IPCW_HAL_init, falling back to SCS: The solver ECOS is not installed.
WARNING - large complementary slackness residual: 0.042716
M-step CVXPY optimize time (sec): 1.3142
ECOS solver failed:  The solver ECOS is not installed. 
Using SCS instead.
ECOS solver failed:  The solver ECOS is not installed. 
Using SCS instead.
ECOS solver failed:  The solver ECOS is not installed. 
Using SCS instead.
ECOS solver failed:  The solver ECOS is not installed. 
Using SCS instead.
ECOS solver failed:  The solver ECOS is not installed. 
Using SCS instead.
ECOS solver failed:  The solver ECOS is not installed. 
Using SCS instead.
ECOS solver failed:  The solver ECOS is not installed. 
Using SCS instead.
ECOS solver failed:  The solver ECOS is not installed. 
Using SCS instead.
ECOS solver failed:  The solver ECOS is not installed. 
Using SCS instead.
ECOS solver failed:  The solver ECOS is not installed. 
Using SCS instead.
ECOS solver failed:  The solver ECOS is not installed. 
Using SCS instead.
ECOS solver failed:  The solver ECOS is not installed. 
Using SCS instead.
ECOS solver failed:  The solver ECOS is not installed. 
Using SCS instead.
ECOS solver failed:  The solver ECOS is not installed. 
Using SCS instead.
ECOS solver failed:  The solver ECOS is not installed. 
Using SCS instead.
ECOS solver failed:  The solver ECOS is not installed. 
Using SCS instead.
ECOS solver failed:  The solver ECOS is not installed. 
Using SCS instead.
ECOS solver failed:  The solver ECOS is not installed. 
Using SCS instead.
ECOS solver failed:  The solver ECOS is not installed. 
Using SCS instead.
ECOS solver failed:  The solver ECOS is not installed. 
Using SCS instead.
ECOS solver failed:  The solver ECOS is not installed. 
Using SCS instead.
M-step Design Matrix Calculation time (sec): 0.0233
ECOS solver failed in IPCW_HAL_init, falling back to SCS: The solver ECOS is not installed.
WARNING - large complementary slackness residual: 0.016493
M-step CVXPY optimize time (sec): 3.7606
ECOS solver failed:  The solver ECOS is not installed. 
Using SCS instead.
ECOS solver failed:  The solver ECOS is not installed. 
Using SCS instead.
ECOS solver failed:  The solver ECOS is not installed. 
Using SCS instead.
ECOS solver failed:  The solver ECOS is not installed. 
Using SCS instead.
ECOS solver failed:  The solver ECOS is not installed. 
Using SCS instead.
ECOS solver failed:  The solver ECOS is not installed. 
Using SCS instead.
ECOS solver failed:  The solver ECOS is not installed. 
Using SCS instead.
ECOS solver failed:  The solver ECOS is not installed. 
Using SCS instead.
ECOS solver failed:  The solver ECOS is not installed. 
Using SCS instead.
ECOS solver failed:  The solver ECOS is not installed. 
Using SCS instead.
ECOS solver failed:  The solver ECOS is not installed. 
Using SCS instead.
ECOS solver failed:  The solver ECOS is not installed. 
Using SCS instead.
ECOS solver failed:  The solver ECOS is not installed. 
Using SCS instead.
ECOS solver failed:  The solver ECOS is not installed. 
Using SCS instead.
ECOS solver failed:  The solver ECOS is not installed. 
Using SCS instead.
ECOS solver failed:  The solver ECOS is not installed. 
Using SCS instead.
ECOS solver failed:  The solver ECOS is not installed. 
Using SCS instead.
ECOS solver failed:  The solver ECOS is not installed. 
Using SCS instead.
ECOS solver failed:  The solver ECOS is not installed. 
Using SCS instead.
ECOS solver failed:  The solver ECOS is not installed. 
Using SCS instead.
ECOS solver failed:  The solver ECOS is not installed. 
Using SCS instead.
M-step Design Matrix Calculation time (sec): 0.0196
ECOS solver failed in IPCW_HAL_init, falling back to SCS: The solver ECOS is not installed.
WARNING - large complementary slackness residual: 0.015800
M-step CVXPY optimize time (sec): 4.2199
ECOS solver failed:  The solver ECOS is not installed. 
Using SCS instead.
ECOS solver failed:  The solver ECOS is not installed. 
Using SCS instead.
ECOS solver failed:  The solver ECOS is not installed. 
Using SCS instead.
ECOS solver failed:  The solver ECOS is not installed. 
Using SCS instead.
ECOS solver failed:  The solver ECOS is not installed. 
Using SCS instead.
ECOS solver failed:  The solver ECOS is not installed. 
Using SCS instead.
ECOS solver failed:  The solver ECOS is not installed. 
Using SCS instead.
ECOS solver failed:  The solver ECOS is not installed. 
Using SCS instead.
ECOS solver failed:  The solver ECOS is not installed. 
Using SCS instead.
ECOS solver failed:  The solver ECOS is not installed. 
Using SCS instead.
ECOS solver failed:  The solver ECOS is not installed. 
Using SCS instead.
ECOS solver failed:  The solver ECOS is not installed. 
Using SCS instead.
ECOS solver failed:  The solver ECOS is not installed. 
Using SCS instead.
ECOS solver failed:  The solver ECOS is not installed. 
Using SCS instead.
ECOS solver failed:  The solver ECOS is not installed. 
Using SCS instead.
ECOS solver failed:  The solver ECOS is not installed. 
Using SCS instead.
ECOS solver failed:  The solver ECOS is not installed. 
Using SCS instead.
ECOS solver failed:  The solver ECOS is not installed. 
Using SCS instead.
ECOS solver failed:  The solver ECOS is not installed. 
Using SCS instead.
ECOS solver failed:  The solver ECOS is not installed. 
Using SCS instead.
ECOS solver failed:  The solver ECOS is not installed. 
Using SCS instead.
M-step Design Matrix Calculation time (sec): 0.0294
ECOS solver failed in IPCW_HAL_init, falling back to SCS: The solver ECOS is not installed.
WARNING - large complementary slackness residual: 0.011584
M-step CVXPY optimize time (sec): 2.4387
ECOS solver failed:  The solver ECOS is not installed. 
Using SCS instead.
ECOS solver failed:  The solver ECOS is not installed. 
Using SCS instead.
ECOS solver failed:  The solver ECOS is not installed. 
Using SCS instead.
ECOS solver failed:  The solver ECOS is not installed. 
Using SCS instead.
ECOS solver failed:  The solver ECOS is not installed. 
Using SCS instead.
ECOS solver failed:  The solver ECOS is not installed. 
Using SCS instead.
ECOS solver failed:  The solver ECOS is not installed. 
Using SCS instead.
ECOS solver failed:  The solver ECOS is not installed. 
Using SCS instead.
ECOS solver failed:  The solver ECOS is not installed. 
Using SCS instead.
ECOS solver failed:  The solver ECOS is not installed. 
Using SCS instead.
ECOS solver failed:  The solver ECOS is not installed. 
Using SCS instead.
ECOS solver failed:  The solver ECOS is not installed. 
Using SCS instead.
ECOS solver failed:  The solver ECOS is not installed. 
Using SCS instead.
ECOS solver failed:  The solver ECOS is not installed. 
Using SCS instead.
ECOS solver failed:  The solver ECOS is not installed. 
Using SCS instead.
ECOS solver failed:  The solver ECOS is not installed. 
Using SCS instead.
ECOS solver failed:  The solver ECOS is not installed. 
Using SCS instead.
ECOS solver failed:  The solver ECOS is not installed. 
Using SCS instead.
ECOS solver failed:  The solver ECOS is not installed. 
Using SCS instead.
ECOS solver failed:  The solver ECOS is not installed. 
Using SCS instead.
ECOS solver failed:  The solver ECOS is not installed. 
Using SCS instead.
M-step Design Matrix Calculation time (sec): 0.0182
ECOS solver failed in IPCW_HAL_init, falling back to SCS: The solver ECOS is not installed.
WARNING - large complementary slackness residual: 0.033215
M-step CVXPY optimize time (sec): 0.9131
ECOS solver failed:  The solver ECOS is not installed. 
Using SCS instead.
ECOS solver failed:  The solver ECOS is not installed. 
Using SCS instead.
ECOS solver failed:  The solver ECOS is not installed. 
Using SCS instead.
ECOS solver failed:  The solver ECOS is not installed. 
Using SCS instead.
ECOS solver failed:  The solver ECOS is not installed. 
Using SCS instead.
ECOS solver failed:  The solver ECOS is not installed. 
Using SCS instead.
ECOS solver failed:  The solver ECOS is not installed. 
Using SCS instead.
ECOS solver failed:  The solver ECOS is not installed. 
Using SCS instead.
ECOS solver failed:  The solver ECOS is not installed. 
Using SCS instead.
ECOS solver failed:  The solver ECOS is not installed. 
Using SCS instead.
ECOS solver failed:  The solver ECOS is not installed. 
Using SCS instead.
ECOS solver failed:  The solver ECOS is not installed. 
Using SCS instead.
ECOS solver failed:  The solver ECOS is not installed. 
Using SCS instead.
ECOS solver failed:  The solver ECOS is not installed. 
Using SCS instead.
ECOS solver failed:  The solver ECOS is not installed. 
Using SCS instead.
ECOS solver failed:  The solver ECOS is not installed. 
Using SCS instead.
ECOS solver failed:  The solver ECOS is not installed. 
Using SCS instead.
ECOS solver failed:  The solver ECOS is not installed. 
Using SCS instead.
ECOS solver failed:  The solver ECOS is not installed. 
Using SCS instead.
ECOS solver failed:  The solver ECOS is not installed. 
Using SCS instead.
ECOS solver failed:  The solver ECOS is not installed. 
Using SCS instead.
M-step Design Matrix Calculation time (sec): 0.0192
ECOS solver failed in IPCW_HAL_init, falling back to SCS: The solver ECOS is not installed.
M-step CVXPY optimize time (sec): 1.2171
ECOS solver failed:  The solver ECOS is not installed. 
Using SCS instead.
ECOS solver failed:  The solver ECOS is not installed. 
Using SCS instead.
ECOS solver failed:  The solver ECOS is not installed. 
Using SCS instead.
ECOS solver failed:  The solver ECOS is not installed. 
Using SCS instead.
ECOS solver failed:  The solver ECOS is not installed. 
Using SCS instead.
ECOS solver failed:  The solver ECOS is not installed. 
Using SCS instead.
ECOS solver failed:  The solver ECOS is not installed. 
Using SCS instead.
ECOS solver failed:  The solver ECOS is not installed. 
Using SCS instead.
ECOS solver failed:  The solver ECOS is not installed. 
Using SCS instead.
ECOS solver failed:  The solver ECOS is not installed. 
Using SCS instead.
ECOS solver failed:  The solver ECOS is not installed. 
Using SCS instead.
ECOS solver failed:  The solver ECOS is not installed. 
Using SCS instead.
ECOS solver failed:  The solver ECOS is not installed. 
Using SCS instead.
ECOS solver failed:  The solver ECOS is not installed. 
Using SCS instead.
ECOS solver failed:  The solver ECOS is not installed. 
Using SCS instead.
ECOS solver failed:  The solver ECOS is not installed. 
Using SCS instead.
ECOS solver failed:  The solver ECOS is not installed. 
Using SCS instead.
ECOS solver failed:  The solver ECOS is not installed. 
Using SCS instead.
ECOS solver failed:  The solver ECOS is not installed. 
Using SCS instead.
ECOS solver failed:  The solver ECOS is not installed. 
Using SCS instead.
ECOS solver failed:  The solver ECOS is not installed. 
Using SCS instead.
M-step Design Matrix Calculation time (sec): 0.0185
ECOS solver failed in IPCW_HAL_init, falling back to SCS: The solver ECOS is not installed.
WARNING - large complementary slackness residual: 0.026803
M-step CVXPY optimize time (sec): 4.5847
ECOS solver failed:  The solver ECOS is not installed. 
Using SCS instead.
ECOS solver failed:  The solver ECOS is not installed. 
Using SCS instead.
ECOS solver failed:  The solver ECOS is not installed. 
Using SCS instead.
ECOS solver failed:  The solver ECOS is not installed. 
Using SCS instead.
ECOS solver failed:  The solver ECOS is not installed. 
Using SCS instead.
ECOS solver failed:  The solver ECOS is not installed. 
Using SCS instead.
ECOS solver failed:  The solver ECOS is not installed. 
Using SCS instead.
ECOS solver failed:  The solver ECOS is not installed. 
Using SCS instead.
ECOS solver failed:  The solver ECOS is not installed. 
Using SCS instead.
ECOS solver failed:  The solver ECOS is not installed. 
Using SCS instead.
ECOS solver failed:  The solver ECOS is not installed. 
Using SCS instead.
ECOS solver failed:  The solver ECOS is not installed. 
Using SCS instead.
ECOS solver failed:  The solver ECOS is not installed. 
Using SCS instead.
ECOS solver failed:  The solver ECOS is not installed. 
Using SCS instead.
ECOS solver failed:  The solver ECOS is not installed. 
Using SCS instead.
ECOS solver failed:  The solver ECOS is not installed. 
Using SCS instead.
ECOS solver failed:  The solver ECOS is not installed. 
Using SCS instead.
ECOS solver failed:  The solver ECOS is not installed. 
Using SCS instead.
ECOS solver failed:  The solver ECOS is not installed. 
Using SCS instead.
ECOS solver failed:  The solver ECOS is not installed. 
Using SCS instead.
ECOS solver failed:  The solver ECOS is not installed. 
Using SCS instead.
M-step Design Matrix Calculation time (sec): 0.0600
ECOS solver failed in IPCW_HAL_init, falling back to SCS: The solver ECOS is not installed.
WARNING - large complementary slackness residual: 0.017458
M-step CVXPY optimize time (sec): 2.7517
ECOS solver failed:  The solver ECOS is not installed. 
Using SCS instead.
ECOS solver failed:  The solver ECOS is not installed. 
Using SCS instead.
ECOS solver failed:  The solver ECOS is not installed. 
Using SCS instead.
ECOS solver failed:  The solver ECOS is not installed. 
Using SCS instead.
ECOS solver failed:  The solver ECOS is not installed. 
Using SCS instead.
ECOS solver failed:  The solver ECOS is not installed. 
Using SCS instead.
ECOS solver failed:  The solver ECOS is not installed. 
Using SCS instead.
ECOS solver failed:  The solver ECOS is not installed. 
Using SCS instead.
ECOS solver failed:  The solver ECOS is not installed. 
Using SCS instead.
ECOS solver failed:  The solver ECOS is not installed. 
Using SCS instead.
ECOS solver failed:  The solver ECOS is not installed. 
Using SCS instead.
ECOS solver failed:  The solver ECOS is not installed. 
Using SCS instead.
ECOS solver failed:  The solver ECOS is not installed. 
Using SCS instead.
ECOS solver failed:  The solver ECOS is not installed. 
Using SCS instead.
ECOS solver failed:  The solver ECOS is not installed. 
Using SCS instead.
ECOS solver failed:  The solver ECOS is not installed. 
Using SCS instead.
ECOS solver failed:  The solver ECOS is not installed. 
Using SCS instead.
ECOS solver failed:  The solver ECOS is not installed. 
Using SCS instead.
ECOS solver failed:  The solver ECOS is not installed. 
Using SCS instead.
ECOS solver failed:  The solver ECOS is not installed. 
Using SCS instead.
ECOS solver failed:  The solver ECOS is not installed. 
Using SCS instead.
M-step Design Matrix Calculation time (sec): 0.0249
ECOS solver failed in IPCW_HAL_init, falling back to SCS: The solver ECOS is not installed.
WARNING - large complementary slackness residual: 0.013293
M-step CVXPY optimize time (sec): 3.7678
ECOS solver failed:  The solver ECOS is not installed. 
Using SCS instead.
ECOS solver failed:  The solver ECOS is not installed. 
Using SCS instead.
ECOS solver failed:  The solver ECOS is not installed. 
Using SCS instead.
ECOS solver failed:  The solver ECOS is not installed. 
Using SCS instead.
ECOS solver failed:  The solver ECOS is not installed. 
Using SCS instead.
ECOS solver failed:  The solver ECOS is not installed. 
Using SCS instead.
ECOS solver failed:  The solver ECOS is not installed. 
Using SCS instead.
ECOS solver failed:  The solver ECOS is not installed. 
Using SCS instead.
ECOS solver failed:  The solver ECOS is not installed. 
Using SCS instead.
ECOS solver failed:  The solver ECOS is not installed. 
Using SCS instead.
ECOS solver failed:  The solver ECOS is not installed. 
Using SCS instead.
ECOS solver failed:  The solver ECOS is not installed. 
Using SCS instead.
ECOS solver failed:  The solver ECOS is not installed. 
Using SCS instead.
ECOS solver failed:  The solver ECOS is not installed. 
Using SCS instead.
ECOS solver failed:  The solver ECOS is not installed. 
Using SCS instead.
ECOS solver failed:  The solver ECOS is not installed. 
Using SCS instead.
ECOS solver failed:  The solver ECOS is not installed. 
Using SCS instead.
ECOS solver failed:  The solver ECOS is not installed. 
Using SCS instead.
ECOS solver failed:  The solver ECOS is not installed. 
Using SCS instead.
ECOS solver failed:  The solver ECOS is not installed. 
Using SCS instead.
ECOS solver failed:  The solver ECOS is not installed. 
Using SCS instead.
M-step Design Matrix Calculation time (sec): 0.0203
ECOS solver failed in IPCW_HAL_init, falling back to SCS: The solver ECOS is not installed.
WARNING - large complementary slackness residual: 0.020615
M-step CVXPY optimize time (sec): 3.5708
ECOS solver failed:  The solver ECOS is not installed. 
Using SCS instead.
ECOS solver failed:  The solver ECOS is not installed. 
Using SCS instead.
ECOS solver failed:  The solver ECOS is not installed. 
Using SCS instead.
ECOS solver failed:  The solver ECOS is not installed. 
Using SCS instead.
ECOS solver failed:  The solver ECOS is not installed. 
Using SCS instead.
ECOS solver failed:  The solver ECOS is not installed. 
Using SCS instead.
ECOS solver failed:  The solver ECOS is not installed. 
Using SCS instead.
ECOS solver failed:  The solver ECOS is not installed. 
Using SCS instead.
ECOS solver failed:  The solver ECOS is not installed. 
Using SCS instead.
ECOS solver failed:  The solver ECOS is not installed. 
Using SCS instead.
ECOS solver failed:  The solver ECOS is not installed. 
Using SCS instead.
ECOS solver failed:  The solver ECOS is not installed. 
Using SCS instead.
ECOS solver failed:  The solver ECOS is not installed. 
Using SCS instead.
ECOS solver failed:  The solver ECOS is not installed. 
Using SCS instead.
ECOS solver failed:  The solver ECOS is not installed. 
Using SCS instead.
ECOS solver failed:  The solver ECOS is not installed. 
Using SCS instead.
ECOS solver failed:  The solver ECOS is not installed. 
Using SCS instead.
ECOS solver failed:  The solver ECOS is not installed. 
Using SCS instead.
ECOS solver failed:  The solver ECOS is not installed. 
Using SCS instead.
ECOS solver failed:  The solver ECOS is not installed. 
Using SCS instead.
ECOS solver failed:  The solver ECOS is not installed. 
Using SCS instead.
M-step Design Matrix Calculation time (sec): 0.0289
ECOS solver failed in IPCW_HAL_init, falling back to SCS: The solver ECOS is not installed.
M-step CVXPY optimize time (sec): 1.3297
ECOS solver failed:  The solver ECOS is not installed. 
Using SCS instead.
ECOS solver failed:  The solver ECOS is not installed. 
Using SCS instead.
ECOS solver failed:  The solver ECOS is not installed. 
Using SCS instead.
ECOS solver failed:  The solver ECOS is not installed. 
Using SCS instead.
ECOS solver failed:  The solver ECOS is not installed. 
Using SCS instead.
ECOS solver failed:  The solver ECOS is not installed. 
Using SCS instead.
ECOS solver failed:  The solver ECOS is not installed. 
Using SCS instead.
ECOS solver failed:  The solver ECOS is not installed. 
Using SCS instead.
ECOS solver failed:  The solver ECOS is not installed. 
Using SCS instead.
ECOS solver failed:  The solver ECOS is not installed. 
Using SCS instead.
ECOS solver failed:  The solver ECOS is not installed. 
Using SCS instead.
ECOS solver failed:  The solver ECOS is not installed. 
Using SCS instead.
ECOS solver failed:  The solver ECOS is not installed. 
Using SCS instead.
ECOS solver failed:  The solver ECOS is not installed. 
Using SCS instead.
ECOS solver failed:  The solver ECOS is not installed. 
Using SCS instead.
ECOS solver failed:  The solver ECOS is not installed. 
Using SCS instead.
ECOS solver failed:  The solver ECOS is not installed. 
Using SCS instead.
ECOS solver failed:  The solver ECOS is not installed. 
Using SCS instead.
ECOS solver failed:  The solver ECOS is not installed. 
Using SCS instead.
ECOS solver failed:  The solver ECOS is not installed. 
Using SCS instead.
ECOS solver failed:  The solver ECOS is not installed. 
Using SCS instead.
M-step Design Matrix Calculation time (sec): 0.0217
ECOS solver failed in IPCW_HAL_init, falling back to SCS: The solver ECOS is not installed.
M-step CVXPY optimize time (sec): 1.7172
ECOS solver failed:  The solver ECOS is not installed. 
Using SCS instead.
ECOS solver failed:  The solver ECOS is not installed. 
Using SCS instead.
ECOS solver failed:  The solver ECOS is not installed. 
Using SCS instead.
ECOS solver failed:  The solver ECOS is not installed. 
Using SCS instead.
ECOS solver failed:  The solver ECOS is not installed. 
Using SCS instead.
ECOS solver failed:  The solver ECOS is not installed. 
Using SCS instead.
ECOS solver failed:  The solver ECOS is not installed. 
Using SCS instead.
ECOS solver failed:  The solver ECOS is not installed. 
Using SCS instead.
ECOS solver failed:  The solver ECOS is not installed. 
Using SCS instead.
ECOS solver failed:  The solver ECOS is not installed. 
Using SCS instead.
ECOS solver failed:  The solver ECOS is not installed. 
Using SCS instead.
ECOS solver failed:  The solver ECOS is not installed. 
Using SCS instead.
ECOS solver failed:  The solver ECOS is not installed. 
Using SCS instead.
ECOS solver failed:  The solver ECOS is not installed. 
Using SCS instead.
ECOS solver failed:  The solver ECOS is not installed. 
Using SCS instead.
ECOS solver failed:  The solver ECOS is not installed. 
Using SCS instead.
ECOS solver failed:  The solver ECOS is not installed. 
Using SCS instead.
ECOS solver failed:  The solver ECOS is not installed. 
Using SCS instead.
ECOS solver failed:  The solver ECOS is not installed. 
Using SCS instead.
ECOS solver failed:  The solver ECOS is not installed. 
Using SCS instead.
ECOS solver failed:  The solver ECOS is not installed. 
Using SCS instead.
M-step Design Matrix Calculation time (sec): 0.2602
ECOS solver failed in IPCW_HAL_init, falling back to SCS: The solver ECOS is not installed.
WARNING - large complementary slackness residual: 0.006683
M-step CVXPY optimize time (sec): 2.0817
ECOS solver failed:  The solver ECOS is not installed. 
Using SCS instead.
ECOS solver failed:  The solver ECOS is not installed. 
Using SCS instead.
ECOS solver failed:  The solver ECOS is not installed. 
Using SCS instead.
ECOS solver failed:  The solver ECOS is not installed. 
Using SCS instead.
ECOS solver failed:  The solver ECOS is not installed. 
Using SCS instead.
ECOS solver failed:  The solver ECOS is not installed. 
Using SCS instead.
ECOS solver failed:  The solver ECOS is not installed. 
Using SCS instead.
ECOS solver failed:  The solver ECOS is not installed. 
Using SCS instead.
ECOS solver failed:  The solver ECOS is not installed. 
Using SCS instead.
ECOS solver failed:  The solver ECOS is not installed. 
Using SCS instead.
ECOS solver failed:  The solver ECOS is not installed. 
Using SCS instead.
ECOS solver failed:  The solver ECOS is not installed. 
Using SCS instead.
ECOS solver failed:  The solver ECOS is not installed. 
Using SCS instead.
ECOS solver failed:  The solver ECOS is not installed. 
Using SCS instead.
ECOS solver failed:  The solver ECOS is not installed. 
Using SCS instead.
ECOS solver failed:  The solver ECOS is not installed. 
Using SCS instead.
ECOS solver failed:  The solver ECOS is not installed. 
Using SCS instead.
ECOS solver failed:  The solver ECOS is not installed. 
Using SCS instead.
ECOS solver failed:  The solver ECOS is not installed. 
Using SCS instead.
ECOS solver failed:  The solver ECOS is not installed. 
Using SCS instead.
ECOS solver failed:  The solver ECOS is not installed. 
Using SCS instead.
M-step Design Matrix Calculation time (sec): 0.0189
ECOS solver failed in IPCW_HAL_init, falling back to SCS: The solver ECOS is not installed.
M-step CVXPY optimize time (sec): 2.2948
ECOS solver failed:  The solver ECOS is not installed. 
Using SCS instead.
ECOS solver failed:  The solver ECOS is not installed. 
Using SCS instead.
ECOS solver failed:  The solver ECOS is not installed. 
Using SCS instead.
ECOS solver failed:  The solver ECOS is not installed. 
Using SCS instead.
ECOS solver failed:  The solver ECOS is not installed. 
Using SCS instead.
ECOS solver failed:  The solver ECOS is not installed. 
Using SCS instead.
ECOS solver failed:  The solver ECOS is not installed. 
Using SCS instead.
ECOS solver failed:  The solver ECOS is not installed. 
Using SCS instead.
ECOS solver failed:  The solver ECOS is not installed. 
Using SCS instead.
ECOS solver failed:  The solver ECOS is not installed. 
Using SCS instead.
ECOS solver failed:  The solver ECOS is not installed. 
Using SCS instead.
ECOS solver failed:  The solver ECOS is not installed. 
Using SCS instead.
ECOS solver failed:  The solver ECOS is not installed. 
Using SCS instead.
ECOS solver failed:  The solver ECOS is not installed. 
Using SCS instead.
ECOS solver failed:  The solver ECOS is not installed. 
Using SCS instead.
ECOS solver failed:  The solver ECOS is not installed. 
Using SCS instead.
ECOS solver failed:  The solver ECOS is not installed. 
Using SCS instead.
ECOS solver failed:  The solver ECOS is not installed. 
Using SCS instead.
ECOS solver failed:  The solver ECOS is not installed. 
Using SCS instead.
ECOS solver failed:  The solver ECOS is not installed. 
Using SCS instead.
ECOS solver failed:  The solver ECOS is not installed. 
Using SCS instead.
M-step Design Matrix Calculation time (sec): 0.0179
ECOS solver failed in IPCW_HAL_init, falling back to SCS: The solver ECOS is not installed.
WARNING - large complementary slackness residual: 0.033367
M-step CVXPY optimize time (sec): 0.9084
ECOS solver failed:  The solver ECOS is not installed. 
Using SCS instead.
ECOS solver failed:  The solver ECOS is not installed. 
Using SCS instead.
ECOS solver failed:  The solver ECOS is not installed. 
Using SCS instead.
ECOS solver failed:  The solver ECOS is not installed. 
Using SCS instead.
ECOS solver failed:  The solver ECOS is not installed. 
Using SCS instead.
ECOS solver failed:  The solver ECOS is not installed. 
Using SCS instead.
ECOS solver failed:  The solver ECOS is not installed. 
Using SCS instead.
ECOS solver failed:  The solver ECOS is not installed. 
Using SCS instead.
ECOS solver failed:  The solver ECOS is not installed. 
Using SCS instead.
ECOS solver failed:  The solver ECOS is not installed. 
Using SCS instead.
ECOS solver failed:  The solver ECOS is not installed. 
Using SCS instead.
ECOS solver failed:  The solver ECOS is not installed. 
Using SCS instead.
ECOS solver failed:  The solver ECOS is not installed. 
Using SCS instead.
ECOS solver failed:  The solver ECOS is not installed. 
Using SCS instead.
ECOS solver failed:  The solver ECOS is not installed. 
Using SCS instead.
ECOS solver failed:  The solver ECOS is not installed. 
Using SCS instead.
ECOS solver failed:  The solver ECOS is not installed. 
Using SCS instead.
ECOS solver failed:  The solver ECOS is not installed. 
Using SCS instead.
ECOS solver failed:  The solver ECOS is not installed. 
Using SCS instead.
ECOS solver failed:  The solver ECOS is not installed. 
Using SCS instead.
ECOS solver failed:  The solver ECOS is not installed. 
Using SCS instead.
M-step Design Matrix Calculation time (sec): 0.0674
ECOS solver failed in IPCW_HAL_init, falling back to SCS: The solver ECOS is not installed.
WARNING - large complementary slackness residual: 0.003970
M-step CVXPY optimize time (sec): 3.3256
ECOS solver failed:  The solver ECOS is not installed. 
Using SCS instead.
ECOS solver failed:  The solver ECOS is not installed. 
Using SCS instead.
ECOS solver failed:  The solver ECOS is not installed. 
Using SCS instead.
ECOS solver failed:  The solver ECOS is not installed. 
Using SCS instead.
ECOS solver failed:  The solver ECOS is not installed. 
Using SCS instead.
ECOS solver failed:  The solver ECOS is not installed. 
Using SCS instead.
ECOS solver failed:  The solver ECOS is not installed. 
Using SCS instead.
ECOS solver failed:  The solver ECOS is not installed. 
Using SCS instead.
ECOS solver failed:  The solver ECOS is not installed. 
Using SCS instead.
ECOS solver failed:  The solver ECOS is not installed. 
Using SCS instead.
ECOS solver failed:  The solver ECOS is not installed. 
Using SCS instead.
ECOS solver failed:  The solver ECOS is not installed. 
Using SCS instead.
ECOS solver failed:  The solver ECOS is not installed. 
Using SCS instead.
ECOS solver failed:  The solver ECOS is not installed. 
Using SCS instead.
ECOS solver failed:  The solver ECOS is not installed. 
Using SCS instead.
ECOS solver failed:  The solver ECOS is not installed. 
Using SCS instead.
ECOS solver failed:  The solver ECOS is not installed. 
Using SCS instead.
ECOS solver failed:  The solver ECOS is not installed. 
Using SCS instead.
ECOS solver failed:  The solver ECOS is not installed. 
Using SCS instead.
ECOS solver failed:  The solver ECOS is not installed. 
Using SCS instead.
ECOS solver failed:  The solver ECOS is not installed. 
Using SCS instead.
M-step Design Matrix Calculation time (sec): 0.0407
ECOS solver failed in IPCW_HAL_init, falling back to SCS: The solver ECOS is not installed.
M-step CVXPY optimize time (sec): 1.2503
ECOS solver failed:  The solver ECOS is not installed. 
Using SCS instead.
ECOS solver failed:  The solver ECOS is not installed. 
Using SCS instead.
ECOS solver failed:  The solver ECOS is not installed. 
Using SCS instead.
ECOS solver failed:  The solver ECOS is not installed. 
Using SCS instead.
ECOS solver failed:  The solver ECOS is not installed. 
Using SCS instead.
ECOS solver failed:  The solver ECOS is not installed. 
Using SCS instead.
ECOS solver failed:  The solver ECOS is not installed. 
Using SCS instead.
ECOS solver failed:  The solver ECOS is not installed. 
Using SCS instead.
ECOS solver failed:  The solver ECOS is not installed. 
Using SCS instead.
ECOS solver failed:  The solver ECOS is not installed. 
Using SCS instead.
ECOS solver failed:  The solver ECOS is not installed. 
Using SCS instead.
ECOS solver failed:  The solver ECOS is not installed. 
Using SCS instead.
ECOS solver failed:  The solver ECOS is not installed. 
Using SCS instead.
ECOS solver failed:  The solver ECOS is not installed. 
Using SCS instead.
ECOS solver failed:  The solver ECOS is not installed. 
Using SCS instead.
ECOS solver failed:  The solver ECOS is not installed. 
Using SCS instead.
ECOS solver failed:  The solver ECOS is not installed. 
Using SCS instead.
ECOS solver failed:  The solver ECOS is not installed. 
Using SCS instead.
ECOS solver failed:  The solver ECOS is not installed. 
Using SCS instead.
ECOS solver failed:  The solver ECOS is not installed. 
Using SCS instead.
ECOS solver failed:  The solver ECOS is not installed. 
Using SCS instead.
M-step Design Matrix Calculation time (sec): 0.0467
ECOS solver failed in IPCW_HAL_init, falling back to SCS: The solver ECOS is not installed.
M-step CVXPY optimize time (sec): 0.3458
ECOS solver failed:  The solver ECOS is not installed. 
Using SCS instead.
ECOS solver failed:  The solver ECOS is not installed. 
Using SCS instead.
ECOS solver failed:  The solver ECOS is not installed. 
Using SCS instead.
ECOS solver failed:  The solver ECOS is not installed. 
Using SCS instead.
ECOS solver failed:  The solver ECOS is not installed. 
Using SCS instead.
ECOS solver failed:  The solver ECOS is not installed. 
Using SCS instead.
ECOS solver failed:  The solver ECOS is not installed. 
Using SCS instead.
ECOS solver failed:  The solver ECOS is not installed. 
Using SCS instead.
ECOS solver failed:  The solver ECOS is not installed. 
Using SCS instead.
ECOS solver failed:  The solver ECOS is not installed. 
Using SCS instead.
ECOS solver failed:  The solver ECOS is not installed. 
Using SCS instead.
ECOS solver failed:  The solver ECOS is not installed. 
Using SCS instead.
ECOS solver failed:  The solver ECOS is not installed. 
Using SCS instead.
ECOS solver failed:  The solver ECOS is not installed. 
Using SCS instead.
ECOS solver failed:  The solver ECOS is not installed. 
Using SCS instead.
ECOS solver failed:  The solver ECOS is not installed. 
Using SCS instead.
ECOS solver failed:  The solver ECOS is not installed. 
Using SCS instead.
ECOS solver failed:  The solver ECOS is not installed. 
Using SCS instead.
ECOS solver failed:  The solver ECOS is not installed. 
Using SCS instead.
ECOS solver failed:  The solver ECOS is not installed. 
Using SCS instead.
ECOS solver failed:  The solver ECOS is not installed. 
Using SCS instead.
M-step Design Matrix Calculation time (sec): 0.0189
ECOS solver failed in IPCW_HAL_init, falling back to SCS: The solver ECOS is not installed.
WARNING - large complementary slackness residual: 0.004879
M-step CVXPY optimize time (sec): 1.9249
ECOS solver failed:  The solver ECOS is not installed. 
Using SCS instead.
ECOS solver failed:  The solver ECOS is not installed. 
Using SCS instead.
ECOS solver failed:  The solver ECOS is not installed. 
Using SCS instead.
ECOS solver failed:  The solver ECOS is not installed. 
Using SCS instead.
ECOS solver failed:  The solver ECOS is not installed. 
Using SCS instead.
ECOS solver failed:  The solver ECOS is not installed. 
Using SCS instead.
ECOS solver failed:  The solver ECOS is not installed. 
Using SCS instead.
ECOS solver failed:  The solver ECOS is not installed. 
Using SCS instead.
ECOS solver failed:  The solver ECOS is not installed. 
Using SCS instead.
ECOS solver failed:  The solver ECOS is not installed. 
Using SCS instead.
ECOS solver failed:  The solver ECOS is not installed. 
Using SCS instead.
ECOS solver failed:  The solver ECOS is not installed. 
Using SCS instead.
ECOS solver failed:  The solver ECOS is not installed. 
Using SCS instead.
ECOS solver failed:  The solver ECOS is not installed. 
Using SCS instead.
ECOS solver failed:  The solver ECOS is not installed. 
Using SCS instead.
ECOS solver failed:  The solver ECOS is not installed. 
Using SCS instead.
ECOS solver failed:  The solver ECOS is not installed. 
Using SCS instead.
ECOS solver failed:  The solver ECOS is not installed. 
Using SCS instead.
ECOS solver failed:  The solver ECOS is not installed. 
Using SCS instead.
ECOS solver failed:  The solver ECOS is not installed. 
Using SCS instead.
ECOS solver failed:  The solver ECOS is not installed. 
Using SCS instead.
M-step Design Matrix Calculation time (sec): 0.0309
ECOS solver failed in IPCW_HAL_init, falling back to SCS: The solver ECOS is not installed.
WARNING - large complementary slackness residual: 0.020809
M-step CVXPY optimize time (sec): 3.0071
ECOS solver failed:  The solver ECOS is not installed. 
Using SCS instead.
ECOS solver failed:  The solver ECOS is not installed. 
Using SCS instead.
ECOS solver failed:  The solver ECOS is not installed. 
Using SCS instead.
ECOS solver failed:  The solver ECOS is not installed. 
Using SCS instead.
ECOS solver failed:  The solver ECOS is not installed. 
Using SCS instead.
ECOS solver failed:  The solver ECOS is not installed. 
Using SCS instead.
ECOS solver failed:  The solver ECOS is not installed. 
Using SCS instead.
ECOS solver failed:  The solver ECOS is not installed. 
Using SCS instead.
ECOS solver failed:  The solver ECOS is not installed. 
Using SCS instead.
ECOS solver failed:  The solver ECOS is not installed. 
Using SCS instead.
ECOS solver failed:  The solver ECOS is not installed. 
Using SCS instead.
ECOS solver failed:  The solver ECOS is not installed. 
Using SCS instead.
ECOS solver failed:  The solver ECOS is not installed. 
Using SCS instead.
ECOS solver failed:  The solver ECOS is not installed. 
Using SCS instead.
ECOS solver failed:  The solver ECOS is not installed. 
Using SCS instead.
ECOS solver failed:  The solver ECOS is not installed. 
Using SCS instead.
ECOS solver failed:  The solver ECOS is not installed. 
Using SCS instead.
ECOS solver failed:  The solver ECOS is not installed. 
Using SCS instead.
ECOS solver failed:  The solver ECOS is not installed. 
Using SCS instead.
ECOS solver failed:  The solver ECOS is not installed. 
Using SCS instead.
ECOS solver failed:  The solver ECOS is not installed. 
Using SCS instead.
M-step Design Matrix Calculation time (sec): 0.1748
ECOS solver failed in IPCW_HAL_init, falling back to SCS: The solver ECOS is not installed.
M-step CVXPY optimize time (sec): 1.9597
ECOS solver failed:  The solver ECOS is not installed. 
Using SCS instead.
ECOS solver failed:  The solver ECOS is not installed. 
Using SCS instead.
ECOS solver failed:  The solver ECOS is not installed. 
Using SCS instead.
ECOS solver failed:  The solver ECOS is not installed. 
Using SCS instead.
ECOS solver failed:  The solver ECOS is not installed. 
Using SCS instead.
ECOS solver failed:  The solver ECOS is not installed. 
Using SCS instead.
ECOS solver failed:  The solver ECOS is not installed. 
Using SCS instead.
ECOS solver failed:  The solver ECOS is not installed. 
Using SCS instead.
ECOS solver failed:  The solver ECOS is not installed. 
Using SCS instead.
ECOS solver failed:  The solver ECOS is not installed. 
Using SCS instead.
ECOS solver failed:  The solver ECOS is not installed. 
Using SCS instead.
ECOS solver failed:  The solver ECOS is not installed. 
Using SCS instead.
ECOS solver failed:  The solver ECOS is not installed. 
Using SCS instead.
ECOS solver failed:  The solver ECOS is not installed. 
Using SCS instead.
ECOS solver failed:  The solver ECOS is not installed. 
Using SCS instead.
ECOS solver failed:  The solver ECOS is not installed. 
Using SCS instead.
ECOS solver failed:  The solver ECOS is not installed. 
Using SCS instead.
ECOS solver failed:  The solver ECOS is not installed. 
Using SCS instead.
ECOS solver failed:  The solver ECOS is not installed. 
Using SCS instead.
ECOS solver failed:  The solver ECOS is not installed. 
Using SCS instead.
ECOS solver failed:  The solver ECOS is not installed. 
Using SCS instead.
M-step Design Matrix Calculation time (sec): 0.0175
ECOS solver failed in IPCW_HAL_init, falling back to SCS: The solver ECOS is not installed.
M-step CVXPY optimize time (sec): 1.6934
ECOS solver failed:  The solver ECOS is not installed. 
Using SCS instead.
ECOS solver failed:  The solver ECOS is not installed. 
Using SCS instead.
ECOS solver failed:  The solver ECOS is not installed. 
Using SCS instead.
ECOS solver failed:  The solver ECOS is not installed. 
Using SCS instead.
ECOS solver failed:  The solver ECOS is not installed. 
Using SCS instead.
ECOS solver failed:  The solver ECOS is not installed. 
Using SCS instead.
ECOS solver failed:  The solver ECOS is not installed. 
Using SCS instead.
ECOS solver failed:  The solver ECOS is not installed. 
Using SCS instead.
ECOS solver failed:  The solver ECOS is not installed. 
Using SCS instead.
ECOS solver failed:  The solver ECOS is not installed. 
Using SCS instead.
ECOS solver failed:  The solver ECOS is not installed. 
Using SCS instead.
ECOS solver failed:  The solver ECOS is not installed. 
Using SCS instead.
ECOS solver failed:  The solver ECOS is not installed. 
Using SCS instead.
ECOS solver failed:  The solver ECOS is not installed. 
Using SCS instead.
ECOS solver failed:  The solver ECOS is not installed. 
Using SCS instead.
ECOS solver failed:  The solver ECOS is not installed. 
Using SCS instead.
ECOS solver failed:  The solver ECOS is not installed. 
Using SCS instead.
ECOS solver failed:  The solver ECOS is not installed. 
Using SCS instead.
ECOS solver failed:  The solver ECOS is not installed. 
Using SCS instead.
ECOS solver failed:  The solver ECOS is not installed. 
Using SCS instead.
ECOS solver failed:  The solver ECOS is not installed. 
Using SCS instead.
M-step Design Matrix Calculation time (sec): 0.0206
ECOS solver failed in IPCW_HAL_init, falling back to SCS: The solver ECOS is not installed.
M-step CVXPY optimize time (sec): 1.3278
ECOS solver failed:  The solver ECOS is not installed. 
Using SCS instead.
ECOS solver failed:  The solver ECOS is not installed. 
Using SCS instead.
ECOS solver failed:  The solver ECOS is not installed. 
Using SCS instead.
ECOS solver failed:  The solver ECOS is not installed. 
Using SCS instead.
ECOS solver failed:  The solver ECOS is not installed. 
Using SCS instead.
ECOS solver failed:  The solver ECOS is not installed. 
Using SCS instead.
ECOS solver failed:  The solver ECOS is not installed. 
Using SCS instead.
ECOS solver failed:  The solver ECOS is not installed. 
Using SCS instead.
ECOS solver failed:  The solver ECOS is not installed. 
Using SCS instead.
ECOS solver failed:  The solver ECOS is not installed. 
Using SCS instead.
ECOS solver failed:  The solver ECOS is not installed. 
Using SCS instead.
ECOS solver failed:  The solver ECOS is not installed. 
Using SCS instead.
ECOS solver failed:  The solver ECOS is not installed. 
Using SCS instead.
ECOS solver failed:  The solver ECOS is not installed. 
Using SCS instead.
ECOS solver failed:  The solver ECOS is not installed. 
Using SCS instead.
ECOS solver failed:  The solver ECOS is not installed. 
Using SCS instead.
ECOS solver failed:  The solver ECOS is not installed. 
Using SCS instead.
ECOS solver failed:  The solver ECOS is not installed. 
Using SCS instead.
ECOS solver failed:  The solver ECOS is not installed. 
Using SCS instead.
ECOS solver failed:  The solver ECOS is not installed. 
Using SCS instead.
ECOS solver failed:  The solver ECOS is not installed. 
Using SCS instead.
M-step Design Matrix Calculation time (sec): 0.1490
ECOS solver failed in IPCW_HAL_init, falling back to SCS: The solver ECOS is not installed.
M-step CVXPY optimize time (sec): 2.0342
ECOS solver failed:  The solver ECOS is not installed. 
Using SCS instead.
ECOS solver failed:  The solver ECOS is not installed. 
Using SCS instead.
ECOS solver failed:  The solver ECOS is not installed. 
Using SCS instead.
ECOS solver failed:  The solver ECOS is not installed. 
Using SCS instead.
ECOS solver failed:  The solver ECOS is not installed. 
Using SCS instead.
ECOS solver failed:  The solver ECOS is not installed. 
Using SCS instead.
ECOS solver failed:  The solver ECOS is not installed. 
Using SCS instead.
ECOS solver failed:  The solver ECOS is not installed. 
Using SCS instead.
ECOS solver failed:  The solver ECOS is not installed. 
Using SCS instead.
ECOS solver failed:  The solver ECOS is not installed. 
Using SCS instead.
ECOS solver failed:  The solver ECOS is not installed. 
Using SCS instead.
ECOS solver failed:  The solver ECOS is not installed. 
Using SCS instead.
ECOS solver failed:  The solver ECOS is not installed. 
Using SCS instead.
ECOS solver failed:  The solver ECOS is not installed. 
Using SCS instead.
ECOS solver failed:  The solver ECOS is not installed. 
Using SCS instead.
ECOS solver failed:  The solver ECOS is not installed. 
Using SCS instead.
ECOS solver failed:  The solver ECOS is not installed. 
Using SCS instead.
ECOS solver failed:  The solver ECOS is not installed. 
Using SCS instead.
ECOS solver failed:  The solver ECOS is not installed. 
Using SCS instead.
ECOS solver failed:  The solver ECOS is not installed. 
Using SCS instead.
ECOS solver failed:  The solver ECOS is not installed. 
Using SCS instead.
M-step Design Matrix Calculation time (sec): 0.0227
ECOS solver failed in IPCW_HAL_init, falling back to SCS: The solver ECOS is not installed.
WARNING - large complementary slackness residual: 0.011116
M-step CVXPY optimize time (sec): 2.1937
ECOS solver failed:  The solver ECOS is not installed. 
Using SCS instead.
ECOS solver failed:  The solver ECOS is not installed. 
Using SCS instead.
ECOS solver failed:  The solver ECOS is not installed. 
Using SCS instead.
ECOS solver failed:  The solver ECOS is not installed. 
Using SCS instead.
ECOS solver failed:  The solver ECOS is not installed. 
Using SCS instead.
ECOS solver failed:  The solver ECOS is not installed. 
Using SCS instead.
ECOS solver failed:  The solver ECOS is not installed. 
Using SCS instead.
ECOS solver failed:  The solver ECOS is not installed. 
Using SCS instead.
ECOS solver failed:  The solver ECOS is not installed. 
Using SCS instead.
ECOS solver failed:  The solver ECOS is not installed. 
Using SCS instead.
ECOS solver failed:  The solver ECOS is not installed. 
Using SCS instead.
ECOS solver failed:  The solver ECOS is not installed. 
Using SCS instead.
ECOS solver failed:  The solver ECOS is not installed. 
Using SCS instead.
ECOS solver failed:  The solver ECOS is not installed. 
Using SCS instead.
ECOS solver failed:  The solver ECOS is not installed. 
Using SCS instead.
ECOS solver failed:  The solver ECOS is not installed. 
Using SCS instead.
ECOS solver failed:  The solver ECOS is not installed. 
Using SCS instead.
ECOS solver failed:  The solver ECOS is not installed. 
Using SCS instead.
ECOS solver failed:  The solver ECOS is not installed. 
Using SCS instead.
ECOS solver failed:  The solver ECOS is not installed. 
Using SCS instead.
ECOS solver failed:  The solver ECOS is not installed. 
Using SCS instead.
M-step Design Matrix Calculation time (sec): 0.0283
ECOS solver failed in IPCW_HAL_init, falling back to SCS: The solver ECOS is not installed.
M-step CVXPY optimize time (sec): 1.0184
ECOS solver failed:  The solver ECOS is not installed. 
Using SCS instead.
ECOS solver failed:  The solver ECOS is not installed. 
Using SCS instead.
ECOS solver failed:  The solver ECOS is not installed. 
Using SCS instead.
ECOS solver failed:  The solver ECOS is not installed. 
Using SCS instead.
ECOS solver failed:  The solver ECOS is not installed. 
Using SCS instead.
ECOS solver failed:  The solver ECOS is not installed. 
Using SCS instead.
ECOS solver failed:  The solver ECOS is not installed. 
Using SCS instead.
ECOS solver failed:  The solver ECOS is not installed. 
Using SCS instead.
ECOS solver failed:  The solver ECOS is not installed. 
Using SCS instead.
ECOS solver failed:  The solver ECOS is not installed. 
Using SCS instead.
ECOS solver failed:  The solver ECOS is not installed. 
Using SCS instead.
ECOS solver failed:  The solver ECOS is not installed. 
Using SCS instead.
ECOS solver failed:  The solver ECOS is not installed. 
Using SCS instead.
ECOS solver failed:  The solver ECOS is not installed. 
Using SCS instead.
ECOS solver failed:  The solver ECOS is not installed. 
Using SCS instead.
ECOS solver failed:  The solver ECOS is not installed. 
Using SCS instead.
ECOS solver failed:  The solver ECOS is not installed. 
Using SCS instead.
ECOS solver failed:  The solver ECOS is not installed. 
Using SCS instead.
ECOS solver failed:  The solver ECOS is not installed. 
Using SCS instead.
ECOS solver failed:  The solver ECOS is not installed. 
Using SCS instead.
ECOS solver failed:  The solver ECOS is not installed. 
Using SCS instead.
M-step Design Matrix Calculation time (sec): 0.0189
ECOS solver failed in IPCW_HAL_init, falling back to SCS: The solver ECOS is not installed.
M-step CVXPY optimize time (sec): 1.0015
ECOS solver failed:  The solver ECOS is not installed. 
Using SCS instead.
ECOS solver failed:  The solver ECOS is not installed. 
Using SCS instead.
ECOS solver failed:  The solver ECOS is not installed. 
Using SCS instead.
ECOS solver failed:  The solver ECOS is not installed. 
Using SCS instead.
ECOS solver failed:  The solver ECOS is not installed. 
Using SCS instead.
ECOS solver failed:  The solver ECOS is not installed. 
Using SCS instead.
ECOS solver failed:  The solver ECOS is not installed. 
Using SCS instead.
ECOS solver failed:  The solver ECOS is not installed. 
Using SCS instead.
ECOS solver failed:  The solver ECOS is not installed. 
Using SCS instead.
ECOS solver failed:  The solver ECOS is not installed. 
Using SCS instead.
ECOS solver failed:  The solver ECOS is not installed. 
Using SCS instead.
ECOS solver failed:  The solver ECOS is not installed. 
Using SCS instead.
ECOS solver failed:  The solver ECOS is not installed. 
Using SCS instead.
ECOS solver failed:  The solver ECOS is not installed. 
Using SCS instead.
ECOS solver failed:  The solver ECOS is not installed. 
Using SCS instead.
ECOS solver failed:  The solver ECOS is not installed. 
Using SCS instead.
ECOS solver failed:  The solver ECOS is not installed. 
Using SCS instead.
ECOS solver failed:  The solver ECOS is not installed. 
Using SCS instead.
ECOS solver failed:  The solver ECOS is not installed. 
Using SCS instead.
ECOS solver failed:  The solver ECOS is not installed. 
Using SCS instead.
ECOS solver failed:  The solver ECOS is not installed. 
Using SCS instead.
M-step Design Matrix Calculation time (sec): 0.0170
ECOS solver failed in IPCW_HAL_init, falling back to SCS: The solver ECOS is not installed.
WARNING - large complementary slackness residual: 0.021535
M-step CVXPY optimize time (sec): 1.5578
ECOS solver failed:  The solver ECOS is not installed. 
Using SCS instead.
ECOS solver failed:  The solver ECOS is not installed. 
Using SCS instead.
ECOS solver failed:  The solver ECOS is not installed. 
Using SCS instead.
ECOS solver failed:  The solver ECOS is not installed. 
Using SCS instead.
ECOS solver failed:  The solver ECOS is not installed. 
Using SCS instead.
ECOS solver failed:  The solver ECOS is not installed. 
Using SCS instead.
ECOS solver failed:  The solver ECOS is not installed. 
Using SCS instead.
ECOS solver failed:  The solver ECOS is not installed. 
Using SCS instead.
ECOS solver failed:  The solver ECOS is not installed. 
Using SCS instead.
ECOS solver failed:  The solver ECOS is not installed. 
Using SCS instead.
ECOS solver failed:  The solver ECOS is not installed. 
Using SCS instead.
ECOS solver failed:  The solver ECOS is not installed. 
Using SCS instead.
ECOS solver failed:  The solver ECOS is not installed. 
Using SCS instead.
ECOS solver failed:  The solver ECOS is not installed. 
Using SCS instead.
ECOS solver failed:  The solver ECOS is not installed. 
Using SCS instead.
ECOS solver failed:  The solver ECOS is not installed. 
Using SCS instead.
ECOS solver failed:  The solver ECOS is not installed. 
Using SCS instead.
ECOS solver failed:  The solver ECOS is not installed. 
Using SCS instead.
ECOS solver failed:  The solver ECOS is not installed. 
Using SCS instead.
ECOS solver failed:  The solver ECOS is not installed. 
Using SCS instead.
ECOS solver failed:  The solver ECOS is not installed. 
Using SCS instead.
M-step Design Matrix Calculation time (sec): 0.0712
ECOS solver failed in IPCW_HAL_init, falling back to SCS: The solver ECOS is not installed.
WARNING - large complementary slackness residual: 0.008056
M-step CVXPY optimize time (sec): 2.6395
ECOS solver failed:  The solver ECOS is not installed. 
Using SCS instead.
ECOS solver failed:  The solver ECOS is not installed. 
Using SCS instead.
ECOS solver failed:  The solver ECOS is not installed. 
Using SCS instead.
ECOS solver failed:  The solver ECOS is not installed. 
Using SCS instead.
ECOS solver failed:  The solver ECOS is not installed. 
Using SCS instead.
ECOS solver failed:  The solver ECOS is not installed. 
Using SCS instead.
ECOS solver failed:  The solver ECOS is not installed. 
Using SCS instead.
ECOS solver failed:  The solver ECOS is not installed. 
Using SCS instead.
ECOS solver failed:  The solver ECOS is not installed. 
Using SCS instead.
ECOS solver failed:  The solver ECOS is not installed. 
Using SCS instead.
ECOS solver failed:  The solver ECOS is not installed. 
Using SCS instead.
ECOS solver failed:  The solver ECOS is not installed. 
Using SCS instead.
ECOS solver failed:  The solver ECOS is not installed. 
Using SCS instead.
ECOS solver failed:  The solver ECOS is not installed. 
Using SCS instead.
ECOS solver failed:  The solver ECOS is not installed. 
Using SCS instead.
ECOS solver failed:  The solver ECOS is not installed. 
Using SCS instead.
ECOS solver failed:  The solver ECOS is not installed. 
Using SCS instead.
ECOS solver failed:  The solver ECOS is not installed. 
Using SCS instead.
ECOS solver failed:  The solver ECOS is not installed. 
Using SCS instead.
ECOS solver failed:  The solver ECOS is not installed. 
Using SCS instead.
ECOS solver failed:  The solver ECOS is not installed. 
Using SCS instead.
M-step Design Matrix Calculation time (sec): 0.0218
ECOS solver failed in IPCW_HAL_init, falling back to SCS: The solver ECOS is not installed.
M-step CVXPY optimize time (sec): 0.7492
ECOS solver failed:  The solver ECOS is not installed. 
Using SCS instead.
ECOS solver failed:  The solver ECOS is not installed. 
Using SCS instead.
ECOS solver failed:  The solver ECOS is not installed. 
Using SCS instead.
ECOS solver failed:  The solver ECOS is not installed. 
Using SCS instead.
ECOS solver failed:  The solver ECOS is not installed. 
Using SCS instead.
ECOS solver failed:  The solver ECOS is not installed. 
Using SCS instead.
ECOS solver failed:  The solver ECOS is not installed. 
Using SCS instead.
ECOS solver failed:  The solver ECOS is not installed. 
Using SCS instead.
ECOS solver failed:  The solver ECOS is not installed. 
Using SCS instead.
ECOS solver failed:  The solver ECOS is not installed. 
Using SCS instead.
ECOS solver failed:  The solver ECOS is not installed. 
Using SCS instead.
ECOS solver failed:  The solver ECOS is not installed. 
Using SCS instead.
ECOS solver failed:  The solver ECOS is not installed. 
Using SCS instead.
ECOS solver failed:  The solver ECOS is not installed. 
Using SCS instead.
ECOS solver failed:  The solver ECOS is not installed. 
Using SCS instead.
ECOS solver failed:  The solver ECOS is not installed. 
Using SCS instead.
ECOS solver failed:  The solver ECOS is not installed. 
Using SCS instead.
ECOS solver failed:  The solver ECOS is not installed. 
Using SCS instead.
ECOS solver failed:  The solver ECOS is not installed. 
Using SCS instead.
ECOS solver failed:  The solver ECOS is not installed. 
Using SCS instead.
ECOS solver failed:  The solver ECOS is not installed. 
Using SCS instead.
M-step Design Matrix Calculation time (sec): 0.1331
ECOS solver failed in IPCW_HAL_init, falling back to SCS: The solver ECOS is not installed.
WARNING - large complementary slackness residual: 0.003768
M-step CVXPY optimize time (sec): 2.0888
ECOS solver failed:  The solver ECOS is not installed. 
Using SCS instead.
ECOS solver failed:  The solver ECOS is not installed. 
Using SCS instead.
ECOS solver failed:  The solver ECOS is not installed. 
Using SCS instead.
ECOS solver failed:  The solver ECOS is not installed. 
Using SCS instead.
ECOS solver failed:  The solver ECOS is not installed. 
Using SCS instead.
ECOS solver failed:  The solver ECOS is not installed. 
Using SCS instead.
ECOS solver failed:  The solver ECOS is not installed. 
Using SCS instead.
ECOS solver failed:  The solver ECOS is not installed. 
Using SCS instead.
ECOS solver failed:  The solver ECOS is not installed. 
Using SCS instead.
ECOS solver failed:  The solver ECOS is not installed. 
Using SCS instead.
ECOS solver failed:  The solver ECOS is not installed. 
Using SCS instead.
ECOS solver failed:  The solver ECOS is not installed. 
Using SCS instead.
ECOS solver failed:  The solver ECOS is not installed. 
Using SCS instead.
ECOS solver failed:  The solver ECOS is not installed. 
Using SCS instead.
ECOS solver failed:  The solver ECOS is not installed. 
Using SCS instead.
ECOS solver failed:  The solver ECOS is not installed. 
Using SCS instead.
ECOS solver failed:  The solver ECOS is not installed. 
Using SCS instead.
ECOS solver failed:  The solver ECOS is not installed. 
Using SCS instead.
ECOS solver failed:  The solver ECOS is not installed. 
Using SCS instead.
ECOS solver failed:  The solver ECOS is not installed. 
Using SCS instead.
ECOS solver failed:  The solver ECOS is not installed. 
Using SCS instead.
M-step Design Matrix Calculation time (sec): 0.0182
ECOS solver failed in IPCW_HAL_init, falling back to SCS: The solver ECOS is not installed.
WARNING - large complementary slackness residual: 0.005467
M-step CVXPY optimize time (sec): 3.5485
ECOS solver failed:  The solver ECOS is not installed. 
Using SCS instead.
ECOS solver failed:  The solver ECOS is not installed. 
Using SCS instead.
ECOS solver failed:  The solver ECOS is not installed. 
Using SCS instead.
ECOS solver failed:  The solver ECOS is not installed. 
Using SCS instead.
ECOS solver failed:  The solver ECOS is not installed. 
Using SCS instead.
ECOS solver failed:  The solver ECOS is not installed. 
Using SCS instead.
ECOS solver failed:  The solver ECOS is not installed. 
Using SCS instead.
ECOS solver failed:  The solver ECOS is not installed. 
Using SCS instead.
ECOS solver failed:  The solver ECOS is not installed. 
Using SCS instead.
ECOS solver failed:  The solver ECOS is not installed. 
Using SCS instead.
ECOS solver failed:  The solver ECOS is not installed. 
Using SCS instead.
ECOS solver failed:  The solver ECOS is not installed. 
Using SCS instead.
ECOS solver failed:  The solver ECOS is not installed. 
Using SCS instead.
ECOS solver failed:  The solver ECOS is not installed. 
Using SCS instead.
ECOS solver failed:  The solver ECOS is not installed. 
Using SCS instead.
ECOS solver failed:  The solver ECOS is not installed. 
Using SCS instead.
ECOS solver failed:  The solver ECOS is not installed. 
Using SCS instead.
ECOS solver failed:  The solver ECOS is not installed. 
Using SCS instead.
ECOS solver failed:  The solver ECOS is not installed. 
Using SCS instead.
ECOS solver failed:  The solver ECOS is not installed. 
Using SCS instead.
ECOS solver failed:  The solver ECOS is not installed. 
Using SCS instead.
M-step Design Matrix Calculation time (sec): 0.0602
ECOS solver failed in IPCW_HAL_init, falling back to SCS: The solver ECOS is not installed.
M-step CVXPY optimize time (sec): 1.0217
ECOS solver failed:  The solver ECOS is not installed. 
Using SCS instead.
ECOS solver failed:  The solver ECOS is not installed. 
Using SCS instead.
ECOS solver failed:  The solver ECOS is not installed. 
Using SCS instead.
ECOS solver failed:  The solver ECOS is not installed. 
Using SCS instead.
ECOS solver failed:  The solver ECOS is not installed. 
Using SCS instead.
ECOS solver failed:  The solver ECOS is not installed. 
Using SCS instead.
ECOS solver failed:  The solver ECOS is not installed. 
Using SCS instead.
ECOS solver failed:  The solver ECOS is not installed. 
Using SCS instead.
ECOS solver failed:  The solver ECOS is not installed. 
Using SCS instead.
ECOS solver failed:  The solver ECOS is not installed. 
Using SCS instead.
ECOS solver failed:  The solver ECOS is not installed. 
Using SCS instead.
ECOS solver failed:  The solver ECOS is not installed. 
Using SCS instead.
ECOS solver failed:  The solver ECOS is not installed. 
Using SCS instead.
ECOS solver failed:  The solver ECOS is not installed. 
Using SCS instead.
ECOS solver failed:  The solver ECOS is not installed. 
Using SCS instead.
ECOS solver failed:  The solver ECOS is not installed. 
Using SCS instead.
ECOS solver failed:  The solver ECOS is not installed. 
Using SCS instead.
ECOS solver failed:  The solver ECOS is not installed. 
Using SCS instead.
ECOS solver failed:  The solver ECOS is not installed. 
Using SCS instead.
ECOS solver failed:  The solver ECOS is not installed. 
Using SCS instead.
ECOS solver failed:  The solver ECOS is not installed. 
Using SCS instead.
M-step Design Matrix Calculation time (sec): 0.1113
ECOS solver failed in IPCW_HAL_init, falling back to SCS: The solver ECOS is not installed.
WARNING - large complementary slackness residual: 0.005735
M-step CVXPY optimize time (sec): 2.9349
ECOS solver failed:  The solver ECOS is not installed. 
Using SCS instead.
ECOS solver failed:  The solver ECOS is not installed. 
Using SCS instead.
ECOS solver failed:  The solver ECOS is not installed. 
Using SCS instead.
ECOS solver failed:  The solver ECOS is not installed. 
Using SCS instead.
ECOS solver failed:  The solver ECOS is not installed. 
Using SCS instead.
ECOS solver failed:  The solver ECOS is not installed. 
Using SCS instead.
ECOS solver failed:  The solver ECOS is not installed. 
Using SCS instead.
ECOS solver failed:  The solver ECOS is not installed. 
Using SCS instead.
ECOS solver failed:  The solver ECOS is not installed. 
Using SCS instead.
ECOS solver failed:  The solver ECOS is not installed. 
Using SCS instead.
ECOS solver failed:  The solver ECOS is not installed. 
Using SCS instead.
ECOS solver failed:  The solver ECOS is not installed. 
Using SCS instead.
ECOS solver failed:  The solver ECOS is not installed. 
Using SCS instead.
ECOS solver failed:  The solver ECOS is not installed. 
Using SCS instead.
ECOS solver failed:  The solver ECOS is not installed. 
Using SCS instead.
ECOS solver failed:  The solver ECOS is not installed. 
Using SCS instead.
ECOS solver failed:  The solver ECOS is not installed. 
Using SCS instead.
ECOS solver failed:  The solver ECOS is not installed. 
Using SCS instead.
ECOS solver failed:  The solver ECOS is not installed. 
Using SCS instead.
ECOS solver failed:  The solver ECOS is not installed. 
Using SCS instead.
ECOS solver failed:  The solver ECOS is not installed. 
Using SCS instead.
M-step Design Matrix Calculation time (sec): 0.0202
ECOS solver failed in IPCW_HAL_init, falling back to SCS: The solver ECOS is not installed.
M-step CVXPY optimize time (sec): 1.5820
ECOS solver failed:  The solver ECOS is not installed. 
Using SCS instead.
ECOS solver failed:  The solver ECOS is not installed. 
Using SCS instead.
ECOS solver failed:  The solver ECOS is not installed. 
Using SCS instead.
ECOS solver failed:  The solver ECOS is not installed. 
Using SCS instead.
ECOS solver failed:  The solver ECOS is not installed. 
Using SCS instead.
ECOS solver failed:  The solver ECOS is not installed. 
Using SCS instead.
ECOS solver failed:  The solver ECOS is not installed. 
Using SCS instead.
ECOS solver failed:  The solver ECOS is not installed. 
Using SCS instead.
ECOS solver failed:  The solver ECOS is not installed. 
Using SCS instead.
ECOS solver failed:  The solver ECOS is not installed. 
Using SCS instead.
ECOS solver failed:  The solver ECOS is not installed. 
Using SCS instead.
ECOS solver failed:  The solver ECOS is not installed. 
Using SCS instead.
ECOS solver failed:  The solver ECOS is not installed. 
Using SCS instead.
ECOS solver failed:  The solver ECOS is not installed. 
Using SCS instead.
ECOS solver failed:  The solver ECOS is not installed. 
Using SCS instead.
ECOS solver failed:  The solver ECOS is not installed. 
Using SCS instead.
ECOS solver failed:  The solver ECOS is not installed. 
Using SCS instead.
ECOS solver failed:  The solver ECOS is not installed. 
Using SCS instead.
ECOS solver failed:  The solver ECOS is not installed. 
Using SCS instead.
ECOS solver failed:  The solver ECOS is not installed. 
Using SCS instead.
ECOS solver failed:  The solver ECOS is not installed. 
Using SCS instead.
M-step Design Matrix Calculation time (sec): 0.0300
ECOS solver failed in IPCW_HAL_init, falling back to SCS: The solver ECOS is not installed.
M-step CVXPY optimize time (sec): 0.7073
ECOS solver failed:  The solver ECOS is not installed. 
Using SCS instead.
ECOS solver failed:  The solver ECOS is not installed. 
Using SCS instead.
ECOS solver failed:  The solver ECOS is not installed. 
Using SCS instead.
ECOS solver failed:  The solver ECOS is not installed. 
Using SCS instead.
ECOS solver failed:  The solver ECOS is not installed. 
Using SCS instead.
ECOS solver failed:  The solver ECOS is not installed. 
Using SCS instead.
ECOS solver failed:  The solver ECOS is not installed. 
Using SCS instead.
ECOS solver failed:  The solver ECOS is not installed. 
Using SCS instead.
ECOS solver failed:  The solver ECOS is not installed. 
Using SCS instead.
ECOS solver failed:  The solver ECOS is not installed. 
Using SCS instead.
ECOS solver failed:  The solver ECOS is not installed. 
Using SCS instead.
ECOS solver failed:  The solver ECOS is not installed. 
Using SCS instead.
ECOS solver failed:  The solver ECOS is not installed. 
Using SCS instead.
ECOS solver failed:  The solver ECOS is not installed. 
Using SCS instead.
ECOS solver failed:  The solver ECOS is not installed. 
Using SCS instead.
ECOS solver failed:  The solver ECOS is not installed. 
Using SCS instead.
ECOS solver failed:  The solver ECOS is not installed. 
Using SCS instead.
ECOS solver failed:  The solver ECOS is not installed. 
Using SCS instead.
ECOS solver failed:  The solver ECOS is not installed. 
Using SCS instead.
ECOS solver failed:  The solver ECOS is not installed. 
Using SCS instead.
ECOS solver failed:  The solver ECOS is not installed. 
Using SCS instead.
M-step Design Matrix Calculation time (sec): 0.0192
ECOS solver failed in IPCW_HAL_init, falling back to SCS: The solver ECOS is not installed.
M-step CVXPY optimize time (sec): 1.3509
ECOS solver failed:  The solver ECOS is not installed. 
Using SCS instead.
ECOS solver failed:  The solver ECOS is not installed. 
Using SCS instead.
ECOS solver failed:  The solver ECOS is not installed. 
Using SCS instead.
ECOS solver failed:  The solver ECOS is not installed. 
Using SCS instead.
ECOS solver failed:  The solver ECOS is not installed. 
Using SCS instead.
ECOS solver failed:  The solver ECOS is not installed. 
Using SCS instead.
ECOS solver failed:  The solver ECOS is not installed. 
Using SCS instead.
ECOS solver failed:  The solver ECOS is not installed. 
Using SCS instead.
ECOS solver failed:  The solver ECOS is not installed. 
Using SCS instead.
ECOS solver failed:  The solver ECOS is not installed. 
Using SCS instead.
ECOS solver failed:  The solver ECOS is not installed. 
Using SCS instead.
ECOS solver failed:  The solver ECOS is not installed. 
Using SCS instead.
ECOS solver failed:  The solver ECOS is not installed. 
Using SCS instead.
ECOS solver failed:  The solver ECOS is not installed. 
Using SCS instead.
ECOS solver failed:  The solver ECOS is not installed. 
Using SCS instead.
ECOS solver failed:  The solver ECOS is not installed. 
Using SCS instead.
ECOS solver failed:  The solver ECOS is not installed. 
Using SCS instead.
ECOS solver failed:  The solver ECOS is not installed. 
Using SCS instead.
ECOS solver failed:  The solver ECOS is not installed. 
Using SCS instead.
ECOS solver failed:  The solver ECOS is not installed. 
Using SCS instead.
ECOS solver failed:  The solver ECOS is not installed. 
Using SCS instead.
M-step Design Matrix Calculation time (sec): 0.0236
ECOS solver failed in IPCW_HAL_init, falling back to SCS: The solver ECOS is not installed.
M-step CVXPY optimize time (sec): 0.8440
ECOS solver failed:  The solver ECOS is not installed. 
Using SCS instead.
ECOS solver failed:  The solver ECOS is not installed. 
Using SCS instead.
ECOS solver failed:  The solver ECOS is not installed. 
Using SCS instead.
ECOS solver failed:  The solver ECOS is not installed. 
Using SCS instead.
ECOS solver failed:  The solver ECOS is not installed. 
Using SCS instead.
ECOS solver failed:  The solver ECOS is not installed. 
Using SCS instead.
ECOS solver failed:  The solver ECOS is not installed. 
Using SCS instead.
ECOS solver failed:  The solver ECOS is not installed. 
Using SCS instead.
ECOS solver failed:  The solver ECOS is not installed. 
Using SCS instead.
ECOS solver failed:  The solver ECOS is not installed. 
Using SCS instead.
ECOS solver failed:  The solver ECOS is not installed. 
Using SCS instead.
ECOS solver failed:  The solver ECOS is not installed. 
Using SCS instead.
ECOS solver failed:  The solver ECOS is not installed. 
Using SCS instead.
ECOS solver failed:  The solver ECOS is not installed. 
Using SCS instead.
ECOS solver failed:  The solver ECOS is not installed. 
Using SCS instead.
ECOS solver failed:  The solver ECOS is not installed. 
Using SCS instead.
ECOS solver failed:  The solver ECOS is not installed. 
Using SCS instead.
ECOS solver failed:  The solver ECOS is not installed. 
Using SCS instead.
ECOS solver failed:  The solver ECOS is not installed. 
Using SCS instead.
ECOS solver failed:  The solver ECOS is not installed. 
Using SCS instead.
ECOS solver failed:  The solver ECOS is not installed. 
Using SCS instead.
M-step Design Matrix Calculation time (sec): 0.0195
ECOS solver failed in IPCW_HAL_init, falling back to SCS: The solver ECOS is not installed.
WARNING - large complementary slackness residual: 0.006263
M-step CVXPY optimize time (sec): 1.5457
ECOS solver failed:  The solver ECOS is not installed. 
Using SCS instead.
ECOS solver failed:  The solver ECOS is not installed. 
Using SCS instead.
ECOS solver failed:  The solver ECOS is not installed. 
Using SCS instead.
ECOS solver failed:  The solver ECOS is not installed. 
Using SCS instead.
ECOS solver failed:  The solver ECOS is not installed. 
Using SCS instead.
ECOS solver failed:  The solver ECOS is not installed. 
Using SCS instead.
ECOS solver failed:  The solver ECOS is not installed. 
Using SCS instead.
ECOS solver failed:  The solver ECOS is not installed. 
Using SCS instead.
ECOS solver failed:  The solver ECOS is not installed. 
Using SCS instead.
ECOS solver failed:  The solver ECOS is not installed. 
Using SCS instead.
ECOS solver failed:  The solver ECOS is not installed. 
Using SCS instead.
ECOS solver failed:  The solver ECOS is not installed. 
Using SCS instead.
ECOS solver failed:  The solver ECOS is not installed. 
Using SCS instead.
ECOS solver failed:  The solver ECOS is not installed. 
Using SCS instead.
ECOS solver failed:  The solver ECOS is not installed. 
Using SCS instead.
ECOS solver failed:  The solver ECOS is not installed. 
Using SCS instead.
ECOS solver failed:  The solver ECOS is not installed. 
Using SCS instead.
ECOS solver failed:  The solver ECOS is not installed. 
Using SCS instead.
ECOS solver failed:  The solver ECOS is not installed. 
Using SCS instead.
ECOS solver failed:  The solver ECOS is not installed. 
Using SCS instead.
ECOS solver failed:  The solver ECOS is not installed. 
Using SCS instead.
M-step Design Matrix Calculation time (sec): 0.0577
ECOS solver failed in IPCW_HAL_init, falling back to SCS: The solver ECOS is not installed.
WARNING - large complementary slackness residual: 0.017634
M-step CVXPY optimize time (sec): 6.0563
ECOS solver failed:  The solver ECOS is not installed. 
Using SCS instead.
ECOS solver failed:  The solver ECOS is not installed. 
Using SCS instead.
ECOS solver failed:  The solver ECOS is not installed. 
Using SCS instead.
ECOS solver failed:  The solver ECOS is not installed. 
Using SCS instead.
ECOS solver failed:  The solver ECOS is not installed. 
Using SCS instead.
ECOS solver failed:  The solver ECOS is not installed. 
Using SCS instead.
ECOS solver failed:  The solver ECOS is not installed. 
Using SCS instead.
ECOS solver failed:  The solver ECOS is not installed. 
Using SCS instead.
ECOS solver failed:  The solver ECOS is not installed. 
Using SCS instead.
ECOS solver failed:  The solver ECOS is not installed. 
Using SCS instead.
ECOS solver failed:  The solver ECOS is not installed. 
Using SCS instead.
ECOS solver failed:  The solver ECOS is not installed. 
Using SCS instead.
ECOS solver failed:  The solver ECOS is not installed. 
Using SCS instead.
ECOS solver failed:  The solver ECOS is not installed. 
Using SCS instead.
ECOS solver failed:  The solver ECOS is not installed. 
Using SCS instead.
ECOS solver failed:  The solver ECOS is not installed. 
Using SCS instead.
ECOS solver failed:  The solver ECOS is not installed. 
Using SCS instead.
ECOS solver failed:  The solver ECOS is not installed. 
Using SCS instead.
ECOS solver failed:  The solver ECOS is not installed. 
Using SCS instead.
ECOS solver failed:  The solver ECOS is not installed. 
Using SCS instead.
ECOS solver failed:  The solver ECOS is not installed. 
Using SCS instead.
M-step Design Matrix Calculation time (sec): 0.0612
ECOS solver failed in IPCW_HAL_init, falling back to SCS: The solver ECOS is not installed.
WARNING - large complementary slackness residual: 0.015847
M-step CVXPY optimize time (sec): 5.0527
ECOS solver failed:  The solver ECOS is not installed. 
Using SCS instead.
ECOS solver failed:  The solver ECOS is not installed. 
Using SCS instead.
ECOS solver failed:  The solver ECOS is not installed. 
Using SCS instead.
ECOS solver failed:  The solver ECOS is not installed. 
Using SCS instead.
ECOS solver failed:  The solver ECOS is not installed. 
Using SCS instead.
ECOS solver failed:  The solver ECOS is not installed. 
Using SCS instead.
ECOS solver failed:  The solver ECOS is not installed. 
Using SCS instead.
ECOS solver failed:  The solver ECOS is not installed. 
Using SCS instead.
ECOS solver failed:  The solver ECOS is not installed. 
Using SCS instead.
ECOS solver failed:  The solver ECOS is not installed. 
Using SCS instead.
ECOS solver failed:  The solver ECOS is not installed. 
Using SCS instead.
ECOS solver failed:  The solver ECOS is not installed. 
Using SCS instead.
ECOS solver failed:  The solver ECOS is not installed. 
Using SCS instead.
ECOS solver failed:  The solver ECOS is not installed. 
Using SCS instead.
ECOS solver failed:  The solver ECOS is not installed. 
Using SCS instead.
ECOS solver failed:  The solver ECOS is not installed. 
Using SCS instead.
ECOS solver failed:  The solver ECOS is not installed. 
Using SCS instead.
ECOS solver failed:  The solver ECOS is not installed. 
Using SCS instead.
ECOS solver failed:  The solver ECOS is not installed. 
Using SCS instead.
ECOS solver failed:  The solver ECOS is not installed. 
Using SCS instead.
ECOS solver failed:  The solver ECOS is not installed. 
Using SCS instead.
M-step Design Matrix Calculation time (sec): 0.0872
ECOS solver failed in IPCW_HAL_init, falling back to SCS: The solver ECOS is not installed.
M-step CVXPY optimize time (sec): 1.4647
ECOS solver failed:  The solver ECOS is not installed. 
Using SCS instead.
ECOS solver failed:  The solver ECOS is not installed. 
Using SCS instead.
ECOS solver failed:  The solver ECOS is not installed. 
Using SCS instead.
ECOS solver failed:  The solver ECOS is not installed. 
Using SCS instead.
ECOS solver failed:  The solver ECOS is not installed. 
Using SCS instead.
ECOS solver failed:  The solver ECOS is not installed. 
Using SCS instead.
ECOS solver failed:  The solver ECOS is not installed. 
Using SCS instead.
ECOS solver failed:  The solver ECOS is not installed. 
Using SCS instead.
ECOS solver failed:  The solver ECOS is not installed. 
Using SCS instead.
ECOS solver failed:  The solver ECOS is not installed. 
Using SCS instead.
ECOS solver failed:  The solver ECOS is not installed. 
Using SCS instead.
ECOS solver failed:  The solver ECOS is not installed. 
Using SCS instead.
ECOS solver failed:  The solver ECOS is not installed. 
Using SCS instead.
ECOS solver failed:  The solver ECOS is not installed. 
Using SCS instead.
ECOS solver failed:  The solver ECOS is not installed. 
Using SCS instead.
ECOS solver failed:  The solver ECOS is not installed. 
Using SCS instead.
ECOS solver failed:  The solver ECOS is not installed. 
Using SCS instead.
ECOS solver failed:  The solver ECOS is not installed. 
Using SCS instead.
ECOS solver failed:  The solver ECOS is not installed. 
Using SCS instead.
ECOS solver failed:  The solver ECOS is not installed. 
Using SCS instead.
ECOS solver failed:  The solver ECOS is not installed. 
Using SCS instead.
M-step Design Matrix Calculation time (sec): 0.0662
ECOS solver failed in IPCW_HAL_init, falling back to SCS: The solver ECOS is not installed.
M-step CVXPY optimize time (sec): 0.7505
ECOS solver failed:  The solver ECOS is not installed. 
Using SCS instead.
ECOS solver failed:  The solver ECOS is not installed. 
Using SCS instead.
ECOS solver failed:  The solver ECOS is not installed. 
Using SCS instead.
ECOS solver failed:  The solver ECOS is not installed. 
Using SCS instead.
ECOS solver failed:  The solver ECOS is not installed. 
Using SCS instead.
ECOS solver failed:  The solver ECOS is not installed. 
Using SCS instead.
ECOS solver failed:  The solver ECOS is not installed. 
Using SCS instead.
ECOS solver failed:  The solver ECOS is not installed. 
Using SCS instead.
ECOS solver failed:  The solver ECOS is not installed. 
Using SCS instead.
ECOS solver failed:  The solver ECOS is not installed. 
Using SCS instead.
ECOS solver failed:  The solver ECOS is not installed. 
Using SCS instead.
ECOS solver failed:  The solver ECOS is not installed. 
Using SCS instead.
ECOS solver failed:  The solver ECOS is not installed. 
Using SCS instead.
ECOS solver failed:  The solver ECOS is not installed. 
Using SCS instead.
ECOS solver failed:  The solver ECOS is not installed. 
Using SCS instead.
ECOS solver failed:  The solver ECOS is not installed. 
Using SCS instead.
ECOS solver failed:  The solver ECOS is not installed. 
Using SCS instead.
ECOS solver failed:  The solver ECOS is not installed. 
Using SCS instead.
ECOS solver failed:  The solver ECOS is not installed. 
Using SCS instead.
ECOS solver failed:  The solver ECOS is not installed. 
Using SCS instead.
ECOS solver failed:  The solver ECOS is not installed. 
Using SCS instead.
M-step Design Matrix Calculation time (sec): 0.0449
ECOS solver failed in IPCW_HAL_init, falling back to SCS: The solver ECOS is not installed.
WARNING - large complementary slackness residual: 0.007078
M-step CVXPY optimize time (sec): 1.2032
ECOS solver failed:  The solver ECOS is not installed. 
Using SCS instead.
ECOS solver failed:  The solver ECOS is not installed. 
Using SCS instead.
ECOS solver failed:  The solver ECOS is not installed. 
Using SCS instead.
ECOS solver failed:  The solver ECOS is not installed. 
Using SCS instead.
ECOS solver failed:  The solver ECOS is not installed. 
Using SCS instead.
ECOS solver failed:  The solver ECOS is not installed. 
Using SCS instead.
ECOS solver failed:  The solver ECOS is not installed. 
Using SCS instead.
ECOS solver failed:  The solver ECOS is not installed. 
Using SCS instead.
ECOS solver failed:  The solver ECOS is not installed. 
Using SCS instead.
ECOS solver failed:  The solver ECOS is not installed. 
Using SCS instead.
ECOS solver failed:  The solver ECOS is not installed. 
Using SCS instead.
ECOS solver failed:  The solver ECOS is not installed. 
Using SCS instead.
ECOS solver failed:  The solver ECOS is not installed. 
Using SCS instead.
ECOS solver failed:  The solver ECOS is not installed. 
Using SCS instead.
ECOS solver failed:  The solver ECOS is not installed. 
Using SCS instead.
ECOS solver failed:  The solver ECOS is not installed. 
Using SCS instead.
ECOS solver failed:  The solver ECOS is not installed. 
Using SCS instead.
ECOS solver failed:  The solver ECOS is not installed. 
Using SCS instead.
ECOS solver failed:  The solver ECOS is not installed. 
Using SCS instead.
ECOS solver failed:  The solver ECOS is not installed. 
Using SCS instead.
ECOS solver failed:  The solver ECOS is not installed. 
Using SCS instead.
M-step Design Matrix Calculation time (sec): 0.0182
ECOS solver failed in IPCW_HAL_init, falling back to SCS: The solver ECOS is not installed.
WARNING - large complementary slackness residual: 0.005229
M-step CVXPY optimize time (sec): 0.8067
ECOS solver failed:  The solver ECOS is not installed. 
Using SCS instead.
ECOS solver failed:  The solver ECOS is not installed. 
Using SCS instead.
ECOS solver failed:  The solver ECOS is not installed. 
Using SCS instead.
ECOS solver failed:  The solver ECOS is not installed. 
Using SCS instead.
ECOS solver failed:  The solver ECOS is not installed. 
Using SCS instead.
ECOS solver failed:  The solver ECOS is not installed. 
Using SCS instead.
ECOS solver failed:  The solver ECOS is not installed. 
Using SCS instead.
ECOS solver failed:  The solver ECOS is not installed. 
Using SCS instead.
ECOS solver failed:  The solver ECOS is not installed. 
Using SCS instead.
ECOS solver failed:  The solver ECOS is not installed. 
Using SCS instead.
ECOS solver failed:  The solver ECOS is not installed. 
Using SCS instead.
ECOS solver failed:  The solver ECOS is not installed. 
Using SCS instead.
ECOS solver failed:  The solver ECOS is not installed. 
Using SCS instead.
ECOS solver failed:  The solver ECOS is not installed. 
Using SCS instead.
ECOS solver failed:  The solver ECOS is not installed. 
Using SCS instead.
ECOS solver failed:  The solver ECOS is not installed. 
Using SCS instead.
ECOS solver failed:  The solver ECOS is not installed. 
Using SCS instead.
ECOS solver failed:  The solver ECOS is not installed. 
Using SCS instead.
ECOS solver failed:  The solver ECOS is not installed. 
Using SCS instead.
ECOS solver failed:  The solver ECOS is not installed. 
Using SCS instead.
ECOS solver failed:  The solver ECOS is not installed. 
Using SCS instead.
M-step Design Matrix Calculation time (sec): 0.0874
ECOS solver failed in IPCW_HAL_init, falling back to SCS: The solver ECOS is not installed.
M-step CVXPY optimize time (sec): 0.7126
ECOS solver failed:  The solver ECOS is not installed. 
Using SCS instead.
ECOS solver failed:  The solver ECOS is not installed. 
Using SCS instead.
ECOS solver failed:  The solver ECOS is not installed. 
Using SCS instead.
ECOS solver failed:  The solver ECOS is not installed. 
Using SCS instead.
ECOS solver failed:  The solver ECOS is not installed. 
Using SCS instead.
ECOS solver failed:  The solver ECOS is not installed. 
Using SCS instead.
ECOS solver failed:  The solver ECOS is not installed. 
Using SCS instead.
ECOS solver failed:  The solver ECOS is not installed. 
Using SCS instead.
ECOS solver failed:  The solver ECOS is not installed. 
Using SCS instead.
ECOS solver failed:  The solver ECOS is not installed. 
Using SCS instead.
ECOS solver failed:  The solver ECOS is not installed. 
Using SCS instead.
ECOS solver failed:  The solver ECOS is not installed. 
Using SCS instead.
ECOS solver failed:  The solver ECOS is not installed. 
Using SCS instead.
ECOS solver failed:  The solver ECOS is not installed. 
Using SCS instead.
ECOS solver failed:  The solver ECOS is not installed. 
Using SCS instead.
ECOS solver failed:  The solver ECOS is not installed. 
Using SCS instead.
ECOS solver failed:  The solver ECOS is not installed. 
Using SCS instead.
ECOS solver failed:  The solver ECOS is not installed. 
Using SCS instead.
ECOS solver failed:  The solver ECOS is not installed. 
Using SCS instead.
ECOS solver failed:  The solver ECOS is not installed. 
Using SCS instead.
ECOS solver failed:  The solver ECOS is not installed. 
Using SCS instead.
M-step Design Matrix Calculation time (sec): 0.0330
ECOS solver failed in IPCW_HAL_init, falling back to SCS: The solver ECOS is not installed.
WARNING - large complementary slackness residual: 0.033590
M-step CVXPY optimize time (sec): 1.3401
ECOS solver failed:  The solver ECOS is not installed. 
Using SCS instead.
ECOS solver failed:  The solver ECOS is not installed. 
Using SCS instead.
ECOS solver failed:  The solver ECOS is not installed. 
Using SCS instead.
ECOS solver failed:  The solver ECOS is not installed. 
Using SCS instead.
ECOS solver failed:  The solver ECOS is not installed. 
Using SCS instead.
ECOS solver failed:  The solver ECOS is not installed. 
Using SCS instead.
ECOS solver failed:  The solver ECOS is not installed. 
Using SCS instead.
ECOS solver failed:  The solver ECOS is not installed. 
Using SCS instead.
ECOS solver failed:  The solver ECOS is not installed. 
Using SCS instead.
ECOS solver failed:  The solver ECOS is not installed. 
Using SCS instead.
ECOS solver failed:  The solver ECOS is not installed. 
Using SCS instead.
ECOS solver failed:  The solver ECOS is not installed. 
Using SCS instead.
ECOS solver failed:  The solver ECOS is not installed. 
Using SCS instead.
ECOS solver failed:  The solver ECOS is not installed. 
Using SCS instead.
ECOS solver failed:  The solver ECOS is not installed. 
Using SCS instead.
ECOS solver failed:  The solver ECOS is not installed. 
Using SCS instead.
ECOS solver failed:  The solver ECOS is not installed. 
Using SCS instead.
ECOS solver failed:  The solver ECOS is not installed. 
Using SCS instead.
ECOS solver failed:  The solver ECOS is not installed. 
Using SCS instead.
ECOS solver failed:  The solver ECOS is not installed. 
Using SCS instead.
ECOS solver failed:  The solver ECOS is not installed. 
Using SCS instead.
M-step Design Matrix Calculation time (sec): 0.0200
ECOS solver failed in IPCW_HAL_init, falling back to SCS: The solver ECOS is not installed.
M-step CVXPY optimize time (sec): 0.8101
ECOS solver failed:  The solver ECOS is not installed. 
Using SCS instead.
ECOS solver failed:  The solver ECOS is not installed. 
Using SCS instead.
ECOS solver failed:  The solver ECOS is not installed. 
Using SCS instead.
ECOS solver failed:  The solver ECOS is not installed. 
Using SCS instead.
ECOS solver failed:  The solver ECOS is not installed. 
Using SCS instead.
ECOS solver failed:  The solver ECOS is not installed. 
Using SCS instead.
ECOS solver failed:  The solver ECOS is not installed. 
Using SCS instead.
ECOS solver failed:  The solver ECOS is not installed. 
Using SCS instead.
ECOS solver failed:  The solver ECOS is not installed. 
Using SCS instead.
ECOS solver failed:  The solver ECOS is not installed. 
Using SCS instead.
ECOS solver failed:  The solver ECOS is not installed. 
Using SCS instead.
ECOS solver failed:  The solver ECOS is not installed. 
Using SCS instead.
ECOS solver failed:  The solver ECOS is not installed. 
Using SCS instead.
ECOS solver failed:  The solver ECOS is not installed. 
Using SCS instead.
ECOS solver failed:  The solver ECOS is not installed. 
Using SCS instead.
ECOS solver failed:  The solver ECOS is not installed. 
Using SCS instead.
ECOS solver failed:  The solver ECOS is not installed. 
Using SCS instead.
ECOS solver failed:  The solver ECOS is not installed. 
Using SCS instead.
ECOS solver failed:  The solver ECOS is not installed. 
Using SCS instead.
ECOS solver failed:  The solver ECOS is not installed. 
Using SCS instead.
ECOS solver failed:  The solver ECOS is not installed. 
Using SCS instead.
M-step Design Matrix Calculation time (sec): 0.0218
ECOS solver failed in IPCW_HAL_init, falling back to SCS: The solver ECOS is not installed.
WARNING - large complementary slackness residual: 0.022813
M-step CVXPY optimize time (sec): 1.5504
ECOS solver failed:  The solver ECOS is not installed. 
Using SCS instead.
ECOS solver failed:  The solver ECOS is not installed. 
Using SCS instead.
ECOS solver failed:  The solver ECOS is not installed. 
Using SCS instead.
ECOS solver failed:  The solver ECOS is not installed. 
Using SCS instead.
ECOS solver failed:  The solver ECOS is not installed. 
Using SCS instead.
ECOS solver failed:  The solver ECOS is not installed. 
Using SCS instead.
ECOS solver failed:  The solver ECOS is not installed. 
Using SCS instead.
ECOS solver failed:  The solver ECOS is not installed. 
Using SCS instead.
ECOS solver failed:  The solver ECOS is not installed. 
Using SCS instead.
ECOS solver failed:  The solver ECOS is not installed. 
Using SCS instead.
ECOS solver failed:  The solver ECOS is not installed. 
Using SCS instead.
ECOS solver failed:  The solver ECOS is not installed. 
Using SCS instead.
ECOS solver failed:  The solver ECOS is not installed. 
Using SCS instead.
ECOS solver failed:  The solver ECOS is not installed. 
Using SCS instead.
ECOS solver failed:  The solver ECOS is not installed. 
Using SCS instead.
ECOS solver failed:  The solver ECOS is not installed. 
Using SCS instead.
ECOS solver failed:  The solver ECOS is not installed. 
Using SCS instead.
ECOS solver failed:  The solver ECOS is not installed. 
Using SCS instead.
ECOS solver failed:  The solver ECOS is not installed. 
Using SCS instead.
ECOS solver failed:  The solver ECOS is not installed. 
Using SCS instead.
ECOS solver failed:  The solver ECOS is not installed. 
Using SCS instead.
M-step Design Matrix Calculation time (sec): 0.0192
ECOS solver failed in IPCW_HAL_init, falling back to SCS: The solver ECOS is not installed.
WARNING - large complementary slackness residual: 0.016226
M-step CVXPY optimize time (sec): 4.6849
ECOS solver failed:  The solver ECOS is not installed. 
Using SCS instead.
ECOS solver failed:  The solver ECOS is not installed. 
Using SCS instead.
ECOS solver failed:  The solver ECOS is not installed. 
Using SCS instead.
ECOS solver failed:  The solver ECOS is not installed. 
Using SCS instead.
ECOS solver failed:  The solver ECOS is not installed. 
Using SCS instead.
ECOS solver failed:  The solver ECOS is not installed. 
Using SCS instead.
ECOS solver failed:  The solver ECOS is not installed. 
Using SCS instead.
ECOS solver failed:  The solver ECOS is not installed. 
Using SCS instead.
ECOS solver failed:  The solver ECOS is not installed. 
Using SCS instead.
ECOS solver failed:  The solver ECOS is not installed. 
Using SCS instead.
ECOS solver failed:  The solver ECOS is not installed. 
Using SCS instead.
ECOS solver failed:  The solver ECOS is not installed. 
Using SCS instead.
ECOS solver failed:  The solver ECOS is not installed. 
Using SCS instead.
ECOS solver failed:  The solver ECOS is not installed. 
Using SCS instead.
ECOS solver failed:  The solver ECOS is not installed. 
Using SCS instead.
ECOS solver failed:  The solver ECOS is not installed. 
Using SCS instead.
ECOS solver failed:  The solver ECOS is not installed. 
Using SCS instead.
ECOS solver failed:  The solver ECOS is not installed. 
Using SCS instead.
ECOS solver failed:  The solver ECOS is not installed. 
Using SCS instead.
ECOS solver failed:  The solver ECOS is not installed. 
Using SCS instead.
ECOS solver failed:  The solver ECOS is not installed. 
Using SCS instead.
M-step Design Matrix Calculation time (sec): 0.2705
ECOS solver failed in IPCW_HAL_init, falling back to SCS: The solver ECOS is not installed.
WARNING - large complementary slackness residual: 0.013159
M-step CVXPY optimize time (sec): 4.4321
ECOS solver failed:  The solver ECOS is not installed. 
Using SCS instead.
ECOS solver failed:  The solver ECOS is not installed. 
Using SCS instead.
ECOS solver failed:  The solver ECOS is not installed. 
Using SCS instead.
ECOS solver failed:  The solver ECOS is not installed. 
Using SCS instead.
ECOS solver failed:  The solver ECOS is not installed. 
Using SCS instead.
ECOS solver failed:  The solver ECOS is not installed. 
Using SCS instead.
ECOS solver failed:  The solver ECOS is not installed. 
Using SCS instead.
ECOS solver failed:  The solver ECOS is not installed. 
Using SCS instead.
ECOS solver failed:  The solver ECOS is not installed. 
Using SCS instead.
ECOS solver failed:  The solver ECOS is not installed. 
Using SCS instead.
ECOS solver failed:  The solver ECOS is not installed. 
Using SCS instead.
ECOS solver failed:  The solver ECOS is not installed. 
Using SCS instead.
ECOS solver failed:  The solver ECOS is not installed. 
Using SCS instead.
ECOS solver failed:  The solver ECOS is not installed. 
Using SCS instead.
ECOS solver failed:  The solver ECOS is not installed. 
Using SCS instead.
ECOS solver failed:  The solver ECOS is not installed. 
Using SCS instead.
ECOS solver failed:  The solver ECOS is not installed. 
Using SCS instead.
ECOS solver failed:  The solver ECOS is not installed. 
Using SCS instead.
ECOS solver failed:  The solver ECOS is not installed. 
Using SCS instead.
ECOS solver failed:  The solver ECOS is not installed. 
Using SCS instead.
ECOS solver failed:  The solver ECOS is not installed. 
Using SCS instead.
M-step Design Matrix Calculation time (sec): 0.0182
ECOS solver failed in IPCW_HAL_init, falling back to SCS: The solver ECOS is not installed.
WARNING - large complementary slackness residual: 0.006459
M-step CVXPY optimize time (sec): 1.9643
ECOS solver failed:  The solver ECOS is not installed. 
Using SCS instead.
ECOS solver failed:  The solver ECOS is not installed. 
Using SCS instead.
ECOS solver failed:  The solver ECOS is not installed. 
Using SCS instead.
ECOS solver failed:  The solver ECOS is not installed. 
Using SCS instead.
ECOS solver failed:  The solver ECOS is not installed. 
Using SCS instead.
ECOS solver failed:  The solver ECOS is not installed. 
Using SCS instead.
ECOS solver failed:  The solver ECOS is not installed. 
Using SCS instead.
ECOS solver failed:  The solver ECOS is not installed. 
Using SCS instead.
ECOS solver failed:  The solver ECOS is not installed. 
Using SCS instead.
ECOS solver failed:  The solver ECOS is not installed. 
Using SCS instead.
ECOS solver failed:  The solver ECOS is not installed. 
Using SCS instead.
ECOS solver failed:  The solver ECOS is not installed. 
Using SCS instead.
ECOS solver failed:  The solver ECOS is not installed. 
Using SCS instead.
ECOS solver failed:  The solver ECOS is not installed. 
Using SCS instead.
ECOS solver failed:  The solver ECOS is not installed. 
Using SCS instead.
ECOS solver failed:  The solver ECOS is not installed. 
Using SCS instead.
ECOS solver failed:  The solver ECOS is not installed. 
Using SCS instead.
ECOS solver failed:  The solver ECOS is not installed. 
Using SCS instead.
ECOS solver failed:  The solver ECOS is not installed. 
Using SCS instead.
ECOS solver failed:  The solver ECOS is not installed. 
Using SCS instead.
ECOS solver failed:  The solver ECOS is not installed. 
Using SCS instead.
M-step Design Matrix Calculation time (sec): 0.0447
ECOS solver failed in IPCW_HAL_init, falling back to SCS: The solver ECOS is not installed.
M-step CVXPY optimize time (sec): 0.6248
ECOS solver failed:  The solver ECOS is not installed. 
Using SCS instead.
ECOS solver failed:  The solver ECOS is not installed. 
Using SCS instead.
ECOS solver failed:  The solver ECOS is not installed. 
Using SCS instead.
ECOS solver failed:  The solver ECOS is not installed. 
Using SCS instead.
ECOS solver failed:  The solver ECOS is not installed. 
Using SCS instead.
ECOS solver failed:  The solver ECOS is not installed. 
Using SCS instead.
ECOS solver failed:  The solver ECOS is not installed. 
Using SCS instead.
ECOS solver failed:  The solver ECOS is not installed. 
Using SCS instead.
ECOS solver failed:  The solver ECOS is not installed. 
Using SCS instead.
ECOS solver failed:  The solver ECOS is not installed. 
Using SCS instead.
ECOS solver failed:  The solver ECOS is not installed. 
Using SCS instead.
ECOS solver failed:  The solver ECOS is not installed. 
Using SCS instead.
ECOS solver failed:  The solver ECOS is not installed. 
Using SCS instead.
ECOS solver failed:  The solver ECOS is not installed. 
Using SCS instead.
ECOS solver failed:  The solver ECOS is not installed. 
Using SCS instead.
ECOS solver failed:  The solver ECOS is not installed. 
Using SCS instead.
ECOS solver failed:  The solver ECOS is not installed. 
Using SCS instead.
ECOS solver failed:  The solver ECOS is not installed. 
Using SCS instead.
ECOS solver failed:  The solver ECOS is not installed. 
Using SCS instead.
ECOS solver failed:  The solver ECOS is not installed. 
Using SCS instead.
ECOS solver failed:  The solver ECOS is not installed. 
Using SCS instead.
M-step Design Matrix Calculation time (sec): 0.0188
ECOS solver failed in IPCW_HAL_init, falling back to SCS: The solver ECOS is not installed.
WARNING - large complementary slackness residual: 0.005586
M-step CVXPY optimize time (sec): 1.6872
ECOS solver failed:  The solver ECOS is not installed. 
Using SCS instead.
ECOS solver failed:  The solver ECOS is not installed. 
Using SCS instead.
ECOS solver failed:  The solver ECOS is not installed. 
Using SCS instead.
ECOS solver failed:  The solver ECOS is not installed. 
Using SCS instead.
ECOS solver failed:  The solver ECOS is not installed. 
Using SCS instead.
ECOS solver failed:  The solver ECOS is not installed. 
Using SCS instead.
ECOS solver failed:  The solver ECOS is not installed. 
Using SCS instead.
ECOS solver failed:  The solver ECOS is not installed. 
Using SCS instead.
ECOS solver failed:  The solver ECOS is not installed. 
Using SCS instead.
ECOS solver failed:  The solver ECOS is not installed. 
Using SCS instead.
ECOS solver failed:  The solver ECOS is not installed. 
Using SCS instead.
ECOS solver failed:  The solver ECOS is not installed. 
Using SCS instead.
ECOS solver failed:  The solver ECOS is not installed. 
Using SCS instead.
ECOS solver failed:  The solver ECOS is not installed. 
Using SCS instead.
ECOS solver failed:  The solver ECOS is not installed. 
Using SCS instead.
ECOS solver failed:  The solver ECOS is not installed. 
Using SCS instead.
ECOS solver failed:  The solver ECOS is not installed. 
Using SCS instead.
ECOS solver failed:  The solver ECOS is not installed. 
Using SCS instead.
ECOS solver failed:  The solver ECOS is not installed. 
Using SCS instead.
ECOS solver failed:  The solver ECOS is not installed. 
Using SCS instead.
ECOS solver failed:  The solver ECOS is not installed. 
Using SCS instead.
M-step Design Matrix Calculation time (sec): 0.1406
ECOS solver failed in IPCW_HAL_init, falling back to SCS: The solver ECOS is not installed.
WARNING - large complementary slackness residual: 0.014520
M-step CVXPY optimize time (sec): 5.4436
ECOS solver failed:  The solver ECOS is not installed. 
Using SCS instead.
ECOS solver failed:  The solver ECOS is not installed. 
Using SCS instead.
ECOS solver failed:  The solver ECOS is not installed. 
Using SCS instead.
ECOS solver failed:  The solver ECOS is not installed. 
Using SCS instead.
ECOS solver failed:  The solver ECOS is not installed. 
Using SCS instead.
ECOS solver failed:  The solver ECOS is not installed. 
Using SCS instead.
ECOS solver failed:  The solver ECOS is not installed. 
Using SCS instead.
ECOS solver failed:  The solver ECOS is not installed. 
Using SCS instead.
ECOS solver failed:  The solver ECOS is not installed. 
Using SCS instead.
ECOS solver failed:  The solver ECOS is not installed. 
Using SCS instead.
ECOS solver failed:  The solver ECOS is not installed. 
Using SCS instead.
ECOS solver failed:  The solver ECOS is not installed. 
Using SCS instead.
ECOS solver failed:  The solver ECOS is not installed. 
Using SCS instead.
ECOS solver failed:  The solver ECOS is not installed. 
Using SCS instead.
ECOS solver failed:  The solver ECOS is not installed. 
Using SCS instead.
ECOS solver failed:  The solver ECOS is not installed. 
Using SCS instead.
ECOS solver failed:  The solver ECOS is not installed. 
Using SCS instead.
ECOS solver failed:  The solver ECOS is not installed. 
Using SCS instead.
ECOS solver failed:  The solver ECOS is not installed. 
Using SCS instead.
ECOS solver failed:  The solver ECOS is not installed. 
Using SCS instead.
ECOS solver failed:  The solver ECOS is not installed. 
Using SCS instead.
M-step Design Matrix Calculation time (sec): 0.0216
ECOS solver failed in IPCW_HAL_init, falling back to SCS: The solver ECOS is not installed.
M-step CVXPY optimize time (sec): 1.0805
ECOS solver failed:  The solver ECOS is not installed. 
Using SCS instead.
ECOS solver failed:  The solver ECOS is not installed. 
Using SCS instead.
ECOS solver failed:  The solver ECOS is not installed. 
Using SCS instead.
ECOS solver failed:  The solver ECOS is not installed. 
Using SCS instead.
ECOS solver failed:  The solver ECOS is not installed. 
Using SCS instead.
ECOS solver failed:  The solver ECOS is not installed. 
Using SCS instead.
ECOS solver failed:  The solver ECOS is not installed. 
Using SCS instead.
ECOS solver failed:  The solver ECOS is not installed. 
Using SCS instead.
ECOS solver failed:  The solver ECOS is not installed. 
Using SCS instead.
ECOS solver failed:  The solver ECOS is not installed. 
Using SCS instead.
ECOS solver failed:  The solver ECOS is not installed. 
Using SCS instead.
ECOS solver failed:  The solver ECOS is not installed. 
Using SCS instead.
ECOS solver failed:  The solver ECOS is not installed. 
Using SCS instead.
ECOS solver failed:  The solver ECOS is not installed. 
Using SCS instead.
ECOS solver failed:  The solver ECOS is not installed. 
Using SCS instead.
ECOS solver failed:  The solver ECOS is not installed. 
Using SCS instead.
ECOS solver failed:  The solver ECOS is not installed. 
Using SCS instead.
ECOS solver failed:  The solver ECOS is not installed. 
Using SCS instead.
ECOS solver failed:  The solver ECOS is not installed. 
Using SCS instead.
ECOS solver failed:  The solver ECOS is not installed. 
Using SCS instead.
ECOS solver failed:  The solver ECOS is not installed. 
Using SCS instead.
M-step Design Matrix Calculation time (sec): 0.0265
ECOS solver failed in IPCW_HAL_init, falling back to SCS: The solver ECOS is not installed.
M-step CVXPY optimize time (sec): 1.2280
ECOS solver failed:  The solver ECOS is not installed. 
Using SCS instead.
ECOS solver failed:  The solver ECOS is not installed. 
Using SCS instead.
ECOS solver failed:  The solver ECOS is not installed. 
Using SCS instead.
ECOS solver failed:  The solver ECOS is not installed. 
Using SCS instead.
ECOS solver failed:  The solver ECOS is not installed. 
Using SCS instead.
ECOS solver failed:  The solver ECOS is not installed. 
Using SCS instead.
ECOS solver failed:  The solver ECOS is not installed. 
Using SCS instead.
ECOS solver failed:  The solver ECOS is not installed. 
Using SCS instead.
ECOS solver failed:  The solver ECOS is not installed. 
Using SCS instead.
ECOS solver failed:  The solver ECOS is not installed. 
Using SCS instead.
ECOS solver failed:  The solver ECOS is not installed. 
Using SCS instead.
ECOS solver failed:  The solver ECOS is not installed. 
Using SCS instead.
ECOS solver failed:  The solver ECOS is not installed. 
Using SCS instead.
ECOS solver failed:  The solver ECOS is not installed. 
Using SCS instead.
ECOS solver failed:  The solver ECOS is not installed. 
Using SCS instead.
ECOS solver failed:  The solver ECOS is not installed. 
Using SCS instead.
ECOS solver failed:  The solver ECOS is not installed. 
Using SCS instead.
ECOS solver failed:  The solver ECOS is not installed. 
Using SCS instead.
ECOS solver failed:  The solver ECOS is not installed. 
Using SCS instead.
ECOS solver failed:  The solver ECOS is not installed. 
Using SCS instead.
ECOS solver failed:  The solver ECOS is not installed. 
Using SCS instead.
M-step Design Matrix Calculation time (sec): 0.0244
ECOS solver failed in IPCW_HAL_init, falling back to SCS: The solver ECOS is not installed.
WARNING - large complementary slackness residual: 0.012816
M-step CVXPY optimize time (sec): 3.2074
ECOS solver failed:  The solver ECOS is not installed. 
Using SCS instead.
ECOS solver failed:  The solver ECOS is not installed. 
Using SCS instead.
ECOS solver failed:  The solver ECOS is not installed. 
Using SCS instead.
ECOS solver failed:  The solver ECOS is not installed. 
Using SCS instead.
ECOS solver failed:  The solver ECOS is not installed. 
Using SCS instead.
ECOS solver failed:  The solver ECOS is not installed. 
Using SCS instead.
ECOS solver failed:  The solver ECOS is not installed. 
Using SCS instead.
ECOS solver failed:  The solver ECOS is not installed. 
Using SCS instead.
ECOS solver failed:  The solver ECOS is not installed. 
Using SCS instead.
ECOS solver failed:  The solver ECOS is not installed. 
Using SCS instead.
ECOS solver failed:  The solver ECOS is not installed. 
Using SCS instead.
ECOS solver failed:  The solver ECOS is not installed. 
Using SCS instead.
ECOS solver failed:  The solver ECOS is not installed. 
Using SCS instead.
ECOS solver failed:  The solver ECOS is not installed. 
Using SCS instead.
ECOS solver failed:  The solver ECOS is not installed. 
Using SCS instead.
ECOS solver failed:  The solver ECOS is not installed. 
Using SCS instead.
ECOS solver failed:  The solver ECOS is not installed. 
Using SCS instead.
ECOS solver failed:  The solver ECOS is not installed. 
Using SCS instead.
ECOS solver failed:  The solver ECOS is not installed. 
Using SCS instead.
ECOS solver failed:  The solver ECOS is not installed. 
Using SCS instead.
ECOS solver failed:  The solver ECOS is not installed. 
Using SCS instead.
M-step Design Matrix Calculation time (sec): 0.0195
ECOS solver failed in IPCW_HAL_init, falling back to SCS: The solver ECOS is not installed.
WARNING - large complementary slackness residual: 0.004812
M-step CVXPY optimize time (sec): 2.1005
ECOS solver failed:  The solver ECOS is not installed. 
Using SCS instead.
ECOS solver failed:  The solver ECOS is not installed. 
Using SCS instead.
ECOS solver failed:  The solver ECOS is not installed. 
Using SCS instead.
ECOS solver failed:  The solver ECOS is not installed. 
Using SCS instead.
ECOS solver failed:  The solver ECOS is not installed. 
Using SCS instead.
ECOS solver failed:  The solver ECOS is not installed. 
Using SCS instead.
ECOS solver failed:  The solver ECOS is not installed. 
Using SCS instead.
ECOS solver failed:  The solver ECOS is not installed. 
Using SCS instead.
ECOS solver failed:  The solver ECOS is not installed. 
Using SCS instead.
ECOS solver failed:  The solver ECOS is not installed. 
Using SCS instead.
ECOS solver failed:  The solver ECOS is not installed. 
Using SCS instead.
ECOS solver failed:  The solver ECOS is not installed. 
Using SCS instead.
ECOS solver failed:  The solver ECOS is not installed. 
Using SCS instead.
ECOS solver failed:  The solver ECOS is not installed. 
Using SCS instead.
ECOS solver failed:  The solver ECOS is not installed. 
Using SCS instead.
ECOS solver failed:  The solver ECOS is not installed. 
Using SCS instead.
ECOS solver failed:  The solver ECOS is not installed. 
Using SCS instead.
ECOS solver failed:  The solver ECOS is not installed. 
Using SCS instead.
ECOS solver failed:  The solver ECOS is not installed. 
Using SCS instead.
ECOS solver failed:  The solver ECOS is not installed. 
Using SCS instead.
ECOS solver failed:  The solver ECOS is not installed. 
Using SCS instead.
M-step Design Matrix Calculation time (sec): 0.0267
ECOS solver failed in IPCW_HAL_init, falling back to SCS: The solver ECOS is not installed.
WARNING - large complementary slackness residual: 0.025675
M-step CVXPY optimize time (sec): 3.7361
ECOS solver failed:  The solver ECOS is not installed. 
Using SCS instead.
ECOS solver failed:  The solver ECOS is not installed. 
Using SCS instead.
ECOS solver failed:  The solver ECOS is not installed. 
Using SCS instead.
ECOS solver failed:  The solver ECOS is not installed. 
Using SCS instead.
ECOS solver failed:  The solver ECOS is not installed. 
Using SCS instead.
ECOS solver failed:  The solver ECOS is not installed. 
Using SCS instead.
ECOS solver failed:  The solver ECOS is not installed. 
Using SCS instead.
ECOS solver failed:  The solver ECOS is not installed. 
Using SCS instead.
ECOS solver failed:  The solver ECOS is not installed. 
Using SCS instead.
ECOS solver failed:  The solver ECOS is not installed. 
Using SCS instead.
ECOS solver failed:  The solver ECOS is not installed. 
Using SCS instead.
ECOS solver failed:  The solver ECOS is not installed. 
Using SCS instead.
ECOS solver failed:  The solver ECOS is not installed. 
Using SCS instead.
ECOS solver failed:  The solver ECOS is not installed. 
Using SCS instead.
ECOS solver failed:  The solver ECOS is not installed. 
Using SCS instead.
ECOS solver failed:  The solver ECOS is not installed. 
Using SCS instead.
ECOS solver failed:  The solver ECOS is not installed. 
Using SCS instead.
ECOS solver failed:  The solver ECOS is not installed. 
Using SCS instead.
ECOS solver failed:  The solver ECOS is not installed. 
Using SCS instead.
ECOS solver failed:  The solver ECOS is not installed. 
Using SCS instead.
ECOS solver failed:  The solver ECOS is not installed. 
Using SCS instead.
M-step Design Matrix Calculation time (sec): 0.0239
ECOS solver failed in IPCW_HAL_init, falling back to SCS: The solver ECOS is not installed.
WARNING - large complementary slackness residual: 0.004754
M-step CVXPY optimize time (sec): 1.6082
ECOS solver failed:  The solver ECOS is not installed. 
Using SCS instead.
ECOS solver failed:  The solver ECOS is not installed. 
Using SCS instead.
ECOS solver failed:  The solver ECOS is not installed. 
Using SCS instead.
ECOS solver failed:  The solver ECOS is not installed. 
Using SCS instead.
ECOS solver failed:  The solver ECOS is not installed. 
Using SCS instead.
ECOS solver failed:  The solver ECOS is not installed. 
Using SCS instead.
ECOS solver failed:  The solver ECOS is not installed. 
Using SCS instead.
ECOS solver failed:  The solver ECOS is not installed. 
Using SCS instead.
ECOS solver failed:  The solver ECOS is not installed. 
Using SCS instead.
ECOS solver failed:  The solver ECOS is not installed. 
Using SCS instead.
ECOS solver failed:  The solver ECOS is not installed. 
Using SCS instead.
ECOS solver failed:  The solver ECOS is not installed. 
Using SCS instead.
ECOS solver failed:  The solver ECOS is not installed. 
Using SCS instead.
ECOS solver failed:  The solver ECOS is not installed. 
Using SCS instead.
ECOS solver failed:  The solver ECOS is not installed. 
Using SCS instead.
ECOS solver failed:  The solver ECOS is not installed. 
Using SCS instead.
ECOS solver failed:  The solver ECOS is not installed. 
Using SCS instead.
ECOS solver failed:  The solver ECOS is not installed. 
Using SCS instead.
ECOS solver failed:  The solver ECOS is not installed. 
Using SCS instead.
ECOS solver failed:  The solver ECOS is not installed. 
Using SCS instead.
ECOS solver failed:  The solver ECOS is not installed. 
Using SCS instead.
M-step Design Matrix Calculation time (sec): 0.1063
ECOS solver failed in IPCW_HAL_init, falling back to SCS: The solver ECOS is not installed.
WARNING - large complementary slackness residual: 0.026194
M-step CVXPY optimize time (sec): 1.2997
ECOS solver failed:  The solver ECOS is not installed. 
Using SCS instead.
ECOS solver failed:  The solver ECOS is not installed. 
Using SCS instead.
ECOS solver failed:  The solver ECOS is not installed. 
Using SCS instead.
ECOS solver failed:  The solver ECOS is not installed. 
Using SCS instead.
ECOS solver failed:  The solver ECOS is not installed. 
Using SCS instead.
ECOS solver failed:  The solver ECOS is not installed. 
Using SCS instead.
ECOS solver failed:  The solver ECOS is not installed. 
Using SCS instead.
ECOS solver failed:  The solver ECOS is not installed. 
Using SCS instead.
ECOS solver failed:  The solver ECOS is not installed. 
Using SCS instead.
ECOS solver failed:  The solver ECOS is not installed. 
Using SCS instead.
ECOS solver failed:  The solver ECOS is not installed. 
Using SCS instead.
ECOS solver failed:  The solver ECOS is not installed. 
Using SCS instead.
ECOS solver failed:  The solver ECOS is not installed. 
Using SCS instead.
ECOS solver failed:  The solver ECOS is not installed. 
Using SCS instead.
ECOS solver failed:  The solver ECOS is not installed. 
Using SCS instead.
ECOS solver failed:  The solver ECOS is not installed. 
Using SCS instead.
ECOS solver failed:  The solver ECOS is not installed. 
Using SCS instead.
ECOS solver failed:  The solver ECOS is not installed. 
Using SCS instead.
ECOS solver failed:  The solver ECOS is not installed. 
Using SCS instead.
ECOS solver failed:  The solver ECOS is not installed. 
Using SCS instead.
ECOS solver failed:  The solver ECOS is not installed. 
Using SCS instead.
M-step Design Matrix Calculation time (sec): 0.0295
ECOS solver failed in IPCW_HAL_init, falling back to SCS: The solver ECOS is not installed.
M-step CVXPY optimize time (sec): 0.6850
ECOS solver failed:  The solver ECOS is not installed. 
Using SCS instead.
ECOS solver failed:  The solver ECOS is not installed. 
Using SCS instead.
ECOS solver failed:  The solver ECOS is not installed. 
Using SCS instead.
ECOS solver failed:  The solver ECOS is not installed. 
Using SCS instead.
ECOS solver failed:  The solver ECOS is not installed. 
Using SCS instead.
ECOS solver failed:  The solver ECOS is not installed. 
Using SCS instead.
ECOS solver failed:  The solver ECOS is not installed. 
Using SCS instead.
ECOS solver failed:  The solver ECOS is not installed. 
Using SCS instead.
ECOS solver failed:  The solver ECOS is not installed. 
Using SCS instead.
ECOS solver failed:  The solver ECOS is not installed. 
Using SCS instead.
ECOS solver failed:  The solver ECOS is not installed. 
Using SCS instead.
ECOS solver failed:  The solver ECOS is not installed. 
Using SCS instead.
ECOS solver failed:  The solver ECOS is not installed. 
Using SCS instead.
ECOS solver failed:  The solver ECOS is not installed. 
Using SCS instead.
ECOS solver failed:  The solver ECOS is not installed. 
Using SCS instead.
ECOS solver failed:  The solver ECOS is not installed. 
Using SCS instead.
ECOS solver failed:  The solver ECOS is not installed. 
Using SCS instead.
ECOS solver failed:  The solver ECOS is not installed. 
Using SCS instead.
ECOS solver failed:  The solver ECOS is not installed. 
Using SCS instead.
ECOS solver failed:  The solver ECOS is not installed. 
Using SCS instead.
ECOS solver failed:  The solver ECOS is not installed. 
Using SCS instead.
M-step Design Matrix Calculation time (sec): 0.0170
ECOS solver failed in IPCW_HAL_init, falling back to SCS: The solver ECOS is not installed.
M-step CVXPY optimize time (sec): 1.1226
ECOS solver failed:  The solver ECOS is not installed. 
Using SCS instead.
ECOS solver failed:  The solver ECOS is not installed. 
Using SCS instead.
ECOS solver failed:  The solver ECOS is not installed. 
Using SCS instead.
ECOS solver failed:  The solver ECOS is not installed. 
Using SCS instead.
ECOS solver failed:  The solver ECOS is not installed. 
Using SCS instead.
ECOS solver failed:  The solver ECOS is not installed. 
Using SCS instead.
ECOS solver failed:  The solver ECOS is not installed. 
Using SCS instead.
ECOS solver failed:  The solver ECOS is not installed. 
Using SCS instead.
ECOS solver failed:  The solver ECOS is not installed. 
Using SCS instead.
ECOS solver failed:  The solver ECOS is not installed. 
Using SCS instead.
ECOS solver failed:  The solver ECOS is not installed. 
Using SCS instead.
ECOS solver failed:  The solver ECOS is not installed. 
Using SCS instead.
ECOS solver failed:  The solver ECOS is not installed. 
Using SCS instead.
ECOS solver failed:  The solver ECOS is not installed. 
Using SCS instead.
ECOS solver failed:  The solver ECOS is not installed. 
Using SCS instead.
ECOS solver failed:  The solver ECOS is not installed. 
Using SCS instead.
ECOS solver failed:  The solver ECOS is not installed. 
Using SCS instead.
ECOS solver failed:  The solver ECOS is not installed. 
Using SCS instead.
ECOS solver failed:  The solver ECOS is not installed. 
Using SCS instead.
ECOS solver failed:  The solver ECOS is not installed. 
Using SCS instead.
ECOS solver failed:  The solver ECOS is not installed. 
Using SCS instead.
M-step Design Matrix Calculation time (sec): 0.0187
ECOS solver failed in IPCW_HAL_init, falling back to SCS: The solver ECOS is not installed.
M-step CVXPY optimize time (sec): 0.8890
ECOS solver failed:  The solver ECOS is not installed. 
Using SCS instead.
ECOS solver failed:  The solver ECOS is not installed. 
Using SCS instead.
ECOS solver failed:  The solver ECOS is not installed. 
Using SCS instead.
ECOS solver failed:  The solver ECOS is not installed. 
Using SCS instead.
ECOS solver failed:  The solver ECOS is not installed. 
Using SCS instead.
ECOS solver failed:  The solver ECOS is not installed. 
Using SCS instead.
ECOS solver failed:  The solver ECOS is not installed. 
Using SCS instead.
ECOS solver failed:  The solver ECOS is not installed. 
Using SCS instead.
ECOS solver failed:  The solver ECOS is not installed. 
Using SCS instead.
ECOS solver failed:  The solver ECOS is not installed. 
Using SCS instead.
ECOS solver failed:  The solver ECOS is not installed. 
Using SCS instead.
ECOS solver failed:  The solver ECOS is not installed. 
Using SCS instead.
ECOS solver failed:  The solver ECOS is not installed. 
Using SCS instead.
ECOS solver failed:  The solver ECOS is not installed. 
Using SCS instead.
ECOS solver failed:  The solver ECOS is not installed. 
Using SCS instead.
ECOS solver failed:  The solver ECOS is not installed. 
Using SCS instead.
ECOS solver failed:  The solver ECOS is not installed. 
Using SCS instead.
ECOS solver failed:  The solver ECOS is not installed. 
Using SCS instead.
ECOS solver failed:  The solver ECOS is not installed. 
Using SCS instead.
ECOS solver failed:  The solver ECOS is not installed. 
Using SCS instead.
ECOS solver failed:  The solver ECOS is not installed. 
Using SCS instead.
M-step Design Matrix Calculation time (sec): 0.0187
ECOS solver failed in IPCW_HAL_init, falling back to SCS: The solver ECOS is not installed.
M-step CVXPY optimize time (sec): 0.6088
ECOS solver failed:  The solver ECOS is not installed. 
Using SCS instead.
ECOS solver failed:  The solver ECOS is not installed. 
Using SCS instead.
ECOS solver failed:  The solver ECOS is not installed. 
Using SCS instead.
ECOS solver failed:  The solver ECOS is not installed. 
Using SCS instead.
ECOS solver failed:  The solver ECOS is not installed. 
Using SCS instead.
ECOS solver failed:  The solver ECOS is not installed. 
Using SCS instead.
ECOS solver failed:  The solver ECOS is not installed. 
Using SCS instead.
ECOS solver failed:  The solver ECOS is not installed. 
Using SCS instead.
ECOS solver failed:  The solver ECOS is not installed. 
Using SCS instead.
ECOS solver failed:  The solver ECOS is not installed. 
Using SCS instead.
ECOS solver failed:  The solver ECOS is not installed. 
Using SCS instead.
ECOS solver failed:  The solver ECOS is not installed. 
Using SCS instead.
ECOS solver failed:  The solver ECOS is not installed. 
Using SCS instead.
ECOS solver failed:  The solver ECOS is not installed. 
Using SCS instead.
ECOS solver failed:  The solver ECOS is not installed. 
Using SCS instead.
ECOS solver failed:  The solver ECOS is not installed. 
Using SCS instead.
ECOS solver failed:  The solver ECOS is not installed. 
Using SCS instead.
ECOS solver failed:  The solver ECOS is not installed. 
Using SCS instead.
ECOS solver failed:  The solver ECOS is not installed. 
Using SCS instead.
ECOS solver failed:  The solver ECOS is not installed. 
Using SCS instead.
ECOS solver failed:  The solver ECOS is not installed. 
Using SCS instead.
M-step Design Matrix Calculation time (sec): 0.0168
ECOS solver failed in IPCW_HAL_init, falling back to SCS: The solver ECOS is not installed.
WARNING - large complementary slackness residual: 0.033492
M-step CVXPY optimize time (sec): 0.6556
ECOS solver failed:  The solver ECOS is not installed. 
Using SCS instead.
ECOS solver failed:  The solver ECOS is not installed. 
Using SCS instead.
ECOS solver failed:  The solver ECOS is not installed. 
Using SCS instead.
ECOS solver failed:  The solver ECOS is not installed. 
Using SCS instead.
ECOS solver failed:  The solver ECOS is not installed. 
Using SCS instead.
ECOS solver failed:  The solver ECOS is not installed. 
Using SCS instead.
ECOS solver failed:  The solver ECOS is not installed. 
Using SCS instead.
ECOS solver failed:  The solver ECOS is not installed. 
Using SCS instead.
ECOS solver failed:  The solver ECOS is not installed. 
Using SCS instead.
ECOS solver failed:  The solver ECOS is not installed. 
Using SCS instead.
ECOS solver failed:  The solver ECOS is not installed. 
Using SCS instead.
ECOS solver failed:  The solver ECOS is not installed. 
Using SCS instead.
ECOS solver failed:  The solver ECOS is not installed. 
Using SCS instead.
ECOS solver failed:  The solver ECOS is not installed. 
Using SCS instead.
ECOS solver failed:  The solver ECOS is not installed. 
Using SCS instead.
ECOS solver failed:  The solver ECOS is not installed. 
Using SCS instead.
ECOS solver failed:  The solver ECOS is not installed. 
Using SCS instead.
ECOS solver failed:  The solver ECOS is not installed. 
Using SCS instead.
ECOS solver failed:  The solver ECOS is not installed. 
Using SCS instead.
ECOS solver failed:  The solver ECOS is not installed. 
Using SCS instead.
ECOS solver failed:  The solver ECOS is not installed. 
Using SCS instead.
M-step Design Matrix Calculation time (sec): 0.0353
ECOS solver failed in IPCW_HAL_init, falling back to SCS: The solver ECOS is not installed.
WARNING - large complementary slackness residual: 0.019928
M-step CVXPY optimize time (sec): 1.8932
ECOS solver failed:  The solver ECOS is not installed. 
Using SCS instead.
ECOS solver failed:  The solver ECOS is not installed. 
Using SCS instead.
ECOS solver failed:  The solver ECOS is not installed. 
Using SCS instead.
ECOS solver failed:  The solver ECOS is not installed. 
Using SCS instead.
ECOS solver failed:  The solver ECOS is not installed. 
Using SCS instead.
ECOS solver failed:  The solver ECOS is not installed. 
Using SCS instead.
ECOS solver failed:  The solver ECOS is not installed. 
Using SCS instead.
ECOS solver failed:  The solver ECOS is not installed. 
Using SCS instead.
ECOS solver failed:  The solver ECOS is not installed. 
Using SCS instead.
ECOS solver failed:  The solver ECOS is not installed. 
Using SCS instead.
ECOS solver failed:  The solver ECOS is not installed. 
Using SCS instead.
ECOS solver failed:  The solver ECOS is not installed. 
Using SCS instead.
ECOS solver failed:  The solver ECOS is not installed. 
Using SCS instead.
ECOS solver failed:  The solver ECOS is not installed. 
Using SCS instead.
ECOS solver failed:  The solver ECOS is not installed. 
Using SCS instead.
ECOS solver failed:  The solver ECOS is not installed. 
Using SCS instead.
ECOS solver failed:  The solver ECOS is not installed. 
Using SCS instead.
ECOS solver failed:  The solver ECOS is not installed. 
Using SCS instead.
ECOS solver failed:  The solver ECOS is not installed. 
Using SCS instead.
ECOS solver failed:  The solver ECOS is not installed. 
Using SCS instead.
ECOS solver failed:  The solver ECOS is not installed. 
Using SCS instead.
M-step Design Matrix Calculation time (sec): 0.0195
ECOS solver failed in IPCW_HAL_init, falling back to SCS: The solver ECOS is not installed.
M-step CVXPY optimize time (sec): 0.7615
ECOS solver failed:  The solver ECOS is not installed. 
Using SCS instead.
ECOS solver failed:  The solver ECOS is not installed. 
Using SCS instead.
ECOS solver failed:  The solver ECOS is not installed. 
Using SCS instead.
ECOS solver failed:  The solver ECOS is not installed. 
Using SCS instead.
ECOS solver failed:  The solver ECOS is not installed. 
Using SCS instead.
ECOS solver failed:  The solver ECOS is not installed. 
Using SCS instead.
ECOS solver failed:  The solver ECOS is not installed. 
Using SCS instead.
ECOS solver failed:  The solver ECOS is not installed. 
Using SCS instead.
ECOS solver failed:  The solver ECOS is not installed. 
Using SCS instead.
ECOS solver failed:  The solver ECOS is not installed. 
Using SCS instead.
ECOS solver failed:  The solver ECOS is not installed. 
Using SCS instead.
ECOS solver failed:  The solver ECOS is not installed. 
Using SCS instead.
ECOS solver failed:  The solver ECOS is not installed. 
Using SCS instead.
ECOS solver failed:  The solver ECOS is not installed. 
Using SCS instead.
ECOS solver failed:  The solver ECOS is not installed. 
Using SCS instead.
ECOS solver failed:  The solver ECOS is not installed. 
Using SCS instead.
ECOS solver failed:  The solver ECOS is not installed. 
Using SCS instead.
ECOS solver failed:  The solver ECOS is not installed. 
Using SCS instead.
ECOS solver failed:  The solver ECOS is not installed. 
Using SCS instead.
ECOS solver failed:  The solver ECOS is not installed. 
Using SCS instead.
ECOS solver failed:  The solver ECOS is not installed. 
Using SCS instead.
M-step Design Matrix Calculation time (sec): 0.0449
ECOS solver failed in IPCW_HAL_init, falling back to SCS: The solver ECOS is not installed.
WARNING - large complementary slackness residual: 0.005740
M-step CVXPY optimize time (sec): 2.1692
ECOS solver failed:  The solver ECOS is not installed. 
Using SCS instead.
ECOS solver failed:  The solver ECOS is not installed. 
Using SCS instead.
ECOS solver failed:  The solver ECOS is not installed. 
Using SCS instead.
ECOS solver failed:  The solver ECOS is not installed. 
Using SCS instead.
ECOS solver failed:  The solver ECOS is not installed. 
Using SCS instead.
ECOS solver failed:  The solver ECOS is not installed. 
Using SCS instead.
ECOS solver failed:  The solver ECOS is not installed. 
Using SCS instead.
ECOS solver failed:  The solver ECOS is not installed. 
Using SCS instead.
ECOS solver failed:  The solver ECOS is not installed. 
Using SCS instead.
ECOS solver failed:  The solver ECOS is not installed. 
Using SCS instead.
ECOS solver failed:  The solver ECOS is not installed. 
Using SCS instead.
ECOS solver failed:  The solver ECOS is not installed. 
Using SCS instead.
ECOS solver failed:  The solver ECOS is not installed. 
Using SCS instead.
ECOS solver failed:  The solver ECOS is not installed. 
Using SCS instead.
ECOS solver failed:  The solver ECOS is not installed. 
Using SCS instead.
ECOS solver failed:  The solver ECOS is not installed. 
Using SCS instead.
ECOS solver failed:  The solver ECOS is not installed. 
Using SCS instead.
ECOS solver failed:  The solver ECOS is not installed. 
Using SCS instead.
ECOS solver failed:  The solver ECOS is not installed. 
Using SCS instead.
ECOS solver failed:  The solver ECOS is not installed. 
Using SCS instead.
ECOS solver failed:  The solver ECOS is not installed. 
Using SCS instead.
M-step Design Matrix Calculation time (sec): 0.0205
ECOS solver failed in IPCW_HAL_init, falling back to SCS: The solver ECOS is not installed.
M-step CVXPY optimize time (sec): 0.9600
ECOS solver failed:  The solver ECOS is not installed. 
Using SCS instead.
ECOS solver failed:  The solver ECOS is not installed. 
Using SCS instead.
ECOS solver failed:  The solver ECOS is not installed. 
Using SCS instead.
ECOS solver failed:  The solver ECOS is not installed. 
Using SCS instead.
ECOS solver failed:  The solver ECOS is not installed. 
Using SCS instead.
ECOS solver failed:  The solver ECOS is not installed. 
Using SCS instead.
ECOS solver failed:  The solver ECOS is not installed. 
Using SCS instead.
ECOS solver failed:  The solver ECOS is not installed. 
Using SCS instead.
ECOS solver failed:  The solver ECOS is not installed. 
Using SCS instead.
ECOS solver failed:  The solver ECOS is not installed. 
Using SCS instead.
ECOS solver failed:  The solver ECOS is not installed. 
Using SCS instead.
ECOS solver failed:  The solver ECOS is not installed. 
Using SCS instead.
ECOS solver failed:  The solver ECOS is not installed. 
Using SCS instead.
ECOS solver failed:  The solver ECOS is not installed. 
Using SCS instead.
ECOS solver failed:  The solver ECOS is not installed. 
Using SCS instead.
ECOS solver failed:  The solver ECOS is not installed. 
Using SCS instead.
ECOS solver failed:  The solver ECOS is not installed. 
Using SCS instead.
ECOS solver failed:  The solver ECOS is not installed. 
Using SCS instead.
ECOS solver failed:  The solver ECOS is not installed. 
Using SCS instead.
ECOS solver failed:  The solver ECOS is not installed. 
Using SCS instead.
ECOS solver failed:  The solver ECOS is not installed. 
Using SCS instead.
M-step Design Matrix Calculation time (sec): 0.0169
ECOS solver failed in IPCW_HAL_init, falling back to SCS: The solver ECOS is not installed.
M-step CVXPY optimize time (sec): 1.0672
ECOS solver failed:  The solver ECOS is not installed. 
Using SCS instead.
ECOS solver failed:  The solver ECOS is not installed. 
Using SCS instead.
ECOS solver failed:  The solver ECOS is not installed. 
Using SCS instead.
ECOS solver failed:  The solver ECOS is not installed. 
Using SCS instead.
ECOS solver failed:  The solver ECOS is not installed. 
Using SCS instead.
ECOS solver failed:  The solver ECOS is not installed. 
Using SCS instead.
ECOS solver failed:  The solver ECOS is not installed. 
Using SCS instead.
ECOS solver failed:  The solver ECOS is not installed. 
Using SCS instead.
ECOS solver failed:  The solver ECOS is not installed. 
Using SCS instead.
ECOS solver failed:  The solver ECOS is not installed. 
Using SCS instead.
ECOS solver failed:  The solver ECOS is not installed. 
Using SCS instead.
ECOS solver failed:  The solver ECOS is not installed. 
Using SCS instead.
ECOS solver failed:  The solver ECOS is not installed. 
Using SCS instead.
ECOS solver failed:  The solver ECOS is not installed. 
Using SCS instead.
ECOS solver failed:  The solver ECOS is not installed. 
Using SCS instead.
ECOS solver failed:  The solver ECOS is not installed. 
Using SCS instead.
ECOS solver failed:  The solver ECOS is not installed. 
Using SCS instead.
ECOS solver failed:  The solver ECOS is not installed. 
Using SCS instead.
ECOS solver failed:  The solver ECOS is not installed. 
Using SCS instead.
ECOS solver failed:  The solver ECOS is not installed. 
Using SCS instead.
ECOS solver failed:  The solver ECOS is not installed. 
Using SCS instead.
M-step Design Matrix Calculation time (sec): 0.0192
ECOS solver failed in IPCW_HAL_init, falling back to SCS: The solver ECOS is not installed.
WARNING - large complementary slackness residual: 0.026968
M-step CVXPY optimize time (sec): 0.9854
ECOS solver failed:  The solver ECOS is not installed. 
Using SCS instead.
ECOS solver failed:  The solver ECOS is not installed. 
Using SCS instead.
ECOS solver failed:  The solver ECOS is not installed. 
Using SCS instead.
ECOS solver failed:  The solver ECOS is not installed. 
Using SCS instead.
ECOS solver failed:  The solver ECOS is not installed. 
Using SCS instead.
ECOS solver failed:  The solver ECOS is not installed. 
Using SCS instead.
ECOS solver failed:  The solver ECOS is not installed. 
Using SCS instead.
ECOS solver failed:  The solver ECOS is not installed. 
Using SCS instead.
ECOS solver failed:  The solver ECOS is not installed. 
Using SCS instead.
ECOS solver failed:  The solver ECOS is not installed. 
Using SCS instead.
ECOS solver failed:  The solver ECOS is not installed. 
Using SCS instead.
ECOS solver failed:  The solver ECOS is not installed. 
Using SCS instead.
ECOS solver failed:  The solver ECOS is not installed. 
Using SCS instead.
ECOS solver failed:  The solver ECOS is not installed. 
Using SCS instead.
ECOS solver failed:  The solver ECOS is not installed. 
Using SCS instead.
ECOS solver failed:  The solver ECOS is not installed. 
Using SCS instead.
ECOS solver failed:  The solver ECOS is not installed. 
Using SCS instead.
ECOS solver failed:  The solver ECOS is not installed. 
Using SCS instead.
ECOS solver failed:  The solver ECOS is not installed. 
Using SCS instead.
ECOS solver failed:  The solver ECOS is not installed. 
Using SCS instead.
ECOS solver failed:  The solver ECOS is not installed. 
Using SCS instead.
M-step Design Matrix Calculation time (sec): 0.0172
ECOS solver failed in IPCW_HAL_init, falling back to SCS: The solver ECOS is not installed.
WARNING - large complementary slackness residual: 0.005994
M-step CVXPY optimize time (sec): 1.5930
ECOS solver failed:  The solver ECOS is not installed. 
Using SCS instead.
ECOS solver failed:  The solver ECOS is not installed. 
Using SCS instead.
ECOS solver failed:  The solver ECOS is not installed. 
Using SCS instead.
ECOS solver failed:  The solver ECOS is not installed. 
Using SCS instead.
ECOS solver failed:  The solver ECOS is not installed. 
Using SCS instead.
ECOS solver failed:  The solver ECOS is not installed. 
Using SCS instead.
ECOS solver failed:  The solver ECOS is not installed. 
Using SCS instead.
ECOS solver failed:  The solver ECOS is not installed. 
Using SCS instead.
ECOS solver failed:  The solver ECOS is not installed. 
Using SCS instead.
ECOS solver failed:  The solver ECOS is not installed. 
Using SCS instead.
ECOS solver failed:  The solver ECOS is not installed. 
Using SCS instead.
ECOS solver failed:  The solver ECOS is not installed. 
Using SCS instead.
ECOS solver failed:  The solver ECOS is not installed. 
Using SCS instead.
ECOS solver failed:  The solver ECOS is not installed. 
Using SCS instead.
ECOS solver failed:  The solver ECOS is not installed. 
Using SCS instead.
ECOS solver failed:  The solver ECOS is not installed. 
Using SCS instead.
ECOS solver failed:  The solver ECOS is not installed. 
Using SCS instead.
ECOS solver failed:  The solver ECOS is not installed. 
Using SCS instead.
ECOS solver failed:  The solver ECOS is not installed. 
Using SCS instead.
ECOS solver failed:  The solver ECOS is not installed. 
Using SCS instead.
ECOS solver failed:  The solver ECOS is not installed. 
Using SCS instead.
M-step Design Matrix Calculation time (sec): 0.0186
ECOS solver failed in IPCW_HAL_init, falling back to SCS: The solver ECOS is not installed.
WARNING - large complementary slackness residual: 0.033971
M-step CVXPY optimize time (sec): 1.1874
ECOS solver failed:  The solver ECOS is not installed. 
Using SCS instead.
ECOS solver failed:  The solver ECOS is not installed. 
Using SCS instead.
ECOS solver failed:  The solver ECOS is not installed. 
Using SCS instead.
ECOS solver failed:  The solver ECOS is not installed. 
Using SCS instead.
ECOS solver failed:  The solver ECOS is not installed. 
Using SCS instead.
ECOS solver failed:  The solver ECOS is not installed. 
Using SCS instead.
ECOS solver failed:  The solver ECOS is not installed. 
Using SCS instead.
ECOS solver failed:  The solver ECOS is not installed. 
Using SCS instead.
ECOS solver failed:  The solver ECOS is not installed. 
Using SCS instead.
ECOS solver failed:  The solver ECOS is not installed. 
Using SCS instead.
ECOS solver failed:  The solver ECOS is not installed. 
Using SCS instead.
ECOS solver failed:  The solver ECOS is not installed. 
Using SCS instead.
ECOS solver failed:  The solver ECOS is not installed. 
Using SCS instead.
ECOS solver failed:  The solver ECOS is not installed. 
Using SCS instead.
ECOS solver failed:  The solver ECOS is not installed. 
Using SCS instead.
ECOS solver failed:  The solver ECOS is not installed. 
Using SCS instead.
ECOS solver failed:  The solver ECOS is not installed. 
Using SCS instead.
ECOS solver failed:  The solver ECOS is not installed. 
Using SCS instead.
ECOS solver failed:  The solver ECOS is not installed. 
Using SCS instead.
ECOS solver failed:  The solver ECOS is not installed. 
Using SCS instead.
ECOS solver failed:  The solver ECOS is not installed. 
Using SCS instead.
M-step Design Matrix Calculation time (sec): 0.0188
ECOS solver failed in IPCW_HAL_init, falling back to SCS: The solver ECOS is not installed.
WARNING - large complementary slackness residual: 0.007231
M-step CVXPY optimize time (sec): 1.9850
ECOS solver failed:  The solver ECOS is not installed. 
Using SCS instead.
ECOS solver failed:  The solver ECOS is not installed. 
Using SCS instead.
ECOS solver failed:  The solver ECOS is not installed. 
Using SCS instead.
ECOS solver failed:  The solver ECOS is not installed. 
Using SCS instead.
ECOS solver failed:  The solver ECOS is not installed. 
Using SCS instead.
ECOS solver failed:  The solver ECOS is not installed. 
Using SCS instead.
ECOS solver failed:  The solver ECOS is not installed. 
Using SCS instead.
ECOS solver failed:  The solver ECOS is not installed. 
Using SCS instead.
ECOS solver failed:  The solver ECOS is not installed. 
Using SCS instead.
ECOS solver failed:  The solver ECOS is not installed. 
Using SCS instead.
ECOS solver failed:  The solver ECOS is not installed. 
Using SCS instead.
ECOS solver failed:  The solver ECOS is not installed. 
Using SCS instead.
ECOS solver failed:  The solver ECOS is not installed. 
Using SCS instead.
ECOS solver failed:  The solver ECOS is not installed. 
Using SCS instead.
ECOS solver failed:  The solver ECOS is not installed. 
Using SCS instead.
ECOS solver failed:  The solver ECOS is not installed. 
Using SCS instead.
ECOS solver failed:  The solver ECOS is not installed. 
Using SCS instead.
ECOS solver failed:  The solver ECOS is not installed. 
Using SCS instead.
ECOS solver failed:  The solver ECOS is not installed. 
Using SCS instead.
ECOS solver failed:  The solver ECOS is not installed. 
Using SCS instead.
ECOS solver failed:  The solver ECOS is not installed. 
Using SCS instead.
M-step Design Matrix Calculation time (sec): 0.0171
ECOS solver failed in IPCW_HAL_init, falling back to SCS: The solver ECOS is not installed.
WARNING - large complementary slackness residual: 0.041362
M-step CVXPY optimize time (sec): 2.1952
ECOS solver failed:  The solver ECOS is not installed. 
Using SCS instead.
ECOS solver failed:  The solver ECOS is not installed. 
Using SCS instead.
ECOS solver failed:  The solver ECOS is not installed. 
Using SCS instead.
ECOS solver failed:  The solver ECOS is not installed. 
Using SCS instead.
ECOS solver failed:  The solver ECOS is not installed. 
Using SCS instead.
ECOS solver failed:  The solver ECOS is not installed. 
Using SCS instead.
ECOS solver failed:  The solver ECOS is not installed. 
Using SCS instead.
ECOS solver failed:  The solver ECOS is not installed. 
Using SCS instead.
ECOS solver failed:  The solver ECOS is not installed. 
Using SCS instead.
ECOS solver failed:  The solver ECOS is not installed. 
Using SCS instead.
ECOS solver failed:  The solver ECOS is not installed. 
Using SCS instead.
ECOS solver failed:  The solver ECOS is not installed. 
Using SCS instead.
ECOS solver failed:  The solver ECOS is not installed. 
Using SCS instead.
ECOS solver failed:  The solver ECOS is not installed. 
Using SCS instead.
ECOS solver failed:  The solver ECOS is not installed. 
Using SCS instead.
ECOS solver failed:  The solver ECOS is not installed. 
Using SCS instead.
ECOS solver failed:  The solver ECOS is not installed. 
Using SCS instead.
ECOS solver failed:  The solver ECOS is not installed. 
Using SCS instead.
ECOS solver failed:  The solver ECOS is not installed. 
Using SCS instead.
ECOS solver failed:  The solver ECOS is not installed. 
Using SCS instead.
ECOS solver failed:  The solver ECOS is not installed. 
Using SCS instead.
M-step Design Matrix Calculation time (sec): 0.0174
ECOS solver failed in IPCW_HAL_init, falling back to SCS: The solver ECOS is not installed.
WARNING - large complementary slackness residual: 0.013801
M-step CVXPY optimize time (sec): 1.4009
ECOS solver failed:  The solver ECOS is not installed. 
Using SCS instead.
ECOS solver failed:  The solver ECOS is not installed. 
Using SCS instead.
ECOS solver failed:  The solver ECOS is not installed. 
Using SCS instead.
ECOS solver failed:  The solver ECOS is not installed. 
Using SCS instead.
ECOS solver failed:  The solver ECOS is not installed. 
Using SCS instead.
ECOS solver failed:  The solver ECOS is not installed. 
Using SCS instead.
ECOS solver failed:  The solver ECOS is not installed. 
Using SCS instead.
ECOS solver failed:  The solver ECOS is not installed. 
Using SCS instead.
ECOS solver failed:  The solver ECOS is not installed. 
Using SCS instead.
ECOS solver failed:  The solver ECOS is not installed. 
Using SCS instead.
ECOS solver failed:  The solver ECOS is not installed. 
Using SCS instead.
ECOS solver failed:  The solver ECOS is not installed. 
Using SCS instead.
ECOS solver failed:  The solver ECOS is not installed. 
Using SCS instead.
ECOS solver failed:  The solver ECOS is not installed. 
Using SCS instead.
ECOS solver failed:  The solver ECOS is not installed. 
Using SCS instead.
ECOS solver failed:  The solver ECOS is not installed. 
Using SCS instead.
ECOS solver failed:  The solver ECOS is not installed. 
Using SCS instead.
ECOS solver failed:  The solver ECOS is not installed. 
Using SCS instead.
ECOS solver failed:  The solver ECOS is not installed. 
Using SCS instead.
ECOS solver failed:  The solver ECOS is not installed. 
Using SCS instead.
ECOS solver failed:  The solver ECOS is not installed. 
Using SCS instead.
M-step Design Matrix Calculation time (sec): 0.1840
ECOS solver failed in IPCW_HAL_init, falling back to SCS: The solver ECOS is not installed.
WARNING - large complementary slackness residual: 0.033106
M-step CVXPY optimize time (sec): 1.1342
ECOS solver failed:  The solver ECOS is not installed. 
Using SCS instead.
ECOS solver failed:  The solver ECOS is not installed. 
Using SCS instead.
ECOS solver failed:  The solver ECOS is not installed. 
Using SCS instead.
ECOS solver failed:  The solver ECOS is not installed. 
Using SCS instead.
ECOS solver failed:  The solver ECOS is not installed. 
Using SCS instead.
ECOS solver failed:  The solver ECOS is not installed. 
Using SCS instead.
ECOS solver failed:  The solver ECOS is not installed. 
Using SCS instead.
ECOS solver failed:  The solver ECOS is not installed. 
Using SCS instead.
ECOS solver failed:  The solver ECOS is not installed. 
Using SCS instead.
ECOS solver failed:  The solver ECOS is not installed. 
Using SCS instead.
ECOS solver failed:  The solver ECOS is not installed. 
Using SCS instead.
ECOS solver failed:  The solver ECOS is not installed. 
Using SCS instead.
ECOS solver failed:  The solver ECOS is not installed. 
Using SCS instead.
ECOS solver failed:  The solver ECOS is not installed. 
Using SCS instead.
ECOS solver failed:  The solver ECOS is not installed. 
Using SCS instead.
ECOS solver failed:  The solver ECOS is not installed. 
Using SCS instead.
ECOS solver failed:  The solver ECOS is not installed. 
Using SCS instead.
ECOS solver failed:  The solver ECOS is not installed. 
Using SCS instead.
ECOS solver failed:  The solver ECOS is not installed. 
Using SCS instead.
ECOS solver failed:  The solver ECOS is not installed. 
Using SCS instead.
ECOS solver failed:  The solver ECOS is not installed. 
Using SCS instead.
M-step Design Matrix Calculation time (sec): 0.0192
ECOS solver failed in IPCW_HAL_init, falling back to SCS: The solver ECOS is not installed.
WARNING - large complementary slackness residual: 0.012124
M-step CVXPY optimize time (sec): 1.6990
ECOS solver failed:  The solver ECOS is not installed. 
Using SCS instead.
ECOS solver failed:  The solver ECOS is not installed. 
Using SCS instead.
ECOS solver failed:  The solver ECOS is not installed. 
Using SCS instead.
ECOS solver failed:  The solver ECOS is not installed. 
Using SCS instead.
ECOS solver failed:  The solver ECOS is not installed. 
Using SCS instead.
ECOS solver failed:  The solver ECOS is not installed. 
Using SCS instead.
ECOS solver failed:  The solver ECOS is not installed. 
Using SCS instead.
ECOS solver failed:  The solver ECOS is not installed. 
Using SCS instead.
ECOS solver failed:  The solver ECOS is not installed. 
Using SCS instead.
ECOS solver failed:  The solver ECOS is not installed. 
Using SCS instead.
ECOS solver failed:  The solver ECOS is not installed. 
Using SCS instead.
ECOS solver failed:  The solver ECOS is not installed. 
Using SCS instead.
ECOS solver failed:  The solver ECOS is not installed. 
Using SCS instead.
ECOS solver failed:  The solver ECOS is not installed. 
Using SCS instead.
ECOS solver failed:  The solver ECOS is not installed. 
Using SCS instead.
ECOS solver failed:  The solver ECOS is not installed. 
Using SCS instead.
ECOS solver failed:  The solver ECOS is not installed. 
Using SCS instead.
ECOS solver failed:  The solver ECOS is not installed. 
Using SCS instead.
ECOS solver failed:  The solver ECOS is not installed. 
Using SCS instead.
ECOS solver failed:  The solver ECOS is not installed. 
Using SCS instead.
ECOS solver failed:  The solver ECOS is not installed. 
Using SCS instead.
M-step Design Matrix Calculation time (sec): 0.0168
ECOS solver failed in IPCW_HAL_init, falling back to SCS: The solver ECOS is not installed.
M-step CVXPY optimize time (sec): 0.7566
ECOS solver failed:  The solver ECOS is not installed. 
Using SCS instead.
ECOS solver failed:  The solver ECOS is not installed. 
Using SCS instead.
ECOS solver failed:  The solver ECOS is not installed. 
Using SCS instead.
ECOS solver failed:  The solver ECOS is not installed. 
Using SCS instead.
ECOS solver failed:  The solver ECOS is not installed. 
Using SCS instead.
ECOS solver failed:  The solver ECOS is not installed. 
Using SCS instead.
ECOS solver failed:  The solver ECOS is not installed. 
Using SCS instead.
ECOS solver failed:  The solver ECOS is not installed. 
Using SCS instead.
ECOS solver failed:  The solver ECOS is not installed. 
Using SCS instead.
ECOS solver failed:  The solver ECOS is not installed. 
Using SCS instead.
ECOS solver failed:  The solver ECOS is not installed. 
Using SCS instead.
ECOS solver failed:  The solver ECOS is not installed. 
Using SCS instead.
ECOS solver failed:  The solver ECOS is not installed. 
Using SCS instead.
ECOS solver failed:  The solver ECOS is not installed. 
Using SCS instead.
ECOS solver failed:  The solver ECOS is not installed. 
Using SCS instead.
ECOS solver failed:  The solver ECOS is not installed. 
Using SCS instead.
ECOS solver failed:  The solver ECOS is not installed. 
Using SCS instead.
ECOS solver failed:  The solver ECOS is not installed. 
Using SCS instead.
ECOS solver failed:  The solver ECOS is not installed. 
Using SCS instead.
ECOS solver failed:  The solver ECOS is not installed. 
Using SCS instead.
ECOS solver failed:  The solver ECOS is not installed. 
Using SCS instead.
M-step Design Matrix Calculation time (sec): 0.1903
ECOS solver failed in IPCW_HAL_init, falling back to SCS: The solver ECOS is not installed.
WARNING - large complementary slackness residual: 0.015880
M-step CVXPY optimize time (sec): 3.9929
ECOS solver failed:  The solver ECOS is not installed. 
Using SCS instead.
ECOS solver failed:  The solver ECOS is not installed. 
Using SCS instead.
ECOS solver failed:  The solver ECOS is not installed. 
Using SCS instead.
ECOS solver failed:  The solver ECOS is not installed. 
Using SCS instead.
ECOS solver failed:  The solver ECOS is not installed. 
Using SCS instead.
ECOS solver failed:  The solver ECOS is not installed. 
Using SCS instead.
ECOS solver failed:  The solver ECOS is not installed. 
Using SCS instead.
ECOS solver failed:  The solver ECOS is not installed. 
Using SCS instead.
ECOS solver failed:  The solver ECOS is not installed. 
Using SCS instead.
ECOS solver failed:  The solver ECOS is not installed. 
Using SCS instead.
ECOS solver failed:  The solver ECOS is not installed. 
Using SCS instead.
ECOS solver failed:  The solver ECOS is not installed. 
Using SCS instead.
ECOS solver failed:  The solver ECOS is not installed. 
Using SCS instead.
ECOS solver failed:  The solver ECOS is not installed. 
Using SCS instead.
ECOS solver failed:  The solver ECOS is not installed. 
Using SCS instead.
ECOS solver failed:  The solver ECOS is not installed. 
Using SCS instead.
ECOS solver failed:  The solver ECOS is not installed. 
Using SCS instead.
ECOS solver failed:  The solver ECOS is not installed. 
Using SCS instead.
ECOS solver failed:  The solver ECOS is not installed. 
Using SCS instead.
ECOS solver failed:  The solver ECOS is not installed. 
Using SCS instead.
ECOS solver failed:  The solver ECOS is not installed. 
Using SCS instead.
M-step Design Matrix Calculation time (sec): 0.0555
ECOS solver failed in IPCW_HAL_init, falling back to SCS: The solver ECOS is not installed.
M-step CVXPY optimize time (sec): 1.3885
ECOS solver failed:  The solver ECOS is not installed. 
Using SCS instead.
ECOS solver failed:  The solver ECOS is not installed. 
Using SCS instead.
ECOS solver failed:  The solver ECOS is not installed. 
Using SCS instead.
ECOS solver failed:  The solver ECOS is not installed. 
Using SCS instead.
ECOS solver failed:  The solver ECOS is not installed. 
Using SCS instead.
ECOS solver failed:  The solver ECOS is not installed. 
Using SCS instead.
ECOS solver failed:  The solver ECOS is not installed. 
Using SCS instead.
ECOS solver failed:  The solver ECOS is not installed. 
Using SCS instead.
ECOS solver failed:  The solver ECOS is not installed. 
Using SCS instead.
ECOS solver failed:  The solver ECOS is not installed. 
Using SCS instead.
ECOS solver failed:  The solver ECOS is not installed. 
Using SCS instead.
ECOS solver failed:  The solver ECOS is not installed. 
Using SCS instead.
ECOS solver failed:  The solver ECOS is not installed. 
Using SCS instead.
ECOS solver failed:  The solver ECOS is not installed. 
Using SCS instead.
ECOS solver failed:  The solver ECOS is not installed. 
Using SCS instead.
ECOS solver failed:  The solver ECOS is not installed. 
Using SCS instead.
ECOS solver failed:  The solver ECOS is not installed. 
Using SCS instead.
ECOS solver failed:  The solver ECOS is not installed. 
Using SCS instead.
ECOS solver failed:  The solver ECOS is not installed. 
Using SCS instead.
ECOS solver failed:  The solver ECOS is not installed. 
Using SCS instead.
ECOS solver failed:  The solver ECOS is not installed. 
Using SCS instead.
M-step Design Matrix Calculation time (sec): 0.0309
ECOS solver failed in IPCW_HAL_init, falling back to SCS: The solver ECOS is not installed.
WARNING - large complementary slackness residual: 0.029470
M-step CVXPY optimize time (sec): 1.3450
ECOS solver failed:  The solver ECOS is not installed. 
Using SCS instead.
ECOS solver failed:  The solver ECOS is not installed. 
Using SCS instead.
ECOS solver failed:  The solver ECOS is not installed. 
Using SCS instead.
ECOS solver failed:  The solver ECOS is not installed. 
Using SCS instead.
ECOS solver failed:  The solver ECOS is not installed. 
Using SCS instead.
ECOS solver failed:  The solver ECOS is not installed. 
Using SCS instead.
ECOS solver failed:  The solver ECOS is not installed. 
Using SCS instead.
ECOS solver failed:  The solver ECOS is not installed. 
Using SCS instead.
ECOS solver failed:  The solver ECOS is not installed. 
Using SCS instead.
ECOS solver failed:  The solver ECOS is not installed. 
Using SCS instead.
ECOS solver failed:  The solver ECOS is not installed. 
Using SCS instead.
ECOS solver failed:  The solver ECOS is not installed. 
Using SCS instead.
ECOS solver failed:  The solver ECOS is not installed. 
Using SCS instead.
ECOS solver failed:  The solver ECOS is not installed. 
Using SCS instead.
ECOS solver failed:  The solver ECOS is not installed. 
Using SCS instead.
ECOS solver failed:  The solver ECOS is not installed. 
Using SCS instead.
ECOS solver failed:  The solver ECOS is not installed. 
Using SCS instead.
ECOS solver failed:  The solver ECOS is not installed. 
Using SCS instead.
ECOS solver failed:  The solver ECOS is not installed. 
Using SCS instead.
ECOS solver failed:  The solver ECOS is not installed. 
Using SCS instead.
ECOS solver failed:  The solver ECOS is not installed. 
Using SCS instead.
M-step Design Matrix Calculation time (sec): 0.0966
ECOS solver failed in IPCW_HAL_init, falling back to SCS: The solver ECOS is not installed.
WARNING - large complementary slackness residual: 0.009858
M-step CVXPY optimize time (sec): 1.7874
ECOS solver failed:  The solver ECOS is not installed. 
Using SCS instead.
ECOS solver failed:  The solver ECOS is not installed. 
Using SCS instead.
ECOS solver failed:  The solver ECOS is not installed. 
Using SCS instead.
ECOS solver failed:  The solver ECOS is not installed. 
Using SCS instead.
ECOS solver failed:  The solver ECOS is not installed. 
Using SCS instead.
ECOS solver failed:  The solver ECOS is not installed. 
Using SCS instead.
ECOS solver failed:  The solver ECOS is not installed. 
Using SCS instead.
ECOS solver failed:  The solver ECOS is not installed. 
Using SCS instead.
ECOS solver failed:  The solver ECOS is not installed. 
Using SCS instead.
ECOS solver failed:  The solver ECOS is not installed. 
Using SCS instead.
ECOS solver failed:  The solver ECOS is not installed. 
Using SCS instead.
ECOS solver failed:  The solver ECOS is not installed. 
Using SCS instead.
ECOS solver failed:  The solver ECOS is not installed. 
Using SCS instead.
ECOS solver failed:  The solver ECOS is not installed. 
Using SCS instead.
ECOS solver failed:  The solver ECOS is not installed. 
Using SCS instead.
ECOS solver failed:  The solver ECOS is not installed. 
Using SCS instead.
ECOS solver failed:  The solver ECOS is not installed. 
Using SCS instead.
ECOS solver failed:  The solver ECOS is not installed. 
Using SCS instead.
ECOS solver failed:  The solver ECOS is not installed. 
Using SCS instead.
ECOS solver failed:  The solver ECOS is not installed. 
Using SCS instead.
ECOS solver failed:  The solver ECOS is not installed. 
Using SCS instead.
M-step Design Matrix Calculation time (sec): 0.0486
ECOS solver failed in IPCW_HAL_init, falling back to SCS: The solver ECOS is not installed.
WARNING - large complementary slackness residual: 0.029601
M-step CVXPY optimize time (sec): 2.6008
ECOS solver failed:  The solver ECOS is not installed. 
Using SCS instead.
ECOS solver failed:  The solver ECOS is not installed. 
Using SCS instead.
ECOS solver failed:  The solver ECOS is not installed. 
Using SCS instead.
ECOS solver failed:  The solver ECOS is not installed. 
Using SCS instead.
ECOS solver failed:  The solver ECOS is not installed. 
Using SCS instead.
ECOS solver failed:  The solver ECOS is not installed. 
Using SCS instead.
ECOS solver failed:  The solver ECOS is not installed. 
Using SCS instead.
ECOS solver failed:  The solver ECOS is not installed. 
Using SCS instead.
ECOS solver failed:  The solver ECOS is not installed. 
Using SCS instead.
ECOS solver failed:  The solver ECOS is not installed. 
Using SCS instead.
ECOS solver failed:  The solver ECOS is not installed. 
Using SCS instead.
ECOS solver failed:  The solver ECOS is not installed. 
Using SCS instead.
ECOS solver failed:  The solver ECOS is not installed. 
Using SCS instead.
ECOS solver failed:  The solver ECOS is not installed. 
Using SCS instead.
ECOS solver failed:  The solver ECOS is not installed. 
Using SCS instead.
ECOS solver failed:  The solver ECOS is not installed. 
Using SCS instead.
ECOS solver failed:  The solver ECOS is not installed. 
Using SCS instead.
ECOS solver failed:  The solver ECOS is not installed. 
Using SCS instead.
ECOS solver failed:  The solver ECOS is not installed. 
Using SCS instead.
ECOS solver failed:  The solver ECOS is not installed. 
Using SCS instead.
ECOS solver failed:  The solver ECOS is not installed. 
Using SCS instead.
M-step Design Matrix Calculation time (sec): 0.0193
ECOS solver failed in IPCW_HAL_init, falling back to SCS: The solver ECOS is not installed.
WARNING - large complementary slackness residual: 0.033155
M-step CVXPY optimize time (sec): 1.4034
ECOS solver failed:  The solver ECOS is not installed. 
Using SCS instead.
ECOS solver failed:  The solver ECOS is not installed. 
Using SCS instead.
ECOS solver failed:  The solver ECOS is not installed. 
Using SCS instead.
ECOS solver failed:  The solver ECOS is not installed. 
Using SCS instead.
ECOS solver failed:  The solver ECOS is not installed. 
Using SCS instead.
ECOS solver failed:  The solver ECOS is not installed. 
Using SCS instead.
ECOS solver failed:  The solver ECOS is not installed. 
Using SCS instead.
ECOS solver failed:  The solver ECOS is not installed. 
Using SCS instead.
ECOS solver failed:  The solver ECOS is not installed. 
Using SCS instead.
ECOS solver failed:  The solver ECOS is not installed. 
Using SCS instead.
ECOS solver failed:  The solver ECOS is not installed. 
Using SCS instead.
ECOS solver failed:  The solver ECOS is not installed. 
Using SCS instead.
ECOS solver failed:  The solver ECOS is not installed. 
Using SCS instead.
ECOS solver failed:  The solver ECOS is not installed. 
Using SCS instead.
ECOS solver failed:  The solver ECOS is not installed. 
Using SCS instead.
ECOS solver failed:  The solver ECOS is not installed. 
Using SCS instead.
ECOS solver failed:  The solver ECOS is not installed. 
Using SCS instead.
ECOS solver failed:  The solver ECOS is not installed. 
Using SCS instead.
ECOS solver failed:  The solver ECOS is not installed. 
Using SCS instead.
ECOS solver failed:  The solver ECOS is not installed. 
Using SCS instead.
ECOS solver failed:  The solver ECOS is not installed. 
Using SCS instead.
M-step Design Matrix Calculation time (sec): 0.0532
ECOS solver failed in IPCW_HAL_init, falling back to SCS: The solver ECOS is not installed.
M-step CVXPY optimize time (sec): 1.1649
ECOS solver failed:  The solver ECOS is not installed. 
Using SCS instead.
ECOS solver failed:  The solver ECOS is not installed. 
Using SCS instead.
ECOS solver failed:  The solver ECOS is not installed. 
Using SCS instead.
ECOS solver failed:  The solver ECOS is not installed. 
Using SCS instead.
ECOS solver failed:  The solver ECOS is not installed. 
Using SCS instead.
ECOS solver failed:  The solver ECOS is not installed. 
Using SCS instead.
ECOS solver failed:  The solver ECOS is not installed. 
Using SCS instead.
ECOS solver failed:  The solver ECOS is not installed. 
Using SCS instead.
ECOS solver failed:  The solver ECOS is not installed. 
Using SCS instead.
ECOS solver failed:  The solver ECOS is not installed. 
Using SCS instead.
ECOS solver failed:  The solver ECOS is not installed. 
Using SCS instead.
ECOS solver failed:  The solver ECOS is not installed. 
Using SCS instead.
ECOS solver failed:  The solver ECOS is not installed. 
Using SCS instead.
ECOS solver failed:  The solver ECOS is not installed. 
Using SCS instead.
ECOS solver failed:  The solver ECOS is not installed. 
Using SCS instead.
ECOS solver failed:  The solver ECOS is not installed. 
Using SCS instead.
ECOS solver failed:  The solver ECOS is not installed. 
Using SCS instead.
ECOS solver failed:  The solver ECOS is not installed. 
Using SCS instead.
ECOS solver failed:  The solver ECOS is not installed. 
Using SCS instead.
ECOS solver failed:  The solver ECOS is not installed. 
Using SCS instead.
ECOS solver failed:  The solver ECOS is not installed. 
Using SCS instead.
M-step Design Matrix Calculation time (sec): 0.0187
ECOS solver failed in IPCW_HAL_init, falling back to SCS: The solver ECOS is not installed.
WARNING - large complementary slackness residual: 0.012338
M-step CVXPY optimize time (sec): 3.0840
ECOS solver failed:  The solver ECOS is not installed. 
Using SCS instead.
ECOS solver failed:  The solver ECOS is not installed. 
Using SCS instead.
ECOS solver failed:  The solver ECOS is not installed. 
Using SCS instead.
ECOS solver failed:  The solver ECOS is not installed. 
Using SCS instead.
ECOS solver failed:  The solver ECOS is not installed. 
Using SCS instead.
ECOS solver failed:  The solver ECOS is not installed. 
Using SCS instead.
ECOS solver failed:  The solver ECOS is not installed. 
Using SCS instead.
ECOS solver failed:  The solver ECOS is not installed. 
Using SCS instead.
ECOS solver failed:  The solver ECOS is not installed. 
Using SCS instead.
ECOS solver failed:  The solver ECOS is not installed. 
Using SCS instead.
ECOS solver failed:  The solver ECOS is not installed. 
Using SCS instead.
ECOS solver failed:  The solver ECOS is not installed. 
Using SCS instead.
ECOS solver failed:  The solver ECOS is not installed. 
Using SCS instead.
ECOS solver failed:  The solver ECOS is not installed. 
Using SCS instead.
ECOS solver failed:  The solver ECOS is not installed. 
Using SCS instead.
ECOS solver failed:  The solver ECOS is not installed. 
Using SCS instead.
ECOS solver failed:  The solver ECOS is not installed. 
Using SCS instead.
ECOS solver failed:  The solver ECOS is not installed. 
Using SCS instead.
ECOS solver failed:  The solver ECOS is not installed. 
Using SCS instead.
ECOS solver failed:  The solver ECOS is not installed. 
Using SCS instead.
ECOS solver failed:  The solver ECOS is not installed. 
Using SCS instead.
M-step Design Matrix Calculation time (sec): 0.0178
ECOS solver failed in IPCW_HAL_init, falling back to SCS: The solver ECOS is not installed.
WARNING - large complementary slackness residual: 0.023019
M-step CVXPY optimize time (sec): 1.2807
ECOS solver failed:  The solver ECOS is not installed. 
Using SCS instead.
ECOS solver failed:  The solver ECOS is not installed. 
Using SCS instead.
ECOS solver failed:  The solver ECOS is not installed. 
Using SCS instead.
ECOS solver failed:  The solver ECOS is not installed. 
Using SCS instead.
ECOS solver failed:  The solver ECOS is not installed. 
Using SCS instead.
ECOS solver failed:  The solver ECOS is not installed. 
Using SCS instead.
ECOS solver failed:  The solver ECOS is not installed. 
Using SCS instead.
ECOS solver failed:  The solver ECOS is not installed. 
Using SCS instead.
ECOS solver failed:  The solver ECOS is not installed. 
Using SCS instead.
ECOS solver failed:  The solver ECOS is not installed. 
Using SCS instead.
ECOS solver failed:  The solver ECOS is not installed. 
Using SCS instead.
ECOS solver failed:  The solver ECOS is not installed. 
Using SCS instead.
ECOS solver failed:  The solver ECOS is not installed. 
Using SCS instead.
ECOS solver failed:  The solver ECOS is not installed. 
Using SCS instead.
ECOS solver failed:  The solver ECOS is not installed. 
Using SCS instead.
ECOS solver failed:  The solver ECOS is not installed. 
Using SCS instead.
ECOS solver failed:  The solver ECOS is not installed. 
Using SCS instead.
ECOS solver failed:  The solver ECOS is not installed. 
Using SCS instead.
ECOS solver failed:  The solver ECOS is not installed. 
Using SCS instead.
ECOS solver failed:  The solver ECOS is not installed. 
Using SCS instead.
ECOS solver failed:  The solver ECOS is not installed. 
Using SCS instead.
M-step Design Matrix Calculation time (sec): 0.0387
ECOS solver failed in IPCW_HAL_init, falling back to SCS: The solver ECOS is not installed.
M-step CVXPY optimize time (sec): 1.2193
ECOS solver failed:  The solver ECOS is not installed. 
Using SCS instead.
ECOS solver failed:  The solver ECOS is not installed. 
Using SCS instead.
ECOS solver failed:  The solver ECOS is not installed. 
Using SCS instead.
ECOS solver failed:  The solver ECOS is not installed. 
Using SCS instead.
ECOS solver failed:  The solver ECOS is not installed. 
Using SCS instead.
ECOS solver failed:  The solver ECOS is not installed. 
Using SCS instead.
ECOS solver failed:  The solver ECOS is not installed. 
Using SCS instead.
ECOS solver failed:  The solver ECOS is not installed. 
Using SCS instead.
ECOS solver failed:  The solver ECOS is not installed. 
Using SCS instead.
ECOS solver failed:  The solver ECOS is not installed. 
Using SCS instead.
ECOS solver failed:  The solver ECOS is not installed. 
Using SCS instead.
ECOS solver failed:  The solver ECOS is not installed. 
Using SCS instead.
ECOS solver failed:  The solver ECOS is not installed. 
Using SCS instead.
ECOS solver failed:  The solver ECOS is not installed. 
Using SCS instead.
ECOS solver failed:  The solver ECOS is not installed. 
Using SCS instead.
ECOS solver failed:  The solver ECOS is not installed. 
Using SCS instead.
ECOS solver failed:  The solver ECOS is not installed. 
Using SCS instead.
ECOS solver failed:  The solver ECOS is not installed. 
Using SCS instead.
ECOS solver failed:  The solver ECOS is not installed. 
Using SCS instead.
ECOS solver failed:  The solver ECOS is not installed. 
Using SCS instead.
ECOS solver failed:  The solver ECOS is not installed. 
Using SCS instead.
M-step Design Matrix Calculation time (sec): 0.0204
ECOS solver failed in IPCW_HAL_init, falling back to SCS: The solver ECOS is not installed.
M-step CVXPY optimize time (sec): 0.9832
ECOS solver failed:  The solver ECOS is not installed. 
Using SCS instead.
ECOS solver failed:  The solver ECOS is not installed. 
Using SCS instead.
ECOS solver failed:  The solver ECOS is not installed. 
Using SCS instead.
ECOS solver failed:  The solver ECOS is not installed. 
Using SCS instead.
ECOS solver failed:  The solver ECOS is not installed. 
Using SCS instead.
ECOS solver failed:  The solver ECOS is not installed. 
Using SCS instead.
ECOS solver failed:  The solver ECOS is not installed. 
Using SCS instead.
ECOS solver failed:  The solver ECOS is not installed. 
Using SCS instead.
ECOS solver failed:  The solver ECOS is not installed. 
Using SCS instead.
ECOS solver failed:  The solver ECOS is not installed. 
Using SCS instead.
ECOS solver failed:  The solver ECOS is not installed. 
Using SCS instead.
ECOS solver failed:  The solver ECOS is not installed. 
Using SCS instead.
ECOS solver failed:  The solver ECOS is not installed. 
Using SCS instead.
ECOS solver failed:  The solver ECOS is not installed. 
Using SCS instead.
ECOS solver failed:  The solver ECOS is not installed. 
Using SCS instead.
ECOS solver failed:  The solver ECOS is not installed. 
Using SCS instead.
ECOS solver failed:  The solver ECOS is not installed. 
Using SCS instead.
ECOS solver failed:  The solver ECOS is not installed. 
Using SCS instead.
ECOS solver failed:  The solver ECOS is not installed. 
Using SCS instead.
ECOS solver failed:  The solver ECOS is not installed. 
Using SCS instead.
ECOS solver failed:  The solver ECOS is not installed. 
Using SCS instead.
M-step Design Matrix Calculation time (sec): 0.0359
ECOS solver failed in IPCW_HAL_init, falling back to SCS: The solver ECOS is not installed.
WARNING - large complementary slackness residual: 0.016374
M-step CVXPY optimize time (sec): 1.5519
ECOS solver failed:  The solver ECOS is not installed. 
Using SCS instead.
ECOS solver failed:  The solver ECOS is not installed. 
Using SCS instead.
ECOS solver failed:  The solver ECOS is not installed. 
Using SCS instead.
ECOS solver failed:  The solver ECOS is not installed. 
Using SCS instead.
ECOS solver failed:  The solver ECOS is not installed. 
Using SCS instead.
ECOS solver failed:  The solver ECOS is not installed. 
Using SCS instead.
ECOS solver failed:  The solver ECOS is not installed. 
Using SCS instead.
ECOS solver failed:  The solver ECOS is not installed. 
Using SCS instead.
ECOS solver failed:  The solver ECOS is not installed. 
Using SCS instead.
ECOS solver failed:  The solver ECOS is not installed. 
Using SCS instead.
ECOS solver failed:  The solver ECOS is not installed. 
Using SCS instead.
ECOS solver failed:  The solver ECOS is not installed. 
Using SCS instead.
ECOS solver failed:  The solver ECOS is not installed. 
Using SCS instead.
ECOS solver failed:  The solver ECOS is not installed. 
Using SCS instead.
ECOS solver failed:  The solver ECOS is not installed. 
Using SCS instead.
ECOS solver failed:  The solver ECOS is not installed. 
Using SCS instead.
ECOS solver failed:  The solver ECOS is not installed. 
Using SCS instead.
ECOS solver failed:  The solver ECOS is not installed. 
Using SCS instead.
ECOS solver failed:  The solver ECOS is not installed. 
Using SCS instead.
ECOS solver failed:  The solver ECOS is not installed. 
Using SCS instead.
ECOS solver failed:  The solver ECOS is not installed. 
Using SCS instead.
M-step Design Matrix Calculation time (sec): 0.0235
ECOS solver failed in IPCW_HAL_init, falling back to SCS: The solver ECOS is not installed.
M-step CVXPY optimize time (sec): 0.9444
ECOS solver failed:  The solver ECOS is not installed. 
Using SCS instead.
ECOS solver failed:  The solver ECOS is not installed. 
Using SCS instead.
ECOS solver failed:  The solver ECOS is not installed. 
Using SCS instead.
ECOS solver failed:  The solver ECOS is not installed. 
Using SCS instead.
ECOS solver failed:  The solver ECOS is not installed. 
Using SCS instead.
ECOS solver failed:  The solver ECOS is not installed. 
Using SCS instead.
ECOS solver failed:  The solver ECOS is not installed. 
Using SCS instead.
ECOS solver failed:  The solver ECOS is not installed. 
Using SCS instead.
ECOS solver failed:  The solver ECOS is not installed. 
Using SCS instead.
ECOS solver failed:  The solver ECOS is not installed. 
Using SCS instead.
ECOS solver failed:  The solver ECOS is not installed. 
Using SCS instead.
ECOS solver failed:  The solver ECOS is not installed. 
Using SCS instead.
ECOS solver failed:  The solver ECOS is not installed. 
Using SCS instead.
ECOS solver failed:  The solver ECOS is not installed. 
Using SCS instead.
ECOS solver failed:  The solver ECOS is not installed. 
Using SCS instead.
ECOS solver failed:  The solver ECOS is not installed. 
Using SCS instead.
ECOS solver failed:  The solver ECOS is not installed. 
Using SCS instead.
ECOS solver failed:  The solver ECOS is not installed. 
Using SCS instead.
ECOS solver failed:  The solver ECOS is not installed. 
Using SCS instead.
ECOS solver failed:  The solver ECOS is not installed. 
Using SCS instead.
ECOS solver failed:  The solver ECOS is not installed. 
Using SCS instead.
M-step Design Matrix Calculation time (sec): 0.0175
ECOS solver failed in IPCW_HAL_init, falling back to SCS: The solver ECOS is not installed.
M-step CVXPY optimize time (sec): 1.0621
ECOS solver failed:  The solver ECOS is not installed. 
Using SCS instead.
ECOS solver failed:  The solver ECOS is not installed. 
Using SCS instead.
ECOS solver failed:  The solver ECOS is not installed. 
Using SCS instead.
ECOS solver failed:  The solver ECOS is not installed. 
Using SCS instead.
ECOS solver failed:  The solver ECOS is not installed. 
Using SCS instead.
ECOS solver failed:  The solver ECOS is not installed. 
Using SCS instead.
ECOS solver failed:  The solver ECOS is not installed. 
Using SCS instead.
ECOS solver failed:  The solver ECOS is not installed. 
Using SCS instead.
ECOS solver failed:  The solver ECOS is not installed. 
Using SCS instead.
ECOS solver failed:  The solver ECOS is not installed. 
Using SCS instead.
ECOS solver failed:  The solver ECOS is not installed. 
Using SCS instead.
ECOS solver failed:  The solver ECOS is not installed. 
Using SCS instead.
ECOS solver failed:  The solver ECOS is not installed. 
Using SCS instead.
ECOS solver failed:  The solver ECOS is not installed. 
Using SCS instead.
ECOS solver failed:  The solver ECOS is not installed. 
Using SCS instead.
ECOS solver failed:  The solver ECOS is not installed. 
Using SCS instead.
ECOS solver failed:  The solver ECOS is not installed. 
Using SCS instead.
ECOS solver failed:  The solver ECOS is not installed. 
Using SCS instead.
ECOS solver failed:  The solver ECOS is not installed. 
Using SCS instead.
ECOS solver failed:  The solver ECOS is not installed. 
Using SCS instead.
ECOS solver failed:  The solver ECOS is not installed. 
Using SCS instead.
M-step Design Matrix Calculation time (sec): 0.0174
ECOS solver failed in IPCW_HAL_init, falling back to SCS: The solver ECOS is not installed.
WARNING - large complementary slackness residual: 0.014341
M-step CVXPY optimize time (sec): 0.8417
ECOS solver failed:  The solver ECOS is not installed. 
Using SCS instead.
ECOS solver failed:  The solver ECOS is not installed. 
Using SCS instead.
ECOS solver failed:  The solver ECOS is not installed. 
Using SCS instead.
ECOS solver failed:  The solver ECOS is not installed. 
Using SCS instead.
ECOS solver failed:  The solver ECOS is not installed. 
Using SCS instead.
ECOS solver failed:  The solver ECOS is not installed. 
Using SCS instead.
ECOS solver failed:  The solver ECOS is not installed. 
Using SCS instead.
ECOS solver failed:  The solver ECOS is not installed. 
Using SCS instead.
ECOS solver failed:  The solver ECOS is not installed. 
Using SCS instead.
ECOS solver failed:  The solver ECOS is not installed. 
Using SCS instead.
ECOS solver failed:  The solver ECOS is not installed. 
Using SCS instead.
ECOS solver failed:  The solver ECOS is not installed. 
Using SCS instead.
ECOS solver failed:  The solver ECOS is not installed. 
Using SCS instead.
ECOS solver failed:  The solver ECOS is not installed. 
Using SCS instead.
ECOS solver failed:  The solver ECOS is not installed. 
Using SCS instead.
ECOS solver failed:  The solver ECOS is not installed. 
Using SCS instead.
ECOS solver failed:  The solver ECOS is not installed. 
Using SCS instead.
ECOS solver failed:  The solver ECOS is not installed. 
Using SCS instead.
ECOS solver failed:  The solver ECOS is not installed. 
Using SCS instead.
ECOS solver failed:  The solver ECOS is not installed. 
Using SCS instead.
ECOS solver failed:  The solver ECOS is not installed. 
Using SCS instead.
M-step Design Matrix Calculation time (sec): 0.0209
ECOS solver failed in IPCW_HAL_init, falling back to SCS: The solver ECOS is not installed.
M-step CVXPY optimize time (sec): 1.4085
ECOS solver failed:  The solver ECOS is not installed. 
Using SCS instead.
ECOS solver failed:  The solver ECOS is not installed. 
Using SCS instead.
ECOS solver failed:  The solver ECOS is not installed. 
Using SCS instead.
ECOS solver failed:  The solver ECOS is not installed. 
Using SCS instead.
ECOS solver failed:  The solver ECOS is not installed. 
Using SCS instead.
ECOS solver failed:  The solver ECOS is not installed. 
Using SCS instead.
ECOS solver failed:  The solver ECOS is not installed. 
Using SCS instead.
ECOS solver failed:  The solver ECOS is not installed. 
Using SCS instead.
ECOS solver failed:  The solver ECOS is not installed. 
Using SCS instead.
ECOS solver failed:  The solver ECOS is not installed. 
Using SCS instead.
ECOS solver failed:  The solver ECOS is not installed. 
Using SCS instead.
ECOS solver failed:  The solver ECOS is not installed. 
Using SCS instead.
ECOS solver failed:  The solver ECOS is not installed. 
Using SCS instead.
ECOS solver failed:  The solver ECOS is not installed. 
Using SCS instead.
ECOS solver failed:  The solver ECOS is not installed. 
Using SCS instead.
ECOS solver failed:  The solver ECOS is not installed. 
Using SCS instead.
ECOS solver failed:  The solver ECOS is not installed. 
Using SCS instead.
ECOS solver failed:  The solver ECOS is not installed. 
Using SCS instead.
ECOS solver failed:  The solver ECOS is not installed. 
Using SCS instead.
ECOS solver failed:  The solver ECOS is not installed. 
Using SCS instead.
ECOS solver failed:  The solver ECOS is not installed. 
Using SCS instead.
M-step Design Matrix Calculation time (sec): 0.0200
ECOS solver failed in IPCW_HAL_init, falling back to SCS: The solver ECOS is not installed.
WARNING - large complementary slackness residual: 0.006906
M-step CVXPY optimize time (sec): 1.9162
ECOS solver failed:  The solver ECOS is not installed. 
Using SCS instead.
ECOS solver failed:  The solver ECOS is not installed. 
Using SCS instead.
ECOS solver failed:  The solver ECOS is not installed. 
Using SCS instead.
ECOS solver failed:  The solver ECOS is not installed. 
Using SCS instead.
ECOS solver failed:  The solver ECOS is not installed. 
Using SCS instead.
ECOS solver failed:  The solver ECOS is not installed. 
Using SCS instead.
ECOS solver failed:  The solver ECOS is not installed. 
Using SCS instead.
ECOS solver failed:  The solver ECOS is not installed. 
Using SCS instead.
ECOS solver failed:  The solver ECOS is not installed. 
Using SCS instead.
ECOS solver failed:  The solver ECOS is not installed. 
Using SCS instead.
ECOS solver failed:  The solver ECOS is not installed. 
Using SCS instead.
ECOS solver failed:  The solver ECOS is not installed. 
Using SCS instead.
ECOS solver failed:  The solver ECOS is not installed. 
Using SCS instead.
ECOS solver failed:  The solver ECOS is not installed. 
Using SCS instead.
ECOS solver failed:  The solver ECOS is not installed. 
Using SCS instead.
ECOS solver failed:  The solver ECOS is not installed. 
Using SCS instead.
ECOS solver failed:  The solver ECOS is not installed. 
Using SCS instead.
ECOS solver failed:  The solver ECOS is not installed. 
Using SCS instead.
ECOS solver failed:  The solver ECOS is not installed. 
Using SCS instead.
ECOS solver failed:  The solver ECOS is not installed. 
Using SCS instead.
ECOS solver failed:  The solver ECOS is not installed. 
Using SCS instead.
M-step Design Matrix Calculation time (sec): 0.0195
ECOS solver failed in IPCW_HAL_init, falling back to SCS: The solver ECOS is not installed.
WARNING - large complementary slackness residual: 0.007560
M-step CVXPY optimize time (sec): 1.9842
ECOS solver failed:  The solver ECOS is not installed. 
Using SCS instead.
ECOS solver failed:  The solver ECOS is not installed. 
Using SCS instead.
ECOS solver failed:  The solver ECOS is not installed. 
Using SCS instead.
ECOS solver failed:  The solver ECOS is not installed. 
Using SCS instead.
ECOS solver failed:  The solver ECOS is not installed. 
Using SCS instead.
ECOS solver failed:  The solver ECOS is not installed. 
Using SCS instead.
ECOS solver failed:  The solver ECOS is not installed. 
Using SCS instead.
ECOS solver failed:  The solver ECOS is not installed. 
Using SCS instead.
ECOS solver failed:  The solver ECOS is not installed. 
Using SCS instead.
ECOS solver failed:  The solver ECOS is not installed. 
Using SCS instead.
ECOS solver failed:  The solver ECOS is not installed. 
Using SCS instead.
ECOS solver failed:  The solver ECOS is not installed. 
Using SCS instead.
ECOS solver failed:  The solver ECOS is not installed. 
Using SCS instead.
ECOS solver failed:  The solver ECOS is not installed. 
Using SCS instead.
ECOS solver failed:  The solver ECOS is not installed. 
Using SCS instead.
ECOS solver failed:  The solver ECOS is not installed. 
Using SCS instead.
ECOS solver failed:  The solver ECOS is not installed. 
Using SCS instead.
ECOS solver failed:  The solver ECOS is not installed. 
Using SCS instead.
ECOS solver failed:  The solver ECOS is not installed. 
Using SCS instead.
ECOS solver failed:  The solver ECOS is not installed. 
Using SCS instead.
ECOS solver failed:  The solver ECOS is not installed. 
Using SCS instead.
M-step Design Matrix Calculation time (sec): 0.0164
ECOS solver failed in IPCW_HAL_init, falling back to SCS: The solver ECOS is not installed.
M-step CVXPY optimize time (sec): 1.2832
ECOS solver failed:  The solver ECOS is not installed. 
Using SCS instead.
ECOS solver failed:  The solver ECOS is not installed. 
Using SCS instead.
ECOS solver failed:  The solver ECOS is not installed. 
Using SCS instead.
ECOS solver failed:  The solver ECOS is not installed. 
Using SCS instead.
ECOS solver failed:  The solver ECOS is not installed. 
Using SCS instead.
ECOS solver failed:  The solver ECOS is not installed. 
Using SCS instead.
ECOS solver failed:  The solver ECOS is not installed. 
Using SCS instead.
ECOS solver failed:  The solver ECOS is not installed. 
Using SCS instead.
ECOS solver failed:  The solver ECOS is not installed. 
Using SCS instead.
ECOS solver failed:  The solver ECOS is not installed. 
Using SCS instead.
ECOS solver failed:  The solver ECOS is not installed. 
Using SCS instead.
ECOS solver failed:  The solver ECOS is not installed. 
Using SCS instead.
ECOS solver failed:  The solver ECOS is not installed. 
Using SCS instead.
ECOS solver failed:  The solver ECOS is not installed. 
Using SCS instead.
ECOS solver failed:  The solver ECOS is not installed. 
Using SCS instead.
ECOS solver failed:  The solver ECOS is not installed. 
Using SCS instead.
ECOS solver failed:  The solver ECOS is not installed. 
Using SCS instead.
ECOS solver failed:  The solver ECOS is not installed. 
Using SCS instead.
ECOS solver failed:  The solver ECOS is not installed. 
Using SCS instead.
ECOS solver failed:  The solver ECOS is not installed. 
Using SCS instead.
ECOS solver failed:  The solver ECOS is not installed. 
Using SCS instead.
M-step Design Matrix Calculation time (sec): 0.0195
ECOS solver failed in IPCW_HAL_init, falling back to SCS: The solver ECOS is not installed.
WARNING - large complementary slackness residual: 0.033218
M-step CVXPY optimize time (sec): 1.7254
ECOS solver failed:  The solver ECOS is not installed. 
Using SCS instead.
ECOS solver failed:  The solver ECOS is not installed. 
Using SCS instead.
ECOS solver failed:  The solver ECOS is not installed. 
Using SCS instead.
ECOS solver failed:  The solver ECOS is not installed. 
Using SCS instead.
ECOS solver failed:  The solver ECOS is not installed. 
Using SCS instead.
ECOS solver failed:  The solver ECOS is not installed. 
Using SCS instead.
ECOS solver failed:  The solver ECOS is not installed. 
Using SCS instead.
ECOS solver failed:  The solver ECOS is not installed. 
Using SCS instead.
ECOS solver failed:  The solver ECOS is not installed. 
Using SCS instead.
ECOS solver failed:  The solver ECOS is not installed. 
Using SCS instead.
ECOS solver failed:  The solver ECOS is not installed. 
Using SCS instead.
ECOS solver failed:  The solver ECOS is not installed. 
Using SCS instead.
ECOS solver failed:  The solver ECOS is not installed. 
Using SCS instead.
ECOS solver failed:  The solver ECOS is not installed. 
Using SCS instead.
ECOS solver failed:  The solver ECOS is not installed. 
Using SCS instead.
ECOS solver failed:  The solver ECOS is not installed. 
Using SCS instead.
ECOS solver failed:  The solver ECOS is not installed. 
Using SCS instead.
ECOS solver failed:  The solver ECOS is not installed. 
Using SCS instead.
ECOS solver failed:  The solver ECOS is not installed. 
Using SCS instead.
ECOS solver failed:  The solver ECOS is not installed. 
Using SCS instead.
ECOS solver failed:  The solver ECOS is not installed. 
Using SCS instead.
M-step Design Matrix Calculation time (sec): 0.0227
ECOS solver failed in IPCW_HAL_init, falling back to SCS: The solver ECOS is not installed.
M-step CVXPY optimize time (sec): 0.8636
ECOS solver failed:  The solver ECOS is not installed. 
Using SCS instead.
ECOS solver failed:  The solver ECOS is not installed. 
Using SCS instead.
ECOS solver failed:  The solver ECOS is not installed. 
Using SCS instead.
ECOS solver failed:  The solver ECOS is not installed. 
Using SCS instead.
ECOS solver failed:  The solver ECOS is not installed. 
Using SCS instead.
ECOS solver failed:  The solver ECOS is not installed. 
Using SCS instead.
ECOS solver failed:  The solver ECOS is not installed. 
Using SCS instead.
ECOS solver failed:  The solver ECOS is not installed. 
Using SCS instead.
ECOS solver failed:  The solver ECOS is not installed. 
Using SCS instead.
ECOS solver failed:  The solver ECOS is not installed. 
Using SCS instead.
ECOS solver failed:  The solver ECOS is not installed. 
Using SCS instead.
ECOS solver failed:  The solver ECOS is not installed. 
Using SCS instead.
ECOS solver failed:  The solver ECOS is not installed. 
Using SCS instead.
ECOS solver failed:  The solver ECOS is not installed. 
Using SCS instead.
ECOS solver failed:  The solver ECOS is not installed. 
Using SCS instead.
ECOS solver failed:  The solver ECOS is not installed. 
Using SCS instead.
ECOS solver failed:  The solver ECOS is not installed. 
Using SCS instead.
ECOS solver failed:  The solver ECOS is not installed. 
Using SCS instead.
ECOS solver failed:  The solver ECOS is not installed. 
Using SCS instead.
ECOS solver failed:  The solver ECOS is not installed. 
Using SCS instead.
ECOS solver failed:  The solver ECOS is not installed. 
Using SCS instead.
M-step Design Matrix Calculation time (sec): 0.0462
ECOS solver failed in IPCW_HAL_init, falling back to SCS: The solver ECOS is not installed.
M-step CVXPY optimize time (sec): 1.6957
ECOS solver failed:  The solver ECOS is not installed. 
Using SCS instead.
ECOS solver failed:  The solver ECOS is not installed. 
Using SCS instead.
ECOS solver failed:  The solver ECOS is not installed. 
Using SCS instead.
ECOS solver failed:  The solver ECOS is not installed. 
Using SCS instead.
ECOS solver failed:  The solver ECOS is not installed. 
Using SCS instead.
ECOS solver failed:  The solver ECOS is not installed. 
Using SCS instead.
ECOS solver failed:  The solver ECOS is not installed. 
Using SCS instead.
ECOS solver failed:  The solver ECOS is not installed. 
Using SCS instead.
ECOS solver failed:  The solver ECOS is not installed. 
Using SCS instead.
ECOS solver failed:  The solver ECOS is not installed. 
Using SCS instead.
ECOS solver failed:  The solver ECOS is not installed. 
Using SCS instead.
ECOS solver failed:  The solver ECOS is not installed. 
Using SCS instead.
ECOS solver failed:  The solver ECOS is not installed. 
Using SCS instead.
ECOS solver failed:  The solver ECOS is not installed. 
Using SCS instead.
ECOS solver failed:  The solver ECOS is not installed. 
Using SCS instead.
ECOS solver failed:  The solver ECOS is not installed. 
Using SCS instead.
ECOS solver failed:  The solver ECOS is not installed. 
Using SCS instead.
ECOS solver failed:  The solver ECOS is not installed. 
Using SCS instead.
ECOS solver failed:  The solver ECOS is not installed. 
Using SCS instead.
ECOS solver failed:  The solver ECOS is not installed. 
Using SCS instead.
ECOS solver failed:  The solver ECOS is not installed. 
Using SCS instead.
M-step Design Matrix Calculation time (sec): 0.0523
ECOS solver failed in IPCW_HAL_init, falling back to SCS: The solver ECOS is not installed.
WARNING - large complementary slackness residual: 0.023803
M-step CVXPY optimize time (sec): 1.7035
ECOS solver failed:  The solver ECOS is not installed. 
Using SCS instead.
ECOS solver failed:  The solver ECOS is not installed. 
Using SCS instead.
ECOS solver failed:  The solver ECOS is not installed. 
Using SCS instead.
ECOS solver failed:  The solver ECOS is not installed. 
Using SCS instead.
ECOS solver failed:  The solver ECOS is not installed. 
Using SCS instead.
ECOS solver failed:  The solver ECOS is not installed. 
Using SCS instead.
ECOS solver failed:  The solver ECOS is not installed. 
Using SCS instead.
ECOS solver failed:  The solver ECOS is not installed. 
Using SCS instead.
ECOS solver failed:  The solver ECOS is not installed. 
Using SCS instead.
ECOS solver failed:  The solver ECOS is not installed. 
Using SCS instead.
ECOS solver failed:  The solver ECOS is not installed. 
Using SCS instead.
ECOS solver failed:  The solver ECOS is not installed. 
Using SCS instead.
ECOS solver failed:  The solver ECOS is not installed. 
Using SCS instead.
ECOS solver failed:  The solver ECOS is not installed. 
Using SCS instead.
ECOS solver failed:  The solver ECOS is not installed. 
Using SCS instead.
ECOS solver failed:  The solver ECOS is not installed. 
Using SCS instead.
ECOS solver failed:  The solver ECOS is not installed. 
Using SCS instead.
ECOS solver failed:  The solver ECOS is not installed. 
Using SCS instead.
ECOS solver failed:  The solver ECOS is not installed. 
Using SCS instead.
ECOS solver failed:  The solver ECOS is not installed. 
Using SCS instead.
ECOS solver failed:  The solver ECOS is not installed. 
Using SCS instead.
M-step Design Matrix Calculation time (sec): 0.0606
ECOS solver failed in IPCW_HAL_init, falling back to SCS: The solver ECOS is not installed.
WARNING - large complementary slackness residual: 0.006435
M-step CVXPY optimize time (sec): 3.7442
ECOS solver failed:  The solver ECOS is not installed. 
Using SCS instead.
ECOS solver failed:  The solver ECOS is not installed. 
Using SCS instead.
ECOS solver failed:  The solver ECOS is not installed. 
Using SCS instead.
ECOS solver failed:  The solver ECOS is not installed. 
Using SCS instead.
ECOS solver failed:  The solver ECOS is not installed. 
Using SCS instead.
ECOS solver failed:  The solver ECOS is not installed. 
Using SCS instead.
ECOS solver failed:  The solver ECOS is not installed. 
Using SCS instead.
ECOS solver failed:  The solver ECOS is not installed. 
Using SCS instead.
ECOS solver failed:  The solver ECOS is not installed. 
Using SCS instead.
ECOS solver failed:  The solver ECOS is not installed. 
Using SCS instead.
ECOS solver failed:  The solver ECOS is not installed. 
Using SCS instead.
ECOS solver failed:  The solver ECOS is not installed. 
Using SCS instead.
ECOS solver failed:  The solver ECOS is not installed. 
Using SCS instead.
ECOS solver failed:  The solver ECOS is not installed. 
Using SCS instead.
ECOS solver failed:  The solver ECOS is not installed. 
Using SCS instead.
ECOS solver failed:  The solver ECOS is not installed. 
Using SCS instead.
ECOS solver failed:  The solver ECOS is not installed. 
Using SCS instead.
ECOS solver failed:  The solver ECOS is not installed. 
Using SCS instead.
ECOS solver failed:  The solver ECOS is not installed. 
Using SCS instead.
ECOS solver failed:  The solver ECOS is not installed. 
Using SCS instead.
ECOS solver failed:  The solver ECOS is not installed. 
Using SCS instead.
M-step Design Matrix Calculation time (sec): 0.0928
ECOS solver failed in IPCW_HAL_init, falling back to SCS: The solver ECOS is not installed.
WARNING - large complementary slackness residual: 0.005776
M-step CVXPY optimize time (sec): 2.5005
ECOS solver failed:  The solver ECOS is not installed. 
Using SCS instead.
ECOS solver failed:  The solver ECOS is not installed. 
Using SCS instead.
ECOS solver failed:  The solver ECOS is not installed. 
Using SCS instead.
ECOS solver failed:  The solver ECOS is not installed. 
Using SCS instead.
ECOS solver failed:  The solver ECOS is not installed. 
Using SCS instead.
ECOS solver failed:  The solver ECOS is not installed. 
Using SCS instead.
ECOS solver failed:  The solver ECOS is not installed. 
Using SCS instead.
ECOS solver failed:  The solver ECOS is not installed. 
Using SCS instead.
ECOS solver failed:  The solver ECOS is not installed. 
Using SCS instead.
ECOS solver failed:  The solver ECOS is not installed. 
Using SCS instead.
ECOS solver failed:  The solver ECOS is not installed. 
Using SCS instead.
ECOS solver failed:  The solver ECOS is not installed. 
Using SCS instead.
ECOS solver failed:  The solver ECOS is not installed. 
Using SCS instead.
ECOS solver failed:  The solver ECOS is not installed. 
Using SCS instead.
ECOS solver failed:  The solver ECOS is not installed. 
Using SCS instead.
ECOS solver failed:  The solver ECOS is not installed. 
Using SCS instead.
ECOS solver failed:  The solver ECOS is not installed. 
Using SCS instead.
ECOS solver failed:  The solver ECOS is not installed. 
Using SCS instead.
ECOS solver failed:  The solver ECOS is not installed. 
Using SCS instead.
ECOS solver failed:  The solver ECOS is not installed. 
Using SCS instead.
ECOS solver failed:  The solver ECOS is not installed. 
Using SCS instead.
M-step Design Matrix Calculation time (sec): 0.0199
ECOS solver failed in IPCW_HAL_init, falling back to SCS: The solver ECOS is not installed.
M-step CVXPY optimize time (sec): 1.8042
ECOS solver failed:  The solver ECOS is not installed. 
Using SCS instead.
ECOS solver failed:  The solver ECOS is not installed. 
Using SCS instead.
ECOS solver failed:  The solver ECOS is not installed. 
Using SCS instead.
ECOS solver failed:  The solver ECOS is not installed. 
Using SCS instead.
ECOS solver failed:  The solver ECOS is not installed. 
Using SCS instead.
ECOS solver failed:  The solver ECOS is not installed. 
Using SCS instead.
ECOS solver failed:  The solver ECOS is not installed. 
Using SCS instead.
ECOS solver failed:  The solver ECOS is not installed. 
Using SCS instead.
ECOS solver failed:  The solver ECOS is not installed. 
Using SCS instead.
ECOS solver failed:  The solver ECOS is not installed. 
Using SCS instead.
ECOS solver failed:  The solver ECOS is not installed. 
Using SCS instead.
ECOS solver failed:  The solver ECOS is not installed. 
Using SCS instead.
ECOS solver failed:  The solver ECOS is not installed. 
Using SCS instead.
ECOS solver failed:  The solver ECOS is not installed. 
Using SCS instead.
ECOS solver failed:  The solver ECOS is not installed. 
Using SCS instead.
ECOS solver failed:  The solver ECOS is not installed. 
Using SCS instead.
ECOS solver failed:  The solver ECOS is not installed. 
Using SCS instead.
ECOS solver failed:  The solver ECOS is not installed. 
Using SCS instead.
ECOS solver failed:  The solver ECOS is not installed. 
Using SCS instead.
ECOS solver failed:  The solver ECOS is not installed. 
Using SCS instead.
ECOS solver failed:  The solver ECOS is not installed. 
Using SCS instead.
M-step Design Matrix Calculation time (sec): 0.0527
ECOS solver failed in IPCW_HAL_init, falling back to SCS: The solver ECOS is not installed.
M-step CVXPY optimize time (sec): 1.3757
ECOS solver failed:  The solver ECOS is not installed. 
Using SCS instead.
ECOS solver failed:  The solver ECOS is not installed. 
Using SCS instead.
ECOS solver failed:  The solver ECOS is not installed. 
Using SCS instead.
ECOS solver failed:  The solver ECOS is not installed. 
Using SCS instead.
ECOS solver failed:  The solver ECOS is not installed. 
Using SCS instead.
ECOS solver failed:  The solver ECOS is not installed. 
Using SCS instead.
ECOS solver failed:  The solver ECOS is not installed. 
Using SCS instead.
ECOS solver failed:  The solver ECOS is not installed. 
Using SCS instead.
ECOS solver failed:  The solver ECOS is not installed. 
Using SCS instead.
ECOS solver failed:  The solver ECOS is not installed. 
Using SCS instead.
ECOS solver failed:  The solver ECOS is not installed. 
Using SCS instead.
ECOS solver failed:  The solver ECOS is not installed. 
Using SCS instead.
ECOS solver failed:  The solver ECOS is not installed. 
Using SCS instead.
ECOS solver failed:  The solver ECOS is not installed. 
Using SCS instead.
ECOS solver failed:  The solver ECOS is not installed. 
Using SCS instead.
ECOS solver failed:  The solver ECOS is not installed. 
Using SCS instead.
ECOS solver failed:  The solver ECOS is not installed. 
Using SCS instead.
ECOS solver failed:  The solver ECOS is not installed. 
Using SCS instead.
ECOS solver failed:  The solver ECOS is not installed. 
Using SCS instead.
ECOS solver failed:  The solver ECOS is not installed. 
Using SCS instead.
ECOS solver failed:  The solver ECOS is not installed. 
Using SCS instead.
M-step Design Matrix Calculation time (sec): 0.0974
ECOS solver failed in IPCW_HAL_init, falling back to SCS: The solver ECOS is not installed.
WARNING - large complementary slackness residual: 0.006384
M-step CVXPY optimize time (sec): 3.7392
ECOS solver failed:  The solver ECOS is not installed. 
Using SCS instead.
ECOS solver failed:  The solver ECOS is not installed. 
Using SCS instead.
ECOS solver failed:  The solver ECOS is not installed. 
Using SCS instead.
ECOS solver failed:  The solver ECOS is not installed. 
Using SCS instead.
ECOS solver failed:  The solver ECOS is not installed. 
Using SCS instead.
ECOS solver failed:  The solver ECOS is not installed. 
Using SCS instead.
ECOS solver failed:  The solver ECOS is not installed. 
Using SCS instead.
ECOS solver failed:  The solver ECOS is not installed. 
Using SCS instead.
ECOS solver failed:  The solver ECOS is not installed. 
Using SCS instead.
ECOS solver failed:  The solver ECOS is not installed. 
Using SCS instead.
ECOS solver failed:  The solver ECOS is not installed. 
Using SCS instead.
ECOS solver failed:  The solver ECOS is not installed. 
Using SCS instead.
ECOS solver failed:  The solver ECOS is not installed. 
Using SCS instead.
ECOS solver failed:  The solver ECOS is not installed. 
Using SCS instead.
ECOS solver failed:  The solver ECOS is not installed. 
Using SCS instead.
ECOS solver failed:  The solver ECOS is not installed. 
Using SCS instead.
ECOS solver failed:  The solver ECOS is not installed. 
Using SCS instead.
ECOS solver failed:  The solver ECOS is not installed. 
Using SCS instead.
ECOS solver failed:  The solver ECOS is not installed. 
Using SCS instead.
ECOS solver failed:  The solver ECOS is not installed. 
Using SCS instead.
ECOS solver failed:  The solver ECOS is not installed. 
Using SCS instead.
M-step Design Matrix Calculation time (sec): 0.0612
ECOS solver failed in IPCW_HAL_init, falling back to SCS: The solver ECOS is not installed.
M-step CVXPY optimize time (sec): 1.5152
ECOS solver failed:  The solver ECOS is not installed. 
Using SCS instead.
ECOS solver failed:  The solver ECOS is not installed. 
Using SCS instead.
ECOS solver failed:  The solver ECOS is not installed. 
Using SCS instead.
ECOS solver failed:  The solver ECOS is not installed. 
Using SCS instead.
ECOS solver failed:  The solver ECOS is not installed. 
Using SCS instead.
ECOS solver failed:  The solver ECOS is not installed. 
Using SCS instead.
ECOS solver failed:  The solver ECOS is not installed. 
Using SCS instead.
ECOS solver failed:  The solver ECOS is not installed. 
Using SCS instead.
ECOS solver failed:  The solver ECOS is not installed. 
Using SCS instead.
ECOS solver failed:  The solver ECOS is not installed. 
Using SCS instead.
ECOS solver failed:  The solver ECOS is not installed. 
Using SCS instead.
ECOS solver failed:  The solver ECOS is not installed. 
Using SCS instead.
ECOS solver failed:  The solver ECOS is not installed. 
Using SCS instead.
ECOS solver failed:  The solver ECOS is not installed. 
Using SCS instead.
ECOS solver failed:  The solver ECOS is not installed. 
Using SCS instead.
ECOS solver failed:  The solver ECOS is not installed. 
Using SCS instead.
ECOS solver failed:  The solver ECOS is not installed. 
Using SCS instead.
ECOS solver failed:  The solver ECOS is not installed. 
Using SCS instead.
ECOS solver failed:  The solver ECOS is not installed. 
Using SCS instead.
ECOS solver failed:  The solver ECOS is not installed. 
Using SCS instead.
ECOS solver failed:  The solver ECOS is not installed. 
Using SCS instead.
M-step Design Matrix Calculation time (sec): 0.0736
ECOS solver failed in IPCW_HAL_init, falling back to SCS: The solver ECOS is not installed.
WARNING - large complementary slackness residual: 0.026032
M-step CVXPY optimize time (sec): 4.6560
ECOS solver failed:  The solver ECOS is not installed. 
Using SCS instead.
ECOS solver failed:  The solver ECOS is not installed. 
Using SCS instead.
ECOS solver failed:  The solver ECOS is not installed. 
Using SCS instead.
ECOS solver failed:  The solver ECOS is not installed. 
Using SCS instead.
ECOS solver failed:  The solver ECOS is not installed. 
Using SCS instead.
ECOS solver failed:  The solver ECOS is not installed. 
Using SCS instead.
ECOS solver failed:  The solver ECOS is not installed. 
Using SCS instead.
ECOS solver failed:  The solver ECOS is not installed. 
Using SCS instead.
ECOS solver failed:  The solver ECOS is not installed. 
Using SCS instead.
ECOS solver failed:  The solver ECOS is not installed. 
Using SCS instead.
ECOS solver failed:  The solver ECOS is not installed. 
Using SCS instead.
ECOS solver failed:  The solver ECOS is not installed. 
Using SCS instead.
ECOS solver failed:  The solver ECOS is not installed. 
Using SCS instead.
ECOS solver failed:  The solver ECOS is not installed. 
Using SCS instead.
ECOS solver failed:  The solver ECOS is not installed. 
Using SCS instead.
ECOS solver failed:  The solver ECOS is not installed. 
Using SCS instead.
ECOS solver failed:  The solver ECOS is not installed. 
Using SCS instead.
ECOS solver failed:  The solver ECOS is not installed. 
Using SCS instead.
ECOS solver failed:  The solver ECOS is not installed. 
Using SCS instead.
ECOS solver failed:  The solver ECOS is not installed. 
Using SCS instead.
ECOS solver failed:  The solver ECOS is not installed. 
Using SCS instead.
M-step Design Matrix Calculation time (sec): 0.0177
ECOS solver failed in IPCW_HAL_init, falling back to SCS: The solver ECOS is not installed.
WARNING - large complementary slackness residual: 0.013970
M-step CVXPY optimize time (sec): 1.3450
ECOS solver failed:  The solver ECOS is not installed. 
Using SCS instead.
ECOS solver failed:  The solver ECOS is not installed. 
Using SCS instead.
ECOS solver failed:  The solver ECOS is not installed. 
Using SCS instead.
ECOS solver failed:  The solver ECOS is not installed. 
Using SCS instead.
ECOS solver failed:  The solver ECOS is not installed. 
Using SCS instead.
ECOS solver failed:  The solver ECOS is not installed. 
Using SCS instead.
ECOS solver failed:  The solver ECOS is not installed. 
Using SCS instead.
ECOS solver failed:  The solver ECOS is not installed. 
Using SCS instead.
ECOS solver failed:  The solver ECOS is not installed. 
Using SCS instead.
ECOS solver failed:  The solver ECOS is not installed. 
Using SCS instead.
ECOS solver failed:  The solver ECOS is not installed. 
Using SCS instead.
ECOS solver failed:  The solver ECOS is not installed. 
Using SCS instead.
ECOS solver failed:  The solver ECOS is not installed. 
Using SCS instead.
ECOS solver failed:  The solver ECOS is not installed. 
Using SCS instead.
ECOS solver failed:  The solver ECOS is not installed. 
Using SCS instead.
ECOS solver failed:  The solver ECOS is not installed. 
Using SCS instead.
ECOS solver failed:  The solver ECOS is not installed. 
Using SCS instead.
ECOS solver failed:  The solver ECOS is not installed. 
Using SCS instead.
ECOS solver failed:  The solver ECOS is not installed. 
Using SCS instead.
ECOS solver failed:  The solver ECOS is not installed. 
Using SCS instead.
ECOS solver failed:  The solver ECOS is not installed. 
Using SCS instead.
M-step Design Matrix Calculation time (sec): 0.0188
ECOS solver failed in IPCW_HAL_init, falling back to SCS: The solver ECOS is not installed.
WARNING - large complementary slackness residual: 0.033371
M-step CVXPY optimize time (sec): 0.6129
ECOS solver failed:  The solver ECOS is not installed. 
Using SCS instead.
ECOS solver failed:  The solver ECOS is not installed. 
Using SCS instead.
ECOS solver failed:  The solver ECOS is not installed. 
Using SCS instead.
ECOS solver failed:  The solver ECOS is not installed. 
Using SCS instead.
ECOS solver failed:  The solver ECOS is not installed. 
Using SCS instead.
ECOS solver failed:  The solver ECOS is not installed. 
Using SCS instead.
ECOS solver failed:  The solver ECOS is not installed. 
Using SCS instead.
ECOS solver failed:  The solver ECOS is not installed. 
Using SCS instead.
ECOS solver failed:  The solver ECOS is not installed. 
Using SCS instead.
ECOS solver failed:  The solver ECOS is not installed. 
Using SCS instead.
ECOS solver failed:  The solver ECOS is not installed. 
Using SCS instead.
ECOS solver failed:  The solver ECOS is not installed. 
Using SCS instead.
ECOS solver failed:  The solver ECOS is not installed. 
Using SCS instead.
ECOS solver failed:  The solver ECOS is not installed. 
Using SCS instead.
ECOS solver failed:  The solver ECOS is not installed. 
Using SCS instead.
ECOS solver failed:  The solver ECOS is not installed. 
Using SCS instead.
ECOS solver failed:  The solver ECOS is not installed. 
Using SCS instead.
ECOS solver failed:  The solver ECOS is not installed. 
Using SCS instead.
ECOS solver failed:  The solver ECOS is not installed. 
Using SCS instead.
ECOS solver failed:  The solver ECOS is not installed. 
Using SCS instead.
ECOS solver failed:  The solver ECOS is not installed. 
Using SCS instead.
M-step Design Matrix Calculation time (sec): 0.0182
ECOS solver failed in IPCW_HAL_init, falling back to SCS: The solver ECOS is not installed.
WARNING - large complementary slackness residual: 0.006550
M-step CVXPY optimize time (sec): 0.8974
ECOS solver failed:  The solver ECOS is not installed. 
Using SCS instead.
ECOS solver failed:  The solver ECOS is not installed. 
Using SCS instead.
ECOS solver failed:  The solver ECOS is not installed. 
Using SCS instead.
ECOS solver failed:  The solver ECOS is not installed. 
Using SCS instead.
ECOS solver failed:  The solver ECOS is not installed. 
Using SCS instead.
ECOS solver failed:  The solver ECOS is not installed. 
Using SCS instead.
ECOS solver failed:  The solver ECOS is not installed. 
Using SCS instead.
ECOS solver failed:  The solver ECOS is not installed. 
Using SCS instead.
ECOS solver failed:  The solver ECOS is not installed. 
Using SCS instead.
ECOS solver failed:  The solver ECOS is not installed. 
Using SCS instead.
ECOS solver failed:  The solver ECOS is not installed. 
Using SCS instead.
ECOS solver failed:  The solver ECOS is not installed. 
Using SCS instead.
ECOS solver failed:  The solver ECOS is not installed. 
Using SCS instead.
ECOS solver failed:  The solver ECOS is not installed. 
Using SCS instead.
ECOS solver failed:  The solver ECOS is not installed. 
Using SCS instead.
ECOS solver failed:  The solver ECOS is not installed. 
Using SCS instead.
ECOS solver failed:  The solver ECOS is not installed. 
Using SCS instead.
ECOS solver failed:  The solver ECOS is not installed. 
Using SCS instead.
ECOS solver failed:  The solver ECOS is not installed. 
Using SCS instead.
ECOS solver failed:  The solver ECOS is not installed. 
Using SCS instead.
ECOS solver failed:  The solver ECOS is not installed. 
Using SCS instead.
M-step Design Matrix Calculation time (sec): 0.1420
ECOS solver failed in IPCW_HAL_init, falling back to SCS: The solver ECOS is not installed.
M-step CVXPY optimize time (sec): 0.5824
ECOS solver failed:  The solver ECOS is not installed. 
Using SCS instead.
ECOS solver failed:  The solver ECOS is not installed. 
Using SCS instead.
ECOS solver failed:  The solver ECOS is not installed. 
Using SCS instead.
ECOS solver failed:  The solver ECOS is not installed. 
Using SCS instead.
ECOS solver failed:  The solver ECOS is not installed. 
Using SCS instead.
ECOS solver failed:  The solver ECOS is not installed. 
Using SCS instead.
ECOS solver failed:  The solver ECOS is not installed. 
Using SCS instead.
ECOS solver failed:  The solver ECOS is not installed. 
Using SCS instead.
ECOS solver failed:  The solver ECOS is not installed. 
Using SCS instead.
ECOS solver failed:  The solver ECOS is not installed. 
Using SCS instead.
ECOS solver failed:  The solver ECOS is not installed. 
Using SCS instead.
ECOS solver failed:  The solver ECOS is not installed. 
Using SCS instead.
ECOS solver failed:  The solver ECOS is not installed. 
Using SCS instead.
ECOS solver failed:  The solver ECOS is not installed. 
Using SCS instead.
ECOS solver failed:  The solver ECOS is not installed. 
Using SCS instead.
ECOS solver failed:  The solver ECOS is not installed. 
Using SCS instead.
ECOS solver failed:  The solver ECOS is not installed. 
Using SCS instead.
ECOS solver failed:  The solver ECOS is not installed. 
Using SCS instead.
ECOS solver failed:  The solver ECOS is not installed. 
Using SCS instead.
ECOS solver failed:  The solver ECOS is not installed. 
Using SCS instead.
ECOS solver failed:  The solver ECOS is not installed. 
Using SCS instead.
M-step Design Matrix Calculation time (sec): 0.0379
ECOS solver failed in IPCW_HAL_init, falling back to SCS: The solver ECOS is not installed.
M-step CVXPY optimize time (sec): 3.9964
ECOS solver failed:  The solver ECOS is not installed. 
Using SCS instead.
ECOS solver failed:  The solver ECOS is not installed. 
Using SCS instead.
ECOS solver failed:  The solver ECOS is not installed. 
Using SCS instead.
ECOS solver failed:  The solver ECOS is not installed. 
Using SCS instead.
ECOS solver failed:  The solver ECOS is not installed. 
Using SCS instead.
ECOS solver failed:  The solver ECOS is not installed. 
Using SCS instead.
ECOS solver failed:  The solver ECOS is not installed. 
Using SCS instead.
ECOS solver failed:  The solver ECOS is not installed. 
Using SCS instead.
ECOS solver failed:  The solver ECOS is not installed. 
Using SCS instead.
ECOS solver failed:  The solver ECOS is not installed. 
Using SCS instead.
ECOS solver failed:  The solver ECOS is not installed. 
Using SCS instead.
ECOS solver failed:  The solver ECOS is not installed. 
Using SCS instead.
ECOS solver failed:  The solver ECOS is not installed. 
Using SCS instead.
ECOS solver failed:  The solver ECOS is not installed. 
Using SCS instead.
ECOS solver failed:  The solver ECOS is not installed. 
Using SCS instead.
ECOS solver failed:  The solver ECOS is not installed. 
Using SCS instead.
ECOS solver failed:  The solver ECOS is not installed. 
Using SCS instead.
ECOS solver failed:  The solver ECOS is not installed. 
Using SCS instead.
ECOS solver failed:  The solver ECOS is not installed. 
Using SCS instead.
ECOS solver failed:  The solver ECOS is not installed. 
Using SCS instead.
ECOS solver failed:  The solver ECOS is not installed. 
Using SCS instead.
M-step Design Matrix Calculation time (sec): 0.0437
ECOS solver failed in IPCW_HAL_init, falling back to SCS: The solver ECOS is not installed.
WARNING - large complementary slackness residual: 0.003804
M-step CVXPY optimize time (sec): 1.3700
ECOS solver failed:  The solver ECOS is not installed. 
Using SCS instead.
ECOS solver failed:  The solver ECOS is not installed. 
Using SCS instead.
ECOS solver failed:  The solver ECOS is not installed. 
Using SCS instead.
ECOS solver failed:  The solver ECOS is not installed. 
Using SCS instead.
ECOS solver failed:  The solver ECOS is not installed. 
Using SCS instead.
ECOS solver failed:  The solver ECOS is not installed. 
Using SCS instead.
ECOS solver failed:  The solver ECOS is not installed. 
Using SCS instead.
ECOS solver failed:  The solver ECOS is not installed. 
Using SCS instead.
ECOS solver failed:  The solver ECOS is not installed. 
Using SCS instead.
ECOS solver failed:  The solver ECOS is not installed. 
Using SCS instead.
ECOS solver failed:  The solver ECOS is not installed. 
Using SCS instead.
ECOS solver failed:  The solver ECOS is not installed. 
Using SCS instead.
ECOS solver failed:  The solver ECOS is not installed. 
Using SCS instead.
ECOS solver failed:  The solver ECOS is not installed. 
Using SCS instead.
ECOS solver failed:  The solver ECOS is not installed. 
Using SCS instead.
ECOS solver failed:  The solver ECOS is not installed. 
Using SCS instead.
ECOS solver failed:  The solver ECOS is not installed. 
Using SCS instead.
ECOS solver failed:  The solver ECOS is not installed. 
Using SCS instead.
ECOS solver failed:  The solver ECOS is not installed. 
Using SCS instead.
ECOS solver failed:  The solver ECOS is not installed. 
Using SCS instead.
ECOS solver failed:  The solver ECOS is not installed. 
Using SCS instead.
M-step Design Matrix Calculation time (sec): 0.1848
ECOS solver failed in IPCW_HAL_init, falling back to SCS: The solver ECOS is not installed.
WARNING - large complementary slackness residual: 0.032619
M-step CVXPY optimize time (sec): 0.8926
ECOS solver failed:  The solver ECOS is not installed. 
Using SCS instead.
ECOS solver failed:  The solver ECOS is not installed. 
Using SCS instead.
ECOS solver failed:  The solver ECOS is not installed. 
Using SCS instead.
ECOS solver failed:  The solver ECOS is not installed. 
Using SCS instead.
ECOS solver failed:  The solver ECOS is not installed. 
Using SCS instead.
ECOS solver failed:  The solver ECOS is not installed. 
Using SCS instead.
ECOS solver failed:  The solver ECOS is not installed. 
Using SCS instead.
ECOS solver failed:  The solver ECOS is not installed. 
Using SCS instead.
ECOS solver failed:  The solver ECOS is not installed. 
Using SCS instead.
ECOS solver failed:  The solver ECOS is not installed. 
Using SCS instead.
ECOS solver failed:  The solver ECOS is not installed. 
Using SCS instead.
ECOS solver failed:  The solver ECOS is not installed. 
Using SCS instead.
ECOS solver failed:  The solver ECOS is not installed. 
Using SCS instead.
ECOS solver failed:  The solver ECOS is not installed. 
Using SCS instead.
ECOS solver failed:  The solver ECOS is not installed. 
Using SCS instead.
ECOS solver failed:  The solver ECOS is not installed. 
Using SCS instead.
ECOS solver failed:  The solver ECOS is not installed. 
Using SCS instead.
ECOS solver failed:  The solver ECOS is not installed. 
Using SCS instead.
ECOS solver failed:  The solver ECOS is not installed. 
Using SCS instead.
ECOS solver failed:  The solver ECOS is not installed. 
Using SCS instead.
ECOS solver failed:  The solver ECOS is not installed. 
Using SCS instead.
M-step Design Matrix Calculation time (sec): 0.0284
ECOS solver failed in IPCW_HAL_init, falling back to SCS: The solver ECOS is not installed.
M-step CVXPY optimize time (sec): 1.0334
ECOS solver failed:  The solver ECOS is not installed. 
Using SCS instead.
ECOS solver failed:  The solver ECOS is not installed. 
Using SCS instead.
ECOS solver failed:  The solver ECOS is not installed. 
Using SCS instead.
ECOS solver failed:  The solver ECOS is not installed. 
Using SCS instead.
ECOS solver failed:  The solver ECOS is not installed. 
Using SCS instead.
ECOS solver failed:  The solver ECOS is not installed. 
Using SCS instead.
ECOS solver failed:  The solver ECOS is not installed. 
Using SCS instead.
ECOS solver failed:  The solver ECOS is not installed. 
Using SCS instead.
ECOS solver failed:  The solver ECOS is not installed. 
Using SCS instead.
ECOS solver failed:  The solver ECOS is not installed. 
Using SCS instead.
ECOS solver failed:  The solver ECOS is not installed. 
Using SCS instead.
ECOS solver failed:  The solver ECOS is not installed. 
Using SCS instead.
ECOS solver failed:  The solver ECOS is not installed. 
Using SCS instead.
ECOS solver failed:  The solver ECOS is not installed. 
Using SCS instead.
ECOS solver failed:  The solver ECOS is not installed. 
Using SCS instead.
ECOS solver failed:  The solver ECOS is not installed. 
Using SCS instead.
ECOS solver failed:  The solver ECOS is not installed. 
Using SCS instead.
ECOS solver failed:  The solver ECOS is not installed. 
Using SCS instead.
ECOS solver failed:  The solver ECOS is not installed. 
Using SCS instead.
ECOS solver failed:  The solver ECOS is not installed. 
Using SCS instead.
ECOS solver failed:  The solver ECOS is not installed. 
Using SCS instead.
M-step Design Matrix Calculation time (sec): 0.0499
ECOS solver failed in IPCW_HAL_init, falling back to SCS: The solver ECOS is not installed.
WARNING - large complementary slackness residual: 0.004552
M-step CVXPY optimize time (sec): 1.0968
ECOS solver failed:  The solver ECOS is not installed. 
Using SCS instead.
ECOS solver failed:  The solver ECOS is not installed. 
Using SCS instead.
ECOS solver failed:  The solver ECOS is not installed. 
Using SCS instead.
ECOS solver failed:  The solver ECOS is not installed. 
Using SCS instead.
ECOS solver failed:  The solver ECOS is not installed. 
Using SCS instead.
ECOS solver failed:  The solver ECOS is not installed. 
Using SCS instead.
ECOS solver failed:  The solver ECOS is not installed. 
Using SCS instead.
ECOS solver failed:  The solver ECOS is not installed. 
Using SCS instead.
ECOS solver failed:  The solver ECOS is not installed. 
Using SCS instead.
ECOS solver failed:  The solver ECOS is not installed. 
Using SCS instead.
ECOS solver failed:  The solver ECOS is not installed. 
Using SCS instead.
ECOS solver failed:  The solver ECOS is not installed. 
Using SCS instead.
ECOS solver failed:  The solver ECOS is not installed. 
Using SCS instead.
ECOS solver failed:  The solver ECOS is not installed. 
Using SCS instead.
ECOS solver failed:  The solver ECOS is not installed. 
Using SCS instead.
ECOS solver failed:  The solver ECOS is not installed. 
Using SCS instead.
ECOS solver failed:  The solver ECOS is not installed. 
Using SCS instead.
ECOS solver failed:  The solver ECOS is not installed. 
Using SCS instead.
ECOS solver failed:  The solver ECOS is not installed. 
Using SCS instead.
ECOS solver failed:  The solver ECOS is not installed. 
Using SCS instead.
ECOS solver failed:  The solver ECOS is not installed. 
Using SCS instead.
M-step Design Matrix Calculation time (sec): 0.0208
ECOS solver failed in IPCW_HAL_init, falling back to SCS: The solver ECOS is not installed.
WARNING - large complementary slackness residual: 0.009009
M-step CVXPY optimize time (sec): 1.7404
ECOS solver failed:  The solver ECOS is not installed. 
Using SCS instead.
ECOS solver failed:  The solver ECOS is not installed. 
Using SCS instead.
ECOS solver failed:  The solver ECOS is not installed. 
Using SCS instead.
ECOS solver failed:  The solver ECOS is not installed. 
Using SCS instead.
ECOS solver failed:  The solver ECOS is not installed. 
Using SCS instead.
ECOS solver failed:  The solver ECOS is not installed. 
Using SCS instead.
ECOS solver failed:  The solver ECOS is not installed. 
Using SCS instead.
ECOS solver failed:  The solver ECOS is not installed. 
Using SCS instead.
ECOS solver failed:  The solver ECOS is not installed. 
Using SCS instead.
ECOS solver failed:  The solver ECOS is not installed. 
Using SCS instead.
ECOS solver failed:  The solver ECOS is not installed. 
Using SCS instead.
ECOS solver failed:  The solver ECOS is not installed. 
Using SCS instead.
ECOS solver failed:  The solver ECOS is not installed. 
Using SCS instead.
ECOS solver failed:  The solver ECOS is not installed. 
Using SCS instead.
ECOS solver failed:  The solver ECOS is not installed. 
Using SCS instead.
ECOS solver failed:  The solver ECOS is not installed. 
Using SCS instead.
ECOS solver failed:  The solver ECOS is not installed. 
Using SCS instead.
ECOS solver failed:  The solver ECOS is not installed. 
Using SCS instead.
ECOS solver failed:  The solver ECOS is not installed. 
Using SCS instead.
ECOS solver failed:  The solver ECOS is not installed. 
Using SCS instead.
ECOS solver failed:  The solver ECOS is not installed. 
Using SCS instead.
M-step Design Matrix Calculation time (sec): 0.0318
ECOS solver failed in IPCW_HAL_init, falling back to SCS: The solver ECOS is not installed.
WARNING - large complementary slackness residual: 0.021956
M-step CVXPY optimize time (sec): 2.4881
ECOS solver failed:  The solver ECOS is not installed. 
Using SCS instead.
ECOS solver failed:  The solver ECOS is not installed. 
Using SCS instead.
ECOS solver failed:  The solver ECOS is not installed. 
Using SCS instead.
ECOS solver failed:  The solver ECOS is not installed. 
Using SCS instead.
ECOS solver failed:  The solver ECOS is not installed. 
Using SCS instead.
ECOS solver failed:  The solver ECOS is not installed. 
Using SCS instead.
ECOS solver failed:  The solver ECOS is not installed. 
Using SCS instead.
ECOS solver failed:  The solver ECOS is not installed. 
Using SCS instead.
ECOS solver failed:  The solver ECOS is not installed. 
Using SCS instead.
ECOS solver failed:  The solver ECOS is not installed. 
Using SCS instead.
ECOS solver failed:  The solver ECOS is not installed. 
Using SCS instead.
ECOS solver failed:  The solver ECOS is not installed. 
Using SCS instead.
ECOS solver failed:  The solver ECOS is not installed. 
Using SCS instead.
ECOS solver failed:  The solver ECOS is not installed. 
Using SCS instead.
ECOS solver failed:  The solver ECOS is not installed. 
Using SCS instead.
ECOS solver failed:  The solver ECOS is not installed. 
Using SCS instead.
ECOS solver failed:  The solver ECOS is not installed. 
Using SCS instead.
ECOS solver failed:  The solver ECOS is not installed. 
Using SCS instead.
ECOS solver failed:  The solver ECOS is not installed. 
Using SCS instead.
ECOS solver failed:  The solver ECOS is not installed. 
Using SCS instead.
ECOS solver failed:  The solver ECOS is not installed. 
Using SCS instead.
M-step Design Matrix Calculation time (sec): 0.0197
ECOS solver failed in IPCW_HAL_init, falling back to SCS: The solver ECOS is not installed.
WARNING - large complementary slackness residual: 0.012798
M-step CVXPY optimize time (sec): 2.6420
ECOS solver failed:  The solver ECOS is not installed. 
Using SCS instead.
ECOS solver failed:  The solver ECOS is not installed. 
Using SCS instead.
ECOS solver failed:  The solver ECOS is not installed. 
Using SCS instead.
ECOS solver failed:  The solver ECOS is not installed. 
Using SCS instead.
ECOS solver failed:  The solver ECOS is not installed. 
Using SCS instead.
ECOS solver failed:  The solver ECOS is not installed. 
Using SCS instead.
ECOS solver failed:  The solver ECOS is not installed. 
Using SCS instead.
ECOS solver failed:  The solver ECOS is not installed. 
Using SCS instead.
ECOS solver failed:  The solver ECOS is not installed. 
Using SCS instead.
ECOS solver failed:  The solver ECOS is not installed. 
Using SCS instead.
ECOS solver failed:  The solver ECOS is not installed. 
Using SCS instead.
ECOS solver failed:  The solver ECOS is not installed. 
Using SCS instead.
ECOS solver failed:  The solver ECOS is not installed. 
Using SCS instead.
ECOS solver failed:  The solver ECOS is not installed. 
Using SCS instead.
ECOS solver failed:  The solver ECOS is not installed. 
Using SCS instead.
ECOS solver failed:  The solver ECOS is not installed. 
Using SCS instead.
ECOS solver failed:  The solver ECOS is not installed. 
Using SCS instead.
ECOS solver failed:  The solver ECOS is not installed. 
Using SCS instead.
ECOS solver failed:  The solver ECOS is not installed. 
Using SCS instead.
ECOS solver failed:  The solver ECOS is not installed. 
Using SCS instead.
ECOS solver failed:  The solver ECOS is not installed. 
Using SCS instead.
M-step Design Matrix Calculation time (sec): 0.0459
ECOS solver failed in IPCW_HAL_init, falling back to SCS: The solver ECOS is not installed.
WARNING - large complementary slackness residual: 0.004060
M-step CVXPY optimize time (sec): 2.3029
ECOS solver failed:  The solver ECOS is not installed. 
Using SCS instead.
ECOS solver failed:  The solver ECOS is not installed. 
Using SCS instead.
ECOS solver failed:  The solver ECOS is not installed. 
Using SCS instead.
ECOS solver failed:  The solver ECOS is not installed. 
Using SCS instead.
ECOS solver failed:  The solver ECOS is not installed. 
Using SCS instead.
ECOS solver failed:  The solver ECOS is not installed. 
Using SCS instead.
ECOS solver failed:  The solver ECOS is not installed. 
Using SCS instead.
ECOS solver failed:  The solver ECOS is not installed. 
Using SCS instead.
ECOS solver failed:  The solver ECOS is not installed. 
Using SCS instead.
ECOS solver failed:  The solver ECOS is not installed. 
Using SCS instead.
ECOS solver failed:  The solver ECOS is not installed. 
Using SCS instead.
ECOS solver failed:  The solver ECOS is not installed. 
Using SCS instead.
ECOS solver failed:  The solver ECOS is not installed. 
Using SCS instead.
ECOS solver failed:  The solver ECOS is not installed. 
Using SCS instead.
ECOS solver failed:  The solver ECOS is not installed. 
Using SCS instead.
ECOS solver failed:  The solver ECOS is not installed. 
Using SCS instead.
ECOS solver failed:  The solver ECOS is not installed. 
Using SCS instead.
ECOS solver failed:  The solver ECOS is not installed. 
Using SCS instead.
ECOS solver failed:  The solver ECOS is not installed. 
Using SCS instead.
ECOS solver failed:  The solver ECOS is not installed. 
Using SCS instead.
ECOS solver failed:  The solver ECOS is not installed. 
Using SCS instead.
M-step Design Matrix Calculation time (sec): 0.0206
ECOS solver failed in IPCW_HAL_init, falling back to SCS: The solver ECOS is not installed.
M-step CVXPY optimize time (sec): 2.4113
ECOS solver failed:  The solver ECOS is not installed. 
Using SCS instead.
ECOS solver failed:  The solver ECOS is not installed. 
Using SCS instead.
ECOS solver failed:  The solver ECOS is not installed. 
Using SCS instead.
ECOS solver failed:  The solver ECOS is not installed. 
Using SCS instead.
ECOS solver failed:  The solver ECOS is not installed. 
Using SCS instead.
ECOS solver failed:  The solver ECOS is not installed. 
Using SCS instead.
ECOS solver failed:  The solver ECOS is not installed. 
Using SCS instead.
ECOS solver failed:  The solver ECOS is not installed. 
Using SCS instead.
ECOS solver failed:  The solver ECOS is not installed. 
Using SCS instead.
ECOS solver failed:  The solver ECOS is not installed. 
Using SCS instead.
ECOS solver failed:  The solver ECOS is not installed. 
Using SCS instead.
ECOS solver failed:  The solver ECOS is not installed. 
Using SCS instead.
ECOS solver failed:  The solver ECOS is not installed. 
Using SCS instead.
ECOS solver failed:  The solver ECOS is not installed. 
Using SCS instead.
ECOS solver failed:  The solver ECOS is not installed. 
Using SCS instead.
ECOS solver failed:  The solver ECOS is not installed. 
Using SCS instead.
ECOS solver failed:  The solver ECOS is not installed. 
Using SCS instead.
ECOS solver failed:  The solver ECOS is not installed. 
Using SCS instead.
ECOS solver failed:  The solver ECOS is not installed. 
Using SCS instead.
ECOS solver failed:  The solver ECOS is not installed. 
Using SCS instead.
ECOS solver failed:  The solver ECOS is not installed. 
Using SCS instead.
M-step Design Matrix Calculation time (sec): 0.0445
ECOS solver failed in IPCW_HAL_init, falling back to SCS: The solver ECOS is not installed.
WARNING - large complementary slackness residual: 0.016700
M-step CVXPY optimize time (sec): 1.2035
ECOS solver failed:  The solver ECOS is not installed. 
Using SCS instead.
ECOS solver failed:  The solver ECOS is not installed. 
Using SCS instead.
ECOS solver failed:  The solver ECOS is not installed. 
Using SCS instead.
ECOS solver failed:  The solver ECOS is not installed. 
Using SCS instead.
ECOS solver failed:  The solver ECOS is not installed. 
Using SCS instead.
ECOS solver failed:  The solver ECOS is not installed. 
Using SCS instead.
ECOS solver failed:  The solver ECOS is not installed. 
Using SCS instead.
ECOS solver failed:  The solver ECOS is not installed. 
Using SCS instead.
ECOS solver failed:  The solver ECOS is not installed. 
Using SCS instead.
ECOS solver failed:  The solver ECOS is not installed. 
Using SCS instead.
ECOS solver failed:  The solver ECOS is not installed. 
Using SCS instead.
ECOS solver failed:  The solver ECOS is not installed. 
Using SCS instead.
ECOS solver failed:  The solver ECOS is not installed. 
Using SCS instead.
ECOS solver failed:  The solver ECOS is not installed. 
Using SCS instead.
ECOS solver failed:  The solver ECOS is not installed. 
Using SCS instead.
ECOS solver failed:  The solver ECOS is not installed. 
Using SCS instead.
ECOS solver failed:  The solver ECOS is not installed. 
Using SCS instead.
ECOS solver failed:  The solver ECOS is not installed. 
Using SCS instead.
ECOS solver failed:  The solver ECOS is not installed. 
Using SCS instead.
ECOS solver failed:  The solver ECOS is not installed. 
Using SCS instead.
ECOS solver failed:  The solver ECOS is not installed. 
Using SCS instead.
M-step Design Matrix Calculation time (sec): 0.0545
ECOS solver failed in IPCW_HAL_init, falling back to SCS: The solver ECOS is not installed.
M-step CVXPY optimize time (sec): 1.4515
ECOS solver failed:  The solver ECOS is not installed. 
Using SCS instead.
ECOS solver failed:  The solver ECOS is not installed. 
Using SCS instead.
ECOS solver failed:  The solver ECOS is not installed. 
Using SCS instead.
ECOS solver failed:  The solver ECOS is not installed. 
Using SCS instead.
ECOS solver failed:  The solver ECOS is not installed. 
Using SCS instead.
ECOS solver failed:  The solver ECOS is not installed. 
Using SCS instead.
ECOS solver failed:  The solver ECOS is not installed. 
Using SCS instead.
ECOS solver failed:  The solver ECOS is not installed. 
Using SCS instead.
ECOS solver failed:  The solver ECOS is not installed. 
Using SCS instead.
ECOS solver failed:  The solver ECOS is not installed. 
Using SCS instead.
ECOS solver failed:  The solver ECOS is not installed. 
Using SCS instead.
ECOS solver failed:  The solver ECOS is not installed. 
Using SCS instead.
ECOS solver failed:  The solver ECOS is not installed. 
Using SCS instead.
ECOS solver failed:  The solver ECOS is not installed. 
Using SCS instead.
ECOS solver failed:  The solver ECOS is not installed. 
Using SCS instead.
ECOS solver failed:  The solver ECOS is not installed. 
Using SCS instead.
ECOS solver failed:  The solver ECOS is not installed. 
Using SCS instead.
ECOS solver failed:  The solver ECOS is not installed. 
Using SCS instead.
ECOS solver failed:  The solver ECOS is not installed. 
Using SCS instead.
ECOS solver failed:  The solver ECOS is not installed. 
Using SCS instead.
ECOS solver failed:  The solver ECOS is not installed. 
Using SCS instead.
M-step Design Matrix Calculation time (sec): 0.0288
ECOS solver failed in IPCW_HAL_init, falling back to SCS: The solver ECOS is not installed.
WARNING - large complementary slackness residual: 0.014798
M-step CVXPY optimize time (sec): 2.0148
ECOS solver failed:  The solver ECOS is not installed. 
Using SCS instead.
ECOS solver failed:  The solver ECOS is not installed. 
Using SCS instead.
ECOS solver failed:  The solver ECOS is not installed. 
Using SCS instead.
ECOS solver failed:  The solver ECOS is not installed. 
Using SCS instead.
ECOS solver failed:  The solver ECOS is not installed. 
Using SCS instead.
ECOS solver failed:  The solver ECOS is not installed. 
Using SCS instead.
ECOS solver failed:  The solver ECOS is not installed. 
Using SCS instead.
ECOS solver failed:  The solver ECOS is not installed. 
Using SCS instead.
ECOS solver failed:  The solver ECOS is not installed. 
Using SCS instead.
ECOS solver failed:  The solver ECOS is not installed. 
Using SCS instead.
ECOS solver failed:  The solver ECOS is not installed. 
Using SCS instead.
ECOS solver failed:  The solver ECOS is not installed. 
Using SCS instead.
ECOS solver failed:  The solver ECOS is not installed. 
Using SCS instead.
ECOS solver failed:  The solver ECOS is not installed. 
Using SCS instead.
ECOS solver failed:  The solver ECOS is not installed. 
Using SCS instead.
ECOS solver failed:  The solver ECOS is not installed. 
Using SCS instead.
ECOS solver failed:  The solver ECOS is not installed. 
Using SCS instead.
ECOS solver failed:  The solver ECOS is not installed. 
Using SCS instead.
ECOS solver failed:  The solver ECOS is not installed. 
Using SCS instead.
ECOS solver failed:  The solver ECOS is not installed. 
Using SCS instead.
ECOS solver failed:  The solver ECOS is not installed. 
Using SCS instead.
M-step Design Matrix Calculation time (sec): 0.0178
ECOS solver failed in IPCW_HAL_init, falling back to SCS: The solver ECOS is not installed.
WARNING - large complementary slackness residual: 0.033888
M-step CVXPY optimize time (sec): 1.3947
ECOS solver failed:  The solver ECOS is not installed. 
Using SCS instead.
ECOS solver failed:  The solver ECOS is not installed. 
Using SCS instead.
ECOS solver failed:  The solver ECOS is not installed. 
Using SCS instead.
ECOS solver failed:  The solver ECOS is not installed. 
Using SCS instead.
ECOS solver failed:  The solver ECOS is not installed. 
Using SCS instead.
ECOS solver failed:  The solver ECOS is not installed. 
Using SCS instead.
ECOS solver failed:  The solver ECOS is not installed. 
Using SCS instead.
ECOS solver failed:  The solver ECOS is not installed. 
Using SCS instead.
ECOS solver failed:  The solver ECOS is not installed. 
Using SCS instead.
ECOS solver failed:  The solver ECOS is not installed. 
Using SCS instead.
ECOS solver failed:  The solver ECOS is not installed. 
Using SCS instead.
ECOS solver failed:  The solver ECOS is not installed. 
Using SCS instead.
ECOS solver failed:  The solver ECOS is not installed. 
Using SCS instead.
ECOS solver failed:  The solver ECOS is not installed. 
Using SCS instead.
ECOS solver failed:  The solver ECOS is not installed. 
Using SCS instead.
ECOS solver failed:  The solver ECOS is not installed. 
Using SCS instead.
ECOS solver failed:  The solver ECOS is not installed. 
Using SCS instead.
ECOS solver failed:  The solver ECOS is not installed. 
Using SCS instead.
ECOS solver failed:  The solver ECOS is not installed. 
Using SCS instead.
ECOS solver failed:  The solver ECOS is not installed. 
Using SCS instead.
ECOS solver failed:  The solver ECOS is not installed. 
Using SCS instead.
M-step Design Matrix Calculation time (sec): 0.0930
ECOS solver failed in IPCW_HAL_init, falling back to SCS: The solver ECOS is not installed.
WARNING - large complementary slackness residual: 0.014510
M-step CVXPY optimize time (sec): 2.0374
ECOS solver failed:  The solver ECOS is not installed. 
Using SCS instead.
ECOS solver failed:  The solver ECOS is not installed. 
Using SCS instead.
ECOS solver failed:  The solver ECOS is not installed. 
Using SCS instead.
ECOS solver failed:  The solver ECOS is not installed. 
Using SCS instead.
ECOS solver failed:  The solver ECOS is not installed. 
Using SCS instead.
ECOS solver failed:  The solver ECOS is not installed. 
Using SCS instead.
ECOS solver failed:  The solver ECOS is not installed. 
Using SCS instead.
ECOS solver failed:  The solver ECOS is not installed. 
Using SCS instead.
ECOS solver failed:  The solver ECOS is not installed. 
Using SCS instead.
ECOS solver failed:  The solver ECOS is not installed. 
Using SCS instead.
ECOS solver failed:  The solver ECOS is not installed. 
Using SCS instead.
ECOS solver failed:  The solver ECOS is not installed. 
Using SCS instead.
ECOS solver failed:  The solver ECOS is not installed. 
Using SCS instead.
ECOS solver failed:  The solver ECOS is not installed. 
Using SCS instead.
ECOS solver failed:  The solver ECOS is not installed. 
Using SCS instead.
ECOS solver failed:  The solver ECOS is not installed. 
Using SCS instead.
ECOS solver failed:  The solver ECOS is not installed. 
Using SCS instead.
ECOS solver failed:  The solver ECOS is not installed. 
Using SCS instead.
ECOS solver failed:  The solver ECOS is not installed. 
Using SCS instead.
ECOS solver failed:  The solver ECOS is not installed. 
Using SCS instead.
ECOS solver failed:  The solver ECOS is not installed. 
Using SCS instead.
M-step Design Matrix Calculation time (sec): 0.1038
ECOS solver failed in IPCW_HAL_init, falling back to SCS: The solver ECOS is not installed.
WARNING - large complementary slackness residual: 0.009602
M-step CVXPY optimize time (sec): 1.8925
ECOS solver failed:  The solver ECOS is not installed. 
Using SCS instead.
ECOS solver failed:  The solver ECOS is not installed. 
Using SCS instead.
ECOS solver failed:  The solver ECOS is not installed. 
Using SCS instead.
ECOS solver failed:  The solver ECOS is not installed. 
Using SCS instead.
ECOS solver failed:  The solver ECOS is not installed. 
Using SCS instead.
ECOS solver failed:  The solver ECOS is not installed. 
Using SCS instead.
ECOS solver failed:  The solver ECOS is not installed. 
Using SCS instead.
ECOS solver failed:  The solver ECOS is not installed. 
Using SCS instead.
ECOS solver failed:  The solver ECOS is not installed. 
Using SCS instead.
ECOS solver failed:  The solver ECOS is not installed. 
Using SCS instead.
ECOS solver failed:  The solver ECOS is not installed. 
Using SCS instead.
ECOS solver failed:  The solver ECOS is not installed. 
Using SCS instead.
ECOS solver failed:  The solver ECOS is not installed. 
Using SCS instead.
ECOS solver failed:  The solver ECOS is not installed. 
Using SCS instead.
ECOS solver failed:  The solver ECOS is not installed. 
Using SCS instead.
ECOS solver failed:  The solver ECOS is not installed. 
Using SCS instead.
ECOS solver failed:  The solver ECOS is not installed. 
Using SCS instead.
ECOS solver failed:  The solver ECOS is not installed. 
Using SCS instead.
ECOS solver failed:  The solver ECOS is not installed. 
Using SCS instead.
ECOS solver failed:  The solver ECOS is not installed. 
Using SCS instead.
ECOS solver failed:  The solver ECOS is not installed. 
Using SCS instead.
M-step Design Matrix Calculation time (sec): 0.1223
ECOS solver failed in IPCW_HAL_init, falling back to SCS: The solver ECOS is not installed.
WARNING - large complementary slackness residual: 0.006648
M-step CVXPY optimize time (sec): 2.5674
ECOS solver failed:  The solver ECOS is not installed. 
Using SCS instead.
ECOS solver failed:  The solver ECOS is not installed. 
Using SCS instead.
ECOS solver failed:  The solver ECOS is not installed. 
Using SCS instead.
ECOS solver failed:  The solver ECOS is not installed. 
Using SCS instead.
ECOS solver failed:  The solver ECOS is not installed. 
Using SCS instead.
ECOS solver failed:  The solver ECOS is not installed. 
Using SCS instead.
ECOS solver failed:  The solver ECOS is not installed. 
Using SCS instead.
ECOS solver failed:  The solver ECOS is not installed. 
Using SCS instead.
ECOS solver failed:  The solver ECOS is not installed. 
Using SCS instead.
ECOS solver failed:  The solver ECOS is not installed. 
Using SCS instead.
ECOS solver failed:  The solver ECOS is not installed. 
Using SCS instead.
ECOS solver failed:  The solver ECOS is not installed. 
Using SCS instead.
ECOS solver failed:  The solver ECOS is not installed. 
Using SCS instead.
ECOS solver failed:  The solver ECOS is not installed. 
Using SCS instead.
ECOS solver failed:  The solver ECOS is not installed. 
Using SCS instead.
ECOS solver failed:  The solver ECOS is not installed. 
Using SCS instead.
ECOS solver failed:  The solver ECOS is not installed. 
Using SCS instead.
ECOS solver failed:  The solver ECOS is not installed. 
Using SCS instead.
ECOS solver failed:  The solver ECOS is not installed. 
Using SCS instead.
ECOS solver failed:  The solver ECOS is not installed. 
Using SCS instead.
ECOS solver failed:  The solver ECOS is not installed. 
Using SCS instead.
M-step Design Matrix Calculation time (sec): 0.0779
ECOS solver failed in IPCW_HAL_init, falling back to SCS: The solver ECOS is not installed.
WARNING - large complementary slackness residual: 0.012912
M-step CVXPY optimize time (sec): 2.5580
ECOS solver failed:  The solver ECOS is not installed. 
Using SCS instead.
ECOS solver failed:  The solver ECOS is not installed. 
Using SCS instead.
ECOS solver failed:  The solver ECOS is not installed. 
Using SCS instead.
ECOS solver failed:  The solver ECOS is not installed. 
Using SCS instead.
ECOS solver failed:  The solver ECOS is not installed. 
Using SCS instead.
ECOS solver failed:  The solver ECOS is not installed. 
Using SCS instead.
ECOS solver failed:  The solver ECOS is not installed. 
Using SCS instead.
ECOS solver failed:  The solver ECOS is not installed. 
Using SCS instead.
ECOS solver failed:  The solver ECOS is not installed. 
Using SCS instead.
ECOS solver failed:  The solver ECOS is not installed. 
Using SCS instead.
ECOS solver failed:  The solver ECOS is not installed. 
Using SCS instead.
ECOS solver failed:  The solver ECOS is not installed. 
Using SCS instead.
ECOS solver failed:  The solver ECOS is not installed. 
Using SCS instead.
ECOS solver failed:  The solver ECOS is not installed. 
Using SCS instead.
ECOS solver failed:  The solver ECOS is not installed. 
Using SCS instead.
ECOS solver failed:  The solver ECOS is not installed. 
Using SCS instead.
ECOS solver failed:  The solver ECOS is not installed. 
Using SCS instead.
ECOS solver failed:  The solver ECOS is not installed. 
Using SCS instead.
ECOS solver failed:  The solver ECOS is not installed. 
Using SCS instead.
ECOS solver failed:  The solver ECOS is not installed. 
Using SCS instead.
ECOS solver failed:  The solver ECOS is not installed. 
Using SCS instead.
M-step Design Matrix Calculation time (sec): 0.0165
ECOS solver failed in IPCW_HAL_init, falling back to SCS: The solver ECOS is not installed.
WARNING - large complementary slackness residual: 0.032961
M-step CVXPY optimize time (sec): 1.2464
ECOS solver failed:  The solver ECOS is not installed. 
Using SCS instead.
ECOS solver failed:  The solver ECOS is not installed. 
Using SCS instead.
ECOS solver failed:  The solver ECOS is not installed. 
Using SCS instead.
ECOS solver failed:  The solver ECOS is not installed. 
Using SCS instead.
ECOS solver failed:  The solver ECOS is not installed. 
Using SCS instead.
ECOS solver failed:  The solver ECOS is not installed. 
Using SCS instead.
ECOS solver failed:  The solver ECOS is not installed. 
Using SCS instead.
ECOS solver failed:  The solver ECOS is not installed. 
Using SCS instead.
ECOS solver failed:  The solver ECOS is not installed. 
Using SCS instead.
ECOS solver failed:  The solver ECOS is not installed. 
Using SCS instead.
ECOS solver failed:  The solver ECOS is not installed. 
Using SCS instead.
ECOS solver failed:  The solver ECOS is not installed. 
Using SCS instead.
ECOS solver failed:  The solver ECOS is not installed. 
Using SCS instead.
ECOS solver failed:  The solver ECOS is not installed. 
Using SCS instead.
ECOS solver failed:  The solver ECOS is not installed. 
Using SCS instead.
ECOS solver failed:  The solver ECOS is not installed. 
Using SCS instead.
ECOS solver failed:  The solver ECOS is not installed. 
Using SCS instead.
ECOS solver failed:  The solver ECOS is not installed. 
Using SCS instead.
ECOS solver failed:  The solver ECOS is not installed. 
Using SCS instead.
ECOS solver failed:  The solver ECOS is not installed. 
Using SCS instead.
ECOS solver failed:  The solver ECOS is not installed. 
Using SCS instead.
M-step Design Matrix Calculation time (sec): 0.0271
ECOS solver failed in IPCW_HAL_init, falling back to SCS: The solver ECOS is not installed.
WARNING - large complementary slackness residual: 0.024233
M-step CVXPY optimize time (sec): 0.8406
ECOS solver failed:  The solver ECOS is not installed. 
Using SCS instead.
ECOS solver failed:  The solver ECOS is not installed. 
Using SCS instead.
ECOS solver failed:  The solver ECOS is not installed. 
Using SCS instead.
ECOS solver failed:  The solver ECOS is not installed. 
Using SCS instead.
ECOS solver failed:  The solver ECOS is not installed. 
Using SCS instead.
ECOS solver failed:  The solver ECOS is not installed. 
Using SCS instead.
ECOS solver failed:  The solver ECOS is not installed. 
Using SCS instead.
ECOS solver failed:  The solver ECOS is not installed. 
Using SCS instead.
ECOS solver failed:  The solver ECOS is not installed. 
Using SCS instead.
ECOS solver failed:  The solver ECOS is not installed. 
Using SCS instead.
ECOS solver failed:  The solver ECOS is not installed. 
Using SCS instead.
ECOS solver failed:  The solver ECOS is not installed. 
Using SCS instead.
ECOS solver failed:  The solver ECOS is not installed. 
Using SCS instead.
ECOS solver failed:  The solver ECOS is not installed. 
Using SCS instead.
ECOS solver failed:  The solver ECOS is not installed. 
Using SCS instead.
ECOS solver failed:  The solver ECOS is not installed. 
Using SCS instead.
ECOS solver failed:  The solver ECOS is not installed. 
Using SCS instead.
ECOS solver failed:  The solver ECOS is not installed. 
Using SCS instead.
ECOS solver failed:  The solver ECOS is not installed. 
Using SCS instead.
ECOS solver failed:  The solver ECOS is not installed. 
Using SCS instead.
ECOS solver failed:  The solver ECOS is not installed. 
Using SCS instead.
M-step Design Matrix Calculation time (sec): 0.0174
ECOS solver failed in IPCW_HAL_init, falling back to SCS: The solver ECOS is not installed.
WARNING - large complementary slackness residual: 0.006767
M-step CVXPY optimize time (sec): 1.8105
ECOS solver failed:  The solver ECOS is not installed. 
Using SCS instead.
ECOS solver failed:  The solver ECOS is not installed. 
Using SCS instead.
ECOS solver failed:  The solver ECOS is not installed. 
Using SCS instead.
ECOS solver failed:  The solver ECOS is not installed. 
Using SCS instead.
ECOS solver failed:  The solver ECOS is not installed. 
Using SCS instead.
ECOS solver failed:  The solver ECOS is not installed. 
Using SCS instead.
ECOS solver failed:  The solver ECOS is not installed. 
Using SCS instead.
ECOS solver failed:  The solver ECOS is not installed. 
Using SCS instead.
ECOS solver failed:  The solver ECOS is not installed. 
Using SCS instead.
ECOS solver failed:  The solver ECOS is not installed. 
Using SCS instead.
ECOS solver failed:  The solver ECOS is not installed. 
Using SCS instead.
ECOS solver failed:  The solver ECOS is not installed. 
Using SCS instead.
ECOS solver failed:  The solver ECOS is not installed. 
Using SCS instead.
ECOS solver failed:  The solver ECOS is not installed. 
Using SCS instead.
ECOS solver failed:  The solver ECOS is not installed. 
Using SCS instead.
ECOS solver failed:  The solver ECOS is not installed. 
Using SCS instead.
ECOS solver failed:  The solver ECOS is not installed. 
Using SCS instead.
ECOS solver failed:  The solver ECOS is not installed. 
Using SCS instead.
ECOS solver failed:  The solver ECOS is not installed. 
Using SCS instead.
ECOS solver failed:  The solver ECOS is not installed. 
Using SCS instead.
ECOS solver failed:  The solver ECOS is not installed. 
Using SCS instead.
M-step Design Matrix Calculation time (sec): 0.0717
ECOS solver failed in IPCW_HAL_init, falling back to SCS: The solver ECOS is not installed.
M-step CVXPY optimize time (sec): 1.6751
ECOS solver failed:  The solver ECOS is not installed. 
Using SCS instead.
ECOS solver failed:  The solver ECOS is not installed. 
Using SCS instead.
ECOS solver failed:  The solver ECOS is not installed. 
Using SCS instead.
ECOS solver failed:  The solver ECOS is not installed. 
Using SCS instead.
ECOS solver failed:  The solver ECOS is not installed. 
Using SCS instead.
ECOS solver failed:  The solver ECOS is not installed. 
Using SCS instead.
ECOS solver failed:  The solver ECOS is not installed. 
Using SCS instead.
ECOS solver failed:  The solver ECOS is not installed. 
Using SCS instead.
ECOS solver failed:  The solver ECOS is not installed. 
Using SCS instead.
ECOS solver failed:  The solver ECOS is not installed. 
Using SCS instead.
ECOS solver failed:  The solver ECOS is not installed. 
Using SCS instead.
ECOS solver failed:  The solver ECOS is not installed. 
Using SCS instead.
ECOS solver failed:  The solver ECOS is not installed. 
Using SCS instead.
ECOS solver failed:  The solver ECOS is not installed. 
Using SCS instead.
ECOS solver failed:  The solver ECOS is not installed. 
Using SCS instead.
ECOS solver failed:  The solver ECOS is not installed. 
Using SCS instead.
ECOS solver failed:  The solver ECOS is not installed. 
Using SCS instead.
ECOS solver failed:  The solver ECOS is not installed. 
Using SCS instead.
ECOS solver failed:  The solver ECOS is not installed. 
Using SCS instead.
ECOS solver failed:  The solver ECOS is not installed. 
Using SCS instead.
ECOS solver failed:  The solver ECOS is not installed. 
Using SCS instead.
M-step Design Matrix Calculation time (sec): 0.0207
ECOS solver failed in IPCW_HAL_init, falling back to SCS: The solver ECOS is not installed.
WARNING - large complementary slackness residual: 0.012799
M-step CVXPY optimize time (sec): 1.0237
ECOS solver failed:  The solver ECOS is not installed. 
Using SCS instead.
ECOS solver failed:  The solver ECOS is not installed. 
Using SCS instead.
ECOS solver failed:  The solver ECOS is not installed. 
Using SCS instead.
ECOS solver failed:  The solver ECOS is not installed. 
Using SCS instead.
ECOS solver failed:  The solver ECOS is not installed. 
Using SCS instead.
ECOS solver failed:  The solver ECOS is not installed. 
Using SCS instead.
ECOS solver failed:  The solver ECOS is not installed. 
Using SCS instead.
ECOS solver failed:  The solver ECOS is not installed. 
Using SCS instead.
ECOS solver failed:  The solver ECOS is not installed. 
Using SCS instead.
ECOS solver failed:  The solver ECOS is not installed. 
Using SCS instead.
ECOS solver failed:  The solver ECOS is not installed. 
Using SCS instead.
ECOS solver failed:  The solver ECOS is not installed. 
Using SCS instead.
ECOS solver failed:  The solver ECOS is not installed. 
Using SCS instead.
ECOS solver failed:  The solver ECOS is not installed. 
Using SCS instead.
ECOS solver failed:  The solver ECOS is not installed. 
Using SCS instead.
ECOS solver failed:  The solver ECOS is not installed. 
Using SCS instead.
ECOS solver failed:  The solver ECOS is not installed. 
Using SCS instead.
ECOS solver failed:  The solver ECOS is not installed. 
Using SCS instead.
ECOS solver failed:  The solver ECOS is not installed. 
Using SCS instead.
ECOS solver failed:  The solver ECOS is not installed. 
Using SCS instead.
ECOS solver failed:  The solver ECOS is not installed. 
Using SCS instead.
M-step Design Matrix Calculation time (sec): 0.0183
ECOS solver failed in IPCW_HAL_init, falling back to SCS: The solver ECOS is not installed.
M-step CVXPY optimize time (sec): 1.1041
ECOS solver failed:  The solver ECOS is not installed. 
Using SCS instead.
ECOS solver failed:  The solver ECOS is not installed. 
Using SCS instead.
ECOS solver failed:  The solver ECOS is not installed. 
Using SCS instead.
ECOS solver failed:  The solver ECOS is not installed. 
Using SCS instead.
ECOS solver failed:  The solver ECOS is not installed. 
Using SCS instead.
ECOS solver failed:  The solver ECOS is not installed. 
Using SCS instead.
ECOS solver failed:  The solver ECOS is not installed. 
Using SCS instead.
ECOS solver failed:  The solver ECOS is not installed. 
Using SCS instead.
ECOS solver failed:  The solver ECOS is not installed. 
Using SCS instead.
ECOS solver failed:  The solver ECOS is not installed. 
Using SCS instead.
ECOS solver failed:  The solver ECOS is not installed. 
Using SCS instead.
ECOS solver failed:  The solver ECOS is not installed. 
Using SCS instead.
ECOS solver failed:  The solver ECOS is not installed. 
Using SCS instead.
ECOS solver failed:  The solver ECOS is not installed. 
Using SCS instead.
ECOS solver failed:  The solver ECOS is not installed. 
Using SCS instead.
ECOS solver failed:  The solver ECOS is not installed. 
Using SCS instead.
ECOS solver failed:  The solver ECOS is not installed. 
Using SCS instead.
ECOS solver failed:  The solver ECOS is not installed. 
Using SCS instead.
ECOS solver failed:  The solver ECOS is not installed. 
Using SCS instead.
ECOS solver failed:  The solver ECOS is not installed. 
Using SCS instead.
ECOS solver failed:  The solver ECOS is not installed. 
Using SCS instead.
M-step Design Matrix Calculation time (sec): 0.0598
ECOS solver failed in IPCW_HAL_init, falling back to SCS: The solver ECOS is not installed.
WARNING - large complementary slackness residual: 0.034228
M-step CVXPY optimize time (sec): 2.3499
ECOS solver failed:  The solver ECOS is not installed. 
Using SCS instead.
ECOS solver failed:  The solver ECOS is not installed. 
Using SCS instead.
ECOS solver failed:  The solver ECOS is not installed. 
Using SCS instead.
ECOS solver failed:  The solver ECOS is not installed. 
Using SCS instead.
ECOS solver failed:  The solver ECOS is not installed. 
Using SCS instead.
ECOS solver failed:  The solver ECOS is not installed. 
Using SCS instead.
ECOS solver failed:  The solver ECOS is not installed. 
Using SCS instead.
ECOS solver failed:  The solver ECOS is not installed. 
Using SCS instead.
ECOS solver failed:  The solver ECOS is not installed. 
Using SCS instead.
ECOS solver failed:  The solver ECOS is not installed. 
Using SCS instead.
ECOS solver failed:  The solver ECOS is not installed. 
Using SCS instead.
ECOS solver failed:  The solver ECOS is not installed. 
Using SCS instead.
ECOS solver failed:  The solver ECOS is not installed. 
Using SCS instead.
ECOS solver failed:  The solver ECOS is not installed. 
Using SCS instead.
ECOS solver failed:  The solver ECOS is not installed. 
Using SCS instead.
ECOS solver failed:  The solver ECOS is not installed. 
Using SCS instead.
ECOS solver failed:  The solver ECOS is not installed. 
Using SCS instead.
ECOS solver failed:  The solver ECOS is not installed. 
Using SCS instead.
ECOS solver failed:  The solver ECOS is not installed. 
Using SCS instead.
ECOS solver failed:  The solver ECOS is not installed. 
Using SCS instead.
ECOS solver failed:  The solver ECOS is not installed. 
Using SCS instead.
M-step Design Matrix Calculation time (sec): 0.0216
ECOS solver failed in IPCW_HAL_init, falling back to SCS: The solver ECOS is not installed.
M-step CVXPY optimize time (sec): 1.2408
ECOS solver failed:  The solver ECOS is not installed. 
Using SCS instead.
ECOS solver failed:  The solver ECOS is not installed. 
Using SCS instead.
ECOS solver failed:  The solver ECOS is not installed. 
Using SCS instead.
ECOS solver failed:  The solver ECOS is not installed. 
Using SCS instead.
ECOS solver failed:  The solver ECOS is not installed. 
Using SCS instead.
ECOS solver failed:  The solver ECOS is not installed. 
Using SCS instead.
ECOS solver failed:  The solver ECOS is not installed. 
Using SCS instead.
ECOS solver failed:  The solver ECOS is not installed. 
Using SCS instead.
ECOS solver failed:  The solver ECOS is not installed. 
Using SCS instead.
ECOS solver failed:  The solver ECOS is not installed. 
Using SCS instead.
ECOS solver failed:  The solver ECOS is not installed. 
Using SCS instead.
ECOS solver failed:  The solver ECOS is not installed. 
Using SCS instead.
ECOS solver failed:  The solver ECOS is not installed. 
Using SCS instead.
ECOS solver failed:  The solver ECOS is not installed. 
Using SCS instead.
ECOS solver failed:  The solver ECOS is not installed. 
Using SCS instead.
ECOS solver failed:  The solver ECOS is not installed. 
Using SCS instead.
ECOS solver failed:  The solver ECOS is not installed. 
Using SCS instead.
ECOS solver failed:  The solver ECOS is not installed. 
Using SCS instead.
ECOS solver failed:  The solver ECOS is not installed. 
Using SCS instead.
ECOS solver failed:  The solver ECOS is not installed. 
Using SCS instead.
ECOS solver failed:  The solver ECOS is not installed. 
Using SCS instead.
M-step Design Matrix Calculation time (sec): 0.0317
ECOS solver failed in IPCW_HAL_init, falling back to SCS: The solver ECOS is not installed.
WARNING - large complementary slackness residual: 0.033896
M-step CVXPY optimize time (sec): 1.2996
ECOS solver failed:  The solver ECOS is not installed. 
Using SCS instead.
ECOS solver failed:  The solver ECOS is not installed. 
Using SCS instead.
ECOS solver failed:  The solver ECOS is not installed. 
Using SCS instead.
ECOS solver failed:  The solver ECOS is not installed. 
Using SCS instead.
ECOS solver failed:  The solver ECOS is not installed. 
Using SCS instead.
ECOS solver failed:  The solver ECOS is not installed. 
Using SCS instead.
ECOS solver failed:  The solver ECOS is not installed. 
Using SCS instead.
ECOS solver failed:  The solver ECOS is not installed. 
Using SCS instead.
ECOS solver failed:  The solver ECOS is not installed. 
Using SCS instead.
ECOS solver failed:  The solver ECOS is not installed. 
Using SCS instead.
ECOS solver failed:  The solver ECOS is not installed. 
Using SCS instead.
ECOS solver failed:  The solver ECOS is not installed. 
Using SCS instead.
ECOS solver failed:  The solver ECOS is not installed. 
Using SCS instead.
ECOS solver failed:  The solver ECOS is not installed. 
Using SCS instead.
ECOS solver failed:  The solver ECOS is not installed. 
Using SCS instead.
ECOS solver failed:  The solver ECOS is not installed. 
Using SCS instead.
ECOS solver failed:  The solver ECOS is not installed. 
Using SCS instead.
ECOS solver failed:  The solver ECOS is not installed. 
Using SCS instead.
ECOS solver failed:  The solver ECOS is not installed. 
Using SCS instead.
ECOS solver failed:  The solver ECOS is not installed. 
Using SCS instead.
ECOS solver failed:  The solver ECOS is not installed. 
Using SCS instead.
M-step Design Matrix Calculation time (sec): 0.0650
ECOS solver failed in IPCW_HAL_init, falling back to SCS: The solver ECOS is not installed.
WARNING - large complementary slackness residual: 0.026245
M-step CVXPY optimize time (sec): 1.6332
ECOS solver failed:  The solver ECOS is not installed. 
Using SCS instead.
ECOS solver failed:  The solver ECOS is not installed. 
Using SCS instead.
ECOS solver failed:  The solver ECOS is not installed. 
Using SCS instead.
ECOS solver failed:  The solver ECOS is not installed. 
Using SCS instead.
ECOS solver failed:  The solver ECOS is not installed. 
Using SCS instead.
ECOS solver failed:  The solver ECOS is not installed. 
Using SCS instead.
ECOS solver failed:  The solver ECOS is not installed. 
Using SCS instead.
ECOS solver failed:  The solver ECOS is not installed. 
Using SCS instead.
ECOS solver failed:  The solver ECOS is not installed. 
Using SCS instead.
ECOS solver failed:  The solver ECOS is not installed. 
Using SCS instead.
ECOS solver failed:  The solver ECOS is not installed. 
Using SCS instead.
ECOS solver failed:  The solver ECOS is not installed. 
Using SCS instead.
ECOS solver failed:  The solver ECOS is not installed. 
Using SCS instead.
ECOS solver failed:  The solver ECOS is not installed. 
Using SCS instead.
ECOS solver failed:  The solver ECOS is not installed. 
Using SCS instead.
ECOS solver failed:  The solver ECOS is not installed. 
Using SCS instead.
ECOS solver failed:  The solver ECOS is not installed. 
Using SCS instead.
ECOS solver failed:  The solver ECOS is not installed. 
Using SCS instead.
ECOS solver failed:  The solver ECOS is not installed. 
Using SCS instead.
ECOS solver failed:  The solver ECOS is not installed. 
Using SCS instead.
ECOS solver failed:  The solver ECOS is not installed. 
Using SCS instead.
M-step Design Matrix Calculation time (sec): 0.0206
ECOS solver failed in IPCW_HAL_init, falling back to SCS: The solver ECOS is not installed.
M-step CVXPY optimize time (sec): 0.8423
ECOS solver failed:  The solver ECOS is not installed. 
Using SCS instead.
ECOS solver failed:  The solver ECOS is not installed. 
Using SCS instead.
ECOS solver failed:  The solver ECOS is not installed. 
Using SCS instead.
ECOS solver failed:  The solver ECOS is not installed. 
Using SCS instead.
ECOS solver failed:  The solver ECOS is not installed. 
Using SCS instead.
ECOS solver failed:  The solver ECOS is not installed. 
Using SCS instead.
ECOS solver failed:  The solver ECOS is not installed. 
Using SCS instead.
ECOS solver failed:  The solver ECOS is not installed. 
Using SCS instead.
ECOS solver failed:  The solver ECOS is not installed. 
Using SCS instead.
ECOS solver failed:  The solver ECOS is not installed. 
Using SCS instead.
ECOS solver failed:  The solver ECOS is not installed. 
Using SCS instead.
ECOS solver failed:  The solver ECOS is not installed. 
Using SCS instead.
ECOS solver failed:  The solver ECOS is not installed. 
Using SCS instead.
ECOS solver failed:  The solver ECOS is not installed. 
Using SCS instead.
ECOS solver failed:  The solver ECOS is not installed. 
Using SCS instead.
ECOS solver failed:  The solver ECOS is not installed. 
Using SCS instead.
ECOS solver failed:  The solver ECOS is not installed. 
Using SCS instead.
ECOS solver failed:  The solver ECOS is not installed. 
Using SCS instead.
ECOS solver failed:  The solver ECOS is not installed. 
Using SCS instead.
ECOS solver failed:  The solver ECOS is not installed. 
Using SCS instead.
ECOS solver failed:  The solver ECOS is not installed. 
Using SCS instead.
M-step Design Matrix Calculation time (sec): 0.0187
ECOS solver failed in IPCW_HAL_init, falling back to SCS: The solver ECOS is not installed.
WARNING - large complementary slackness residual: 0.026290
M-step CVXPY optimize time (sec): 2.9991
ECOS solver failed:  The solver ECOS is not installed. 
Using SCS instead.
ECOS solver failed:  The solver ECOS is not installed. 
Using SCS instead.
ECOS solver failed:  The solver ECOS is not installed. 
Using SCS instead.
ECOS solver failed:  The solver ECOS is not installed. 
Using SCS instead.
ECOS solver failed:  The solver ECOS is not installed. 
Using SCS instead.
ECOS solver failed:  The solver ECOS is not installed. 
Using SCS instead.
ECOS solver failed:  The solver ECOS is not installed. 
Using SCS instead.
ECOS solver failed:  The solver ECOS is not installed. 
Using SCS instead.
ECOS solver failed:  The solver ECOS is not installed. 
Using SCS instead.
ECOS solver failed:  The solver ECOS is not installed. 
Using SCS instead.
ECOS solver failed:  The solver ECOS is not installed. 
Using SCS instead.
ECOS solver failed:  The solver ECOS is not installed. 
Using SCS instead.
ECOS solver failed:  The solver ECOS is not installed. 
Using SCS instead.
ECOS solver failed:  The solver ECOS is not installed. 
Using SCS instead.
ECOS solver failed:  The solver ECOS is not installed. 
Using SCS instead.
ECOS solver failed:  The solver ECOS is not installed. 
Using SCS instead.
ECOS solver failed:  The solver ECOS is not installed. 
Using SCS instead.
ECOS solver failed:  The solver ECOS is not installed. 
Using SCS instead.
ECOS solver failed:  The solver ECOS is not installed. 
Using SCS instead.
ECOS solver failed:  The solver ECOS is not installed. 
Using SCS instead.
ECOS solver failed:  The solver ECOS is not installed. 
Using SCS instead.
M-step Design Matrix Calculation time (sec): 0.0454
ECOS solver failed in IPCW_HAL_init, falling back to SCS: The solver ECOS is not installed.
WARNING - large complementary slackness residual: 0.006345
M-step CVXPY optimize time (sec): 1.9551
ECOS solver failed:  The solver ECOS is not installed. 
Using SCS instead.
ECOS solver failed:  The solver ECOS is not installed. 
Using SCS instead.
ECOS solver failed:  The solver ECOS is not installed. 
Using SCS instead.
ECOS solver failed:  The solver ECOS is not installed. 
Using SCS instead.
ECOS solver failed:  The solver ECOS is not installed. 
Using SCS instead.
ECOS solver failed:  The solver ECOS is not installed. 
Using SCS instead.
ECOS solver failed:  The solver ECOS is not installed. 
Using SCS instead.
ECOS solver failed:  The solver ECOS is not installed. 
Using SCS instead.
ECOS solver failed:  The solver ECOS is not installed. 
Using SCS instead.
ECOS solver failed:  The solver ECOS is not installed. 
Using SCS instead.
ECOS solver failed:  The solver ECOS is not installed. 
Using SCS instead.
ECOS solver failed:  The solver ECOS is not installed. 
Using SCS instead.
ECOS solver failed:  The solver ECOS is not installed. 
Using SCS instead.
ECOS solver failed:  The solver ECOS is not installed. 
Using SCS instead.
ECOS solver failed:  The solver ECOS is not installed. 
Using SCS instead.
ECOS solver failed:  The solver ECOS is not installed. 
Using SCS instead.
ECOS solver failed:  The solver ECOS is not installed. 
Using SCS instead.
ECOS solver failed:  The solver ECOS is not installed. 
Using SCS instead.
ECOS solver failed:  The solver ECOS is not installed. 
Using SCS instead.
ECOS solver failed:  The solver ECOS is not installed. 
Using SCS instead.
ECOS solver failed:  The solver ECOS is not installed. 
Using SCS instead.
M-step Design Matrix Calculation time (sec): 0.0179
ECOS solver failed in IPCW_HAL_init, falling back to SCS: The solver ECOS is not installed.
M-step CVXPY optimize time (sec): 0.8465
ECOS solver failed:  The solver ECOS is not installed. 
Using SCS instead.
ECOS solver failed:  The solver ECOS is not installed. 
Using SCS instead.
ECOS solver failed:  The solver ECOS is not installed. 
Using SCS instead.
ECOS solver failed:  The solver ECOS is not installed. 
Using SCS instead.
ECOS solver failed:  The solver ECOS is not installed. 
Using SCS instead.
ECOS solver failed:  The solver ECOS is not installed. 
Using SCS instead.
ECOS solver failed:  The solver ECOS is not installed. 
Using SCS instead.
ECOS solver failed:  The solver ECOS is not installed. 
Using SCS instead.
ECOS solver failed:  The solver ECOS is not installed. 
Using SCS instead.
ECOS solver failed:  The solver ECOS is not installed. 
Using SCS instead.
ECOS solver failed:  The solver ECOS is not installed. 
Using SCS instead.
ECOS solver failed:  The solver ECOS is not installed. 
Using SCS instead.
ECOS solver failed:  The solver ECOS is not installed. 
Using SCS instead.
ECOS solver failed:  The solver ECOS is not installed. 
Using SCS instead.
ECOS solver failed:  The solver ECOS is not installed. 
Using SCS instead.
ECOS solver failed:  The solver ECOS is not installed. 
Using SCS instead.
ECOS solver failed:  The solver ECOS is not installed. 
Using SCS instead.
ECOS solver failed:  The solver ECOS is not installed. 
Using SCS instead.
ECOS solver failed:  The solver ECOS is not installed. 
Using SCS instead.
ECOS solver failed:  The solver ECOS is not installed. 
Using SCS instead.
ECOS solver failed:  The solver ECOS is not installed. 
Using SCS instead.
M-step Design Matrix Calculation time (sec): 0.0584
ECOS solver failed in IPCW_HAL_init, falling back to SCS: The solver ECOS is not installed.
WARNING - large complementary slackness residual: 0.016361
M-step CVXPY optimize time (sec): 3.2575
ECOS solver failed:  The solver ECOS is not installed. 
Using SCS instead.
ECOS solver failed:  The solver ECOS is not installed. 
Using SCS instead.
ECOS solver failed:  The solver ECOS is not installed. 
Using SCS instead.
ECOS solver failed:  The solver ECOS is not installed. 
Using SCS instead.
ECOS solver failed:  The solver ECOS is not installed. 
Using SCS instead.
ECOS solver failed:  The solver ECOS is not installed. 
Using SCS instead.
ECOS solver failed:  The solver ECOS is not installed. 
Using SCS instead.
ECOS solver failed:  The solver ECOS is not installed. 
Using SCS instead.
ECOS solver failed:  The solver ECOS is not installed. 
Using SCS instead.
ECOS solver failed:  The solver ECOS is not installed. 
Using SCS instead.
ECOS solver failed:  The solver ECOS is not installed. 
Using SCS instead.
ECOS solver failed:  The solver ECOS is not installed. 
Using SCS instead.
ECOS solver failed:  The solver ECOS is not installed. 
Using SCS instead.
ECOS solver failed:  The solver ECOS is not installed. 
Using SCS instead.
ECOS solver failed:  The solver ECOS is not installed. 
Using SCS instead.
ECOS solver failed:  The solver ECOS is not installed. 
Using SCS instead.
ECOS solver failed:  The solver ECOS is not installed. 
Using SCS instead.
ECOS solver failed:  The solver ECOS is not installed. 
Using SCS instead.
ECOS solver failed:  The solver ECOS is not installed. 
Using SCS instead.
ECOS solver failed:  The solver ECOS is not installed. 
Using SCS instead.
ECOS solver failed:  The solver ECOS is not installed. 
Using SCS instead.
M-step Design Matrix Calculation time (sec): 0.0441
ECOS solver failed in IPCW_HAL_init, falling back to SCS: The solver ECOS is not installed.
WARNING - large complementary slackness residual: 0.011585
M-step CVXPY optimize time (sec): 1.0135
ECOS solver failed:  The solver ECOS is not installed. 
Using SCS instead.
ECOS solver failed:  The solver ECOS is not installed. 
Using SCS instead.
ECOS solver failed:  The solver ECOS is not installed. 
Using SCS instead.
ECOS solver failed:  The solver ECOS is not installed. 
Using SCS instead.
ECOS solver failed:  The solver ECOS is not installed. 
Using SCS instead.
ECOS solver failed:  The solver ECOS is not installed. 
Using SCS instead.
ECOS solver failed:  The solver ECOS is not installed. 
Using SCS instead.
ECOS solver failed:  The solver ECOS is not installed. 
Using SCS instead.
ECOS solver failed:  The solver ECOS is not installed. 
Using SCS instead.
ECOS solver failed:  The solver ECOS is not installed. 
Using SCS instead.
ECOS solver failed:  The solver ECOS is not installed. 
Using SCS instead.
ECOS solver failed:  The solver ECOS is not installed. 
Using SCS instead.
ECOS solver failed:  The solver ECOS is not installed. 
Using SCS instead.
ECOS solver failed:  The solver ECOS is not installed. 
Using SCS instead.
ECOS solver failed:  The solver ECOS is not installed. 
Using SCS instead.
ECOS solver failed:  The solver ECOS is not installed. 
Using SCS instead.
ECOS solver failed:  The solver ECOS is not installed. 
Using SCS instead.
ECOS solver failed:  The solver ECOS is not installed. 
Using SCS instead.
ECOS solver failed:  The solver ECOS is not installed. 
Using SCS instead.
ECOS solver failed:  The solver ECOS is not installed. 
Using SCS instead.
ECOS solver failed:  The solver ECOS is not installed. 
Using SCS instead.
M-step Design Matrix Calculation time (sec): 0.0182
ECOS solver failed in IPCW_HAL_init, falling back to SCS: The solver ECOS is not installed.
WARNING - large complementary slackness residual: 0.026280
M-step CVXPY optimize time (sec): 1.8381
ECOS solver failed:  The solver ECOS is not installed. 
Using SCS instead.
ECOS solver failed:  The solver ECOS is not installed. 
Using SCS instead.
ECOS solver failed:  The solver ECOS is not installed. 
Using SCS instead.
ECOS solver failed:  The solver ECOS is not installed. 
Using SCS instead.
ECOS solver failed:  The solver ECOS is not installed. 
Using SCS instead.
ECOS solver failed:  The solver ECOS is not installed. 
Using SCS instead.
ECOS solver failed:  The solver ECOS is not installed. 
Using SCS instead.
ECOS solver failed:  The solver ECOS is not installed. 
Using SCS instead.
ECOS solver failed:  The solver ECOS is not installed. 
Using SCS instead.
ECOS solver failed:  The solver ECOS is not installed. 
Using SCS instead.
ECOS solver failed:  The solver ECOS is not installed. 
Using SCS instead.
ECOS solver failed:  The solver ECOS is not installed. 
Using SCS instead.
ECOS solver failed:  The solver ECOS is not installed. 
Using SCS instead.
ECOS solver failed:  The solver ECOS is not installed. 
Using SCS instead.
ECOS solver failed:  The solver ECOS is not installed. 
Using SCS instead.
ECOS solver failed:  The solver ECOS is not installed. 
Using SCS instead.
ECOS solver failed:  The solver ECOS is not installed. 
Using SCS instead.
ECOS solver failed:  The solver ECOS is not installed. 
Using SCS instead.
ECOS solver failed:  The solver ECOS is not installed. 
Using SCS instead.
ECOS solver failed:  The solver ECOS is not installed. 
Using SCS instead.
ECOS solver failed:  The solver ECOS is not installed. 
Using SCS instead.
M-step Design Matrix Calculation time (sec): 0.3671
ECOS solver failed in IPCW_HAL_init, falling back to SCS: The solver ECOS is not installed.
WARNING - large complementary slackness residual: 0.032784
M-step CVXPY optimize time (sec): 1.6057
ECOS solver failed:  The solver ECOS is not installed. 
Using SCS instead.
ECOS solver failed:  The solver ECOS is not installed. 
Using SCS instead.
ECOS solver failed:  The solver ECOS is not installed. 
Using SCS instead.
ECOS solver failed:  The solver ECOS is not installed. 
Using SCS instead.
ECOS solver failed:  The solver ECOS is not installed. 
Using SCS instead.
ECOS solver failed:  The solver ECOS is not installed. 
Using SCS instead.
ECOS solver failed:  The solver ECOS is not installed. 
Using SCS instead.
ECOS solver failed:  The solver ECOS is not installed. 
Using SCS instead.
ECOS solver failed:  The solver ECOS is not installed. 
Using SCS instead.
ECOS solver failed:  The solver ECOS is not installed. 
Using SCS instead.
ECOS solver failed:  The solver ECOS is not installed. 
Using SCS instead.
ECOS solver failed:  The solver ECOS is not installed. 
Using SCS instead.
ECOS solver failed:  The solver ECOS is not installed. 
Using SCS instead.
ECOS solver failed:  The solver ECOS is not installed. 
Using SCS instead.
ECOS solver failed:  The solver ECOS is not installed. 
Using SCS instead.
ECOS solver failed:  The solver ECOS is not installed. 
Using SCS instead.
ECOS solver failed:  The solver ECOS is not installed. 
Using SCS instead.
ECOS solver failed:  The solver ECOS is not installed. 
Using SCS instead.
ECOS solver failed:  The solver ECOS is not installed. 
Using SCS instead.
ECOS solver failed:  The solver ECOS is not installed. 
Using SCS instead.
ECOS solver failed:  The solver ECOS is not installed. 
Using SCS instead.
M-step Design Matrix Calculation time (sec): 0.0186
ECOS solver failed in IPCW_HAL_init, falling back to SCS: The solver ECOS is not installed.
M-step CVXPY optimize time (sec): 0.4638
ECOS solver failed:  The solver ECOS is not installed. 
Using SCS instead.
ECOS solver failed:  The solver ECOS is not installed. 
Using SCS instead.
ECOS solver failed:  The solver ECOS is not installed. 
Using SCS instead.
ECOS solver failed:  The solver ECOS is not installed. 
Using SCS instead.
ECOS solver failed:  The solver ECOS is not installed. 
Using SCS instead.
ECOS solver failed:  The solver ECOS is not installed. 
Using SCS instead.
ECOS solver failed:  The solver ECOS is not installed. 
Using SCS instead.
ECOS solver failed:  The solver ECOS is not installed. 
Using SCS instead.
ECOS solver failed:  The solver ECOS is not installed. 
Using SCS instead.
ECOS solver failed:  The solver ECOS is not installed. 
Using SCS instead.
ECOS solver failed:  The solver ECOS is not installed. 
Using SCS instead.
ECOS solver failed:  The solver ECOS is not installed. 
Using SCS instead.
ECOS solver failed:  The solver ECOS is not installed. 
Using SCS instead.
ECOS solver failed:  The solver ECOS is not installed. 
Using SCS instead.
ECOS solver failed:  The solver ECOS is not installed. 
Using SCS instead.
ECOS solver failed:  The solver ECOS is not installed. 
Using SCS instead.
ECOS solver failed:  The solver ECOS is not installed. 
Using SCS instead.
ECOS solver failed:  The solver ECOS is not installed. 
Using SCS instead.
ECOS solver failed:  The solver ECOS is not installed. 
Using SCS instead.
ECOS solver failed:  The solver ECOS is not installed. 
Using SCS instead.
ECOS solver failed:  The solver ECOS is not installed. 
Using SCS instead.
M-step Design Matrix Calculation time (sec): 0.0195
ECOS solver failed in IPCW_HAL_init, falling back to SCS: The solver ECOS is not installed.
M-step CVXPY optimize time (sec): 1.3114
ECOS solver failed:  The solver ECOS is not installed. 
Using SCS instead.
ECOS solver failed:  The solver ECOS is not installed. 
Using SCS instead.
ECOS solver failed:  The solver ECOS is not installed. 
Using SCS instead.
ECOS solver failed:  The solver ECOS is not installed. 
Using SCS instead.
ECOS solver failed:  The solver ECOS is not installed. 
Using SCS instead.
ECOS solver failed:  The solver ECOS is not installed. 
Using SCS instead.
ECOS solver failed:  The solver ECOS is not installed. 
Using SCS instead.
ECOS solver failed:  The solver ECOS is not installed. 
Using SCS instead.
ECOS solver failed:  The solver ECOS is not installed. 
Using SCS instead.
ECOS solver failed:  The solver ECOS is not installed. 
Using SCS instead.
ECOS solver failed:  The solver ECOS is not installed. 
Using SCS instead.
ECOS solver failed:  The solver ECOS is not installed. 
Using SCS instead.
ECOS solver failed:  The solver ECOS is not installed. 
Using SCS instead.
ECOS solver failed:  The solver ECOS is not installed. 
Using SCS instead.
ECOS solver failed:  The solver ECOS is not installed. 
Using SCS instead.
ECOS solver failed:  The solver ECOS is not installed. 
Using SCS instead.
ECOS solver failed:  The solver ECOS is not installed. 
Using SCS instead.
ECOS solver failed:  The solver ECOS is not installed. 
Using SCS instead.
ECOS solver failed:  The solver ECOS is not installed. 
Using SCS instead.
ECOS solver failed:  The solver ECOS is not installed. 
Using SCS instead.
ECOS solver failed:  The solver ECOS is not installed. 
Using SCS instead.
M-step Design Matrix Calculation time (sec): 0.0242
ECOS solver failed in IPCW_HAL_init, falling back to SCS: The solver ECOS is not installed.
M-step CVXPY optimize time (sec): 0.9448
ECOS solver failed:  The solver ECOS is not installed. 
Using SCS instead.
ECOS solver failed:  The solver ECOS is not installed. 
Using SCS instead.
ECOS solver failed:  The solver ECOS is not installed. 
Using SCS instead.
ECOS solver failed:  The solver ECOS is not installed. 
Using SCS instead.
ECOS solver failed:  The solver ECOS is not installed. 
Using SCS instead.
ECOS solver failed:  The solver ECOS is not installed. 
Using SCS instead.
ECOS solver failed:  The solver ECOS is not installed. 
Using SCS instead.
ECOS solver failed:  The solver ECOS is not installed. 
Using SCS instead.
ECOS solver failed:  The solver ECOS is not installed. 
Using SCS instead.
ECOS solver failed:  The solver ECOS is not installed. 
Using SCS instead.
ECOS solver failed:  The solver ECOS is not installed. 
Using SCS instead.
ECOS solver failed:  The solver ECOS is not installed. 
Using SCS instead.
ECOS solver failed:  The solver ECOS is not installed. 
Using SCS instead.
ECOS solver failed:  The solver ECOS is not installed. 
Using SCS instead.
ECOS solver failed:  The solver ECOS is not installed. 
Using SCS instead.
ECOS solver failed:  The solver ECOS is not installed. 
Using SCS instead.
ECOS solver failed:  The solver ECOS is not installed. 
Using SCS instead.
ECOS solver failed:  The solver ECOS is not installed. 
Using SCS instead.
ECOS solver failed:  The solver ECOS is not installed. 
Using SCS instead.
ECOS solver failed:  The solver ECOS is not installed. 
Using SCS instead.
ECOS solver failed:  The solver ECOS is not installed. 
Using SCS instead.
M-step Design Matrix Calculation time (sec): 0.0179
ECOS solver failed in IPCW_HAL_init, falling back to SCS: The solver ECOS is not installed.
M-step CVXPY optimize time (sec): 0.7530
ECOS solver failed:  The solver ECOS is not installed. 
Using SCS instead.
ECOS solver failed:  The solver ECOS is not installed. 
Using SCS instead.
ECOS solver failed:  The solver ECOS is not installed. 
Using SCS instead.
ECOS solver failed:  The solver ECOS is not installed. 
Using SCS instead.
ECOS solver failed:  The solver ECOS is not installed. 
Using SCS instead.
ECOS solver failed:  The solver ECOS is not installed. 
Using SCS instead.
ECOS solver failed:  The solver ECOS is not installed. 
Using SCS instead.
ECOS solver failed:  The solver ECOS is not installed. 
Using SCS instead.
ECOS solver failed:  The solver ECOS is not installed. 
Using SCS instead.
ECOS solver failed:  The solver ECOS is not installed. 
Using SCS instead.
ECOS solver failed:  The solver ECOS is not installed. 
Using SCS instead.
ECOS solver failed:  The solver ECOS is not installed. 
Using SCS instead.
ECOS solver failed:  The solver ECOS is not installed. 
Using SCS instead.
ECOS solver failed:  The solver ECOS is not installed. 
Using SCS instead.
ECOS solver failed:  The solver ECOS is not installed. 
Using SCS instead.
ECOS solver failed:  The solver ECOS is not installed. 
Using SCS instead.
ECOS solver failed:  The solver ECOS is not installed. 
Using SCS instead.
ECOS solver failed:  The solver ECOS is not installed. 
Using SCS instead.
ECOS solver failed:  The solver ECOS is not installed. 
Using SCS instead.
ECOS solver failed:  The solver ECOS is not installed. 
Using SCS instead.
ECOS solver failed:  The solver ECOS is not installed. 
Using SCS instead.
M-step Design Matrix Calculation time (sec): 0.0335
ECOS solver failed in IPCW_HAL_init, falling back to SCS: The solver ECOS is not installed.
M-step CVXPY optimize time (sec): 1.5971
ECOS solver failed:  The solver ECOS is not installed. 
Using SCS instead.
ECOS solver failed:  The solver ECOS is not installed. 
Using SCS instead.
ECOS solver failed:  The solver ECOS is not installed. 
Using SCS instead.
ECOS solver failed:  The solver ECOS is not installed. 
Using SCS instead.
ECOS solver failed:  The solver ECOS is not installed. 
Using SCS instead.
ECOS solver failed:  The solver ECOS is not installed. 
Using SCS instead.
ECOS solver failed:  The solver ECOS is not installed. 
Using SCS instead.
ECOS solver failed:  The solver ECOS is not installed. 
Using SCS instead.
ECOS solver failed:  The solver ECOS is not installed. 
Using SCS instead.
ECOS solver failed:  The solver ECOS is not installed. 
Using SCS instead.
ECOS solver failed:  The solver ECOS is not installed. 
Using SCS instead.
ECOS solver failed:  The solver ECOS is not installed. 
Using SCS instead.
ECOS solver failed:  The solver ECOS is not installed. 
Using SCS instead.
ECOS solver failed:  The solver ECOS is not installed. 
Using SCS instead.
ECOS solver failed:  The solver ECOS is not installed. 
Using SCS instead.
ECOS solver failed:  The solver ECOS is not installed. 
Using SCS instead.
ECOS solver failed:  The solver ECOS is not installed. 
Using SCS instead.
ECOS solver failed:  The solver ECOS is not installed. 
Using SCS instead.
ECOS solver failed:  The solver ECOS is not installed. 
Using SCS instead.
ECOS solver failed:  The solver ECOS is not installed. 
Using SCS instead.
ECOS solver failed:  The solver ECOS is not installed. 
Using SCS instead.
M-step Design Matrix Calculation time (sec): 0.0301
ECOS solver failed in IPCW_HAL_init, falling back to SCS: The solver ECOS is not installed.
WARNING - large complementary slackness residual: 0.016802
M-step CVXPY optimize time (sec): 2.7045
ECOS solver failed:  The solver ECOS is not installed. 
Using SCS instead.
ECOS solver failed:  The solver ECOS is not installed. 
Using SCS instead.
ECOS solver failed:  The solver ECOS is not installed. 
Using SCS instead.
ECOS solver failed:  The solver ECOS is not installed. 
Using SCS instead.
ECOS solver failed:  The solver ECOS is not installed. 
Using SCS instead.
ECOS solver failed:  The solver ECOS is not installed. 
Using SCS instead.
ECOS solver failed:  The solver ECOS is not installed. 
Using SCS instead.
ECOS solver failed:  The solver ECOS is not installed. 
Using SCS instead.
ECOS solver failed:  The solver ECOS is not installed. 
Using SCS instead.
ECOS solver failed:  The solver ECOS is not installed. 
Using SCS instead.
ECOS solver failed:  The solver ECOS is not installed. 
Using SCS instead.
ECOS solver failed:  The solver ECOS is not installed. 
Using SCS instead.
ECOS solver failed:  The solver ECOS is not installed. 
Using SCS instead.
ECOS solver failed:  The solver ECOS is not installed. 
Using SCS instead.
ECOS solver failed:  The solver ECOS is not installed. 
Using SCS instead.
ECOS solver failed:  The solver ECOS is not installed. 
Using SCS instead.
ECOS solver failed:  The solver ECOS is not installed. 
Using SCS instead.
ECOS solver failed:  The solver ECOS is not installed. 
Using SCS instead.
ECOS solver failed:  The solver ECOS is not installed. 
Using SCS instead.
ECOS solver failed:  The solver ECOS is not installed. 
Using SCS instead.
ECOS solver failed:  The solver ECOS is not installed. 
Using SCS instead.
M-step Design Matrix Calculation time (sec): 0.0357
ECOS solver failed in IPCW_HAL_init, falling back to SCS: The solver ECOS is not installed.
WARNING - large complementary slackness residual: 0.010962
M-step CVXPY optimize time (sec): 1.4428
ECOS solver failed:  The solver ECOS is not installed. 
Using SCS instead.
ECOS solver failed:  The solver ECOS is not installed. 
Using SCS instead.
ECOS solver failed:  The solver ECOS is not installed. 
Using SCS instead.
ECOS solver failed:  The solver ECOS is not installed. 
Using SCS instead.
ECOS solver failed:  The solver ECOS is not installed. 
Using SCS instead.
ECOS solver failed:  The solver ECOS is not installed. 
Using SCS instead.
ECOS solver failed:  The solver ECOS is not installed. 
Using SCS instead.
ECOS solver failed:  The solver ECOS is not installed. 
Using SCS instead.
ECOS solver failed:  The solver ECOS is not installed. 
Using SCS instead.
ECOS solver failed:  The solver ECOS is not installed. 
Using SCS instead.
ECOS solver failed:  The solver ECOS is not installed. 
Using SCS instead.
ECOS solver failed:  The solver ECOS is not installed. 
Using SCS instead.
ECOS solver failed:  The solver ECOS is not installed. 
Using SCS instead.
ECOS solver failed:  The solver ECOS is not installed. 
Using SCS instead.
ECOS solver failed:  The solver ECOS is not installed. 
Using SCS instead.
ECOS solver failed:  The solver ECOS is not installed. 
Using SCS instead.
ECOS solver failed:  The solver ECOS is not installed. 
Using SCS instead.
ECOS solver failed:  The solver ECOS is not installed. 
Using SCS instead.
ECOS solver failed:  The solver ECOS is not installed. 
Using SCS instead.
ECOS solver failed:  The solver ECOS is not installed. 
Using SCS instead.
ECOS solver failed:  The solver ECOS is not installed. 
Using SCS instead.
M-step Design Matrix Calculation time (sec): 0.0173
ECOS solver failed in IPCW_HAL_init, falling back to SCS: The solver ECOS is not installed.
WARNING - large complementary slackness residual: 0.013682
M-step CVXPY optimize time (sec): 2.7976
ECOS solver failed:  The solver ECOS is not installed. 
Using SCS instead.
ECOS solver failed:  The solver ECOS is not installed. 
Using SCS instead.
ECOS solver failed:  The solver ECOS is not installed. 
Using SCS instead.
ECOS solver failed:  The solver ECOS is not installed. 
Using SCS instead.
ECOS solver failed:  The solver ECOS is not installed. 
Using SCS instead.
ECOS solver failed:  The solver ECOS is not installed. 
Using SCS instead.
ECOS solver failed:  The solver ECOS is not installed. 
Using SCS instead.
ECOS solver failed:  The solver ECOS is not installed. 
Using SCS instead.
ECOS solver failed:  The solver ECOS is not installed. 
Using SCS instead.
ECOS solver failed:  The solver ECOS is not installed. 
Using SCS instead.
ECOS solver failed:  The solver ECOS is not installed. 
Using SCS instead.
ECOS solver failed:  The solver ECOS is not installed. 
Using SCS instead.
ECOS solver failed:  The solver ECOS is not installed. 
Using SCS instead.
ECOS solver failed:  The solver ECOS is not installed. 
Using SCS instead.
ECOS solver failed:  The solver ECOS is not installed. 
Using SCS instead.
ECOS solver failed:  The solver ECOS is not installed. 
Using SCS instead.
ECOS solver failed:  The solver ECOS is not installed. 
Using SCS instead.
ECOS solver failed:  The solver ECOS is not installed. 
Using SCS instead.
ECOS solver failed:  The solver ECOS is not installed. 
Using SCS instead.
ECOS solver failed:  The solver ECOS is not installed. 
Using SCS instead.
ECOS solver failed:  The solver ECOS is not installed. 
Using SCS instead.
M-step Design Matrix Calculation time (sec): 0.0239
ECOS solver failed in IPCW_HAL_init, falling back to SCS: The solver ECOS is not installed.
WARNING - large complementary slackness residual: 0.006007
M-step CVXPY optimize time (sec): 2.2668
ECOS solver failed:  The solver ECOS is not installed. 
Using SCS instead.
ECOS solver failed:  The solver ECOS is not installed. 
Using SCS instead.
ECOS solver failed:  The solver ECOS is not installed. 
Using SCS instead.
ECOS solver failed:  The solver ECOS is not installed. 
Using SCS instead.
ECOS solver failed:  The solver ECOS is not installed. 
Using SCS instead.
ECOS solver failed:  The solver ECOS is not installed. 
Using SCS instead.
ECOS solver failed:  The solver ECOS is not installed. 
Using SCS instead.
ECOS solver failed:  The solver ECOS is not installed. 
Using SCS instead.
ECOS solver failed:  The solver ECOS is not installed. 
Using SCS instead.
ECOS solver failed:  The solver ECOS is not installed. 
Using SCS instead.
ECOS solver failed:  The solver ECOS is not installed. 
Using SCS instead.
ECOS solver failed:  The solver ECOS is not installed. 
Using SCS instead.
ECOS solver failed:  The solver ECOS is not installed. 
Using SCS instead.
ECOS solver failed:  The solver ECOS is not installed. 
Using SCS instead.
ECOS solver failed:  The solver ECOS is not installed. 
Using SCS instead.
ECOS solver failed:  The solver ECOS is not installed. 
Using SCS instead.
ECOS solver failed:  The solver ECOS is not installed. 
Using SCS instead.
ECOS solver failed:  The solver ECOS is not installed. 
Using SCS instead.
ECOS solver failed:  The solver ECOS is not installed. 
Using SCS instead.
ECOS solver failed:  The solver ECOS is not installed. 
Using SCS instead.
ECOS solver failed:  The solver ECOS is not installed. 
Using SCS instead.
M-step Design Matrix Calculation time (sec): 0.0195
ECOS solver failed in IPCW_HAL_init, falling back to SCS: The solver ECOS is not installed.
WARNING - large complementary slackness residual: 0.017732
M-step CVXPY optimize time (sec): 0.9651
ECOS solver failed:  The solver ECOS is not installed. 
Using SCS instead.
ECOS solver failed:  The solver ECOS is not installed. 
Using SCS instead.
ECOS solver failed:  The solver ECOS is not installed. 
Using SCS instead.
ECOS solver failed:  The solver ECOS is not installed. 
Using SCS instead.
ECOS solver failed:  The solver ECOS is not installed. 
Using SCS instead.
ECOS solver failed:  The solver ECOS is not installed. 
Using SCS instead.
ECOS solver failed:  The solver ECOS is not installed. 
Using SCS instead.
ECOS solver failed:  The solver ECOS is not installed. 
Using SCS instead.
ECOS solver failed:  The solver ECOS is not installed. 
Using SCS instead.
ECOS solver failed:  The solver ECOS is not installed. 
Using SCS instead.
ECOS solver failed:  The solver ECOS is not installed. 
Using SCS instead.
ECOS solver failed:  The solver ECOS is not installed. 
Using SCS instead.
ECOS solver failed:  The solver ECOS is not installed. 
Using SCS instead.
ECOS solver failed:  The solver ECOS is not installed. 
Using SCS instead.
ECOS solver failed:  The solver ECOS is not installed. 
Using SCS instead.
ECOS solver failed:  The solver ECOS is not installed. 
Using SCS instead.
ECOS solver failed:  The solver ECOS is not installed. 
Using SCS instead.
ECOS solver failed:  The solver ECOS is not installed. 
Using SCS instead.
ECOS solver failed:  The solver ECOS is not installed. 
Using SCS instead.
ECOS solver failed:  The solver ECOS is not installed. 
Using SCS instead.
ECOS solver failed:  The solver ECOS is not installed. 
Using SCS instead.
M-step Design Matrix Calculation time (sec): 0.0161
ECOS solver failed in IPCW_HAL_init, falling back to SCS: The solver ECOS is not installed.
M-step CVXPY optimize time (sec): 1.0958
ECOS solver failed:  The solver ECOS is not installed. 
Using SCS instead.
ECOS solver failed:  The solver ECOS is not installed. 
Using SCS instead.
ECOS solver failed:  The solver ECOS is not installed. 
Using SCS instead.
ECOS solver failed:  The solver ECOS is not installed. 
Using SCS instead.
ECOS solver failed:  The solver ECOS is not installed. 
Using SCS instead.
ECOS solver failed:  The solver ECOS is not installed. 
Using SCS instead.
ECOS solver failed:  The solver ECOS is not installed. 
Using SCS instead.
ECOS solver failed:  The solver ECOS is not installed. 
Using SCS instead.
ECOS solver failed:  The solver ECOS is not installed. 
Using SCS instead.
ECOS solver failed:  The solver ECOS is not installed. 
Using SCS instead.
ECOS solver failed:  The solver ECOS is not installed. 
Using SCS instead.
ECOS solver failed:  The solver ECOS is not installed. 
Using SCS instead.
ECOS solver failed:  The solver ECOS is not installed. 
Using SCS instead.
ECOS solver failed:  The solver ECOS is not installed. 
Using SCS instead.
ECOS solver failed:  The solver ECOS is not installed. 
Using SCS instead.
ECOS solver failed:  The solver ECOS is not installed. 
Using SCS instead.
ECOS solver failed:  The solver ECOS is not installed. 
Using SCS instead.
ECOS solver failed:  The solver ECOS is not installed. 
Using SCS instead.
ECOS solver failed:  The solver ECOS is not installed. 
Using SCS instead.
ECOS solver failed:  The solver ECOS is not installed. 
Using SCS instead.
ECOS solver failed:  The solver ECOS is not installed. 
Using SCS instead.
M-step Design Matrix Calculation time (sec): 0.0206
ECOS solver failed in IPCW_HAL_init, falling back to SCS: The solver ECOS is not installed.
WARNING - large complementary slackness residual: 0.008455
M-step CVXPY optimize time (sec): 3.5333
ECOS solver failed:  The solver ECOS is not installed. 
Using SCS instead.
ECOS solver failed:  The solver ECOS is not installed. 
Using SCS instead.
ECOS solver failed:  The solver ECOS is not installed. 
Using SCS instead.
ECOS solver failed:  The solver ECOS is not installed. 
Using SCS instead.
ECOS solver failed:  The solver ECOS is not installed. 
Using SCS instead.
ECOS solver failed:  The solver ECOS is not installed. 
Using SCS instead.
ECOS solver failed:  The solver ECOS is not installed. 
Using SCS instead.
ECOS solver failed:  The solver ECOS is not installed. 
Using SCS instead.
ECOS solver failed:  The solver ECOS is not installed. 
Using SCS instead.
ECOS solver failed:  The solver ECOS is not installed. 
Using SCS instead.
ECOS solver failed:  The solver ECOS is not installed. 
Using SCS instead.
ECOS solver failed:  The solver ECOS is not installed. 
Using SCS instead.
ECOS solver failed:  The solver ECOS is not installed. 
Using SCS instead.
ECOS solver failed:  The solver ECOS is not installed. 
Using SCS instead.
ECOS solver failed:  The solver ECOS is not installed. 
Using SCS instead.
ECOS solver failed:  The solver ECOS is not installed. 
Using SCS instead.
ECOS solver failed:  The solver ECOS is not installed. 
Using SCS instead.
ECOS solver failed:  The solver ECOS is not installed. 
Using SCS instead.
ECOS solver failed:  The solver ECOS is not installed. 
Using SCS instead.
ECOS solver failed:  The solver ECOS is not installed. 
Using SCS instead.
ECOS solver failed:  The solver ECOS is not installed. 
Using SCS instead.
M-step Design Matrix Calculation time (sec): 0.0554
ECOS solver failed in IPCW_HAL_init, falling back to SCS: The solver ECOS is not installed.
M-step CVXPY optimize time (sec): 1.0872
ECOS solver failed:  The solver ECOS is not installed. 
Using SCS instead.
ECOS solver failed:  The solver ECOS is not installed. 
Using SCS instead.
ECOS solver failed:  The solver ECOS is not installed. 
Using SCS instead.
ECOS solver failed:  The solver ECOS is not installed. 
Using SCS instead.
ECOS solver failed:  The solver ECOS is not installed. 
Using SCS instead.
ECOS solver failed:  The solver ECOS is not installed. 
Using SCS instead.
ECOS solver failed:  The solver ECOS is not installed. 
Using SCS instead.
ECOS solver failed:  The solver ECOS is not installed. 
Using SCS instead.
ECOS solver failed:  The solver ECOS is not installed. 
Using SCS instead.
ECOS solver failed:  The solver ECOS is not installed. 
Using SCS instead.
ECOS solver failed:  The solver ECOS is not installed. 
Using SCS instead.
ECOS solver failed:  The solver ECOS is not installed. 
Using SCS instead.
ECOS solver failed:  The solver ECOS is not installed. 
Using SCS instead.
ECOS solver failed:  The solver ECOS is not installed. 
Using SCS instead.
ECOS solver failed:  The solver ECOS is not installed. 
Using SCS instead.
ECOS solver failed:  The solver ECOS is not installed. 
Using SCS instead.
ECOS solver failed:  The solver ECOS is not installed. 
Using SCS instead.
ECOS solver failed:  The solver ECOS is not installed. 
Using SCS instead.
ECOS solver failed:  The solver ECOS is not installed. 
Using SCS instead.
ECOS solver failed:  The solver ECOS is not installed. 
Using SCS instead.
ECOS solver failed:  The solver ECOS is not installed. 
Using SCS instead.
M-step Design Matrix Calculation time (sec): 0.0183
ECOS solver failed in IPCW_HAL_init, falling back to SCS: The solver ECOS is not installed.
WARNING - large complementary slackness residual: 0.012717
M-step CVXPY optimize time (sec): 2.8382
ECOS solver failed:  The solver ECOS is not installed. 
Using SCS instead.
ECOS solver failed:  The solver ECOS is not installed. 
Using SCS instead.
ECOS solver failed:  The solver ECOS is not installed. 
Using SCS instead.
ECOS solver failed:  The solver ECOS is not installed. 
Using SCS instead.
ECOS solver failed:  The solver ECOS is not installed. 
Using SCS instead.
ECOS solver failed:  The solver ECOS is not installed. 
Using SCS instead.
ECOS solver failed:  The solver ECOS is not installed. 
Using SCS instead.
ECOS solver failed:  The solver ECOS is not installed. 
Using SCS instead.
ECOS solver failed:  The solver ECOS is not installed. 
Using SCS instead.
ECOS solver failed:  The solver ECOS is not installed. 
Using SCS instead.
ECOS solver failed:  The solver ECOS is not installed. 
Using SCS instead.
ECOS solver failed:  The solver ECOS is not installed. 
Using SCS instead.
ECOS solver failed:  The solver ECOS is not installed. 
Using SCS instead.
ECOS solver failed:  The solver ECOS is not installed. 
Using SCS instead.
ECOS solver failed:  The solver ECOS is not installed. 
Using SCS instead.
ECOS solver failed:  The solver ECOS is not installed. 
Using SCS instead.
ECOS solver failed:  The solver ECOS is not installed. 
Using SCS instead.
ECOS solver failed:  The solver ECOS is not installed. 
Using SCS instead.
ECOS solver failed:  The solver ECOS is not installed. 
Using SCS instead.
ECOS solver failed:  The solver ECOS is not installed. 
Using SCS instead.
ECOS solver failed:  The solver ECOS is not installed. 
Using SCS instead.
M-step Design Matrix Calculation time (sec): 0.0187
ECOS solver failed in IPCW_HAL_init, falling back to SCS: The solver ECOS is not installed.
M-step CVXPY optimize time (sec): 1.0016
ECOS solver failed:  The solver ECOS is not installed. 
Using SCS instead.
ECOS solver failed:  The solver ECOS is not installed. 
Using SCS instead.
ECOS solver failed:  The solver ECOS is not installed. 
Using SCS instead.
ECOS solver failed:  The solver ECOS is not installed. 
Using SCS instead.
ECOS solver failed:  The solver ECOS is not installed. 
Using SCS instead.
ECOS solver failed:  The solver ECOS is not installed. 
Using SCS instead.
ECOS solver failed:  The solver ECOS is not installed. 
Using SCS instead.
ECOS solver failed:  The solver ECOS is not installed. 
Using SCS instead.
ECOS solver failed:  The solver ECOS is not installed. 
Using SCS instead.
ECOS solver failed:  The solver ECOS is not installed. 
Using SCS instead.
ECOS solver failed:  The solver ECOS is not installed. 
Using SCS instead.
ECOS solver failed:  The solver ECOS is not installed. 
Using SCS instead.
ECOS solver failed:  The solver ECOS is not installed. 
Using SCS instead.
ECOS solver failed:  The solver ECOS is not installed. 
Using SCS instead.
ECOS solver failed:  The solver ECOS is not installed. 
Using SCS instead.
ECOS solver failed:  The solver ECOS is not installed. 
Using SCS instead.
ECOS solver failed:  The solver ECOS is not installed. 
Using SCS instead.
ECOS solver failed:  The solver ECOS is not installed. 
Using SCS instead.
ECOS solver failed:  The solver ECOS is not installed. 
Using SCS instead.
ECOS solver failed:  The solver ECOS is not installed. 
Using SCS instead.
ECOS solver failed:  The solver ECOS is not installed. 
Using SCS instead.
M-step Design Matrix Calculation time (sec): 0.0179
ECOS solver failed in IPCW_HAL_init, falling back to SCS: The solver ECOS is not installed.
WARNING - large complementary slackness residual: 0.009460
M-step CVXPY optimize time (sec): 1.8305
ECOS solver failed:  The solver ECOS is not installed. 
Using SCS instead.
ECOS solver failed:  The solver ECOS is not installed. 
Using SCS instead.
ECOS solver failed:  The solver ECOS is not installed. 
Using SCS instead.
ECOS solver failed:  The solver ECOS is not installed. 
Using SCS instead.
ECOS solver failed:  The solver ECOS is not installed. 
Using SCS instead.
ECOS solver failed:  The solver ECOS is not installed. 
Using SCS instead.
ECOS solver failed:  The solver ECOS is not installed. 
Using SCS instead.
ECOS solver failed:  The solver ECOS is not installed. 
Using SCS instead.
ECOS solver failed:  The solver ECOS is not installed. 
Using SCS instead.
ECOS solver failed:  The solver ECOS is not installed. 
Using SCS instead.
ECOS solver failed:  The solver ECOS is not installed. 
Using SCS instead.
ECOS solver failed:  The solver ECOS is not installed. 
Using SCS instead.
ECOS solver failed:  The solver ECOS is not installed. 
Using SCS instead.
ECOS solver failed:  The solver ECOS is not installed. 
Using SCS instead.
ECOS solver failed:  The solver ECOS is not installed. 
Using SCS instead.
ECOS solver failed:  The solver ECOS is not installed. 
Using SCS instead.
ECOS solver failed:  The solver ECOS is not installed. 
Using SCS instead.
ECOS solver failed:  The solver ECOS is not installed. 
Using SCS instead.
ECOS solver failed:  The solver ECOS is not installed. 
Using SCS instead.
ECOS solver failed:  The solver ECOS is not installed. 
Using SCS instead.
ECOS solver failed:  The solver ECOS is not installed. 
Using SCS instead.
M-step Design Matrix Calculation time (sec): 0.1088
ECOS solver failed in IPCW_HAL_init, falling back to SCS: The solver ECOS is not installed.
WARNING - large complementary slackness residual: 0.016186
M-step CVXPY optimize time (sec): 4.0864
ECOS solver failed:  The solver ECOS is not installed. 
Using SCS instead.
ECOS solver failed:  The solver ECOS is not installed. 
Using SCS instead.
ECOS solver failed:  The solver ECOS is not installed. 
Using SCS instead.
ECOS solver failed:  The solver ECOS is not installed. 
Using SCS instead.
ECOS solver failed:  The solver ECOS is not installed. 
Using SCS instead.
ECOS solver failed:  The solver ECOS is not installed. 
Using SCS instead.
ECOS solver failed:  The solver ECOS is not installed. 
Using SCS instead.
ECOS solver failed:  The solver ECOS is not installed. 
Using SCS instead.
ECOS solver failed:  The solver ECOS is not installed. 
Using SCS instead.
ECOS solver failed:  The solver ECOS is not installed. 
Using SCS instead.
ECOS solver failed:  The solver ECOS is not installed. 
Using SCS instead.
ECOS solver failed:  The solver ECOS is not installed. 
Using SCS instead.
ECOS solver failed:  The solver ECOS is not installed. 
Using SCS instead.
ECOS solver failed:  The solver ECOS is not installed. 
Using SCS instead.
ECOS solver failed:  The solver ECOS is not installed. 
Using SCS instead.
ECOS solver failed:  The solver ECOS is not installed. 
Using SCS instead.
ECOS solver failed:  The solver ECOS is not installed. 
Using SCS instead.
ECOS solver failed:  The solver ECOS is not installed. 
Using SCS instead.
ECOS solver failed:  The solver ECOS is not installed. 
Using SCS instead.
ECOS solver failed:  The solver ECOS is not installed. 
Using SCS instead.
ECOS solver failed:  The solver ECOS is not installed. 
Using SCS instead.
M-step Design Matrix Calculation time (sec): 0.0182
ECOS solver failed in IPCW_HAL_init, falling back to SCS: The solver ECOS is not installed.
M-step CVXPY optimize time (sec): 0.9822
ECOS solver failed:  The solver ECOS is not installed. 
Using SCS instead.
ECOS solver failed:  The solver ECOS is not installed. 
Using SCS instead.
ECOS solver failed:  The solver ECOS is not installed. 
Using SCS instead.
ECOS solver failed:  The solver ECOS is not installed. 
Using SCS instead.
ECOS solver failed:  The solver ECOS is not installed. 
Using SCS instead.
ECOS solver failed:  The solver ECOS is not installed. 
Using SCS instead.
ECOS solver failed:  The solver ECOS is not installed. 
Using SCS instead.
ECOS solver failed:  The solver ECOS is not installed. 
Using SCS instead.
ECOS solver failed:  The solver ECOS is not installed. 
Using SCS instead.
ECOS solver failed:  The solver ECOS is not installed. 
Using SCS instead.
ECOS solver failed:  The solver ECOS is not installed. 
Using SCS instead.
ECOS solver failed:  The solver ECOS is not installed. 
Using SCS instead.
ECOS solver failed:  The solver ECOS is not installed. 
Using SCS instead.
ECOS solver failed:  The solver ECOS is not installed. 
Using SCS instead.
ECOS solver failed:  The solver ECOS is not installed. 
Using SCS instead.
ECOS solver failed:  The solver ECOS is not installed. 
Using SCS instead.
ECOS solver failed:  The solver ECOS is not installed. 
Using SCS instead.
ECOS solver failed:  The solver ECOS is not installed. 
Using SCS instead.
ECOS solver failed:  The solver ECOS is not installed. 
Using SCS instead.
ECOS solver failed:  The solver ECOS is not installed. 
Using SCS instead.
ECOS solver failed:  The solver ECOS is not installed. 
Using SCS instead.
M-step Design Matrix Calculation time (sec): 0.0533
ECOS solver failed in IPCW_HAL_init, falling back to SCS: The solver ECOS is not installed.
M-step CVXPY optimize time (sec): 0.9387
ECOS solver failed:  The solver ECOS is not installed. 
Using SCS instead.
ECOS solver failed:  The solver ECOS is not installed. 
Using SCS instead.
ECOS solver failed:  The solver ECOS is not installed. 
Using SCS instead.
ECOS solver failed:  The solver ECOS is not installed. 
Using SCS instead.
ECOS solver failed:  The solver ECOS is not installed. 
Using SCS instead.
ECOS solver failed:  The solver ECOS is not installed. 
Using SCS instead.
ECOS solver failed:  The solver ECOS is not installed. 
Using SCS instead.
ECOS solver failed:  The solver ECOS is not installed. 
Using SCS instead.
ECOS solver failed:  The solver ECOS is not installed. 
Using SCS instead.
ECOS solver failed:  The solver ECOS is not installed. 
Using SCS instead.
ECOS solver failed:  The solver ECOS is not installed. 
Using SCS instead.
ECOS solver failed:  The solver ECOS is not installed. 
Using SCS instead.
ECOS solver failed:  The solver ECOS is not installed. 
Using SCS instead.
ECOS solver failed:  The solver ECOS is not installed. 
Using SCS instead.
ECOS solver failed:  The solver ECOS is not installed. 
Using SCS instead.
ECOS solver failed:  The solver ECOS is not installed. 
Using SCS instead.
ECOS solver failed:  The solver ECOS is not installed. 
Using SCS instead.
ECOS solver failed:  The solver ECOS is not installed. 
Using SCS instead.
ECOS solver failed:  The solver ECOS is not installed. 
Using SCS instead.
ECOS solver failed:  The solver ECOS is not installed. 
Using SCS instead.
ECOS solver failed:  The solver ECOS is not installed. 
Using SCS instead.
M-step Design Matrix Calculation time (sec): 0.0178
ECOS solver failed in IPCW_HAL_init, falling back to SCS: The solver ECOS is not installed.
WARNING - large complementary slackness residual: 0.005267
M-step CVXPY optimize time (sec): 2.7812
ECOS solver failed:  The solver ECOS is not installed. 
Using SCS instead.
ECOS solver failed:  The solver ECOS is not installed. 
Using SCS instead.
ECOS solver failed:  The solver ECOS is not installed. 
Using SCS instead.
ECOS solver failed:  The solver ECOS is not installed. 
Using SCS instead.
ECOS solver failed:  The solver ECOS is not installed. 
Using SCS instead.
ECOS solver failed:  The solver ECOS is not installed. 
Using SCS instead.
ECOS solver failed:  The solver ECOS is not installed. 
Using SCS instead.
ECOS solver failed:  The solver ECOS is not installed. 
Using SCS instead.
ECOS solver failed:  The solver ECOS is not installed. 
Using SCS instead.
ECOS solver failed:  The solver ECOS is not installed. 
Using SCS instead.
ECOS solver failed:  The solver ECOS is not installed. 
Using SCS instead.
ECOS solver failed:  The solver ECOS is not installed. 
Using SCS instead.
ECOS solver failed:  The solver ECOS is not installed. 
Using SCS instead.
ECOS solver failed:  The solver ECOS is not installed. 
Using SCS instead.
ECOS solver failed:  The solver ECOS is not installed. 
Using SCS instead.
ECOS solver failed:  The solver ECOS is not installed. 
Using SCS instead.
ECOS solver failed:  The solver ECOS is not installed. 
Using SCS instead.
ECOS solver failed:  The solver ECOS is not installed. 
Using SCS instead.
ECOS solver failed:  The solver ECOS is not installed. 
Using SCS instead.
ECOS solver failed:  The solver ECOS is not installed. 
Using SCS instead.
ECOS solver failed:  The solver ECOS is not installed. 
Using SCS instead.
M-step Design Matrix Calculation time (sec): 0.0227
ECOS solver failed in IPCW_HAL_init, falling back to SCS: The solver ECOS is not installed.
M-step CVXPY optimize time (sec): 0.8876
ECOS solver failed:  The solver ECOS is not installed. 
Using SCS instead.
ECOS solver failed:  The solver ECOS is not installed. 
Using SCS instead.
ECOS solver failed:  The solver ECOS is not installed. 
Using SCS instead.
ECOS solver failed:  The solver ECOS is not installed. 
Using SCS instead.
ECOS solver failed:  The solver ECOS is not installed. 
Using SCS instead.
ECOS solver failed:  The solver ECOS is not installed. 
Using SCS instead.
ECOS solver failed:  The solver ECOS is not installed. 
Using SCS instead.
ECOS solver failed:  The solver ECOS is not installed. 
Using SCS instead.
ECOS solver failed:  The solver ECOS is not installed. 
Using SCS instead.
ECOS solver failed:  The solver ECOS is not installed. 
Using SCS instead.
ECOS solver failed:  The solver ECOS is not installed. 
Using SCS instead.
ECOS solver failed:  The solver ECOS is not installed. 
Using SCS instead.
ECOS solver failed:  The solver ECOS is not installed. 
Using SCS instead.
ECOS solver failed:  The solver ECOS is not installed. 
Using SCS instead.
ECOS solver failed:  The solver ECOS is not installed. 
Using SCS instead.
ECOS solver failed:  The solver ECOS is not installed. 
Using SCS instead.
ECOS solver failed:  The solver ECOS is not installed. 
Using SCS instead.
ECOS solver failed:  The solver ECOS is not installed. 
Using SCS instead.
ECOS solver failed:  The solver ECOS is not installed. 
Using SCS instead.
ECOS solver failed:  The solver ECOS is not installed. 
Using SCS instead.
ECOS solver failed:  The solver ECOS is not installed. 
Using SCS instead.
M-step Design Matrix Calculation time (sec): 0.0308
ECOS solver failed in IPCW_HAL_init, falling back to SCS: The solver ECOS is not installed.
WARNING - large complementary slackness residual: 0.015682
M-step CVXPY optimize time (sec): 1.8086
ECOS solver failed:  The solver ECOS is not installed. 
Using SCS instead.
ECOS solver failed:  The solver ECOS is not installed. 
Using SCS instead.
ECOS solver failed:  The solver ECOS is not installed. 
Using SCS instead.
ECOS solver failed:  The solver ECOS is not installed. 
Using SCS instead.
ECOS solver failed:  The solver ECOS is not installed. 
Using SCS instead.
ECOS solver failed:  The solver ECOS is not installed. 
Using SCS instead.
ECOS solver failed:  The solver ECOS is not installed. 
Using SCS instead.
ECOS solver failed:  The solver ECOS is not installed. 
Using SCS instead.
ECOS solver failed:  The solver ECOS is not installed. 
Using SCS instead.
ECOS solver failed:  The solver ECOS is not installed. 
Using SCS instead.
ECOS solver failed:  The solver ECOS is not installed. 
Using SCS instead.
ECOS solver failed:  The solver ECOS is not installed. 
Using SCS instead.
ECOS solver failed:  The solver ECOS is not installed. 
Using SCS instead.
ECOS solver failed:  The solver ECOS is not installed. 
Using SCS instead.
ECOS solver failed:  The solver ECOS is not installed. 
Using SCS instead.
ECOS solver failed:  The solver ECOS is not installed. 
Using SCS instead.
ECOS solver failed:  The solver ECOS is not installed. 
Using SCS instead.
ECOS solver failed:  The solver ECOS is not installed. 
Using SCS instead.
ECOS solver failed:  The solver ECOS is not installed. 
Using SCS instead.
ECOS solver failed:  The solver ECOS is not installed. 
Using SCS instead.
ECOS solver failed:  The solver ECOS is not installed. 
Using SCS instead.
M-step Design Matrix Calculation time (sec): 0.0202
ECOS solver failed in IPCW_HAL_init, falling back to SCS: The solver ECOS is not installed.
M-step CVXPY optimize time (sec): 0.4075
ECOS solver failed:  The solver ECOS is not installed. 
Using SCS instead.
ECOS solver failed:  The solver ECOS is not installed. 
Using SCS instead.
ECOS solver failed:  The solver ECOS is not installed. 
Using SCS instead.
ECOS solver failed:  The solver ECOS is not installed. 
Using SCS instead.
ECOS solver failed:  The solver ECOS is not installed. 
Using SCS instead.
ECOS solver failed:  The solver ECOS is not installed. 
Using SCS instead.
ECOS solver failed:  The solver ECOS is not installed. 
Using SCS instead.
ECOS solver failed:  The solver ECOS is not installed. 
Using SCS instead.
ECOS solver failed:  The solver ECOS is not installed. 
Using SCS instead.
ECOS solver failed:  The solver ECOS is not installed. 
Using SCS instead.
ECOS solver failed:  The solver ECOS is not installed. 
Using SCS instead.
ECOS solver failed:  The solver ECOS is not installed. 
Using SCS instead.
ECOS solver failed:  The solver ECOS is not installed. 
Using SCS instead.
ECOS solver failed:  The solver ECOS is not installed. 
Using SCS instead.
ECOS solver failed:  The solver ECOS is not installed. 
Using SCS instead.
ECOS solver failed:  The solver ECOS is not installed. 
Using SCS instead.
ECOS solver failed:  The solver ECOS is not installed. 
Using SCS instead.
ECOS solver failed:  The solver ECOS is not installed. 
Using SCS instead.
ECOS solver failed:  The solver ECOS is not installed. 
Using SCS instead.
ECOS solver failed:  The solver ECOS is not installed. 
Using SCS instead.
ECOS solver failed:  The solver ECOS is not installed. 
Using SCS instead.
M-step Design Matrix Calculation time (sec): 0.0175
ECOS solver failed in IPCW_HAL_init, falling back to SCS: The solver ECOS is not installed.
M-step CVXPY optimize time (sec): 0.6082
ECOS solver failed:  The solver ECOS is not installed. 
Using SCS instead.
ECOS solver failed:  The solver ECOS is not installed. 
Using SCS instead.
ECOS solver failed:  The solver ECOS is not installed. 
Using SCS instead.
ECOS solver failed:  The solver ECOS is not installed. 
Using SCS instead.
ECOS solver failed:  The solver ECOS is not installed. 
Using SCS instead.
ECOS solver failed:  The solver ECOS is not installed. 
Using SCS instead.
ECOS solver failed:  The solver ECOS is not installed. 
Using SCS instead.
ECOS solver failed:  The solver ECOS is not installed. 
Using SCS instead.
ECOS solver failed:  The solver ECOS is not installed. 
Using SCS instead.
ECOS solver failed:  The solver ECOS is not installed. 
Using SCS instead.
ECOS solver failed:  The solver ECOS is not installed. 
Using SCS instead.
ECOS solver failed:  The solver ECOS is not installed. 
Using SCS instead.
ECOS solver failed:  The solver ECOS is not installed. 
Using SCS instead.
ECOS solver failed:  The solver ECOS is not installed. 
Using SCS instead.
ECOS solver failed:  The solver ECOS is not installed. 
Using SCS instead.
ECOS solver failed:  The solver ECOS is not installed. 
Using SCS instead.
ECOS solver failed:  The solver ECOS is not installed. 
Using SCS instead.
ECOS solver failed:  The solver ECOS is not installed. 
Using SCS instead.
ECOS solver failed:  The solver ECOS is not installed. 
Using SCS instead.
ECOS solver failed:  The solver ECOS is not installed. 
Using SCS instead.
ECOS solver failed:  The solver ECOS is not installed. 
Using SCS instead.
M-step Design Matrix Calculation time (sec): 0.0178
ECOS solver failed in IPCW_HAL_init, falling back to SCS: The solver ECOS is not installed.
WARNING - large complementary slackness residual: 0.005994
M-step CVXPY optimize time (sec): 1.0694
ECOS solver failed:  The solver ECOS is not installed. 
Using SCS instead.
ECOS solver failed:  The solver ECOS is not installed. 
Using SCS instead.
ECOS solver failed:  The solver ECOS is not installed. 
Using SCS instead.
ECOS solver failed:  The solver ECOS is not installed. 
Using SCS instead.
ECOS solver failed:  The solver ECOS is not installed. 
Using SCS instead.
ECOS solver failed:  The solver ECOS is not installed. 
Using SCS instead.
ECOS solver failed:  The solver ECOS is not installed. 
Using SCS instead.
ECOS solver failed:  The solver ECOS is not installed. 
Using SCS instead.
ECOS solver failed:  The solver ECOS is not installed. 
Using SCS instead.
ECOS solver failed:  The solver ECOS is not installed. 
Using SCS instead.
ECOS solver failed:  The solver ECOS is not installed. 
Using SCS instead.
ECOS solver failed:  The solver ECOS is not installed. 
Using SCS instead.
ECOS solver failed:  The solver ECOS is not installed. 
Using SCS instead.
ECOS solver failed:  The solver ECOS is not installed. 
Using SCS instead.
ECOS solver failed:  The solver ECOS is not installed. 
Using SCS instead.
ECOS solver failed:  The solver ECOS is not installed. 
Using SCS instead.
ECOS solver failed:  The solver ECOS is not installed. 
Using SCS instead.
ECOS solver failed:  The solver ECOS is not installed. 
Using SCS instead.
ECOS solver failed:  The solver ECOS is not installed. 
Using SCS instead.
ECOS solver failed:  The solver ECOS is not installed. 
Using SCS instead.
ECOS solver failed:  The solver ECOS is not installed. 
Using SCS instead.
M-step Design Matrix Calculation time (sec): 0.0179
ECOS solver failed in IPCW_HAL_init, falling back to SCS: The solver ECOS is not installed.
WARNING - large complementary slackness residual: 0.015794
M-step CVXPY optimize time (sec): 1.8071
ECOS solver failed:  The solver ECOS is not installed. 
Using SCS instead.
ECOS solver failed:  The solver ECOS is not installed. 
Using SCS instead.
ECOS solver failed:  The solver ECOS is not installed. 
Using SCS instead.
ECOS solver failed:  The solver ECOS is not installed. 
Using SCS instead.
ECOS solver failed:  The solver ECOS is not installed. 
Using SCS instead.
ECOS solver failed:  The solver ECOS is not installed. 
Using SCS instead.
ECOS solver failed:  The solver ECOS is not installed. 
Using SCS instead.
ECOS solver failed:  The solver ECOS is not installed. 
Using SCS instead.
ECOS solver failed:  The solver ECOS is not installed. 
Using SCS instead.
ECOS solver failed:  The solver ECOS is not installed. 
Using SCS instead.
ECOS solver failed:  The solver ECOS is not installed. 
Using SCS instead.
ECOS solver failed:  The solver ECOS is not installed. 
Using SCS instead.
ECOS solver failed:  The solver ECOS is not installed. 
Using SCS instead.
ECOS solver failed:  The solver ECOS is not installed. 
Using SCS instead.
ECOS solver failed:  The solver ECOS is not installed. 
Using SCS instead.
ECOS solver failed:  The solver ECOS is not installed. 
Using SCS instead.
ECOS solver failed:  The solver ECOS is not installed. 
Using SCS instead.
ECOS solver failed:  The solver ECOS is not installed. 
Using SCS instead.
ECOS solver failed:  The solver ECOS is not installed. 
Using SCS instead.
ECOS solver failed:  The solver ECOS is not installed. 
Using SCS instead.
ECOS solver failed:  The solver ECOS is not installed. 
Using SCS instead.
M-step Design Matrix Calculation time (sec): 0.0190
ECOS solver failed in IPCW_HAL_init, falling back to SCS: The solver ECOS is not installed.
WARNING - large complementary slackness residual: 0.004809
M-step CVXPY optimize time (sec): 1.4160
ECOS solver failed:  The solver ECOS is not installed. 
Using SCS instead.
ECOS solver failed:  The solver ECOS is not installed. 
Using SCS instead.
ECOS solver failed:  The solver ECOS is not installed. 
Using SCS instead.
ECOS solver failed:  The solver ECOS is not installed. 
Using SCS instead.
ECOS solver failed:  The solver ECOS is not installed. 
Using SCS instead.
ECOS solver failed:  The solver ECOS is not installed. 
Using SCS instead.
ECOS solver failed:  The solver ECOS is not installed. 
Using SCS instead.
ECOS solver failed:  The solver ECOS is not installed. 
Using SCS instead.
ECOS solver failed:  The solver ECOS is not installed. 
Using SCS instead.
ECOS solver failed:  The solver ECOS is not installed. 
Using SCS instead.
ECOS solver failed:  The solver ECOS is not installed. 
Using SCS instead.
ECOS solver failed:  The solver ECOS is not installed. 
Using SCS instead.
ECOS solver failed:  The solver ECOS is not installed. 
Using SCS instead.
ECOS solver failed:  The solver ECOS is not installed. 
Using SCS instead.
ECOS solver failed:  The solver ECOS is not installed. 
Using SCS instead.
ECOS solver failed:  The solver ECOS is not installed. 
Using SCS instead.
ECOS solver failed:  The solver ECOS is not installed. 
Using SCS instead.
ECOS solver failed:  The solver ECOS is not installed. 
Using SCS instead.
ECOS solver failed:  The solver ECOS is not installed. 
Using SCS instead.
ECOS solver failed:  The solver ECOS is not installed. 
Using SCS instead.
ECOS solver failed:  The solver ECOS is not installed. 
Using SCS instead.
M-step Design Matrix Calculation time (sec): 0.0810
ECOS solver failed in IPCW_HAL_init, falling back to SCS: The solver ECOS is not installed.
M-step CVXPY optimize time (sec): 1.4471
ECOS solver failed:  The solver ECOS is not installed. 
Using SCS instead.
ECOS solver failed:  The solver ECOS is not installed. 
Using SCS instead.
ECOS solver failed:  The solver ECOS is not installed. 
Using SCS instead.
ECOS solver failed:  The solver ECOS is not installed. 
Using SCS instead.
ECOS solver failed:  The solver ECOS is not installed. 
Using SCS instead.
ECOS solver failed:  The solver ECOS is not installed. 
Using SCS instead.
ECOS solver failed:  The solver ECOS is not installed. 
Using SCS instead.
ECOS solver failed:  The solver ECOS is not installed. 
Using SCS instead.
ECOS solver failed:  The solver ECOS is not installed. 
Using SCS instead.
ECOS solver failed:  The solver ECOS is not installed. 
Using SCS instead.
ECOS solver failed:  The solver ECOS is not installed. 
Using SCS instead.
ECOS solver failed:  The solver ECOS is not installed. 
Using SCS instead.
ECOS solver failed:  The solver ECOS is not installed. 
Using SCS instead.
ECOS solver failed:  The solver ECOS is not installed. 
Using SCS instead.
ECOS solver failed:  The solver ECOS is not installed. 
Using SCS instead.
ECOS solver failed:  The solver ECOS is not installed. 
Using SCS instead.
ECOS solver failed:  The solver ECOS is not installed. 
Using SCS instead.
ECOS solver failed:  The solver ECOS is not installed. 
Using SCS instead.
ECOS solver failed:  The solver ECOS is not installed. 
Using SCS instead.
ECOS solver failed:  The solver ECOS is not installed. 
Using SCS instead.
ECOS solver failed:  The solver ECOS is not installed. 
Using SCS instead.
M-step Design Matrix Calculation time (sec): 0.0201
ECOS solver failed in IPCW_HAL_init, falling back to SCS: The solver ECOS is not installed.
M-step CVXPY optimize time (sec): 1.1762
ECOS solver failed:  The solver ECOS is not installed. 
Using SCS instead.
ECOS solver failed:  The solver ECOS is not installed. 
Using SCS instead.
ECOS solver failed:  The solver ECOS is not installed. 
Using SCS instead.
ECOS solver failed:  The solver ECOS is not installed. 
Using SCS instead.
ECOS solver failed:  The solver ECOS is not installed. 
Using SCS instead.
ECOS solver failed:  The solver ECOS is not installed. 
Using SCS instead.
ECOS solver failed:  The solver ECOS is not installed. 
Using SCS instead.
ECOS solver failed:  The solver ECOS is not installed. 
Using SCS instead.
ECOS solver failed:  The solver ECOS is not installed. 
Using SCS instead.
ECOS solver failed:  The solver ECOS is not installed. 
Using SCS instead.
ECOS solver failed:  The solver ECOS is not installed. 
Using SCS instead.
ECOS solver failed:  The solver ECOS is not installed. 
Using SCS instead.
ECOS solver failed:  The solver ECOS is not installed. 
Using SCS instead.
ECOS solver failed:  The solver ECOS is not installed. 
Using SCS instead.
ECOS solver failed:  The solver ECOS is not installed. 
Using SCS instead.
ECOS solver failed:  The solver ECOS is not installed. 
Using SCS instead.
ECOS solver failed:  The solver ECOS is not installed. 
Using SCS instead.
ECOS solver failed:  The solver ECOS is not installed. 
Using SCS instead.
ECOS solver failed:  The solver ECOS is not installed. 
Using SCS instead.
ECOS solver failed:  The solver ECOS is not installed. 
Using SCS instead.
ECOS solver failed:  The solver ECOS is not installed. 
Using SCS instead.
M-step Design Matrix Calculation time (sec): 0.1373
ECOS solver failed in IPCW_HAL_init, falling back to SCS: The solver ECOS is not installed.
M-step CVXPY optimize time (sec): 0.7100
ECOS solver failed:  The solver ECOS is not installed. 
Using SCS instead.
ECOS solver failed:  The solver ECOS is not installed. 
Using SCS instead.
ECOS solver failed:  The solver ECOS is not installed. 
Using SCS instead.
ECOS solver failed:  The solver ECOS is not installed. 
Using SCS instead.
ECOS solver failed:  The solver ECOS is not installed. 
Using SCS instead.
ECOS solver failed:  The solver ECOS is not installed. 
Using SCS instead.
ECOS solver failed:  The solver ECOS is not installed. 
Using SCS instead.
ECOS solver failed:  The solver ECOS is not installed. 
Using SCS instead.
ECOS solver failed:  The solver ECOS is not installed. 
Using SCS instead.
ECOS solver failed:  The solver ECOS is not installed. 
Using SCS instead.
ECOS solver failed:  The solver ECOS is not installed. 
Using SCS instead.
ECOS solver failed:  The solver ECOS is not installed. 
Using SCS instead.
ECOS solver failed:  The solver ECOS is not installed. 
Using SCS instead.
ECOS solver failed:  The solver ECOS is not installed. 
Using SCS instead.
ECOS solver failed:  The solver ECOS is not installed. 
Using SCS instead.
ECOS solver failed:  The solver ECOS is not installed. 
Using SCS instead.
ECOS solver failed:  The solver ECOS is not installed. 
Using SCS instead.
ECOS solver failed:  The solver ECOS is not installed. 
Using SCS instead.
ECOS solver failed:  The solver ECOS is not installed. 
Using SCS instead.
ECOS solver failed:  The solver ECOS is not installed. 
Using SCS instead.
ECOS solver failed:  The solver ECOS is not installed. 
Using SCS instead.
M-step Design Matrix Calculation time (sec): 0.0195
ECOS solver failed in IPCW_HAL_init, falling back to SCS: The solver ECOS is not installed.
WARNING - large complementary slackness residual: 0.004848
M-step CVXPY optimize time (sec): 2.0036
ECOS solver failed:  The solver ECOS is not installed. 
Using SCS instead.
ECOS solver failed:  The solver ECOS is not installed. 
Using SCS instead.
ECOS solver failed:  The solver ECOS is not installed. 
Using SCS instead.
ECOS solver failed:  The solver ECOS is not installed. 
Using SCS instead.
ECOS solver failed:  The solver ECOS is not installed. 
Using SCS instead.
ECOS solver failed:  The solver ECOS is not installed. 
Using SCS instead.
ECOS solver failed:  The solver ECOS is not installed. 
Using SCS instead.
ECOS solver failed:  The solver ECOS is not installed. 
Using SCS instead.
ECOS solver failed:  The solver ECOS is not installed. 
Using SCS instead.
ECOS solver failed:  The solver ECOS is not installed. 
Using SCS instead.
ECOS solver failed:  The solver ECOS is not installed. 
Using SCS instead.
ECOS solver failed:  The solver ECOS is not installed. 
Using SCS instead.
ECOS solver failed:  The solver ECOS is not installed. 
Using SCS instead.
ECOS solver failed:  The solver ECOS is not installed. 
Using SCS instead.
ECOS solver failed:  The solver ECOS is not installed. 
Using SCS instead.
ECOS solver failed:  The solver ECOS is not installed. 
Using SCS instead.
ECOS solver failed:  The solver ECOS is not installed. 
Using SCS instead.
ECOS solver failed:  The solver ECOS is not installed. 
Using SCS instead.
ECOS solver failed:  The solver ECOS is not installed. 
Using SCS instead.
ECOS solver failed:  The solver ECOS is not installed. 
Using SCS instead.
ECOS solver failed:  The solver ECOS is not installed. 
Using SCS instead.
M-step Design Matrix Calculation time (sec): 0.0460
ECOS solver failed in IPCW_HAL_init, falling back to SCS: The solver ECOS is not installed.
WARNING - large complementary slackness residual: 0.016442
M-step CVXPY optimize time (sec): 3.2364
ECOS solver failed:  The solver ECOS is not installed. 
Using SCS instead.
ECOS solver failed:  The solver ECOS is not installed. 
Using SCS instead.
ECOS solver failed:  The solver ECOS is not installed. 
Using SCS instead.
ECOS solver failed:  The solver ECOS is not installed. 
Using SCS instead.
ECOS solver failed:  The solver ECOS is not installed. 
Using SCS instead.
ECOS solver failed:  The solver ECOS is not installed. 
Using SCS instead.
ECOS solver failed:  The solver ECOS is not installed. 
Using SCS instead.
ECOS solver failed:  The solver ECOS is not installed. 
Using SCS instead.
ECOS solver failed:  The solver ECOS is not installed. 
Using SCS instead.
ECOS solver failed:  The solver ECOS is not installed. 
Using SCS instead.
ECOS solver failed:  The solver ECOS is not installed. 
Using SCS instead.
ECOS solver failed:  The solver ECOS is not installed. 
Using SCS instead.
ECOS solver failed:  The solver ECOS is not installed. 
Using SCS instead.
ECOS solver failed:  The solver ECOS is not installed. 
Using SCS instead.
ECOS solver failed:  The solver ECOS is not installed. 
Using SCS instead.
ECOS solver failed:  The solver ECOS is not installed. 
Using SCS instead.
ECOS solver failed:  The solver ECOS is not installed. 
Using SCS instead.
ECOS solver failed:  The solver ECOS is not installed. 
Using SCS instead.
ECOS solver failed:  The solver ECOS is not installed. 
Using SCS instead.
ECOS solver failed:  The solver ECOS is not installed. 
Using SCS instead.
ECOS solver failed:  The solver ECOS is not installed. 
Using SCS instead.
M-step Design Matrix Calculation time (sec): 0.0359
ECOS solver failed in IPCW_HAL_init, falling back to SCS: The solver ECOS is not installed.
WARNING - large complementary slackness residual: 0.018784
M-step CVXPY optimize time (sec): 2.6620
ECOS solver failed:  The solver ECOS is not installed. 
Using SCS instead.
ECOS solver failed:  The solver ECOS is not installed. 
Using SCS instead.
ECOS solver failed:  The solver ECOS is not installed. 
Using SCS instead.
ECOS solver failed:  The solver ECOS is not installed. 
Using SCS instead.
ECOS solver failed:  The solver ECOS is not installed. 
Using SCS instead.
ECOS solver failed:  The solver ECOS is not installed. 
Using SCS instead.
ECOS solver failed:  The solver ECOS is not installed. 
Using SCS instead.
ECOS solver failed:  The solver ECOS is not installed. 
Using SCS instead.
ECOS solver failed:  The solver ECOS is not installed. 
Using SCS instead.
ECOS solver failed:  The solver ECOS is not installed. 
Using SCS instead.
ECOS solver failed:  The solver ECOS is not installed. 
Using SCS instead.
ECOS solver failed:  The solver ECOS is not installed. 
Using SCS instead.
ECOS solver failed:  The solver ECOS is not installed. 
Using SCS instead.
ECOS solver failed:  The solver ECOS is not installed. 
Using SCS instead.
ECOS solver failed:  The solver ECOS is not installed. 
Using SCS instead.
ECOS solver failed:  The solver ECOS is not installed. 
Using SCS instead.
ECOS solver failed:  The solver ECOS is not installed. 
Using SCS instead.
ECOS solver failed:  The solver ECOS is not installed. 
Using SCS instead.
ECOS solver failed:  The solver ECOS is not installed. 
Using SCS instead.
ECOS solver failed:  The solver ECOS is not installed. 
Using SCS instead.
ECOS solver failed:  The solver ECOS is not installed. 
Using SCS instead.
M-step Design Matrix Calculation time (sec): 0.0233
ECOS solver failed in IPCW_HAL_init, falling back to SCS: The solver ECOS is not installed.
M-step CVXPY optimize time (sec): 0.6426
ECOS solver failed:  The solver ECOS is not installed. 
Using SCS instead.
ECOS solver failed:  The solver ECOS is not installed. 
Using SCS instead.
ECOS solver failed:  The solver ECOS is not installed. 
Using SCS instead.
ECOS solver failed:  The solver ECOS is not installed. 
Using SCS instead.
ECOS solver failed:  The solver ECOS is not installed. 
Using SCS instead.
ECOS solver failed:  The solver ECOS is not installed. 
Using SCS instead.
ECOS solver failed:  The solver ECOS is not installed. 
Using SCS instead.
ECOS solver failed:  The solver ECOS is not installed. 
Using SCS instead.
ECOS solver failed:  The solver ECOS is not installed. 
Using SCS instead.
ECOS solver failed:  The solver ECOS is not installed. 
Using SCS instead.
ECOS solver failed:  The solver ECOS is not installed. 
Using SCS instead.
ECOS solver failed:  The solver ECOS is not installed. 
Using SCS instead.
ECOS solver failed:  The solver ECOS is not installed. 
Using SCS instead.
ECOS solver failed:  The solver ECOS is not installed. 
Using SCS instead.
ECOS solver failed:  The solver ECOS is not installed. 
Using SCS instead.
ECOS solver failed:  The solver ECOS is not installed. 
Using SCS instead.
ECOS solver failed:  The solver ECOS is not installed. 
Using SCS instead.
ECOS solver failed:  The solver ECOS is not installed. 
Using SCS instead.
ECOS solver failed:  The solver ECOS is not installed. 
Using SCS instead.
ECOS solver failed:  The solver ECOS is not installed. 
Using SCS instead.
ECOS solver failed:  The solver ECOS is not installed. 
Using SCS instead.
M-step Design Matrix Calculation time (sec): 0.0222
ECOS solver failed in IPCW_HAL_init, falling back to SCS: The solver ECOS is not installed.
M-step CVXPY optimize time (sec): 0.3930
ECOS solver failed:  The solver ECOS is not installed. 
Using SCS instead.
ECOS solver failed:  The solver ECOS is not installed. 
Using SCS instead.
ECOS solver failed:  The solver ECOS is not installed. 
Using SCS instead.
ECOS solver failed:  The solver ECOS is not installed. 
Using SCS instead.
ECOS solver failed:  The solver ECOS is not installed. 
Using SCS instead.
ECOS solver failed:  The solver ECOS is not installed. 
Using SCS instead.
ECOS solver failed:  The solver ECOS is not installed. 
Using SCS instead.
ECOS solver failed:  The solver ECOS is not installed. 
Using SCS instead.
ECOS solver failed:  The solver ECOS is not installed. 
Using SCS instead.
ECOS solver failed:  The solver ECOS is not installed. 
Using SCS instead.
ECOS solver failed:  The solver ECOS is not installed. 
Using SCS instead.
ECOS solver failed:  The solver ECOS is not installed. 
Using SCS instead.
ECOS solver failed:  The solver ECOS is not installed. 
Using SCS instead.
ECOS solver failed:  The solver ECOS is not installed. 
Using SCS instead.
ECOS solver failed:  The solver ECOS is not installed. 
Using SCS instead.
ECOS solver failed:  The solver ECOS is not installed. 
Using SCS instead.
ECOS solver failed:  The solver ECOS is not installed. 
Using SCS instead.
ECOS solver failed:  The solver ECOS is not installed. 
Using SCS instead.
ECOS solver failed:  The solver ECOS is not installed. 
Using SCS instead.
ECOS solver failed:  The solver ECOS is not installed. 
Using SCS instead.
ECOS solver failed:  The solver ECOS is not installed. 
Using SCS instead.
M-step Design Matrix Calculation time (sec): 0.0217
ECOS solver failed in IPCW_HAL_init, falling back to SCS: The solver ECOS is not installed.
WARNING - large complementary slackness residual: 0.023117
M-step CVXPY optimize time (sec): 1.7771
ECOS solver failed:  The solver ECOS is not installed. 
Using SCS instead.
ECOS solver failed:  The solver ECOS is not installed. 
Using SCS instead.
ECOS solver failed:  The solver ECOS is not installed. 
Using SCS instead.
ECOS solver failed:  The solver ECOS is not installed. 
Using SCS instead.
ECOS solver failed:  The solver ECOS is not installed. 
Using SCS instead.
ECOS solver failed:  The solver ECOS is not installed. 
Using SCS instead.
ECOS solver failed:  The solver ECOS is not installed. 
Using SCS instead.
ECOS solver failed:  The solver ECOS is not installed. 
Using SCS instead.
ECOS solver failed:  The solver ECOS is not installed. 
Using SCS instead.
ECOS solver failed:  The solver ECOS is not installed. 
Using SCS instead.
ECOS solver failed:  The solver ECOS is not installed. 
Using SCS instead.
ECOS solver failed:  The solver ECOS is not installed. 
Using SCS instead.
ECOS solver failed:  The solver ECOS is not installed. 
Using SCS instead.
ECOS solver failed:  The solver ECOS is not installed. 
Using SCS instead.
ECOS solver failed:  The solver ECOS is not installed. 
Using SCS instead.
ECOS solver failed:  The solver ECOS is not installed. 
Using SCS instead.
ECOS solver failed:  The solver ECOS is not installed. 
Using SCS instead.
ECOS solver failed:  The solver ECOS is not installed. 
Using SCS instead.
ECOS solver failed:  The solver ECOS is not installed. 
Using SCS instead.
ECOS solver failed:  The solver ECOS is not installed. 
Using SCS instead.
ECOS solver failed:  The solver ECOS is not installed. 
Using SCS instead.
M-step Design Matrix Calculation time (sec): 0.0662
ECOS solver failed in IPCW_HAL_init, falling back to SCS: The solver ECOS is not installed.
M-step CVXPY optimize time (sec): 1.3093
ECOS solver failed:  The solver ECOS is not installed. 
Using SCS instead.
ECOS solver failed:  The solver ECOS is not installed. 
Using SCS instead.
ECOS solver failed:  The solver ECOS is not installed. 
Using SCS instead.
ECOS solver failed:  The solver ECOS is not installed. 
Using SCS instead.
ECOS solver failed:  The solver ECOS is not installed. 
Using SCS instead.
ECOS solver failed:  The solver ECOS is not installed. 
Using SCS instead.
ECOS solver failed:  The solver ECOS is not installed. 
Using SCS instead.
ECOS solver failed:  The solver ECOS is not installed. 
Using SCS instead.
ECOS solver failed:  The solver ECOS is not installed. 
Using SCS instead.
ECOS solver failed:  The solver ECOS is not installed. 
Using SCS instead.
ECOS solver failed:  The solver ECOS is not installed. 
Using SCS instead.
ECOS solver failed:  The solver ECOS is not installed. 
Using SCS instead.
ECOS solver failed:  The solver ECOS is not installed. 
Using SCS instead.
ECOS solver failed:  The solver ECOS is not installed. 
Using SCS instead.
ECOS solver failed:  The solver ECOS is not installed. 
Using SCS instead.
ECOS solver failed:  The solver ECOS is not installed. 
Using SCS instead.
ECOS solver failed:  The solver ECOS is not installed. 
Using SCS instead.
ECOS solver failed:  The solver ECOS is not installed. 
Using SCS instead.
ECOS solver failed:  The solver ECOS is not installed. 
Using SCS instead.
ECOS solver failed:  The solver ECOS is not installed. 
Using SCS instead.
ECOS solver failed:  The solver ECOS is not installed. 
Using SCS instead.
M-step Design Matrix Calculation time (sec): 0.0617
ECOS solver failed in IPCW_HAL_init, falling back to SCS: The solver ECOS is not installed.
M-step CVXPY optimize time (sec): 1.3850
ECOS solver failed:  The solver ECOS is not installed. 
Using SCS instead.
ECOS solver failed:  The solver ECOS is not installed. 
Using SCS instead.
ECOS solver failed:  The solver ECOS is not installed. 
Using SCS instead.
ECOS solver failed:  The solver ECOS is not installed. 
Using SCS instead.
ECOS solver failed:  The solver ECOS is not installed. 
Using SCS instead.
ECOS solver failed:  The solver ECOS is not installed. 
Using SCS instead.
ECOS solver failed:  The solver ECOS is not installed. 
Using SCS instead.
ECOS solver failed:  The solver ECOS is not installed. 
Using SCS instead.
ECOS solver failed:  The solver ECOS is not installed. 
Using SCS instead.
ECOS solver failed:  The solver ECOS is not installed. 
Using SCS instead.
ECOS solver failed:  The solver ECOS is not installed. 
Using SCS instead.
ECOS solver failed:  The solver ECOS is not installed. 
Using SCS instead.
ECOS solver failed:  The solver ECOS is not installed. 
Using SCS instead.
ECOS solver failed:  The solver ECOS is not installed. 
Using SCS instead.
ECOS solver failed:  The solver ECOS is not installed. 
Using SCS instead.
ECOS solver failed:  The solver ECOS is not installed. 
Using SCS instead.
ECOS solver failed:  The solver ECOS is not installed. 
Using SCS instead.
ECOS solver failed:  The solver ECOS is not installed. 
Using SCS instead.
ECOS solver failed:  The solver ECOS is not installed. 
Using SCS instead.
ECOS solver failed:  The solver ECOS is not installed. 
Using SCS instead.
ECOS solver failed:  The solver ECOS is not installed. 
Using SCS instead.
M-step Design Matrix Calculation time (sec): 0.0185
ECOS solver failed in IPCW_HAL_init, falling back to SCS: The solver ECOS is not installed.
WARNING - large complementary slackness residual: 0.015987
M-step CVXPY optimize time (sec): 2.7501
ECOS solver failed:  The solver ECOS is not installed. 
Using SCS instead.
ECOS solver failed:  The solver ECOS is not installed. 
Using SCS instead.
ECOS solver failed:  The solver ECOS is not installed. 
Using SCS instead.
ECOS solver failed:  The solver ECOS is not installed. 
Using SCS instead.
ECOS solver failed:  The solver ECOS is not installed. 
Using SCS instead.
ECOS solver failed:  The solver ECOS is not installed. 
Using SCS instead.
ECOS solver failed:  The solver ECOS is not installed. 
Using SCS instead.
ECOS solver failed:  The solver ECOS is not installed. 
Using SCS instead.
ECOS solver failed:  The solver ECOS is not installed. 
Using SCS instead.
ECOS solver failed:  The solver ECOS is not installed. 
Using SCS instead.
ECOS solver failed:  The solver ECOS is not installed. 
Using SCS instead.
ECOS solver failed:  The solver ECOS is not installed. 
Using SCS instead.
ECOS solver failed:  The solver ECOS is not installed. 
Using SCS instead.
ECOS solver failed:  The solver ECOS is not installed. 
Using SCS instead.
ECOS solver failed:  The solver ECOS is not installed. 
Using SCS instead.
ECOS solver failed:  The solver ECOS is not installed. 
Using SCS instead.
ECOS solver failed:  The solver ECOS is not installed. 
Using SCS instead.
ECOS solver failed:  The solver ECOS is not installed. 
Using SCS instead.
ECOS solver failed:  The solver ECOS is not installed. 
Using SCS instead.
ECOS solver failed:  The solver ECOS is not installed. 
Using SCS instead.
ECOS solver failed:  The solver ECOS is not installed. 
Using SCS instead.
M-step Design Matrix Calculation time (sec): 0.0409
ECOS solver failed in IPCW_HAL_init, falling back to SCS: The solver ECOS is not installed.
M-step CVXPY optimize time (sec): 1.6317
ECOS solver failed:  The solver ECOS is not installed. 
Using SCS instead.
ECOS solver failed:  The solver ECOS is not installed. 
Using SCS instead.
ECOS solver failed:  The solver ECOS is not installed. 
Using SCS instead.
ECOS solver failed:  The solver ECOS is not installed. 
Using SCS instead.
ECOS solver failed:  The solver ECOS is not installed. 
Using SCS instead.
ECOS solver failed:  The solver ECOS is not installed. 
Using SCS instead.
ECOS solver failed:  The solver ECOS is not installed. 
Using SCS instead.
ECOS solver failed:  The solver ECOS is not installed. 
Using SCS instead.
ECOS solver failed:  The solver ECOS is not installed. 
Using SCS instead.
ECOS solver failed:  The solver ECOS is not installed. 
Using SCS instead.
ECOS solver failed:  The solver ECOS is not installed. 
Using SCS instead.
ECOS solver failed:  The solver ECOS is not installed. 
Using SCS instead.
ECOS solver failed:  The solver ECOS is not installed. 
Using SCS instead.
ECOS solver failed:  The solver ECOS is not installed. 
Using SCS instead.
ECOS solver failed:  The solver ECOS is not installed. 
Using SCS instead.
ECOS solver failed:  The solver ECOS is not installed. 
Using SCS instead.
ECOS solver failed:  The solver ECOS is not installed. 
Using SCS instead.
ECOS solver failed:  The solver ECOS is not installed. 
Using SCS instead.
ECOS solver failed:  The solver ECOS is not installed. 
Using SCS instead.
ECOS solver failed:  The solver ECOS is not installed. 
Using SCS instead.
ECOS solver failed:  The solver ECOS is not installed. 
Using SCS instead.
M-step Design Matrix Calculation time (sec): 0.1512
ECOS solver failed in IPCW_HAL_init, falling back to SCS: The solver ECOS is not installed.
M-step CVXPY optimize time (sec): 1.0500
ECOS solver failed:  The solver ECOS is not installed. 
Using SCS instead.
ECOS solver failed:  The solver ECOS is not installed. 
Using SCS instead.
ECOS solver failed:  The solver ECOS is not installed. 
Using SCS instead.
ECOS solver failed:  The solver ECOS is not installed. 
Using SCS instead.
ECOS solver failed:  The solver ECOS is not installed. 
Using SCS instead.
ECOS solver failed:  The solver ECOS is not installed. 
Using SCS instead.
ECOS solver failed:  The solver ECOS is not installed. 
Using SCS instead.
ECOS solver failed:  The solver ECOS is not installed. 
Using SCS instead.
ECOS solver failed:  The solver ECOS is not installed. 
Using SCS instead.
ECOS solver failed:  The solver ECOS is not installed. 
Using SCS instead.
ECOS solver failed:  The solver ECOS is not installed. 
Using SCS instead.
ECOS solver failed:  The solver ECOS is not installed. 
Using SCS instead.
ECOS solver failed:  The solver ECOS is not installed. 
Using SCS instead.
ECOS solver failed:  The solver ECOS is not installed. 
Using SCS instead.
ECOS solver failed:  The solver ECOS is not installed. 
Using SCS instead.
ECOS solver failed:  The solver ECOS is not installed. 
Using SCS instead.
ECOS solver failed:  The solver ECOS is not installed. 
Using SCS instead.
ECOS solver failed:  The solver ECOS is not installed. 
Using SCS instead.
ECOS solver failed:  The solver ECOS is not installed. 
Using SCS instead.
ECOS solver failed:  The solver ECOS is not installed. 
Using SCS instead.
ECOS solver failed:  The solver ECOS is not installed. 
Using SCS instead.
M-step Design Matrix Calculation time (sec): 0.0197
ECOS solver failed in IPCW_HAL_init, falling back to SCS: The solver ECOS is not installed.
WARNING - large complementary slackness residual: 0.007088
M-step CVXPY optimize time (sec): 1.6167
ECOS solver failed:  The solver ECOS is not installed. 
Using SCS instead.
ECOS solver failed:  The solver ECOS is not installed. 
Using SCS instead.
ECOS solver failed:  The solver ECOS is not installed. 
Using SCS instead.
ECOS solver failed:  The solver ECOS is not installed. 
Using SCS instead.
ECOS solver failed:  The solver ECOS is not installed. 
Using SCS instead.
ECOS solver failed:  The solver ECOS is not installed. 
Using SCS instead.
ECOS solver failed:  The solver ECOS is not installed. 
Using SCS instead.
ECOS solver failed:  The solver ECOS is not installed. 
Using SCS instead.
ECOS solver failed:  The solver ECOS is not installed. 
Using SCS instead.
ECOS solver failed:  The solver ECOS is not installed. 
Using SCS instead.
ECOS solver failed:  The solver ECOS is not installed. 
Using SCS instead.
ECOS solver failed:  The solver ECOS is not installed. 
Using SCS instead.
ECOS solver failed:  The solver ECOS is not installed. 
Using SCS instead.
ECOS solver failed:  The solver ECOS is not installed. 
Using SCS instead.
ECOS solver failed:  The solver ECOS is not installed. 
Using SCS instead.
ECOS solver failed:  The solver ECOS is not installed. 
Using SCS instead.
ECOS solver failed:  The solver ECOS is not installed. 
Using SCS instead.
ECOS solver failed:  The solver ECOS is not installed. 
Using SCS instead.
ECOS solver failed:  The solver ECOS is not installed. 
Using SCS instead.
ECOS solver failed:  The solver ECOS is not installed. 
Using SCS instead.
ECOS solver failed:  The solver ECOS is not installed. 
Using SCS instead.
M-step Design Matrix Calculation time (sec): 0.0183
ECOS solver failed in IPCW_HAL_init, falling back to SCS: The solver ECOS is not installed.
WARNING - large complementary slackness residual: 0.004485
M-step CVXPY optimize time (sec): 1.4503
ECOS solver failed:  The solver ECOS is not installed. 
Using SCS instead.
ECOS solver failed:  The solver ECOS is not installed. 
Using SCS instead.
ECOS solver failed:  The solver ECOS is not installed. 
Using SCS instead.
ECOS solver failed:  The solver ECOS is not installed. 
Using SCS instead.
ECOS solver failed:  The solver ECOS is not installed. 
Using SCS instead.
ECOS solver failed:  The solver ECOS is not installed. 
Using SCS instead.
ECOS solver failed:  The solver ECOS is not installed. 
Using SCS instead.
ECOS solver failed:  The solver ECOS is not installed. 
Using SCS instead.
ECOS solver failed:  The solver ECOS is not installed. 
Using SCS instead.
ECOS solver failed:  The solver ECOS is not installed. 
Using SCS instead.
ECOS solver failed:  The solver ECOS is not installed. 
Using SCS instead.
ECOS solver failed:  The solver ECOS is not installed. 
Using SCS instead.
ECOS solver failed:  The solver ECOS is not installed. 
Using SCS instead.
ECOS solver failed:  The solver ECOS is not installed. 
Using SCS instead.
ECOS solver failed:  The solver ECOS is not installed. 
Using SCS instead.
ECOS solver failed:  The solver ECOS is not installed. 
Using SCS instead.
ECOS solver failed:  The solver ECOS is not installed. 
Using SCS instead.
ECOS solver failed:  The solver ECOS is not installed. 
Using SCS instead.
ECOS solver failed:  The solver ECOS is not installed. 
Using SCS instead.
ECOS solver failed:  The solver ECOS is not installed. 
Using SCS instead.
ECOS solver failed:  The solver ECOS is not installed. 
Using SCS instead.
M-step Design Matrix Calculation time (sec): 0.0764
ECOS solver failed in IPCW_HAL_init, falling back to SCS: The solver ECOS is not installed.
M-step CVXPY optimize time (sec): 1.7589
ECOS solver failed:  The solver ECOS is not installed. 
Using SCS instead.
ECOS solver failed:  The solver ECOS is not installed. 
Using SCS instead.
ECOS solver failed:  The solver ECOS is not installed. 
Using SCS instead.
ECOS solver failed:  The solver ECOS is not installed. 
Using SCS instead.
ECOS solver failed:  The solver ECOS is not installed. 
Using SCS instead.
ECOS solver failed:  The solver ECOS is not installed. 
Using SCS instead.
ECOS solver failed:  The solver ECOS is not installed. 
Using SCS instead.
ECOS solver failed:  The solver ECOS is not installed. 
Using SCS instead.
ECOS solver failed:  The solver ECOS is not installed. 
Using SCS instead.
ECOS solver failed:  The solver ECOS is not installed. 
Using SCS instead.
ECOS solver failed:  The solver ECOS is not installed. 
Using SCS instead.
ECOS solver failed:  The solver ECOS is not installed. 
Using SCS instead.
ECOS solver failed:  The solver ECOS is not installed. 
Using SCS instead.
ECOS solver failed:  The solver ECOS is not installed. 
Using SCS instead.
ECOS solver failed:  The solver ECOS is not installed. 
Using SCS instead.
ECOS solver failed:  The solver ECOS is not installed. 
Using SCS instead.
ECOS solver failed:  The solver ECOS is not installed. 
Using SCS instead.
ECOS solver failed:  The solver ECOS is not installed. 
Using SCS instead.
ECOS solver failed:  The solver ECOS is not installed. 
Using SCS instead.
ECOS solver failed:  The solver ECOS is not installed. 
Using SCS instead.
ECOS solver failed:  The solver ECOS is not installed. 
Using SCS instead.
M-step Design Matrix Calculation time (sec): 0.0535
ECOS solver failed in IPCW_HAL_init, falling back to SCS: The solver ECOS is not installed.
WARNING - large complementary slackness residual: 0.029565
M-step CVXPY optimize time (sec): 1.7426
ECOS solver failed:  The solver ECOS is not installed. 
Using SCS instead.
ECOS solver failed:  The solver ECOS is not installed. 
Using SCS instead.
ECOS solver failed:  The solver ECOS is not installed. 
Using SCS instead.
ECOS solver failed:  The solver ECOS is not installed. 
Using SCS instead.
ECOS solver failed:  The solver ECOS is not installed. 
Using SCS instead.
ECOS solver failed:  The solver ECOS is not installed. 
Using SCS instead.
ECOS solver failed:  The solver ECOS is not installed. 
Using SCS instead.
ECOS solver failed:  The solver ECOS is not installed. 
Using SCS instead.
ECOS solver failed:  The solver ECOS is not installed. 
Using SCS instead.
ECOS solver failed:  The solver ECOS is not installed. 
Using SCS instead.
ECOS solver failed:  The solver ECOS is not installed. 
Using SCS instead.
ECOS solver failed:  The solver ECOS is not installed. 
Using SCS instead.
ECOS solver failed:  The solver ECOS is not installed. 
Using SCS instead.
ECOS solver failed:  The solver ECOS is not installed. 
Using SCS instead.
ECOS solver failed:  The solver ECOS is not installed. 
Using SCS instead.
ECOS solver failed:  The solver ECOS is not installed. 
Using SCS instead.
ECOS solver failed:  The solver ECOS is not installed. 
Using SCS instead.
ECOS solver failed:  The solver ECOS is not installed. 
Using SCS instead.
ECOS solver failed:  The solver ECOS is not installed. 
Using SCS instead.
ECOS solver failed:  The solver ECOS is not installed. 
Using SCS instead.
ECOS solver failed:  The solver ECOS is not installed. 
Using SCS instead.
M-step Design Matrix Calculation time (sec): 0.0206
ECOS solver failed in IPCW_HAL_init, falling back to SCS: The solver ECOS is not installed.
WARNING - large complementary slackness residual: 0.011039
M-step CVXPY optimize time (sec): 2.2760
ECOS solver failed:  The solver ECOS is not installed. 
Using SCS instead.
ECOS solver failed:  The solver ECOS is not installed. 
Using SCS instead.
ECOS solver failed:  The solver ECOS is not installed. 
Using SCS instead.
ECOS solver failed:  The solver ECOS is not installed. 
Using SCS instead.
ECOS solver failed:  The solver ECOS is not installed. 
Using SCS instead.
ECOS solver failed:  The solver ECOS is not installed. 
Using SCS instead.
ECOS solver failed:  The solver ECOS is not installed. 
Using SCS instead.
ECOS solver failed:  The solver ECOS is not installed. 
Using SCS instead.
ECOS solver failed:  The solver ECOS is not installed. 
Using SCS instead.
ECOS solver failed:  The solver ECOS is not installed. 
Using SCS instead.
ECOS solver failed:  The solver ECOS is not installed. 
Using SCS instead.
ECOS solver failed:  The solver ECOS is not installed. 
Using SCS instead.
ECOS solver failed:  The solver ECOS is not installed. 
Using SCS instead.
ECOS solver failed:  The solver ECOS is not installed. 
Using SCS instead.
ECOS solver failed:  The solver ECOS is not installed. 
Using SCS instead.
ECOS solver failed:  The solver ECOS is not installed. 
Using SCS instead.
ECOS solver failed:  The solver ECOS is not installed. 
Using SCS instead.
ECOS solver failed:  The solver ECOS is not installed. 
Using SCS instead.
ECOS solver failed:  The solver ECOS is not installed. 
Using SCS instead.
ECOS solver failed:  The solver ECOS is not installed. 
Using SCS instead.
ECOS solver failed:  The solver ECOS is not installed. 
Using SCS instead.
M-step Design Matrix Calculation time (sec): 0.0184
ECOS solver failed in IPCW_HAL_init, falling back to SCS: The solver ECOS is not installed.
WARNING - large complementary slackness residual: 0.006983
M-step CVXPY optimize time (sec): 1.0401
ECOS solver failed:  The solver ECOS is not installed. 
Using SCS instead.
ECOS solver failed:  The solver ECOS is not installed. 
Using SCS instead.
ECOS solver failed:  The solver ECOS is not installed. 
Using SCS instead.
ECOS solver failed:  The solver ECOS is not installed. 
Using SCS instead.
ECOS solver failed:  The solver ECOS is not installed. 
Using SCS instead.
ECOS solver failed:  The solver ECOS is not installed. 
Using SCS instead.
ECOS solver failed:  The solver ECOS is not installed. 
Using SCS instead.
ECOS solver failed:  The solver ECOS is not installed. 
Using SCS instead.
ECOS solver failed:  The solver ECOS is not installed. 
Using SCS instead.
ECOS solver failed:  The solver ECOS is not installed. 
Using SCS instead.
ECOS solver failed:  The solver ECOS is not installed. 
Using SCS instead.
ECOS solver failed:  The solver ECOS is not installed. 
Using SCS instead.
ECOS solver failed:  The solver ECOS is not installed. 
Using SCS instead.
ECOS solver failed:  The solver ECOS is not installed. 
Using SCS instead.
ECOS solver failed:  The solver ECOS is not installed. 
Using SCS instead.
ECOS solver failed:  The solver ECOS is not installed. 
Using SCS instead.
ECOS solver failed:  The solver ECOS is not installed. 
Using SCS instead.
ECOS solver failed:  The solver ECOS is not installed. 
Using SCS instead.
ECOS solver failed:  The solver ECOS is not installed. 
Using SCS instead.
ECOS solver failed:  The solver ECOS is not installed. 
Using SCS instead.
ECOS solver failed:  The solver ECOS is not installed. 
Using SCS instead.
M-step Design Matrix Calculation time (sec): 0.0565
ECOS solver failed in IPCW_HAL_init, falling back to SCS: The solver ECOS is not installed.
WARNING - large complementary slackness residual: 0.026516
M-step CVXPY optimize time (sec): 1.8050
ECOS solver failed:  The solver ECOS is not installed. 
Using SCS instead.
ECOS solver failed:  The solver ECOS is not installed. 
Using SCS instead.
ECOS solver failed:  The solver ECOS is not installed. 
Using SCS instead.
ECOS solver failed:  The solver ECOS is not installed. 
Using SCS instead.
ECOS solver failed:  The solver ECOS is not installed. 
Using SCS instead.
ECOS solver failed:  The solver ECOS is not installed. 
Using SCS instead.
ECOS solver failed:  The solver ECOS is not installed. 
Using SCS instead.
ECOS solver failed:  The solver ECOS is not installed. 
Using SCS instead.
ECOS solver failed:  The solver ECOS is not installed. 
Using SCS instead.
ECOS solver failed:  The solver ECOS is not installed. 
Using SCS instead.
ECOS solver failed:  The solver ECOS is not installed. 
Using SCS instead.
ECOS solver failed:  The solver ECOS is not installed. 
Using SCS instead.
ECOS solver failed:  The solver ECOS is not installed. 
Using SCS instead.
ECOS solver failed:  The solver ECOS is not installed. 
Using SCS instead.
ECOS solver failed:  The solver ECOS is not installed. 
Using SCS instead.
ECOS solver failed:  The solver ECOS is not installed. 
Using SCS instead.
ECOS solver failed:  The solver ECOS is not installed. 
Using SCS instead.
ECOS solver failed:  The solver ECOS is not installed. 
Using SCS instead.
ECOS solver failed:  The solver ECOS is not installed. 
Using SCS instead.
ECOS solver failed:  The solver ECOS is not installed. 
Using SCS instead.
ECOS solver failed:  The solver ECOS is not installed. 
Using SCS instead.
M-step Design Matrix Calculation time (sec): 0.1225
ECOS solver failed in IPCW_HAL_init, falling back to SCS: The solver ECOS is not installed.
M-step CVXPY optimize time (sec): 0.7213
ECOS solver failed:  The solver ECOS is not installed. 
Using SCS instead.
ECOS solver failed:  The solver ECOS is not installed. 
Using SCS instead.
ECOS solver failed:  The solver ECOS is not installed. 
Using SCS instead.
ECOS solver failed:  The solver ECOS is not installed. 
Using SCS instead.
ECOS solver failed:  The solver ECOS is not installed. 
Using SCS instead.
ECOS solver failed:  The solver ECOS is not installed. 
Using SCS instead.
ECOS solver failed:  The solver ECOS is not installed. 
Using SCS instead.
ECOS solver failed:  The solver ECOS is not installed. 
Using SCS instead.
ECOS solver failed:  The solver ECOS is not installed. 
Using SCS instead.
ECOS solver failed:  The solver ECOS is not installed. 
Using SCS instead.
ECOS solver failed:  The solver ECOS is not installed. 
Using SCS instead.
ECOS solver failed:  The solver ECOS is not installed. 
Using SCS instead.
ECOS solver failed:  The solver ECOS is not installed. 
Using SCS instead.
ECOS solver failed:  The solver ECOS is not installed. 
Using SCS instead.
ECOS solver failed:  The solver ECOS is not installed. 
Using SCS instead.
ECOS solver failed:  The solver ECOS is not installed. 
Using SCS instead.
ECOS solver failed:  The solver ECOS is not installed. 
Using SCS instead.
ECOS solver failed:  The solver ECOS is not installed. 
Using SCS instead.
ECOS solver failed:  The solver ECOS is not installed. 
Using SCS instead.
ECOS solver failed:  The solver ECOS is not installed. 
Using SCS instead.
ECOS solver failed:  The solver ECOS is not installed. 
Using SCS instead.
M-step Design Matrix Calculation time (sec): 0.0454
ECOS solver failed in IPCW_HAL_init, falling back to SCS: The solver ECOS is not installed.
WARNING - large complementary slackness residual: 0.012346
M-step CVXPY optimize time (sec): 2.3124
ECOS solver failed:  The solver ECOS is not installed. 
Using SCS instead.
ECOS solver failed:  The solver ECOS is not installed. 
Using SCS instead.
ECOS solver failed:  The solver ECOS is not installed. 
Using SCS instead.
ECOS solver failed:  The solver ECOS is not installed. 
Using SCS instead.
ECOS solver failed:  The solver ECOS is not installed. 
Using SCS instead.
ECOS solver failed:  The solver ECOS is not installed. 
Using SCS instead.
ECOS solver failed:  The solver ECOS is not installed. 
Using SCS instead.
ECOS solver failed:  The solver ECOS is not installed. 
Using SCS instead.
ECOS solver failed:  The solver ECOS is not installed. 
Using SCS instead.
ECOS solver failed:  The solver ECOS is not installed. 
Using SCS instead.
ECOS solver failed:  The solver ECOS is not installed. 
Using SCS instead.
ECOS solver failed:  The solver ECOS is not installed. 
Using SCS instead.
ECOS solver failed:  The solver ECOS is not installed. 
Using SCS instead.
ECOS solver failed:  The solver ECOS is not installed. 
Using SCS instead.
ECOS solver failed:  The solver ECOS is not installed. 
Using SCS instead.
ECOS solver failed:  The solver ECOS is not installed. 
Using SCS instead.
ECOS solver failed:  The solver ECOS is not installed. 
Using SCS instead.
ECOS solver failed:  The solver ECOS is not installed. 
Using SCS instead.
ECOS solver failed:  The solver ECOS is not installed. 
Using SCS instead.
ECOS solver failed:  The solver ECOS is not installed. 
Using SCS instead.
ECOS solver failed:  The solver ECOS is not installed. 
Using SCS instead.
M-step Design Matrix Calculation time (sec): 0.0202
ECOS solver failed in IPCW_HAL_init, falling back to SCS: The solver ECOS is not installed.
WARNING - large complementary slackness residual: 0.015543
M-step CVXPY optimize time (sec): 2.0865
ECOS solver failed:  The solver ECOS is not installed. 
Using SCS instead.
ECOS solver failed:  The solver ECOS is not installed. 
Using SCS instead.
ECOS solver failed:  The solver ECOS is not installed. 
Using SCS instead.
ECOS solver failed:  The solver ECOS is not installed. 
Using SCS instead.
ECOS solver failed:  The solver ECOS is not installed. 
Using SCS instead.
ECOS solver failed:  The solver ECOS is not installed. 
Using SCS instead.
ECOS solver failed:  The solver ECOS is not installed. 
Using SCS instead.
ECOS solver failed:  The solver ECOS is not installed. 
Using SCS instead.
ECOS solver failed:  The solver ECOS is not installed. 
Using SCS instead.
ECOS solver failed:  The solver ECOS is not installed. 
Using SCS instead.
ECOS solver failed:  The solver ECOS is not installed. 
Using SCS instead.
ECOS solver failed:  The solver ECOS is not installed. 
Using SCS instead.
ECOS solver failed:  The solver ECOS is not installed. 
Using SCS instead.
ECOS solver failed:  The solver ECOS is not installed. 
Using SCS instead.
ECOS solver failed:  The solver ECOS is not installed. 
Using SCS instead.
ECOS solver failed:  The solver ECOS is not installed. 
Using SCS instead.
ECOS solver failed:  The solver ECOS is not installed. 
Using SCS instead.
ECOS solver failed:  The solver ECOS is not installed. 
Using SCS instead.
ECOS solver failed:  The solver ECOS is not installed. 
Using SCS instead.
ECOS solver failed:  The solver ECOS is not installed. 
Using SCS instead.
ECOS solver failed:  The solver ECOS is not installed. 
Using SCS instead.
M-step Design Matrix Calculation time (sec): 0.0335
ECOS solver failed in IPCW_HAL_init, falling back to SCS: The solver ECOS is not installed.
WARNING - large complementary slackness residual: 0.013810
M-step CVXPY optimize time (sec): 4.5619
ECOS solver failed:  The solver ECOS is not installed. 
Using SCS instead.
ECOS solver failed:  The solver ECOS is not installed. 
Using SCS instead.
ECOS solver failed:  The solver ECOS is not installed. 
Using SCS instead.
ECOS solver failed:  The solver ECOS is not installed. 
Using SCS instead.
ECOS solver failed:  The solver ECOS is not installed. 
Using SCS instead.
ECOS solver failed:  The solver ECOS is not installed. 
Using SCS instead.
ECOS solver failed:  The solver ECOS is not installed. 
Using SCS instead.
ECOS solver failed:  The solver ECOS is not installed. 
Using SCS instead.
ECOS solver failed:  The solver ECOS is not installed. 
Using SCS instead.
ECOS solver failed:  The solver ECOS is not installed. 
Using SCS instead.
ECOS solver failed:  The solver ECOS is not installed. 
Using SCS instead.
ECOS solver failed:  The solver ECOS is not installed. 
Using SCS instead.
ECOS solver failed:  The solver ECOS is not installed. 
Using SCS instead.
ECOS solver failed:  The solver ECOS is not installed. 
Using SCS instead.
ECOS solver failed:  The solver ECOS is not installed. 
Using SCS instead.
ECOS solver failed:  The solver ECOS is not installed. 
Using SCS instead.
ECOS solver failed:  The solver ECOS is not installed. 
Using SCS instead.
ECOS solver failed:  The solver ECOS is not installed. 
Using SCS instead.
ECOS solver failed:  The solver ECOS is not installed. 
Using SCS instead.
ECOS solver failed:  The solver ECOS is not installed. 
Using SCS instead.
ECOS solver failed:  The solver ECOS is not installed. 
Using SCS instead.
M-step Design Matrix Calculation time (sec): 0.3436
ECOS solver failed in IPCW_HAL_init, falling back to SCS: The solver ECOS is not installed.
WARNING - large complementary slackness residual: 0.032568
M-step CVXPY optimize time (sec): 0.9149
ECOS solver failed:  The solver ECOS is not installed. 
Using SCS instead.
ECOS solver failed:  The solver ECOS is not installed. 
Using SCS instead.
ECOS solver failed:  The solver ECOS is not installed. 
Using SCS instead.
ECOS solver failed:  The solver ECOS is not installed. 
Using SCS instead.
ECOS solver failed:  The solver ECOS is not installed. 
Using SCS instead.
ECOS solver failed:  The solver ECOS is not installed. 
Using SCS instead.
ECOS solver failed:  The solver ECOS is not installed. 
Using SCS instead.
ECOS solver failed:  The solver ECOS is not installed. 
Using SCS instead.
ECOS solver failed:  The solver ECOS is not installed. 
Using SCS instead.
ECOS solver failed:  The solver ECOS is not installed. 
Using SCS instead.
ECOS solver failed:  The solver ECOS is not installed. 
Using SCS instead.
ECOS solver failed:  The solver ECOS is not installed. 
Using SCS instead.
ECOS solver failed:  The solver ECOS is not installed. 
Using SCS instead.
ECOS solver failed:  The solver ECOS is not installed. 
Using SCS instead.
ECOS solver failed:  The solver ECOS is not installed. 
Using SCS instead.
ECOS solver failed:  The solver ECOS is not installed. 
Using SCS instead.
ECOS solver failed:  The solver ECOS is not installed. 
Using SCS instead.
ECOS solver failed:  The solver ECOS is not installed. 
Using SCS instead.
ECOS solver failed:  The solver ECOS is not installed. 
Using SCS instead.
ECOS solver failed:  The solver ECOS is not installed. 
Using SCS instead.
ECOS solver failed:  The solver ECOS is not installed. 
Using SCS instead.
M-step Design Matrix Calculation time (sec): 0.0335
ECOS solver failed in IPCW_HAL_init, falling back to SCS: The solver ECOS is not installed.
WARNING - large complementary slackness residual: 0.039309
M-step CVXPY optimize time (sec): 1.0896
ECOS solver failed:  The solver ECOS is not installed. 
Using SCS instead.
ECOS solver failed:  The solver ECOS is not installed. 
Using SCS instead.
ECOS solver failed:  The solver ECOS is not installed. 
Using SCS instead.
ECOS solver failed:  The solver ECOS is not installed. 
Using SCS instead.
ECOS solver failed:  The solver ECOS is not installed. 
Using SCS instead.
ECOS solver failed:  The solver ECOS is not installed. 
Using SCS instead.
ECOS solver failed:  The solver ECOS is not installed. 
Using SCS instead.
ECOS solver failed:  The solver ECOS is not installed. 
Using SCS instead.
ECOS solver failed:  The solver ECOS is not installed. 
Using SCS instead.
ECOS solver failed:  The solver ECOS is not installed. 
Using SCS instead.
ECOS solver failed:  The solver ECOS is not installed. 
Using SCS instead.
ECOS solver failed:  The solver ECOS is not installed. 
Using SCS instead.
ECOS solver failed:  The solver ECOS is not installed. 
Using SCS instead.
ECOS solver failed:  The solver ECOS is not installed. 
Using SCS instead.
ECOS solver failed:  The solver ECOS is not installed. 
Using SCS instead.
ECOS solver failed:  The solver ECOS is not installed. 
Using SCS instead.
ECOS solver failed:  The solver ECOS is not installed. 
Using SCS instead.
ECOS solver failed:  The solver ECOS is not installed. 
Using SCS instead.
ECOS solver failed:  The solver ECOS is not installed. 
Using SCS instead.
ECOS solver failed:  The solver ECOS is not installed. 
Using SCS instead.
ECOS solver failed:  The solver ECOS is not installed. 
Using SCS instead.
M-step Design Matrix Calculation time (sec): 0.0228
ECOS solver failed in IPCW_HAL_init, falling back to SCS: The solver ECOS is not installed.
WARNING - large complementary slackness residual: 0.020059
M-step CVXPY optimize time (sec): 1.6480
ECOS solver failed:  The solver ECOS is not installed. 
Using SCS instead.
ECOS solver failed:  The solver ECOS is not installed. 
Using SCS instead.
ECOS solver failed:  The solver ECOS is not installed. 
Using SCS instead.
ECOS solver failed:  The solver ECOS is not installed. 
Using SCS instead.
ECOS solver failed:  The solver ECOS is not installed. 
Using SCS instead.
ECOS solver failed:  The solver ECOS is not installed. 
Using SCS instead.
ECOS solver failed:  The solver ECOS is not installed. 
Using SCS instead.
ECOS solver failed:  The solver ECOS is not installed. 
Using SCS instead.
ECOS solver failed:  The solver ECOS is not installed. 
Using SCS instead.
ECOS solver failed:  The solver ECOS is not installed. 
Using SCS instead.
ECOS solver failed:  The solver ECOS is not installed. 
Using SCS instead.
ECOS solver failed:  The solver ECOS is not installed. 
Using SCS instead.
ECOS solver failed:  The solver ECOS is not installed. 
Using SCS instead.
ECOS solver failed:  The solver ECOS is not installed. 
Using SCS instead.
ECOS solver failed:  The solver ECOS is not installed. 
Using SCS instead.
ECOS solver failed:  The solver ECOS is not installed. 
Using SCS instead.
ECOS solver failed:  The solver ECOS is not installed. 
Using SCS instead.
ECOS solver failed:  The solver ECOS is not installed. 
Using SCS instead.
ECOS solver failed:  The solver ECOS is not installed. 
Using SCS instead.
ECOS solver failed:  The solver ECOS is not installed. 
Using SCS instead.
ECOS solver failed:  The solver ECOS is not installed. 
Using SCS instead.
M-step Design Matrix Calculation time (sec): 0.0198
ECOS solver failed in IPCW_HAL_init, falling back to SCS: The solver ECOS is not installed.
WARNING - large complementary slackness residual: 0.004437
M-step CVXPY optimize time (sec): 1.7924
ECOS solver failed:  The solver ECOS is not installed. 
Using SCS instead.
ECOS solver failed:  The solver ECOS is not installed. 
Using SCS instead.
ECOS solver failed:  The solver ECOS is not installed. 
Using SCS instead.
ECOS solver failed:  The solver ECOS is not installed. 
Using SCS instead.
ECOS solver failed:  The solver ECOS is not installed. 
Using SCS instead.
ECOS solver failed:  The solver ECOS is not installed. 
Using SCS instead.
ECOS solver failed:  The solver ECOS is not installed. 
Using SCS instead.
ECOS solver failed:  The solver ECOS is not installed. 
Using SCS instead.
ECOS solver failed:  The solver ECOS is not installed. 
Using SCS instead.
ECOS solver failed:  The solver ECOS is not installed. 
Using SCS instead.
ECOS solver failed:  The solver ECOS is not installed. 
Using SCS instead.
ECOS solver failed:  The solver ECOS is not installed. 
Using SCS instead.
ECOS solver failed:  The solver ECOS is not installed. 
Using SCS instead.
ECOS solver failed:  The solver ECOS is not installed. 
Using SCS instead.
ECOS solver failed:  The solver ECOS is not installed. 
Using SCS instead.
ECOS solver failed:  The solver ECOS is not installed. 
Using SCS instead.
ECOS solver failed:  The solver ECOS is not installed. 
Using SCS instead.
ECOS solver failed:  The solver ECOS is not installed. 
Using SCS instead.
ECOS solver failed:  The solver ECOS is not installed. 
Using SCS instead.
ECOS solver failed:  The solver ECOS is not installed. 
Using SCS instead.
ECOS solver failed:  The solver ECOS is not installed. 
Using SCS instead.
M-step Design Matrix Calculation time (sec): 0.0312
ECOS solver failed in IPCW_HAL_init, falling back to SCS: The solver ECOS is not installed.
M-step CVXPY optimize time (sec): 1.7110
ECOS solver failed:  The solver ECOS is not installed. 
Using SCS instead.
ECOS solver failed:  The solver ECOS is not installed. 
Using SCS instead.
ECOS solver failed:  The solver ECOS is not installed. 
Using SCS instead.
ECOS solver failed:  The solver ECOS is not installed. 
Using SCS instead.
ECOS solver failed:  The solver ECOS is not installed. 
Using SCS instead.
ECOS solver failed:  The solver ECOS is not installed. 
Using SCS instead.
ECOS solver failed:  The solver ECOS is not installed. 
Using SCS instead.
ECOS solver failed:  The solver ECOS is not installed. 
Using SCS instead.
ECOS solver failed:  The solver ECOS is not installed. 
Using SCS instead.
ECOS solver failed:  The solver ECOS is not installed. 
Using SCS instead.
ECOS solver failed:  The solver ECOS is not installed. 
Using SCS instead.
ECOS solver failed:  The solver ECOS is not installed. 
Using SCS instead.
ECOS solver failed:  The solver ECOS is not installed. 
Using SCS instead.
ECOS solver failed:  The solver ECOS is not installed. 
Using SCS instead.
ECOS solver failed:  The solver ECOS is not installed. 
Using SCS instead.
ECOS solver failed:  The solver ECOS is not installed. 
Using SCS instead.
ECOS solver failed:  The solver ECOS is not installed. 
Using SCS instead.
ECOS solver failed:  The solver ECOS is not installed. 
Using SCS instead.
ECOS solver failed:  The solver ECOS is not installed. 
Using SCS instead.
ECOS solver failed:  The solver ECOS is not installed. 
Using SCS instead.
ECOS solver failed:  The solver ECOS is not installed. 
Using SCS instead.
M-step Design Matrix Calculation time (sec): 0.0205
ECOS solver failed in IPCW_HAL_init, falling back to SCS: The solver ECOS is not installed.
WARNING - large complementary slackness residual: 0.033143
M-step CVXPY optimize time (sec): 1.3740
ECOS solver failed:  The solver ECOS is not installed. 
Using SCS instead.
ECOS solver failed:  The solver ECOS is not installed. 
Using SCS instead.
ECOS solver failed:  The solver ECOS is not installed. 
Using SCS instead.
ECOS solver failed:  The solver ECOS is not installed. 
Using SCS instead.
ECOS solver failed:  The solver ECOS is not installed. 
Using SCS instead.
ECOS solver failed:  The solver ECOS is not installed. 
Using SCS instead.
ECOS solver failed:  The solver ECOS is not installed. 
Using SCS instead.
ECOS solver failed:  The solver ECOS is not installed. 
Using SCS instead.
ECOS solver failed:  The solver ECOS is not installed. 
Using SCS instead.
ECOS solver failed:  The solver ECOS is not installed. 
Using SCS instead.
ECOS solver failed:  The solver ECOS is not installed. 
Using SCS instead.
ECOS solver failed:  The solver ECOS is not installed. 
Using SCS instead.
ECOS solver failed:  The solver ECOS is not installed. 
Using SCS instead.
ECOS solver failed:  The solver ECOS is not installed. 
Using SCS instead.
ECOS solver failed:  The solver ECOS is not installed. 
Using SCS instead.
ECOS solver failed:  The solver ECOS is not installed. 
Using SCS instead.
ECOS solver failed:  The solver ECOS is not installed. 
Using SCS instead.
ECOS solver failed:  The solver ECOS is not installed. 
Using SCS instead.
ECOS solver failed:  The solver ECOS is not installed. 
Using SCS instead.
ECOS solver failed:  The solver ECOS is not installed. 
Using SCS instead.
ECOS solver failed:  The solver ECOS is not installed. 
Using SCS instead.
M-step Design Matrix Calculation time (sec): 0.0128
ECOS solver failed in IPCW_HAL_init, falling back to SCS: The solver ECOS is not installed.
WARNING - large complementary slackness residual: 0.016227
M-step CVXPY optimize time (sec): 0.6354
ECOS solver failed:  The solver ECOS is not installed. 
Using SCS instead.
ECOS solver failed:  The solver ECOS is not installed. 
Using SCS instead.
ECOS solver failed:  The solver ECOS is not installed. 
Using SCS instead.
ECOS solver failed:  The solver ECOS is not installed. 
Using SCS instead.
ECOS solver failed:  The solver ECOS is not installed. 
Using SCS instead.
ECOS solver failed:  The solver ECOS is not installed. 
Using SCS instead.
ECOS solver failed:  The solver ECOS is not installed. 
Using SCS instead.
ECOS solver failed:  The solver ECOS is not installed. 
Using SCS instead.
ECOS solver failed:  The solver ECOS is not installed. 
Using SCS instead.
ECOS solver failed:  The solver ECOS is not installed. 
Using SCS instead.
ECOS solver failed:  The solver ECOS is not installed. 
Using SCS instead.
ECOS solver failed:  The solver ECOS is not installed. 
Using SCS instead.
ECOS solver failed:  The solver ECOS is not installed. 
Using SCS instead.
ECOS solver failed:  The solver ECOS is not installed. 
Using SCS instead.
ECOS solver failed:  The solver ECOS is not installed. 
Using SCS instead.
ECOS solver failed:  The solver ECOS is not installed. 
Using SCS instead.
ECOS solver failed:  The solver ECOS is not installed. 
Using SCS instead.
ECOS solver failed:  The solver ECOS is not installed. 
Using SCS instead.
ECOS solver failed:  The solver ECOS is not installed. 
Using SCS instead.
ECOS solver failed:  The solver ECOS is not installed. 
Using SCS instead.
ECOS solver failed:  The solver ECOS is not installed. 
Using SCS instead.
M-step Design Matrix Calculation time (sec): 0.1690
ECOS solver failed in IPCW_HAL_init, falling back to SCS: The solver ECOS is not installed.
M-step CVXPY optimize time (sec): 3.3554
ECOS solver failed:  The solver ECOS is not installed. 
Using SCS instead.
ECOS solver failed:  The solver ECOS is not installed. 
Using SCS instead.
ECOS solver failed:  The solver ECOS is not installed. 
Using SCS instead.
ECOS solver failed:  The solver ECOS is not installed. 
Using SCS instead.
ECOS solver failed:  The solver ECOS is not installed. 
Using SCS instead.
ECOS solver failed:  The solver ECOS is not installed. 
Using SCS instead.
ECOS solver failed:  The solver ECOS is not installed. 
Using SCS instead.
ECOS solver failed:  The solver ECOS is not installed. 
Using SCS instead.
ECOS solver failed:  The solver ECOS is not installed. 
Using SCS instead.
ECOS solver failed:  The solver ECOS is not installed. 
Using SCS instead.
ECOS solver failed:  The solver ECOS is not installed. 
Using SCS instead.
ECOS solver failed:  The solver ECOS is not installed. 
Using SCS instead.
ECOS solver failed:  The solver ECOS is not installed. 
Using SCS instead.
ECOS solver failed:  The solver ECOS is not installed. 
Using SCS instead.
ECOS solver failed:  The solver ECOS is not installed. 
Using SCS instead.
ECOS solver failed:  The solver ECOS is not installed. 
Using SCS instead.
ECOS solver failed:  The solver ECOS is not installed. 
Using SCS instead.
ECOS solver failed:  The solver ECOS is not installed. 
Using SCS instead.
ECOS solver failed:  The solver ECOS is not installed. 
Using SCS instead.
ECOS solver failed:  The solver ECOS is not installed. 
Using SCS instead.
ECOS solver failed:  The solver ECOS is not installed. 
Using SCS instead.
M-step Design Matrix Calculation time (sec): 0.0192
ECOS solver failed in IPCW_HAL_init, falling back to SCS: The solver ECOS is not installed.
M-step CVXPY optimize time (sec): 1.2701
ECOS solver failed:  The solver ECOS is not installed. 
Using SCS instead.
ECOS solver failed:  The solver ECOS is not installed. 
Using SCS instead.
ECOS solver failed:  The solver ECOS is not installed. 
Using SCS instead.
ECOS solver failed:  The solver ECOS is not installed. 
Using SCS instead.
ECOS solver failed:  The solver ECOS is not installed. 
Using SCS instead.
ECOS solver failed:  The solver ECOS is not installed. 
Using SCS instead.
ECOS solver failed:  The solver ECOS is not installed. 
Using SCS instead.
ECOS solver failed:  The solver ECOS is not installed. 
Using SCS instead.
ECOS solver failed:  The solver ECOS is not installed. 
Using SCS instead.
ECOS solver failed:  The solver ECOS is not installed. 
Using SCS instead.
ECOS solver failed:  The solver ECOS is not installed. 
Using SCS instead.
ECOS solver failed:  The solver ECOS is not installed. 
Using SCS instead.
ECOS solver failed:  The solver ECOS is not installed. 
Using SCS instead.
ECOS solver failed:  The solver ECOS is not installed. 
Using SCS instead.
ECOS solver failed:  The solver ECOS is not installed. 
Using SCS instead.
ECOS solver failed:  The solver ECOS is not installed. 
Using SCS instead.
ECOS solver failed:  The solver ECOS is not installed. 
Using SCS instead.
ECOS solver failed:  The solver ECOS is not installed. 
Using SCS instead.
ECOS solver failed:  The solver ECOS is not installed. 
Using SCS instead.
ECOS solver failed:  The solver ECOS is not installed. 
Using SCS instead.
ECOS solver failed:  The solver ECOS is not installed. 
Using SCS instead.
M-step Design Matrix Calculation time (sec): 0.0520
ECOS solver failed in IPCW_HAL_init, falling back to SCS: The solver ECOS is not installed.
WARNING - large complementary slackness residual: 0.030722
M-step CVXPY optimize time (sec): 3.5498
ECOS solver failed:  The solver ECOS is not installed. 
Using SCS instead.
ECOS solver failed:  The solver ECOS is not installed. 
Using SCS instead.
ECOS solver failed:  The solver ECOS is not installed. 
Using SCS instead.
ECOS solver failed:  The solver ECOS is not installed. 
Using SCS instead.
ECOS solver failed:  The solver ECOS is not installed. 
Using SCS instead.
ECOS solver failed:  The solver ECOS is not installed. 
Using SCS instead.
ECOS solver failed:  The solver ECOS is not installed. 
Using SCS instead.
ECOS solver failed:  The solver ECOS is not installed. 
Using SCS instead.
ECOS solver failed:  The solver ECOS is not installed. 
Using SCS instead.
ECOS solver failed:  The solver ECOS is not installed. 
Using SCS instead.
ECOS solver failed:  The solver ECOS is not installed. 
Using SCS instead.
ECOS solver failed:  The solver ECOS is not installed. 
Using SCS instead.
ECOS solver failed:  The solver ECOS is not installed. 
Using SCS instead.
ECOS solver failed:  The solver ECOS is not installed. 
Using SCS instead.
ECOS solver failed:  The solver ECOS is not installed. 
Using SCS instead.
ECOS solver failed:  The solver ECOS is not installed. 
Using SCS instead.
ECOS solver failed:  The solver ECOS is not installed. 
Using SCS instead.
ECOS solver failed:  The solver ECOS is not installed. 
Using SCS instead.
ECOS solver failed:  The solver ECOS is not installed. 
Using SCS instead.
ECOS solver failed:  The solver ECOS is not installed. 
Using SCS instead.
ECOS solver failed:  The solver ECOS is not installed. 
Using SCS instead.
M-step Design Matrix Calculation time (sec): 0.0230
ECOS solver failed in IPCW_HAL_init, falling back to SCS: The solver ECOS is not installed.
WARNING - large complementary slackness residual: 0.007660
M-step CVXPY optimize time (sec): 1.9819
ECOS solver failed:  The solver ECOS is not installed. 
Using SCS instead.
ECOS solver failed:  The solver ECOS is not installed. 
Using SCS instead.
ECOS solver failed:  The solver ECOS is not installed. 
Using SCS instead.
ECOS solver failed:  The solver ECOS is not installed. 
Using SCS instead.
ECOS solver failed:  The solver ECOS is not installed. 
Using SCS instead.
ECOS solver failed:  The solver ECOS is not installed. 
Using SCS instead.
ECOS solver failed:  The solver ECOS is not installed. 
Using SCS instead.
ECOS solver failed:  The solver ECOS is not installed. 
Using SCS instead.
ECOS solver failed:  The solver ECOS is not installed. 
Using SCS instead.
ECOS solver failed:  The solver ECOS is not installed. 
Using SCS instead.
ECOS solver failed:  The solver ECOS is not installed. 
Using SCS instead.
ECOS solver failed:  The solver ECOS is not installed. 
Using SCS instead.
ECOS solver failed:  The solver ECOS is not installed. 
Using SCS instead.
ECOS solver failed:  The solver ECOS is not installed. 
Using SCS instead.
ECOS solver failed:  The solver ECOS is not installed. 
Using SCS instead.
ECOS solver failed:  The solver ECOS is not installed. 
Using SCS instead.
ECOS solver failed:  The solver ECOS is not installed. 
Using SCS instead.
ECOS solver failed:  The solver ECOS is not installed. 
Using SCS instead.
ECOS solver failed:  The solver ECOS is not installed. 
Using SCS instead.
ECOS solver failed:  The solver ECOS is not installed. 
Using SCS instead.
ECOS solver failed:  The solver ECOS is not installed. 
Using SCS instead.
M-step Design Matrix Calculation time (sec): 0.0358
ECOS solver failed in IPCW_HAL_init, falling back to SCS: The solver ECOS is not installed.
WARNING - large complementary slackness residual: 0.003989
M-step CVXPY optimize time (sec): 1.4564
ECOS solver failed:  The solver ECOS is not installed. 
Using SCS instead.
ECOS solver failed:  The solver ECOS is not installed. 
Using SCS instead.
ECOS solver failed:  The solver ECOS is not installed. 
Using SCS instead.
ECOS solver failed:  The solver ECOS is not installed. 
Using SCS instead.
ECOS solver failed:  The solver ECOS is not installed. 
Using SCS instead.
ECOS solver failed:  The solver ECOS is not installed. 
Using SCS instead.
ECOS solver failed:  The solver ECOS is not installed. 
Using SCS instead.
ECOS solver failed:  The solver ECOS is not installed. 
Using SCS instead.
ECOS solver failed:  The solver ECOS is not installed. 
Using SCS instead.
ECOS solver failed:  The solver ECOS is not installed. 
Using SCS instead.
ECOS solver failed:  The solver ECOS is not installed. 
Using SCS instead.
ECOS solver failed:  The solver ECOS is not installed. 
Using SCS instead.
ECOS solver failed:  The solver ECOS is not installed. 
Using SCS instead.
ECOS solver failed:  The solver ECOS is not installed. 
Using SCS instead.
ECOS solver failed:  The solver ECOS is not installed. 
Using SCS instead.
ECOS solver failed:  The solver ECOS is not installed. 
Using SCS instead.
ECOS solver failed:  The solver ECOS is not installed. 
Using SCS instead.
ECOS solver failed:  The solver ECOS is not installed. 
Using SCS instead.
ECOS solver failed:  The solver ECOS is not installed. 
Using SCS instead.
ECOS solver failed:  The solver ECOS is not installed. 
Using SCS instead.
ECOS solver failed:  The solver ECOS is not installed. 
Using SCS instead.
M-step Design Matrix Calculation time (sec): 0.0508
ECOS solver failed in IPCW_HAL_init, falling back to SCS: The solver ECOS is not installed.
WARNING - large complementary slackness residual: 0.016559
M-step CVXPY optimize time (sec): 2.2004
ECOS solver failed:  The solver ECOS is not installed. 
Using SCS instead.
ECOS solver failed:  The solver ECOS is not installed. 
Using SCS instead.
ECOS solver failed:  The solver ECOS is not installed. 
Using SCS instead.
ECOS solver failed:  The solver ECOS is not installed. 
Using SCS instead.
ECOS solver failed:  The solver ECOS is not installed. 
Using SCS instead.
ECOS solver failed:  The solver ECOS is not installed. 
Using SCS instead.
ECOS solver failed:  The solver ECOS is not installed. 
Using SCS instead.
ECOS solver failed:  The solver ECOS is not installed. 
Using SCS instead.
ECOS solver failed:  The solver ECOS is not installed. 
Using SCS instead.
ECOS solver failed:  The solver ECOS is not installed. 
Using SCS instead.
ECOS solver failed:  The solver ECOS is not installed. 
Using SCS instead.
ECOS solver failed:  The solver ECOS is not installed. 
Using SCS instead.
ECOS solver failed:  The solver ECOS is not installed. 
Using SCS instead.
ECOS solver failed:  The solver ECOS is not installed. 
Using SCS instead.
ECOS solver failed:  The solver ECOS is not installed. 
Using SCS instead.
ECOS solver failed:  The solver ECOS is not installed. 
Using SCS instead.
ECOS solver failed:  The solver ECOS is not installed. 
Using SCS instead.
ECOS solver failed:  The solver ECOS is not installed. 
Using SCS instead.
ECOS solver failed:  The solver ECOS is not installed. 
Using SCS instead.
ECOS solver failed:  The solver ECOS is not installed. 
Using SCS instead.
ECOS solver failed:  The solver ECOS is not installed. 
Using SCS instead.
M-step Design Matrix Calculation time (sec): 0.0344
ECOS solver failed in IPCW_HAL_init, falling back to SCS: The solver ECOS is not installed.
M-step CVXPY optimize time (sec): 1.2998
ECOS solver failed:  The solver ECOS is not installed. 
Using SCS instead.
ECOS solver failed:  The solver ECOS is not installed. 
Using SCS instead.
ECOS solver failed:  The solver ECOS is not installed. 
Using SCS instead.
ECOS solver failed:  The solver ECOS is not installed. 
Using SCS instead.
ECOS solver failed:  The solver ECOS is not installed. 
Using SCS instead.
ECOS solver failed:  The solver ECOS is not installed. 
Using SCS instead.
ECOS solver failed:  The solver ECOS is not installed. 
Using SCS instead.
ECOS solver failed:  The solver ECOS is not installed. 
Using SCS instead.
ECOS solver failed:  The solver ECOS is not installed. 
Using SCS instead.
ECOS solver failed:  The solver ECOS is not installed. 
Using SCS instead.
ECOS solver failed:  The solver ECOS is not installed. 
Using SCS instead.
ECOS solver failed:  The solver ECOS is not installed. 
Using SCS instead.
ECOS solver failed:  The solver ECOS is not installed. 
Using SCS instead.
ECOS solver failed:  The solver ECOS is not installed. 
Using SCS instead.
ECOS solver failed:  The solver ECOS is not installed. 
Using SCS instead.
ECOS solver failed:  The solver ECOS is not installed. 
Using SCS instead.
ECOS solver failed:  The solver ECOS is not installed. 
Using SCS instead.
ECOS solver failed:  The solver ECOS is not installed. 
Using SCS instead.
ECOS solver failed:  The solver ECOS is not installed. 
Using SCS instead.
ECOS solver failed:  The solver ECOS is not installed. 
Using SCS instead.
ECOS solver failed:  The solver ECOS is not installed. 
Using SCS instead.
M-step Design Matrix Calculation time (sec): 0.0357
ECOS solver failed in IPCW_HAL_init, falling back to SCS: The solver ECOS is not installed.
WARNING - large complementary slackness residual: 0.013589
M-step CVXPY optimize time (sec): 3.6270
ECOS solver failed:  The solver ECOS is not installed. 
Using SCS instead.
ECOS solver failed:  The solver ECOS is not installed. 
Using SCS instead.
ECOS solver failed:  The solver ECOS is not installed. 
Using SCS instead.
ECOS solver failed:  The solver ECOS is not installed. 
Using SCS instead.
ECOS solver failed:  The solver ECOS is not installed. 
Using SCS instead.
ECOS solver failed:  The solver ECOS is not installed. 
Using SCS instead.
ECOS solver failed:  The solver ECOS is not installed. 
Using SCS instead.
ECOS solver failed:  The solver ECOS is not installed. 
Using SCS instead.
ECOS solver failed:  The solver ECOS is not installed. 
Using SCS instead.
ECOS solver failed:  The solver ECOS is not installed. 
Using SCS instead.
ECOS solver failed:  The solver ECOS is not installed. 
Using SCS instead.
ECOS solver failed:  The solver ECOS is not installed. 
Using SCS instead.
ECOS solver failed:  The solver ECOS is not installed. 
Using SCS instead.
ECOS solver failed:  The solver ECOS is not installed. 
Using SCS instead.
ECOS solver failed:  The solver ECOS is not installed. 
Using SCS instead.
ECOS solver failed:  The solver ECOS is not installed. 
Using SCS instead.
ECOS solver failed:  The solver ECOS is not installed. 
Using SCS instead.
ECOS solver failed:  The solver ECOS is not installed. 
Using SCS instead.
ECOS solver failed:  The solver ECOS is not installed. 
Using SCS instead.
ECOS solver failed:  The solver ECOS is not installed. 
Using SCS instead.
ECOS solver failed:  The solver ECOS is not installed. 
Using SCS instead.
M-step Design Matrix Calculation time (sec): 0.0156
ECOS solver failed in IPCW_HAL_init, falling back to SCS: The solver ECOS is not installed.
WARNING - large complementary slackness residual: 0.005995
M-step CVXPY optimize time (sec): 2.0150
ECOS solver failed:  The solver ECOS is not installed. 
Using SCS instead.
ECOS solver failed:  The solver ECOS is not installed. 
Using SCS instead.
ECOS solver failed:  The solver ECOS is not installed. 
Using SCS instead.
ECOS solver failed:  The solver ECOS is not installed. 
Using SCS instead.
ECOS solver failed:  The solver ECOS is not installed. 
Using SCS instead.
ECOS solver failed:  The solver ECOS is not installed. 
Using SCS instead.
ECOS solver failed:  The solver ECOS is not installed. 
Using SCS instead.
ECOS solver failed:  The solver ECOS is not installed. 
Using SCS instead.
ECOS solver failed:  The solver ECOS is not installed. 
Using SCS instead.
ECOS solver failed:  The solver ECOS is not installed. 
Using SCS instead.
ECOS solver failed:  The solver ECOS is not installed. 
Using SCS instead.
ECOS solver failed:  The solver ECOS is not installed. 
Using SCS instead.
ECOS solver failed:  The solver ECOS is not installed. 
Using SCS instead.
ECOS solver failed:  The solver ECOS is not installed. 
Using SCS instead.
ECOS solver failed:  The solver ECOS is not installed. 
Using SCS instead.
ECOS solver failed:  The solver ECOS is not installed. 
Using SCS instead.
ECOS solver failed:  The solver ECOS is not installed. 
Using SCS instead.
ECOS solver failed:  The solver ECOS is not installed. 
Using SCS instead.
ECOS solver failed:  The solver ECOS is not installed. 
Using SCS instead.
ECOS solver failed:  The solver ECOS is not installed. 
Using SCS instead.
ECOS solver failed:  The solver ECOS is not installed. 
Using SCS instead.
M-step Design Matrix Calculation time (sec): 0.0183
ECOS solver failed in IPCW_HAL_init, falling back to SCS: The solver ECOS is not installed.
WARNING - large complementary slackness residual: 0.023591
M-step CVXPY optimize time (sec): 1.2381
ECOS solver failed:  The solver ECOS is not installed. 
Using SCS instead.
ECOS solver failed:  The solver ECOS is not installed. 
Using SCS instead.
ECOS solver failed:  The solver ECOS is not installed. 
Using SCS instead.
ECOS solver failed:  The solver ECOS is not installed. 
Using SCS instead.
ECOS solver failed:  The solver ECOS is not installed. 
Using SCS instead.
ECOS solver failed:  The solver ECOS is not installed. 
Using SCS instead.
ECOS solver failed:  The solver ECOS is not installed. 
Using SCS instead.
ECOS solver failed:  The solver ECOS is not installed. 
Using SCS instead.
ECOS solver failed:  The solver ECOS is not installed. 
Using SCS instead.
ECOS solver failed:  The solver ECOS is not installed. 
Using SCS instead.
ECOS solver failed:  The solver ECOS is not installed. 
Using SCS instead.
ECOS solver failed:  The solver ECOS is not installed. 
Using SCS instead.
ECOS solver failed:  The solver ECOS is not installed. 
Using SCS instead.
ECOS solver failed:  The solver ECOS is not installed. 
Using SCS instead.
ECOS solver failed:  The solver ECOS is not installed. 
Using SCS instead.
ECOS solver failed:  The solver ECOS is not installed. 
Using SCS instead.
ECOS solver failed:  The solver ECOS is not installed. 
Using SCS instead.
ECOS solver failed:  The solver ECOS is not installed. 
Using SCS instead.
ECOS solver failed:  The solver ECOS is not installed. 
Using SCS instead.
ECOS solver failed:  The solver ECOS is not installed. 
Using SCS instead.
ECOS solver failed:  The solver ECOS is not installed. 
Using SCS instead.
M-step Design Matrix Calculation time (sec): 0.0225
ECOS solver failed in IPCW_HAL_init, falling back to SCS: The solver ECOS is not installed.
WARNING - large complementary slackness residual: 0.004181
M-step CVXPY optimize time (sec): 1.2297
ECOS solver failed:  The solver ECOS is not installed. 
Using SCS instead.
ECOS solver failed:  The solver ECOS is not installed. 
Using SCS instead.
ECOS solver failed:  The solver ECOS is not installed. 
Using SCS instead.
ECOS solver failed:  The solver ECOS is not installed. 
Using SCS instead.
ECOS solver failed:  The solver ECOS is not installed. 
Using SCS instead.
ECOS solver failed:  The solver ECOS is not installed. 
Using SCS instead.
ECOS solver failed:  The solver ECOS is not installed. 
Using SCS instead.
ECOS solver failed:  The solver ECOS is not installed. 
Using SCS instead.
ECOS solver failed:  The solver ECOS is not installed. 
Using SCS instead.
ECOS solver failed:  The solver ECOS is not installed. 
Using SCS instead.
ECOS solver failed:  The solver ECOS is not installed. 
Using SCS instead.
ECOS solver failed:  The solver ECOS is not installed. 
Using SCS instead.
ECOS solver failed:  The solver ECOS is not installed. 
Using SCS instead.
ECOS solver failed:  The solver ECOS is not installed. 
Using SCS instead.
ECOS solver failed:  The solver ECOS is not installed. 
Using SCS instead.
ECOS solver failed:  The solver ECOS is not installed. 
Using SCS instead.
ECOS solver failed:  The solver ECOS is not installed. 
Using SCS instead.
ECOS solver failed:  The solver ECOS is not installed. 
Using SCS instead.
ECOS solver failed:  The solver ECOS is not installed. 
Using SCS instead.
ECOS solver failed:  The solver ECOS is not installed. 
Using SCS instead.
ECOS solver failed:  The solver ECOS is not installed. 
Using SCS instead.
M-step Design Matrix Calculation time (sec): 0.0192
ECOS solver failed in IPCW_HAL_init, falling back to SCS: The solver ECOS is not installed.
M-step CVXPY optimize time (sec): 0.2183
ECOS solver failed:  The solver ECOS is not installed. 
Using SCS instead.
ECOS solver failed:  The solver ECOS is not installed. 
Using SCS instead.
ECOS solver failed:  The solver ECOS is not installed. 
Using SCS instead.
ECOS solver failed:  The solver ECOS is not installed. 
Using SCS instead.
ECOS solver failed:  The solver ECOS is not installed. 
Using SCS instead.
ECOS solver failed:  The solver ECOS is not installed. 
Using SCS instead.
ECOS solver failed:  The solver ECOS is not installed. 
Using SCS instead.
ECOS solver failed:  The solver ECOS is not installed. 
Using SCS instead.
ECOS solver failed:  The solver ECOS is not installed. 
Using SCS instead.
ECOS solver failed:  The solver ECOS is not installed. 
Using SCS instead.
ECOS solver failed:  The solver ECOS is not installed. 
Using SCS instead.
ECOS solver failed:  The solver ECOS is not installed. 
Using SCS instead.
ECOS solver failed:  The solver ECOS is not installed. 
Using SCS instead.
ECOS solver failed:  The solver ECOS is not installed. 
Using SCS instead.
ECOS solver failed:  The solver ECOS is not installed. 
Using SCS instead.
ECOS solver failed:  The solver ECOS is not installed. 
Using SCS instead.
ECOS solver failed:  The solver ECOS is not installed. 
Using SCS instead.
ECOS solver failed:  The solver ECOS is not installed. 
Using SCS instead.
ECOS solver failed:  The solver ECOS is not installed. 
Using SCS instead.
ECOS solver failed:  The solver ECOS is not installed. 
Using SCS instead.
ECOS solver failed:  The solver ECOS is not installed. 
Using SCS instead.
M-step Design Matrix Calculation time (sec): 0.0957
ECOS solver failed in IPCW_HAL_init, falling back to SCS: The solver ECOS is not installed.
WARNING - large complementary slackness residual: 0.024100
M-step CVXPY optimize time (sec): 1.3594
ECOS solver failed:  The solver ECOS is not installed. 
Using SCS instead.
ECOS solver failed:  The solver ECOS is not installed. 
Using SCS instead.
ECOS solver failed:  The solver ECOS is not installed. 
Using SCS instead.
ECOS solver failed:  The solver ECOS is not installed. 
Using SCS instead.
ECOS solver failed:  The solver ECOS is not installed. 
Using SCS instead.
ECOS solver failed:  The solver ECOS is not installed. 
Using SCS instead.
ECOS solver failed:  The solver ECOS is not installed. 
Using SCS instead.
ECOS solver failed:  The solver ECOS is not installed. 
Using SCS instead.
ECOS solver failed:  The solver ECOS is not installed. 
Using SCS instead.
ECOS solver failed:  The solver ECOS is not installed. 
Using SCS instead.
ECOS solver failed:  The solver ECOS is not installed. 
Using SCS instead.
ECOS solver failed:  The solver ECOS is not installed. 
Using SCS instead.
ECOS solver failed:  The solver ECOS is not installed. 
Using SCS instead.
ECOS solver failed:  The solver ECOS is not installed. 
Using SCS instead.
ECOS solver failed:  The solver ECOS is not installed. 
Using SCS instead.
ECOS solver failed:  The solver ECOS is not installed. 
Using SCS instead.
ECOS solver failed:  The solver ECOS is not installed. 
Using SCS instead.
ECOS solver failed:  The solver ECOS is not installed. 
Using SCS instead.
ECOS solver failed:  The solver ECOS is not installed. 
Using SCS instead.
ECOS solver failed:  The solver ECOS is not installed. 
Using SCS instead.
ECOS solver failed:  The solver ECOS is not installed. 
Using SCS instead.
M-step Design Matrix Calculation time (sec): 0.0199
ECOS solver failed in IPCW_HAL_init, falling back to SCS: The solver ECOS is not installed.
WARNING - large complementary slackness residual: 0.007492
M-step CVXPY optimize time (sec): 1.7532
ECOS solver failed:  The solver ECOS is not installed. 
Using SCS instead.
ECOS solver failed:  The solver ECOS is not installed. 
Using SCS instead.
ECOS solver failed:  The solver ECOS is not installed. 
Using SCS instead.
ECOS solver failed:  The solver ECOS is not installed. 
Using SCS instead.
ECOS solver failed:  The solver ECOS is not installed. 
Using SCS instead.
ECOS solver failed:  The solver ECOS is not installed. 
Using SCS instead.
ECOS solver failed:  The solver ECOS is not installed. 
Using SCS instead.
ECOS solver failed:  The solver ECOS is not installed. 
Using SCS instead.
ECOS solver failed:  The solver ECOS is not installed. 
Using SCS instead.
ECOS solver failed:  The solver ECOS is not installed. 
Using SCS instead.
ECOS solver failed:  The solver ECOS is not installed. 
Using SCS instead.
ECOS solver failed:  The solver ECOS is not installed. 
Using SCS instead.
ECOS solver failed:  The solver ECOS is not installed. 
Using SCS instead.
ECOS solver failed:  The solver ECOS is not installed. 
Using SCS instead.
ECOS solver failed:  The solver ECOS is not installed. 
Using SCS instead.
ECOS solver failed:  The solver ECOS is not installed. 
Using SCS instead.
ECOS solver failed:  The solver ECOS is not installed. 
Using SCS instead.
ECOS solver failed:  The solver ECOS is not installed. 
Using SCS instead.
ECOS solver failed:  The solver ECOS is not installed. 
Using SCS instead.
ECOS solver failed:  The solver ECOS is not installed. 
Using SCS instead.
ECOS solver failed:  The solver ECOS is not installed. 
Using SCS instead.
M-step Design Matrix Calculation time (sec): 0.0212
ECOS solver failed in IPCW_HAL_init, falling back to SCS: The solver ECOS is not installed.
WARNING - large complementary slackness residual: 0.017091
M-step CVXPY optimize time (sec): 2.6979
ECOS solver failed:  The solver ECOS is not installed. 
Using SCS instead.
ECOS solver failed:  The solver ECOS is not installed. 
Using SCS instead.
ECOS solver failed:  The solver ECOS is not installed. 
Using SCS instead.
ECOS solver failed:  The solver ECOS is not installed. 
Using SCS instead.
ECOS solver failed:  The solver ECOS is not installed. 
Using SCS instead.
ECOS solver failed:  The solver ECOS is not installed. 
Using SCS instead.
ECOS solver failed:  The solver ECOS is not installed. 
Using SCS instead.
ECOS solver failed:  The solver ECOS is not installed. 
Using SCS instead.
ECOS solver failed:  The solver ECOS is not installed. 
Using SCS instead.
ECOS solver failed:  The solver ECOS is not installed. 
Using SCS instead.
ECOS solver failed:  The solver ECOS is not installed. 
Using SCS instead.
ECOS solver failed:  The solver ECOS is not installed. 
Using SCS instead.
ECOS solver failed:  The solver ECOS is not installed. 
Using SCS instead.
ECOS solver failed:  The solver ECOS is not installed. 
Using SCS instead.
ECOS solver failed:  The solver ECOS is not installed. 
Using SCS instead.
ECOS solver failed:  The solver ECOS is not installed. 
Using SCS instead.
ECOS solver failed:  The solver ECOS is not installed. 
Using SCS instead.
ECOS solver failed:  The solver ECOS is not installed. 
Using SCS instead.
ECOS solver failed:  The solver ECOS is not installed. 
Using SCS instead.
ECOS solver failed:  The solver ECOS is not installed. 
Using SCS instead.
ECOS solver failed:  The solver ECOS is not installed. 
Using SCS instead.
M-step Design Matrix Calculation time (sec): 0.1557
ECOS solver failed in IPCW_HAL_init, falling back to SCS: The solver ECOS is not installed.
WARNING - large complementary slackness residual: 0.005769
M-step CVXPY optimize time (sec): 2.5908
ECOS solver failed:  The solver ECOS is not installed. 
Using SCS instead.
ECOS solver failed:  The solver ECOS is not installed. 
Using SCS instead.
ECOS solver failed:  The solver ECOS is not installed. 
Using SCS instead.
ECOS solver failed:  The solver ECOS is not installed. 
Using SCS instead.
ECOS solver failed:  The solver ECOS is not installed. 
Using SCS instead.
ECOS solver failed:  The solver ECOS is not installed. 
Using SCS instead.
ECOS solver failed:  The solver ECOS is not installed. 
Using SCS instead.
ECOS solver failed:  The solver ECOS is not installed. 
Using SCS instead.
ECOS solver failed:  The solver ECOS is not installed. 
Using SCS instead.
ECOS solver failed:  The solver ECOS is not installed. 
Using SCS instead.
ECOS solver failed:  The solver ECOS is not installed. 
Using SCS instead.
ECOS solver failed:  The solver ECOS is not installed. 
Using SCS instead.
ECOS solver failed:  The solver ECOS is not installed. 
Using SCS instead.
ECOS solver failed:  The solver ECOS is not installed. 
Using SCS instead.
ECOS solver failed:  The solver ECOS is not installed. 
Using SCS instead.
ECOS solver failed:  The solver ECOS is not installed. 
Using SCS instead.
ECOS solver failed:  The solver ECOS is not installed. 
Using SCS instead.
ECOS solver failed:  The solver ECOS is not installed. 
Using SCS instead.
ECOS solver failed:  The solver ECOS is not installed. 
Using SCS instead.
ECOS solver failed:  The solver ECOS is not installed. 
Using SCS instead.
ECOS solver failed:  The solver ECOS is not installed. 
Using SCS instead.
M-step Design Matrix Calculation time (sec): 0.1020
ECOS solver failed in IPCW_HAL_init, falling back to SCS: The solver ECOS is not installed.
WARNING - large complementary slackness residual: 0.016140
M-step CVXPY optimize time (sec): 2.5551
ECOS solver failed:  The solver ECOS is not installed. 
Using SCS instead.
ECOS solver failed:  The solver ECOS is not installed. 
Using SCS instead.
ECOS solver failed:  The solver ECOS is not installed. 
Using SCS instead.
ECOS solver failed:  The solver ECOS is not installed. 
Using SCS instead.
ECOS solver failed:  The solver ECOS is not installed. 
Using SCS instead.
ECOS solver failed:  The solver ECOS is not installed. 
Using SCS instead.
ECOS solver failed:  The solver ECOS is not installed. 
Using SCS instead.
ECOS solver failed:  The solver ECOS is not installed. 
Using SCS instead.
ECOS solver failed:  The solver ECOS is not installed. 
Using SCS instead.
ECOS solver failed:  The solver ECOS is not installed. 
Using SCS instead.
ECOS solver failed:  The solver ECOS is not installed. 
Using SCS instead.
ECOS solver failed:  The solver ECOS is not installed. 
Using SCS instead.
ECOS solver failed:  The solver ECOS is not installed. 
Using SCS instead.
ECOS solver failed:  The solver ECOS is not installed. 
Using SCS instead.
ECOS solver failed:  The solver ECOS is not installed. 
Using SCS instead.
ECOS solver failed:  The solver ECOS is not installed. 
Using SCS instead.
ECOS solver failed:  The solver ECOS is not installed. 
Using SCS instead.
ECOS solver failed:  The solver ECOS is not installed. 
Using SCS instead.
ECOS solver failed:  The solver ECOS is not installed. 
Using SCS instead.
ECOS solver failed:  The solver ECOS is not installed. 
Using SCS instead.
ECOS solver failed:  The solver ECOS is not installed. 
Using SCS instead.
M-step Design Matrix Calculation time (sec): 0.0199
ECOS solver failed in IPCW_HAL_init, falling back to SCS: The solver ECOS is not installed.
M-step CVXPY optimize time (sec): 0.9058
ECOS solver failed:  The solver ECOS is not installed. 
Using SCS instead.
ECOS solver failed:  The solver ECOS is not installed. 
Using SCS instead.
ECOS solver failed:  The solver ECOS is not installed. 
Using SCS instead.
ECOS solver failed:  The solver ECOS is not installed. 
Using SCS instead.
ECOS solver failed:  The solver ECOS is not installed. 
Using SCS instead.
ECOS solver failed:  The solver ECOS is not installed. 
Using SCS instead.
ECOS solver failed:  The solver ECOS is not installed. 
Using SCS instead.
ECOS solver failed:  The solver ECOS is not installed. 
Using SCS instead.
ECOS solver failed:  The solver ECOS is not installed. 
Using SCS instead.
ECOS solver failed:  The solver ECOS is not installed. 
Using SCS instead.
ECOS solver failed:  The solver ECOS is not installed. 
Using SCS instead.
ECOS solver failed:  The solver ECOS is not installed. 
Using SCS instead.
ECOS solver failed:  The solver ECOS is not installed. 
Using SCS instead.
ECOS solver failed:  The solver ECOS is not installed. 
Using SCS instead.
ECOS solver failed:  The solver ECOS is not installed. 
Using SCS instead.
ECOS solver failed:  The solver ECOS is not installed. 
Using SCS instead.
ECOS solver failed:  The solver ECOS is not installed. 
Using SCS instead.
ECOS solver failed:  The solver ECOS is not installed. 
Using SCS instead.
ECOS solver failed:  The solver ECOS is not installed. 
Using SCS instead.
ECOS solver failed:  The solver ECOS is not installed. 
Using SCS instead.
ECOS solver failed:  The solver ECOS is not installed. 
Using SCS instead.
M-step Design Matrix Calculation time (sec): 0.0325
ECOS solver failed in IPCW_HAL_init, falling back to SCS: The solver ECOS is not installed.
WARNING - large complementary slackness residual: 0.025964
M-step CVXPY optimize time (sec): 4.9385
ECOS solver failed:  The solver ECOS is not installed. 
Using SCS instead.
ECOS solver failed:  The solver ECOS is not installed. 
Using SCS instead.
ECOS solver failed:  The solver ECOS is not installed. 
Using SCS instead.
ECOS solver failed:  The solver ECOS is not installed. 
Using SCS instead.
ECOS solver failed:  The solver ECOS is not installed. 
Using SCS instead.
ECOS solver failed:  The solver ECOS is not installed. 
Using SCS instead.
ECOS solver failed:  The solver ECOS is not installed. 
Using SCS instead.
ECOS solver failed:  The solver ECOS is not installed. 
Using SCS instead.
ECOS solver failed:  The solver ECOS is not installed. 
Using SCS instead.
ECOS solver failed:  The solver ECOS is not installed. 
Using SCS instead.
ECOS solver failed:  The solver ECOS is not installed. 
Using SCS instead.
ECOS solver failed:  The solver ECOS is not installed. 
Using SCS instead.
ECOS solver failed:  The solver ECOS is not installed. 
Using SCS instead.
ECOS solver failed:  The solver ECOS is not installed. 
Using SCS instead.
ECOS solver failed:  The solver ECOS is not installed. 
Using SCS instead.
ECOS solver failed:  The solver ECOS is not installed. 
Using SCS instead.
ECOS solver failed:  The solver ECOS is not installed. 
Using SCS instead.
ECOS solver failed:  The solver ECOS is not installed. 
Using SCS instead.
ECOS solver failed:  The solver ECOS is not installed. 
Using SCS instead.
ECOS solver failed:  The solver ECOS is not installed. 
Using SCS instead.
ECOS solver failed:  The solver ECOS is not installed. 
Using SCS instead.
M-step Design Matrix Calculation time (sec): 0.0552
ECOS solver failed in IPCW_HAL_init, falling back to SCS: The solver ECOS is not installed.
M-step CVXPY optimize time (sec): 1.5497
ECOS solver failed:  The solver ECOS is not installed. 
Using SCS instead.
ECOS solver failed:  The solver ECOS is not installed. 
Using SCS instead.
ECOS solver failed:  The solver ECOS is not installed. 
Using SCS instead.
ECOS solver failed:  The solver ECOS is not installed. 
Using SCS instead.
ECOS solver failed:  The solver ECOS is not installed. 
Using SCS instead.
ECOS solver failed:  The solver ECOS is not installed. 
Using SCS instead.
ECOS solver failed:  The solver ECOS is not installed. 
Using SCS instead.
ECOS solver failed:  The solver ECOS is not installed. 
Using SCS instead.
ECOS solver failed:  The solver ECOS is not installed. 
Using SCS instead.
ECOS solver failed:  The solver ECOS is not installed. 
Using SCS instead.
ECOS solver failed:  The solver ECOS is not installed. 
Using SCS instead.
ECOS solver failed:  The solver ECOS is not installed. 
Using SCS instead.
ECOS solver failed:  The solver ECOS is not installed. 
Using SCS instead.
ECOS solver failed:  The solver ECOS is not installed. 
Using SCS instead.
ECOS solver failed:  The solver ECOS is not installed. 
Using SCS instead.
ECOS solver failed:  The solver ECOS is not installed. 
Using SCS instead.
ECOS solver failed:  The solver ECOS is not installed. 
Using SCS instead.
ECOS solver failed:  The solver ECOS is not installed. 
Using SCS instead.
ECOS solver failed:  The solver ECOS is not installed. 
Using SCS instead.
ECOS solver failed:  The solver ECOS is not installed. 
Using SCS instead.
ECOS solver failed:  The solver ECOS is not installed. 
Using SCS instead.
M-step Design Matrix Calculation time (sec): 0.0350
ECOS solver failed in IPCW_HAL_init, falling back to SCS: The solver ECOS is not installed.
M-step CVXPY optimize time (sec): 2.2727
ECOS solver failed:  The solver ECOS is not installed. 
Using SCS instead.
ECOS solver failed:  The solver ECOS is not installed. 
Using SCS instead.
ECOS solver failed:  The solver ECOS is not installed. 
Using SCS instead.
ECOS solver failed:  The solver ECOS is not installed. 
Using SCS instead.
ECOS solver failed:  The solver ECOS is not installed. 
Using SCS instead.
ECOS solver failed:  The solver ECOS is not installed. 
Using SCS instead.
ECOS solver failed:  The solver ECOS is not installed. 
Using SCS instead.
ECOS solver failed:  The solver ECOS is not installed. 
Using SCS instead.
ECOS solver failed:  The solver ECOS is not installed. 
Using SCS instead.
ECOS solver failed:  The solver ECOS is not installed. 
Using SCS instead.
ECOS solver failed:  The solver ECOS is not installed. 
Using SCS instead.
ECOS solver failed:  The solver ECOS is not installed. 
Using SCS instead.
ECOS solver failed:  The solver ECOS is not installed. 
Using SCS instead.
ECOS solver failed:  The solver ECOS is not installed. 
Using SCS instead.
ECOS solver failed:  The solver ECOS is not installed. 
Using SCS instead.
ECOS solver failed:  The solver ECOS is not installed. 
Using SCS instead.
ECOS solver failed:  The solver ECOS is not installed. 
Using SCS instead.
ECOS solver failed:  The solver ECOS is not installed. 
Using SCS instead.
ECOS solver failed:  The solver ECOS is not installed. 
Using SCS instead.
ECOS solver failed:  The solver ECOS is not installed. 
Using SCS instead.
ECOS solver failed:  The solver ECOS is not installed. 
Using SCS instead.
M-step Design Matrix Calculation time (sec): 0.0466
ECOS solver failed in IPCW_HAL_init, falling back to SCS: The solver ECOS is not installed.
WARNING - large complementary slackness residual: 0.004145
M-step CVXPY optimize time (sec): 2.1667
ECOS solver failed:  The solver ECOS is not installed. 
Using SCS instead.
ECOS solver failed:  The solver ECOS is not installed. 
Using SCS instead.
ECOS solver failed:  The solver ECOS is not installed. 
Using SCS instead.
ECOS solver failed:  The solver ECOS is not installed. 
Using SCS instead.
ECOS solver failed:  The solver ECOS is not installed. 
Using SCS instead.
ECOS solver failed:  The solver ECOS is not installed. 
Using SCS instead.
ECOS solver failed:  The solver ECOS is not installed. 
Using SCS instead.
ECOS solver failed:  The solver ECOS is not installed. 
Using SCS instead.
ECOS solver failed:  The solver ECOS is not installed. 
Using SCS instead.
ECOS solver failed:  The solver ECOS is not installed. 
Using SCS instead.
ECOS solver failed:  The solver ECOS is not installed. 
Using SCS instead.
ECOS solver failed:  The solver ECOS is not installed. 
Using SCS instead.
ECOS solver failed:  The solver ECOS is not installed. 
Using SCS instead.
ECOS solver failed:  The solver ECOS is not installed. 
Using SCS instead.
ECOS solver failed:  The solver ECOS is not installed. 
Using SCS instead.
ECOS solver failed:  The solver ECOS is not installed. 
Using SCS instead.
ECOS solver failed:  The solver ECOS is not installed. 
Using SCS instead.
ECOS solver failed:  The solver ECOS is not installed. 
Using SCS instead.
ECOS solver failed:  The solver ECOS is not installed. 
Using SCS instead.
ECOS solver failed:  The solver ECOS is not installed. 
Using SCS instead.
ECOS solver failed:  The solver ECOS is not installed. 
Using SCS instead.
M-step Design Matrix Calculation time (sec): 0.0366
ECOS solver failed in IPCW_HAL_init, falling back to SCS: The solver ECOS is not installed.
WARNING - large complementary slackness residual: 0.008312
M-step CVXPY optimize time (sec): 1.9028
ECOS solver failed:  The solver ECOS is not installed. 
Using SCS instead.
ECOS solver failed:  The solver ECOS is not installed. 
Using SCS instead.
ECOS solver failed:  The solver ECOS is not installed. 
Using SCS instead.
ECOS solver failed:  The solver ECOS is not installed. 
Using SCS instead.
ECOS solver failed:  The solver ECOS is not installed. 
Using SCS instead.
ECOS solver failed:  The solver ECOS is not installed. 
Using SCS instead.
ECOS solver failed:  The solver ECOS is not installed. 
Using SCS instead.
ECOS solver failed:  The solver ECOS is not installed. 
Using SCS instead.
ECOS solver failed:  The solver ECOS is not installed. 
Using SCS instead.
ECOS solver failed:  The solver ECOS is not installed. 
Using SCS instead.
ECOS solver failed:  The solver ECOS is not installed. 
Using SCS instead.
ECOS solver failed:  The solver ECOS is not installed. 
Using SCS instead.
ECOS solver failed:  The solver ECOS is not installed. 
Using SCS instead.
ECOS solver failed:  The solver ECOS is not installed. 
Using SCS instead.
ECOS solver failed:  The solver ECOS is not installed. 
Using SCS instead.
ECOS solver failed:  The solver ECOS is not installed. 
Using SCS instead.
ECOS solver failed:  The solver ECOS is not installed. 
Using SCS instead.
ECOS solver failed:  The solver ECOS is not installed. 
Using SCS instead.
ECOS solver failed:  The solver ECOS is not installed. 
Using SCS instead.
ECOS solver failed:  The solver ECOS is not installed. 
Using SCS instead.
ECOS solver failed:  The solver ECOS is not installed. 
Using SCS instead.
M-step Design Matrix Calculation time (sec): 0.0199
ECOS solver failed in IPCW_HAL_init, falling back to SCS: The solver ECOS is not installed.
M-step CVXPY optimize time (sec): 0.4627
ECOS solver failed:  The solver ECOS is not installed. 
Using SCS instead.
ECOS solver failed:  The solver ECOS is not installed. 
Using SCS instead.
ECOS solver failed:  The solver ECOS is not installed. 
Using SCS instead.
ECOS solver failed:  The solver ECOS is not installed. 
Using SCS instead.
ECOS solver failed:  The solver ECOS is not installed. 
Using SCS instead.
ECOS solver failed:  The solver ECOS is not installed. 
Using SCS instead.
ECOS solver failed:  The solver ECOS is not installed. 
Using SCS instead.
ECOS solver failed:  The solver ECOS is not installed. 
Using SCS instead.
ECOS solver failed:  The solver ECOS is not installed. 
Using SCS instead.
ECOS solver failed:  The solver ECOS is not installed. 
Using SCS instead.
ECOS solver failed:  The solver ECOS is not installed. 
Using SCS instead.
ECOS solver failed:  The solver ECOS is not installed. 
Using SCS instead.
ECOS solver failed:  The solver ECOS is not installed. 
Using SCS instead.
ECOS solver failed:  The solver ECOS is not installed. 
Using SCS instead.
ECOS solver failed:  The solver ECOS is not installed. 
Using SCS instead.
ECOS solver failed:  The solver ECOS is not installed. 
Using SCS instead.
ECOS solver failed:  The solver ECOS is not installed. 
Using SCS instead.
ECOS solver failed:  The solver ECOS is not installed. 
Using SCS instead.
ECOS solver failed:  The solver ECOS is not installed. 
Using SCS instead.
ECOS solver failed:  The solver ECOS is not installed. 
Using SCS instead.
ECOS solver failed:  The solver ECOS is not installed. 
Using SCS instead.
M-step Design Matrix Calculation time (sec): 0.0311
ECOS solver failed in IPCW_HAL_init, falling back to SCS: The solver ECOS is not installed.
WARNING - large complementary slackness residual: 0.024238
M-step CVXPY optimize time (sec): 1.9425
ECOS solver failed:  The solver ECOS is not installed. 
Using SCS instead.
ECOS solver failed:  The solver ECOS is not installed. 
Using SCS instead.
ECOS solver failed:  The solver ECOS is not installed. 
Using SCS instead.
ECOS solver failed:  The solver ECOS is not installed. 
Using SCS instead.
ECOS solver failed:  The solver ECOS is not installed. 
Using SCS instead.
ECOS solver failed:  The solver ECOS is not installed. 
Using SCS instead.
ECOS solver failed:  The solver ECOS is not installed. 
Using SCS instead.
ECOS solver failed:  The solver ECOS is not installed. 
Using SCS instead.
ECOS solver failed:  The solver ECOS is not installed. 
Using SCS instead.
ECOS solver failed:  The solver ECOS is not installed. 
Using SCS instead.
ECOS solver failed:  The solver ECOS is not installed. 
Using SCS instead.
ECOS solver failed:  The solver ECOS is not installed. 
Using SCS instead.
ECOS solver failed:  The solver ECOS is not installed. 
Using SCS instead.
ECOS solver failed:  The solver ECOS is not installed. 
Using SCS instead.
ECOS solver failed:  The solver ECOS is not installed. 
Using SCS instead.
ECOS solver failed:  The solver ECOS is not installed. 
Using SCS instead.
ECOS solver failed:  The solver ECOS is not installed. 
Using SCS instead.
ECOS solver failed:  The solver ECOS is not installed. 
Using SCS instead.
ECOS solver failed:  The solver ECOS is not installed. 
Using SCS instead.
ECOS solver failed:  The solver ECOS is not installed. 
Using SCS instead.
ECOS solver failed:  The solver ECOS is not installed. 
Using SCS instead.
M-step Design Matrix Calculation time (sec): 0.0367
ECOS solver failed in IPCW_HAL_init, falling back to SCS: The solver ECOS is not installed.
WARNING - large complementary slackness residual: 0.023499
M-step CVXPY optimize time (sec): 1.6269
ECOS solver failed:  The solver ECOS is not installed. 
Using SCS instead.
ECOS solver failed:  The solver ECOS is not installed. 
Using SCS instead.
ECOS solver failed:  The solver ECOS is not installed. 
Using SCS instead.
ECOS solver failed:  The solver ECOS is not installed. 
Using SCS instead.
ECOS solver failed:  The solver ECOS is not installed. 
Using SCS instead.
ECOS solver failed:  The solver ECOS is not installed. 
Using SCS instead.
ECOS solver failed:  The solver ECOS is not installed. 
Using SCS instead.
ECOS solver failed:  The solver ECOS is not installed. 
Using SCS instead.
ECOS solver failed:  The solver ECOS is not installed. 
Using SCS instead.
ECOS solver failed:  The solver ECOS is not installed. 
Using SCS instead.
ECOS solver failed:  The solver ECOS is not installed. 
Using SCS instead.
ECOS solver failed:  The solver ECOS is not installed. 
Using SCS instead.
ECOS solver failed:  The solver ECOS is not installed. 
Using SCS instead.
ECOS solver failed:  The solver ECOS is not installed. 
Using SCS instead.
ECOS solver failed:  The solver ECOS is not installed. 
Using SCS instead.
ECOS solver failed:  The solver ECOS is not installed. 
Using SCS instead.
ECOS solver failed:  The solver ECOS is not installed. 
Using SCS instead.
ECOS solver failed:  The solver ECOS is not installed. 
Using SCS instead.
ECOS solver failed:  The solver ECOS is not installed. 
Using SCS instead.
ECOS solver failed:  The solver ECOS is not installed. 
Using SCS instead.
ECOS solver failed:  The solver ECOS is not installed. 
Using SCS instead.
M-step Design Matrix Calculation time (sec): 0.0182
ECOS solver failed in IPCW_HAL_init, falling back to SCS: The solver ECOS is not installed.
WARNING - large complementary slackness residual: 0.008146
M-step CVXPY optimize time (sec): 2.0768
ECOS solver failed:  The solver ECOS is not installed. 
Using SCS instead.
ECOS solver failed:  The solver ECOS is not installed. 
Using SCS instead.
ECOS solver failed:  The solver ECOS is not installed. 
Using SCS instead.
ECOS solver failed:  The solver ECOS is not installed. 
Using SCS instead.
ECOS solver failed:  The solver ECOS is not installed. 
Using SCS instead.
ECOS solver failed:  The solver ECOS is not installed. 
Using SCS instead.
ECOS solver failed:  The solver ECOS is not installed. 
Using SCS instead.
ECOS solver failed:  The solver ECOS is not installed. 
Using SCS instead.
ECOS solver failed:  The solver ECOS is not installed. 
Using SCS instead.
ECOS solver failed:  The solver ECOS is not installed. 
Using SCS instead.
ECOS solver failed:  The solver ECOS is not installed. 
Using SCS instead.
ECOS solver failed:  The solver ECOS is not installed. 
Using SCS instead.
ECOS solver failed:  The solver ECOS is not installed. 
Using SCS instead.
ECOS solver failed:  The solver ECOS is not installed. 
Using SCS instead.
ECOS solver failed:  The solver ECOS is not installed. 
Using SCS instead.
ECOS solver failed:  The solver ECOS is not installed. 
Using SCS instead.
ECOS solver failed:  The solver ECOS is not installed. 
Using SCS instead.
ECOS solver failed:  The solver ECOS is not installed. 
Using SCS instead.
ECOS solver failed:  The solver ECOS is not installed. 
Using SCS instead.
ECOS solver failed:  The solver ECOS is not installed. 
Using SCS instead.
ECOS solver failed:  The solver ECOS is not installed. 
Using SCS instead.
M-step Design Matrix Calculation time (sec): 0.0624
ECOS solver failed in IPCW_HAL_init, falling back to SCS: The solver ECOS is not installed.
WARNING - large complementary slackness residual: 0.013583
M-step CVXPY optimize time (sec): 5.1676
ECOS solver failed:  The solver ECOS is not installed. 
Using SCS instead.
ECOS solver failed:  The solver ECOS is not installed. 
Using SCS instead.
ECOS solver failed:  The solver ECOS is not installed. 
Using SCS instead.
ECOS solver failed:  The solver ECOS is not installed. 
Using SCS instead.
ECOS solver failed:  The solver ECOS is not installed. 
Using SCS instead.
ECOS solver failed:  The solver ECOS is not installed. 
Using SCS instead.
ECOS solver failed:  The solver ECOS is not installed. 
Using SCS instead.
ECOS solver failed:  The solver ECOS is not installed. 
Using SCS instead.
ECOS solver failed:  The solver ECOS is not installed. 
Using SCS instead.
ECOS solver failed:  The solver ECOS is not installed. 
Using SCS instead.
ECOS solver failed:  The solver ECOS is not installed. 
Using SCS instead.
ECOS solver failed:  The solver ECOS is not installed. 
Using SCS instead.
ECOS solver failed:  The solver ECOS is not installed. 
Using SCS instead.
ECOS solver failed:  The solver ECOS is not installed. 
Using SCS instead.
ECOS solver failed:  The solver ECOS is not installed. 
Using SCS instead.
ECOS solver failed:  The solver ECOS is not installed. 
Using SCS instead.
ECOS solver failed:  The solver ECOS is not installed. 
Using SCS instead.
ECOS solver failed:  The solver ECOS is not installed. 
Using SCS instead.
ECOS solver failed:  The solver ECOS is not installed. 
Using SCS instead.
ECOS solver failed:  The solver ECOS is not installed. 
Using SCS instead.
ECOS solver failed:  The solver ECOS is not installed. 
Using SCS instead.
M-step Design Matrix Calculation time (sec): 0.0195
ECOS solver failed in IPCW_HAL_init, falling back to SCS: The solver ECOS is not installed.
WARNING - large complementary slackness residual: 0.006769
M-step CVXPY optimize time (sec): 2.1010
ECOS solver failed:  The solver ECOS is not installed. 
Using SCS instead.
ECOS solver failed:  The solver ECOS is not installed. 
Using SCS instead.
ECOS solver failed:  The solver ECOS is not installed. 
Using SCS instead.
ECOS solver failed:  The solver ECOS is not installed. 
Using SCS instead.
ECOS solver failed:  The solver ECOS is not installed. 
Using SCS instead.
ECOS solver failed:  The solver ECOS is not installed. 
Using SCS instead.
ECOS solver failed:  The solver ECOS is not installed. 
Using SCS instead.
ECOS solver failed:  The solver ECOS is not installed. 
Using SCS instead.
ECOS solver failed:  The solver ECOS is not installed. 
Using SCS instead.
ECOS solver failed:  The solver ECOS is not installed. 
Using SCS instead.
ECOS solver failed:  The solver ECOS is not installed. 
Using SCS instead.
ECOS solver failed:  The solver ECOS is not installed. 
Using SCS instead.
ECOS solver failed:  The solver ECOS is not installed. 
Using SCS instead.
ECOS solver failed:  The solver ECOS is not installed. 
Using SCS instead.
ECOS solver failed:  The solver ECOS is not installed. 
Using SCS instead.
ECOS solver failed:  The solver ECOS is not installed. 
Using SCS instead.
ECOS solver failed:  The solver ECOS is not installed. 
Using SCS instead.
ECOS solver failed:  The solver ECOS is not installed. 
Using SCS instead.
ECOS solver failed:  The solver ECOS is not installed. 
Using SCS instead.
ECOS solver failed:  The solver ECOS is not installed. 
Using SCS instead.
ECOS solver failed:  The solver ECOS is not installed. 
Using SCS instead.
M-step Design Matrix Calculation time (sec): 0.0254
ECOS solver failed in IPCW_HAL_init, falling back to SCS: The solver ECOS is not installed.
M-step CVXPY optimize time (sec): 1.1626
ECOS solver failed:  The solver ECOS is not installed. 
Using SCS instead.
ECOS solver failed:  The solver ECOS is not installed. 
Using SCS instead.
ECOS solver failed:  The solver ECOS is not installed. 
Using SCS instead.
ECOS solver failed:  The solver ECOS is not installed. 
Using SCS instead.
ECOS solver failed:  The solver ECOS is not installed. 
Using SCS instead.
ECOS solver failed:  The solver ECOS is not installed. 
Using SCS instead.
ECOS solver failed:  The solver ECOS is not installed. 
Using SCS instead.
ECOS solver failed:  The solver ECOS is not installed. 
Using SCS instead.
ECOS solver failed:  The solver ECOS is not installed. 
Using SCS instead.
ECOS solver failed:  The solver ECOS is not installed. 
Using SCS instead.
ECOS solver failed:  The solver ECOS is not installed. 
Using SCS instead.
ECOS solver failed:  The solver ECOS is not installed. 
Using SCS instead.
ECOS solver failed:  The solver ECOS is not installed. 
Using SCS instead.
ECOS solver failed:  The solver ECOS is not installed. 
Using SCS instead.
ECOS solver failed:  The solver ECOS is not installed. 
Using SCS instead.
ECOS solver failed:  The solver ECOS is not installed. 
Using SCS instead.
ECOS solver failed:  The solver ECOS is not installed. 
Using SCS instead.
ECOS solver failed:  The solver ECOS is not installed. 
Using SCS instead.
ECOS solver failed:  The solver ECOS is not installed. 
Using SCS instead.
ECOS solver failed:  The solver ECOS is not installed. 
Using SCS instead.
ECOS solver failed:  The solver ECOS is not installed. 
Using SCS instead.
M-step Design Matrix Calculation time (sec): 0.0216
ECOS solver failed in IPCW_HAL_init, falling back to SCS: The solver ECOS is not installed.
M-step CVXPY optimize time (sec): 1.2963
ECOS solver failed:  The solver ECOS is not installed. 
Using SCS instead.
ECOS solver failed:  The solver ECOS is not installed. 
Using SCS instead.
ECOS solver failed:  The solver ECOS is not installed. 
Using SCS instead.
ECOS solver failed:  The solver ECOS is not installed. 
Using SCS instead.
ECOS solver failed:  The solver ECOS is not installed. 
Using SCS instead.
ECOS solver failed:  The solver ECOS is not installed. 
Using SCS instead.
ECOS solver failed:  The solver ECOS is not installed. 
Using SCS instead.
ECOS solver failed:  The solver ECOS is not installed. 
Using SCS instead.
ECOS solver failed:  The solver ECOS is not installed. 
Using SCS instead.
ECOS solver failed:  The solver ECOS is not installed. 
Using SCS instead.
ECOS solver failed:  The solver ECOS is not installed. 
Using SCS instead.
ECOS solver failed:  The solver ECOS is not installed. 
Using SCS instead.
ECOS solver failed:  The solver ECOS is not installed. 
Using SCS instead.
ECOS solver failed:  The solver ECOS is not installed. 
Using SCS instead.
ECOS solver failed:  The solver ECOS is not installed. 
Using SCS instead.
ECOS solver failed:  The solver ECOS is not installed. 
Using SCS instead.
ECOS solver failed:  The solver ECOS is not installed. 
Using SCS instead.
ECOS solver failed:  The solver ECOS is not installed. 
Using SCS instead.
ECOS solver failed:  The solver ECOS is not installed. 
Using SCS instead.
ECOS solver failed:  The solver ECOS is not installed. 
Using SCS instead.
ECOS solver failed:  The solver ECOS is not installed. 
Using SCS instead.
M-step Design Matrix Calculation time (sec): 0.0189
ECOS solver failed in IPCW_HAL_init, falling back to SCS: The solver ECOS is not installed.
WARNING - large complementary slackness residual: 0.017264
M-step CVXPY optimize time (sec): 2.0218
ECOS solver failed:  The solver ECOS is not installed. 
Using SCS instead.
ECOS solver failed:  The solver ECOS is not installed. 
Using SCS instead.
ECOS solver failed:  The solver ECOS is not installed. 
Using SCS instead.
ECOS solver failed:  The solver ECOS is not installed. 
Using SCS instead.
ECOS solver failed:  The solver ECOS is not installed. 
Using SCS instead.
ECOS solver failed:  The solver ECOS is not installed. 
Using SCS instead.
ECOS solver failed:  The solver ECOS is not installed. 
Using SCS instead.
ECOS solver failed:  The solver ECOS is not installed. 
Using SCS instead.
ECOS solver failed:  The solver ECOS is not installed. 
Using SCS instead.
ECOS solver failed:  The solver ECOS is not installed. 
Using SCS instead.
ECOS solver failed:  The solver ECOS is not installed. 
Using SCS instead.
ECOS solver failed:  The solver ECOS is not installed. 
Using SCS instead.
ECOS solver failed:  The solver ECOS is not installed. 
Using SCS instead.
ECOS solver failed:  The solver ECOS is not installed. 
Using SCS instead.
ECOS solver failed:  The solver ECOS is not installed. 
Using SCS instead.
ECOS solver failed:  The solver ECOS is not installed. 
Using SCS instead.
ECOS solver failed:  The solver ECOS is not installed. 
Using SCS instead.
ECOS solver failed:  The solver ECOS is not installed. 
Using SCS instead.
ECOS solver failed:  The solver ECOS is not installed. 
Using SCS instead.
ECOS solver failed:  The solver ECOS is not installed. 
Using SCS instead.
ECOS solver failed:  The solver ECOS is not installed. 
Using SCS instead.
M-step Design Matrix Calculation time (sec): 0.0209
ECOS solver failed in IPCW_HAL_init, falling back to SCS: The solver ECOS is not installed.
M-step CVXPY optimize time (sec): 0.9996
ECOS solver failed:  The solver ECOS is not installed. 
Using SCS instead.
ECOS solver failed:  The solver ECOS is not installed. 
Using SCS instead.
ECOS solver failed:  The solver ECOS is not installed. 
Using SCS instead.
ECOS solver failed:  The solver ECOS is not installed. 
Using SCS instead.
ECOS solver failed:  The solver ECOS is not installed. 
Using SCS instead.
ECOS solver failed:  The solver ECOS is not installed. 
Using SCS instead.
ECOS solver failed:  The solver ECOS is not installed. 
Using SCS instead.
ECOS solver failed:  The solver ECOS is not installed. 
Using SCS instead.
ECOS solver failed:  The solver ECOS is not installed. 
Using SCS instead.
ECOS solver failed:  The solver ECOS is not installed. 
Using SCS instead.
ECOS solver failed:  The solver ECOS is not installed. 
Using SCS instead.
ECOS solver failed:  The solver ECOS is not installed. 
Using SCS instead.
ECOS solver failed:  The solver ECOS is not installed. 
Using SCS instead.
ECOS solver failed:  The solver ECOS is not installed. 
Using SCS instead.
ECOS solver failed:  The solver ECOS is not installed. 
Using SCS instead.
ECOS solver failed:  The solver ECOS is not installed. 
Using SCS instead.
ECOS solver failed:  The solver ECOS is not installed. 
Using SCS instead.
ECOS solver failed:  The solver ECOS is not installed. 
Using SCS instead.
ECOS solver failed:  The solver ECOS is not installed. 
Using SCS instead.
ECOS solver failed:  The solver ECOS is not installed. 
Using SCS instead.
ECOS solver failed:  The solver ECOS is not installed. 
Using SCS instead.
M-step Design Matrix Calculation time (sec): 0.0421
ECOS solver failed in IPCW_HAL_init, falling back to SCS: The solver ECOS is not installed.
WARNING - large complementary slackness residual: 0.016387
M-step CVXPY optimize time (sec): 3.2066
ECOS solver failed:  The solver ECOS is not installed. 
Using SCS instead.
ECOS solver failed:  The solver ECOS is not installed. 
Using SCS instead.
ECOS solver failed:  The solver ECOS is not installed. 
Using SCS instead.
ECOS solver failed:  The solver ECOS is not installed. 
Using SCS instead.
ECOS solver failed:  The solver ECOS is not installed. 
Using SCS instead.
ECOS solver failed:  The solver ECOS is not installed. 
Using SCS instead.
ECOS solver failed:  The solver ECOS is not installed. 
Using SCS instead.
ECOS solver failed:  The solver ECOS is not installed. 
Using SCS instead.
ECOS solver failed:  The solver ECOS is not installed. 
Using SCS instead.
ECOS solver failed:  The solver ECOS is not installed. 
Using SCS instead.
ECOS solver failed:  The solver ECOS is not installed. 
Using SCS instead.
ECOS solver failed:  The solver ECOS is not installed. 
Using SCS instead.
ECOS solver failed:  The solver ECOS is not installed. 
Using SCS instead.
ECOS solver failed:  The solver ECOS is not installed. 
Using SCS instead.
ECOS solver failed:  The solver ECOS is not installed. 
Using SCS instead.
ECOS solver failed:  The solver ECOS is not installed. 
Using SCS instead.
ECOS solver failed:  The solver ECOS is not installed. 
Using SCS instead.
ECOS solver failed:  The solver ECOS is not installed. 
Using SCS instead.
ECOS solver failed:  The solver ECOS is not installed. 
Using SCS instead.
ECOS solver failed:  The solver ECOS is not installed. 
Using SCS instead.
ECOS solver failed:  The solver ECOS is not installed. 
Using SCS instead.
M-step Design Matrix Calculation time (sec): 0.0180
ECOS solver failed in IPCW_HAL_init, falling back to SCS: The solver ECOS is not installed.
WARNING - large complementary slackness residual: 0.005514
M-step CVXPY optimize time (sec): 1.6877
ECOS solver failed:  The solver ECOS is not installed. 
Using SCS instead.
ECOS solver failed:  The solver ECOS is not installed. 
Using SCS instead.
ECOS solver failed:  The solver ECOS is not installed. 
Using SCS instead.
ECOS solver failed:  The solver ECOS is not installed. 
Using SCS instead.
ECOS solver failed:  The solver ECOS is not installed. 
Using SCS instead.
ECOS solver failed:  The solver ECOS is not installed. 
Using SCS instead.
ECOS solver failed:  The solver ECOS is not installed. 
Using SCS instead.
ECOS solver failed:  The solver ECOS is not installed. 
Using SCS instead.
ECOS solver failed:  The solver ECOS is not installed. 
Using SCS instead.
ECOS solver failed:  The solver ECOS is not installed. 
Using SCS instead.
ECOS solver failed:  The solver ECOS is not installed. 
Using SCS instead.
ECOS solver failed:  The solver ECOS is not installed. 
Using SCS instead.
ECOS solver failed:  The solver ECOS is not installed. 
Using SCS instead.
ECOS solver failed:  The solver ECOS is not installed. 
Using SCS instead.
ECOS solver failed:  The solver ECOS is not installed. 
Using SCS instead.
ECOS solver failed:  The solver ECOS is not installed. 
Using SCS instead.
ECOS solver failed:  The solver ECOS is not installed. 
Using SCS instead.
ECOS solver failed:  The solver ECOS is not installed. 
Using SCS instead.
ECOS solver failed:  The solver ECOS is not installed. 
Using SCS instead.
ECOS solver failed:  The solver ECOS is not installed. 
Using SCS instead.
ECOS solver failed:  The solver ECOS is not installed. 
Using SCS instead.
M-step Design Matrix Calculation time (sec): 0.0147
ECOS solver failed in IPCW_HAL_init, falling back to SCS: The solver ECOS is not installed.
WARNING - large complementary slackness residual: 0.017750
M-step CVXPY optimize time (sec): 0.3825
ECOS solver failed:  The solver ECOS is not installed. 
Using SCS instead.
ECOS solver failed:  The solver ECOS is not installed. 
Using SCS instead.
ECOS solver failed:  The solver ECOS is not installed. 
Using SCS instead.
ECOS solver failed:  The solver ECOS is not installed. 
Using SCS instead.
ECOS solver failed:  The solver ECOS is not installed. 
Using SCS instead.
ECOS solver failed:  The solver ECOS is not installed. 
Using SCS instead.
ECOS solver failed:  The solver ECOS is not installed. 
Using SCS instead.
ECOS solver failed:  The solver ECOS is not installed. 
Using SCS instead.
ECOS solver failed:  The solver ECOS is not installed. 
Using SCS instead.
ECOS solver failed:  The solver ECOS is not installed. 
Using SCS instead.
ECOS solver failed:  The solver ECOS is not installed. 
Using SCS instead.
ECOS solver failed:  The solver ECOS is not installed. 
Using SCS instead.
ECOS solver failed:  The solver ECOS is not installed. 
Using SCS instead.
ECOS solver failed:  The solver ECOS is not installed. 
Using SCS instead.
ECOS solver failed:  The solver ECOS is not installed. 
Using SCS instead.
ECOS solver failed:  The solver ECOS is not installed. 
Using SCS instead.
ECOS solver failed:  The solver ECOS is not installed. 
Using SCS instead.
ECOS solver failed:  The solver ECOS is not installed. 
Using SCS instead.
ECOS solver failed:  The solver ECOS is not installed. 
Using SCS instead.
ECOS solver failed:  The solver ECOS is not installed. 
Using SCS instead.
ECOS solver failed:  The solver ECOS is not installed. 
Using SCS instead.
M-step Design Matrix Calculation time (sec): 0.0538
ECOS solver failed in IPCW_HAL_init, falling back to SCS: The solver ECOS is not installed.
WARNING - large complementary slackness residual: 0.021329
M-step CVXPY optimize time (sec): 3.5621
ECOS solver failed:  The solver ECOS is not installed. 
Using SCS instead.
ECOS solver failed:  The solver ECOS is not installed. 
Using SCS instead.
ECOS solver failed:  The solver ECOS is not installed. 
Using SCS instead.
ECOS solver failed:  The solver ECOS is not installed. 
Using SCS instead.
ECOS solver failed:  The solver ECOS is not installed. 
Using SCS instead.
ECOS solver failed:  The solver ECOS is not installed. 
Using SCS instead.
ECOS solver failed:  The solver ECOS is not installed. 
Using SCS instead.
ECOS solver failed:  The solver ECOS is not installed. 
Using SCS instead.
ECOS solver failed:  The solver ECOS is not installed. 
Using SCS instead.
ECOS solver failed:  The solver ECOS is not installed. 
Using SCS instead.
ECOS solver failed:  The solver ECOS is not installed. 
Using SCS instead.
ECOS solver failed:  The solver ECOS is not installed. 
Using SCS instead.
ECOS solver failed:  The solver ECOS is not installed. 
Using SCS instead.
ECOS solver failed:  The solver ECOS is not installed. 
Using SCS instead.
ECOS solver failed:  The solver ECOS is not installed. 
Using SCS instead.
ECOS solver failed:  The solver ECOS is not installed. 
Using SCS instead.
ECOS solver failed:  The solver ECOS is not installed. 
Using SCS instead.
ECOS solver failed:  The solver ECOS is not installed. 
Using SCS instead.
ECOS solver failed:  The solver ECOS is not installed. 
Using SCS instead.
ECOS solver failed:  The solver ECOS is not installed. 
Using SCS instead.
ECOS solver failed:  The solver ECOS is not installed. 
Using SCS instead.
M-step Design Matrix Calculation time (sec): 0.0308
ECOS solver failed in IPCW_HAL_init, falling back to SCS: The solver ECOS is not installed.
WARNING - large complementary slackness residual: 0.015261
M-step CVXPY optimize time (sec): 2.9587
ECOS solver failed:  The solver ECOS is not installed. 
Using SCS instead.
ECOS solver failed:  The solver ECOS is not installed. 
Using SCS instead.
ECOS solver failed:  The solver ECOS is not installed. 
Using SCS instead.
ECOS solver failed:  The solver ECOS is not installed. 
Using SCS instead.
ECOS solver failed:  The solver ECOS is not installed. 
Using SCS instead.
ECOS solver failed:  The solver ECOS is not installed. 
Using SCS instead.
ECOS solver failed:  The solver ECOS is not installed. 
Using SCS instead.
ECOS solver failed:  The solver ECOS is not installed. 
Using SCS instead.
ECOS solver failed:  The solver ECOS is not installed. 
Using SCS instead.
ECOS solver failed:  The solver ECOS is not installed. 
Using SCS instead.
ECOS solver failed:  The solver ECOS is not installed. 
Using SCS instead.
ECOS solver failed:  The solver ECOS is not installed. 
Using SCS instead.
ECOS solver failed:  The solver ECOS is not installed. 
Using SCS instead.
ECOS solver failed:  The solver ECOS is not installed. 
Using SCS instead.
ECOS solver failed:  The solver ECOS is not installed. 
Using SCS instead.
ECOS solver failed:  The solver ECOS is not installed. 
Using SCS instead.
ECOS solver failed:  The solver ECOS is not installed. 
Using SCS instead.
ECOS solver failed:  The solver ECOS is not installed. 
Using SCS instead.
ECOS solver failed:  The solver ECOS is not installed. 
Using SCS instead.
ECOS solver failed:  The solver ECOS is not installed. 
Using SCS instead.
ECOS solver failed:  The solver ECOS is not installed. 
Using SCS instead.
M-step Design Matrix Calculation time (sec): 0.0173
ECOS solver failed in IPCW_HAL_init, falling back to SCS: The solver ECOS is not installed.
WARNING - large complementary slackness residual: 0.023094
M-step CVXPY optimize time (sec): 0.8628
ECOS solver failed:  The solver ECOS is not installed. 
Using SCS instead.
ECOS solver failed:  The solver ECOS is not installed. 
Using SCS instead.
ECOS solver failed:  The solver ECOS is not installed. 
Using SCS instead.
ECOS solver failed:  The solver ECOS is not installed. 
Using SCS instead.
ECOS solver failed:  The solver ECOS is not installed. 
Using SCS instead.
ECOS solver failed:  The solver ECOS is not installed. 
Using SCS instead.
ECOS solver failed:  The solver ECOS is not installed. 
Using SCS instead.
ECOS solver failed:  The solver ECOS is not installed. 
Using SCS instead.
ECOS solver failed:  The solver ECOS is not installed. 
Using SCS instead.
ECOS solver failed:  The solver ECOS is not installed. 
Using SCS instead.
ECOS solver failed:  The solver ECOS is not installed. 
Using SCS instead.
ECOS solver failed:  The solver ECOS is not installed. 
Using SCS instead.
ECOS solver failed:  The solver ECOS is not installed. 
Using SCS instead.
ECOS solver failed:  The solver ECOS is not installed. 
Using SCS instead.
ECOS solver failed:  The solver ECOS is not installed. 
Using SCS instead.
ECOS solver failed:  The solver ECOS is not installed. 
Using SCS instead.
ECOS solver failed:  The solver ECOS is not installed. 
Using SCS instead.
ECOS solver failed:  The solver ECOS is not installed. 
Using SCS instead.
ECOS solver failed:  The solver ECOS is not installed. 
Using SCS instead.
ECOS solver failed:  The solver ECOS is not installed. 
Using SCS instead.
ECOS solver failed:  The solver ECOS is not installed. 
Using SCS instead.
M-step Design Matrix Calculation time (sec): 0.0209
ECOS solver failed in IPCW_HAL_init, falling back to SCS: The solver ECOS is not installed.
WARNING - large complementary slackness residual: 0.032908
M-step CVXPY optimize time (sec): 0.9879
ECOS solver failed:  The solver ECOS is not installed. 
Using SCS instead.
ECOS solver failed:  The solver ECOS is not installed. 
Using SCS instead.
ECOS solver failed:  The solver ECOS is not installed. 
Using SCS instead.
ECOS solver failed:  The solver ECOS is not installed. 
Using SCS instead.
ECOS solver failed:  The solver ECOS is not installed. 
Using SCS instead.
ECOS solver failed:  The solver ECOS is not installed. 
Using SCS instead.
ECOS solver failed:  The solver ECOS is not installed. 
Using SCS instead.
ECOS solver failed:  The solver ECOS is not installed. 
Using SCS instead.
ECOS solver failed:  The solver ECOS is not installed. 
Using SCS instead.
ECOS solver failed:  The solver ECOS is not installed. 
Using SCS instead.
ECOS solver failed:  The solver ECOS is not installed. 
Using SCS instead.
ECOS solver failed:  The solver ECOS is not installed. 
Using SCS instead.
ECOS solver failed:  The solver ECOS is not installed. 
Using SCS instead.
ECOS solver failed:  The solver ECOS is not installed. 
Using SCS instead.
ECOS solver failed:  The solver ECOS is not installed. 
Using SCS instead.
ECOS solver failed:  The solver ECOS is not installed. 
Using SCS instead.
ECOS solver failed:  The solver ECOS is not installed. 
Using SCS instead.
ECOS solver failed:  The solver ECOS is not installed. 
Using SCS instead.
ECOS solver failed:  The solver ECOS is not installed. 
Using SCS instead.
ECOS solver failed:  The solver ECOS is not installed. 
Using SCS instead.
ECOS solver failed:  The solver ECOS is not installed. 
Using SCS instead.
M-step Design Matrix Calculation time (sec): 0.0859
ECOS solver failed in IPCW_HAL_init, falling back to SCS: The solver ECOS is not installed.
M-step CVXPY optimize time (sec): 1.2613
ECOS solver failed:  The solver ECOS is not installed. 
Using SCS instead.
ECOS solver failed:  The solver ECOS is not installed. 
Using SCS instead.
ECOS solver failed:  The solver ECOS is not installed. 
Using SCS instead.
ECOS solver failed:  The solver ECOS is not installed. 
Using SCS instead.
ECOS solver failed:  The solver ECOS is not installed. 
Using SCS instead.
ECOS solver failed:  The solver ECOS is not installed. 
Using SCS instead.
ECOS solver failed:  The solver ECOS is not installed. 
Using SCS instead.
ECOS solver failed:  The solver ECOS is not installed. 
Using SCS instead.
ECOS solver failed:  The solver ECOS is not installed. 
Using SCS instead.
ECOS solver failed:  The solver ECOS is not installed. 
Using SCS instead.
ECOS solver failed:  The solver ECOS is not installed. 
Using SCS instead.
ECOS solver failed:  The solver ECOS is not installed. 
Using SCS instead.
ECOS solver failed:  The solver ECOS is not installed. 
Using SCS instead.
ECOS solver failed:  The solver ECOS is not installed. 
Using SCS instead.
ECOS solver failed:  The solver ECOS is not installed. 
Using SCS instead.
ECOS solver failed:  The solver ECOS is not installed. 
Using SCS instead.
ECOS solver failed:  The solver ECOS is not installed. 
Using SCS instead.
ECOS solver failed:  The solver ECOS is not installed. 
Using SCS instead.
ECOS solver failed:  The solver ECOS is not installed. 
Using SCS instead.
ECOS solver failed:  The solver ECOS is not installed. 
Using SCS instead.
ECOS solver failed:  The solver ECOS is not installed. 
Using SCS instead.
M-step Design Matrix Calculation time (sec): 0.0747
ECOS solver failed in IPCW_HAL_init, falling back to SCS: The solver ECOS is not installed.
WARNING - large complementary slackness residual: 0.012771
M-step CVXPY optimize time (sec): 4.3453
ECOS solver failed:  The solver ECOS is not installed. 
Using SCS instead.
ECOS solver failed:  The solver ECOS is not installed. 
Using SCS instead.
ECOS solver failed:  The solver ECOS is not installed. 
Using SCS instead.
ECOS solver failed:  The solver ECOS is not installed. 
Using SCS instead.
ECOS solver failed:  The solver ECOS is not installed. 
Using SCS instead.
ECOS solver failed:  The solver ECOS is not installed. 
Using SCS instead.
ECOS solver failed:  The solver ECOS is not installed. 
Using SCS instead.
ECOS solver failed:  The solver ECOS is not installed. 
Using SCS instead.
ECOS solver failed:  The solver ECOS is not installed. 
Using SCS instead.
ECOS solver failed:  The solver ECOS is not installed. 
Using SCS instead.
ECOS solver failed:  The solver ECOS is not installed. 
Using SCS instead.
ECOS solver failed:  The solver ECOS is not installed. 
Using SCS instead.
ECOS solver failed:  The solver ECOS is not installed. 
Using SCS instead.
ECOS solver failed:  The solver ECOS is not installed. 
Using SCS instead.
ECOS solver failed:  The solver ECOS is not installed. 
Using SCS instead.
ECOS solver failed:  The solver ECOS is not installed. 
Using SCS instead.
ECOS solver failed:  The solver ECOS is not installed. 
Using SCS instead.
ECOS solver failed:  The solver ECOS is not installed. 
Using SCS instead.
ECOS solver failed:  The solver ECOS is not installed. 
Using SCS instead.
ECOS solver failed:  The solver ECOS is not installed. 
Using SCS instead.
ECOS solver failed:  The solver ECOS is not installed. 
Using SCS instead.
M-step Design Matrix Calculation time (sec): 0.0187
ECOS solver failed in IPCW_HAL_init, falling back to SCS: The solver ECOS is not installed.
WARNING - large complementary slackness residual: 0.008088
M-step CVXPY optimize time (sec): 3.9247
ECOS solver failed:  The solver ECOS is not installed. 
Using SCS instead.
ECOS solver failed:  The solver ECOS is not installed. 
Using SCS instead.
ECOS solver failed:  The solver ECOS is not installed. 
Using SCS instead.
ECOS solver failed:  The solver ECOS is not installed. 
Using SCS instead.
ECOS solver failed:  The solver ECOS is not installed. 
Using SCS instead.
ECOS solver failed:  The solver ECOS is not installed. 
Using SCS instead.
ECOS solver failed:  The solver ECOS is not installed. 
Using SCS instead.
ECOS solver failed:  The solver ECOS is not installed. 
Using SCS instead.
ECOS solver failed:  The solver ECOS is not installed. 
Using SCS instead.
ECOS solver failed:  The solver ECOS is not installed. 
Using SCS instead.
ECOS solver failed:  The solver ECOS is not installed. 
Using SCS instead.
ECOS solver failed:  The solver ECOS is not installed. 
Using SCS instead.
ECOS solver failed:  The solver ECOS is not installed. 
Using SCS instead.
ECOS solver failed:  The solver ECOS is not installed. 
Using SCS instead.
ECOS solver failed:  The solver ECOS is not installed. 
Using SCS instead.
ECOS solver failed:  The solver ECOS is not installed. 
Using SCS instead.
ECOS solver failed:  The solver ECOS is not installed. 
Using SCS instead.
ECOS solver failed:  The solver ECOS is not installed. 
Using SCS instead.
ECOS solver failed:  The solver ECOS is not installed. 
Using SCS instead.
ECOS solver failed:  The solver ECOS is not installed. 
Using SCS instead.
ECOS solver failed:  The solver ECOS is not installed. 
Using SCS instead.
M-step Design Matrix Calculation time (sec): 0.0201
ECOS solver failed in IPCW_HAL_init, falling back to SCS: The solver ECOS is not installed.
WARNING - large complementary slackness residual: 0.005286
M-step CVXPY optimize time (sec): 2.1219
ECOS solver failed:  The solver ECOS is not installed. 
Using SCS instead.
ECOS solver failed:  The solver ECOS is not installed. 
Using SCS instead.
ECOS solver failed:  The solver ECOS is not installed. 
Using SCS instead.
ECOS solver failed:  The solver ECOS is not installed. 
Using SCS instead.
ECOS solver failed:  The solver ECOS is not installed. 
Using SCS instead.
ECOS solver failed:  The solver ECOS is not installed. 
Using SCS instead.
ECOS solver failed:  The solver ECOS is not installed. 
Using SCS instead.
ECOS solver failed:  The solver ECOS is not installed. 
Using SCS instead.
ECOS solver failed:  The solver ECOS is not installed. 
Using SCS instead.
ECOS solver failed:  The solver ECOS is not installed. 
Using SCS instead.
ECOS solver failed:  The solver ECOS is not installed. 
Using SCS instead.
ECOS solver failed:  The solver ECOS is not installed. 
Using SCS instead.
ECOS solver failed:  The solver ECOS is not installed. 
Using SCS instead.
ECOS solver failed:  The solver ECOS is not installed. 
Using SCS instead.
ECOS solver failed:  The solver ECOS is not installed. 
Using SCS instead.
ECOS solver failed:  The solver ECOS is not installed. 
Using SCS instead.
ECOS solver failed:  The solver ECOS is not installed. 
Using SCS instead.
ECOS solver failed:  The solver ECOS is not installed. 
Using SCS instead.
ECOS solver failed:  The solver ECOS is not installed. 
Using SCS instead.
ECOS solver failed:  The solver ECOS is not installed. 
Using SCS instead.
ECOS solver failed:  The solver ECOS is not installed. 
Using SCS instead.
M-step Design Matrix Calculation time (sec): 0.1297
ECOS solver failed in IPCW_HAL_init, falling back to SCS: The solver ECOS is not installed.
WARNING - large complementary slackness residual: 0.012391
M-step CVXPY optimize time (sec): 3.0011
ECOS solver failed:  The solver ECOS is not installed. 
Using SCS instead.
ECOS solver failed:  The solver ECOS is not installed. 
Using SCS instead.
ECOS solver failed:  The solver ECOS is not installed. 
Using SCS instead.
ECOS solver failed:  The solver ECOS is not installed. 
Using SCS instead.
ECOS solver failed:  The solver ECOS is not installed. 
Using SCS instead.
ECOS solver failed:  The solver ECOS is not installed. 
Using SCS instead.
ECOS solver failed:  The solver ECOS is not installed. 
Using SCS instead.
ECOS solver failed:  The solver ECOS is not installed. 
Using SCS instead.
ECOS solver failed:  The solver ECOS is not installed. 
Using SCS instead.
ECOS solver failed:  The solver ECOS is not installed. 
Using SCS instead.
ECOS solver failed:  The solver ECOS is not installed. 
Using SCS instead.
ECOS solver failed:  The solver ECOS is not installed. 
Using SCS instead.
ECOS solver failed:  The solver ECOS is not installed. 
Using SCS instead.
ECOS solver failed:  The solver ECOS is not installed. 
Using SCS instead.
ECOS solver failed:  The solver ECOS is not installed. 
Using SCS instead.
ECOS solver failed:  The solver ECOS is not installed. 
Using SCS instead.
ECOS solver failed:  The solver ECOS is not installed. 
Using SCS instead.
ECOS solver failed:  The solver ECOS is not installed. 
Using SCS instead.
ECOS solver failed:  The solver ECOS is not installed. 
Using SCS instead.
ECOS solver failed:  The solver ECOS is not installed. 
Using SCS instead.
ECOS solver failed:  The solver ECOS is not installed. 
Using SCS instead.
M-step Design Matrix Calculation time (sec): 0.0212
ECOS solver failed in IPCW_HAL_init, falling back to SCS: The solver ECOS is not installed.
WARNING - large complementary slackness residual: 0.019206
M-step CVXPY optimize time (sec): 2.0378
ECOS solver failed:  The solver ECOS is not installed. 
Using SCS instead.
ECOS solver failed:  The solver ECOS is not installed. 
Using SCS instead.
ECOS solver failed:  The solver ECOS is not installed. 
Using SCS instead.
ECOS solver failed:  The solver ECOS is not installed. 
Using SCS instead.
ECOS solver failed:  The solver ECOS is not installed. 
Using SCS instead.
ECOS solver failed:  The solver ECOS is not installed. 
Using SCS instead.
ECOS solver failed:  The solver ECOS is not installed. 
Using SCS instead.
ECOS solver failed:  The solver ECOS is not installed. 
Using SCS instead.
ECOS solver failed:  The solver ECOS is not installed. 
Using SCS instead.
ECOS solver failed:  The solver ECOS is not installed. 
Using SCS instead.
ECOS solver failed:  The solver ECOS is not installed. 
Using SCS instead.
ECOS solver failed:  The solver ECOS is not installed. 
Using SCS instead.
ECOS solver failed:  The solver ECOS is not installed. 
Using SCS instead.
ECOS solver failed:  The solver ECOS is not installed. 
Using SCS instead.
ECOS solver failed:  The solver ECOS is not installed. 
Using SCS instead.
ECOS solver failed:  The solver ECOS is not installed. 
Using SCS instead.
ECOS solver failed:  The solver ECOS is not installed. 
Using SCS instead.
ECOS solver failed:  The solver ECOS is not installed. 
Using SCS instead.
ECOS solver failed:  The solver ECOS is not installed. 
Using SCS instead.
ECOS solver failed:  The solver ECOS is not installed. 
Using SCS instead.
ECOS solver failed:  The solver ECOS is not installed. 
Using SCS instead.
M-step Design Matrix Calculation time (sec): 0.0219
ECOS solver failed in IPCW_HAL_init, falling back to SCS: The solver ECOS is not installed.
M-step CVXPY optimize time (sec): 1.8940
ECOS solver failed:  The solver ECOS is not installed. 
Using SCS instead.
ECOS solver failed:  The solver ECOS is not installed. 
Using SCS instead.
ECOS solver failed:  The solver ECOS is not installed. 
Using SCS instead.
ECOS solver failed:  The solver ECOS is not installed. 
Using SCS instead.
ECOS solver failed:  The solver ECOS is not installed. 
Using SCS instead.
ECOS solver failed:  The solver ECOS is not installed. 
Using SCS instead.
ECOS solver failed:  The solver ECOS is not installed. 
Using SCS instead.
ECOS solver failed:  The solver ECOS is not installed. 
Using SCS instead.
ECOS solver failed:  The solver ECOS is not installed. 
Using SCS instead.
ECOS solver failed:  The solver ECOS is not installed. 
Using SCS instead.
ECOS solver failed:  The solver ECOS is not installed. 
Using SCS instead.
ECOS solver failed:  The solver ECOS is not installed. 
Using SCS instead.
ECOS solver failed:  The solver ECOS is not installed. 
Using SCS instead.
ECOS solver failed:  The solver ECOS is not installed. 
Using SCS instead.
ECOS solver failed:  The solver ECOS is not installed. 
Using SCS instead.
ECOS solver failed:  The solver ECOS is not installed. 
Using SCS instead.
ECOS solver failed:  The solver ECOS is not installed. 
Using SCS instead.
ECOS solver failed:  The solver ECOS is not installed. 
Using SCS instead.
ECOS solver failed:  The solver ECOS is not installed. 
Using SCS instead.
ECOS solver failed:  The solver ECOS is not installed. 
Using SCS instead.
ECOS solver failed:  The solver ECOS is not installed. 
Using SCS instead.
M-step Design Matrix Calculation time (sec): 0.0192
ECOS solver failed in IPCW_HAL_init, falling back to SCS: The solver ECOS is not installed.
M-step CVXPY optimize time (sec): 0.8439
ECOS solver failed:  The solver ECOS is not installed. 
Using SCS instead.
ECOS solver failed:  The solver ECOS is not installed. 
Using SCS instead.
ECOS solver failed:  The solver ECOS is not installed. 
Using SCS instead.
ECOS solver failed:  The solver ECOS is not installed. 
Using SCS instead.
ECOS solver failed:  The solver ECOS is not installed. 
Using SCS instead.
ECOS solver failed:  The solver ECOS is not installed. 
Using SCS instead.
ECOS solver failed:  The solver ECOS is not installed. 
Using SCS instead.
ECOS solver failed:  The solver ECOS is not installed. 
Using SCS instead.
ECOS solver failed:  The solver ECOS is not installed. 
Using SCS instead.
ECOS solver failed:  The solver ECOS is not installed. 
Using SCS instead.
ECOS solver failed:  The solver ECOS is not installed. 
Using SCS instead.
ECOS solver failed:  The solver ECOS is not installed. 
Using SCS instead.
ECOS solver failed:  The solver ECOS is not installed. 
Using SCS instead.
ECOS solver failed:  The solver ECOS is not installed. 
Using SCS instead.
ECOS solver failed:  The solver ECOS is not installed. 
Using SCS instead.
ECOS solver failed:  The solver ECOS is not installed. 
Using SCS instead.
ECOS solver failed:  The solver ECOS is not installed. 
Using SCS instead.
ECOS solver failed:  The solver ECOS is not installed. 
Using SCS instead.
ECOS solver failed:  The solver ECOS is not installed. 
Using SCS instead.
ECOS solver failed:  The solver ECOS is not installed. 
Using SCS instead.
ECOS solver failed:  The solver ECOS is not installed. 
Using SCS instead.
M-step Design Matrix Calculation time (sec): 0.0449
ECOS solver failed in IPCW_HAL_init, falling back to SCS: The solver ECOS is not installed.
M-step CVXPY optimize time (sec): 1.2463
ECOS solver failed:  The solver ECOS is not installed. 
Using SCS instead.
ECOS solver failed:  The solver ECOS is not installed. 
Using SCS instead.
ECOS solver failed:  The solver ECOS is not installed. 
Using SCS instead.
ECOS solver failed:  The solver ECOS is not installed. 
Using SCS instead.
ECOS solver failed:  The solver ECOS is not installed. 
Using SCS instead.
ECOS solver failed:  The solver ECOS is not installed. 
Using SCS instead.
ECOS solver failed:  The solver ECOS is not installed. 
Using SCS instead.
ECOS solver failed:  The solver ECOS is not installed. 
Using SCS instead.
ECOS solver failed:  The solver ECOS is not installed. 
Using SCS instead.
ECOS solver failed:  The solver ECOS is not installed. 
Using SCS instead.
ECOS solver failed:  The solver ECOS is not installed. 
Using SCS instead.
ECOS solver failed:  The solver ECOS is not installed. 
Using SCS instead.
ECOS solver failed:  The solver ECOS is not installed. 
Using SCS instead.
ECOS solver failed:  The solver ECOS is not installed. 
Using SCS instead.
ECOS solver failed:  The solver ECOS is not installed. 
Using SCS instead.
ECOS solver failed:  The solver ECOS is not installed. 
Using SCS instead.
ECOS solver failed:  The solver ECOS is not installed. 
Using SCS instead.
ECOS solver failed:  The solver ECOS is not installed. 
Using SCS instead.
ECOS solver failed:  The solver ECOS is not installed. 
Using SCS instead.
ECOS solver failed:  The solver ECOS is not installed. 
Using SCS instead.
ECOS solver failed:  The solver ECOS is not installed. 
Using SCS instead.
M-step Design Matrix Calculation time (sec): 0.0184
ECOS solver failed in IPCW_HAL_init, falling back to SCS: The solver ECOS is not installed.
M-step CVXPY optimize time (sec): 2.7545
ECOS solver failed:  The solver ECOS is not installed. 
Using SCS instead.
ECOS solver failed:  The solver ECOS is not installed. 
Using SCS instead.
ECOS solver failed:  The solver ECOS is not installed. 
Using SCS instead.
ECOS solver failed:  The solver ECOS is not installed. 
Using SCS instead.
ECOS solver failed:  The solver ECOS is not installed. 
Using SCS instead.
ECOS solver failed:  The solver ECOS is not installed. 
Using SCS instead.
ECOS solver failed:  The solver ECOS is not installed. 
Using SCS instead.
ECOS solver failed:  The solver ECOS is not installed. 
Using SCS instead.
ECOS solver failed:  The solver ECOS is not installed. 
Using SCS instead.
ECOS solver failed:  The solver ECOS is not installed. 
Using SCS instead.
ECOS solver failed:  The solver ECOS is not installed. 
Using SCS instead.
ECOS solver failed:  The solver ECOS is not installed. 
Using SCS instead.
ECOS solver failed:  The solver ECOS is not installed. 
Using SCS instead.
ECOS solver failed:  The solver ECOS is not installed. 
Using SCS instead.
ECOS solver failed:  The solver ECOS is not installed. 
Using SCS instead.
ECOS solver failed:  The solver ECOS is not installed. 
Using SCS instead.
ECOS solver failed:  The solver ECOS is not installed. 
Using SCS instead.
ECOS solver failed:  The solver ECOS is not installed. 
Using SCS instead.
ECOS solver failed:  The solver ECOS is not installed. 
Using SCS instead.
ECOS solver failed:  The solver ECOS is not installed. 
Using SCS instead.
ECOS solver failed:  The solver ECOS is not installed. 
Using SCS instead.
M-step Design Matrix Calculation time (sec): 0.1754
ECOS solver failed in IPCW_HAL_init, falling back to SCS: The solver ECOS is not installed.
WARNING - large complementary slackness residual: 0.030791
M-step CVXPY optimize time (sec): 2.2138
ECOS solver failed:  The solver ECOS is not installed. 
Using SCS instead.
ECOS solver failed:  The solver ECOS is not installed. 
Using SCS instead.
ECOS solver failed:  The solver ECOS is not installed. 
Using SCS instead.
ECOS solver failed:  The solver ECOS is not installed. 
Using SCS instead.
ECOS solver failed:  The solver ECOS is not installed. 
Using SCS instead.
ECOS solver failed:  The solver ECOS is not installed. 
Using SCS instead.
ECOS solver failed:  The solver ECOS is not installed. 
Using SCS instead.
ECOS solver failed:  The solver ECOS is not installed. 
Using SCS instead.
ECOS solver failed:  The solver ECOS is not installed. 
Using SCS instead.
ECOS solver failed:  The solver ECOS is not installed. 
Using SCS instead.
ECOS solver failed:  The solver ECOS is not installed. 
Using SCS instead.
ECOS solver failed:  The solver ECOS is not installed. 
Using SCS instead.
ECOS solver failed:  The solver ECOS is not installed. 
Using SCS instead.
ECOS solver failed:  The solver ECOS is not installed. 
Using SCS instead.
ECOS solver failed:  The solver ECOS is not installed. 
Using SCS instead.
ECOS solver failed:  The solver ECOS is not installed. 
Using SCS instead.
ECOS solver failed:  The solver ECOS is not installed. 
Using SCS instead.
ECOS solver failed:  The solver ECOS is not installed. 
Using SCS instead.
ECOS solver failed:  The solver ECOS is not installed. 
Using SCS instead.
ECOS solver failed:  The solver ECOS is not installed. 
Using SCS instead.
ECOS solver failed:  The solver ECOS is not installed. 
Using SCS instead.
M-step Design Matrix Calculation time (sec): 0.0183
ECOS solver failed in IPCW_HAL_init, falling back to SCS: The solver ECOS is not installed.
M-step CVXPY optimize time (sec): 0.6697
ECOS solver failed:  The solver ECOS is not installed. 
Using SCS instead.
ECOS solver failed:  The solver ECOS is not installed. 
Using SCS instead.
ECOS solver failed:  The solver ECOS is not installed. 
Using SCS instead.
ECOS solver failed:  The solver ECOS is not installed. 
Using SCS instead.
ECOS solver failed:  The solver ECOS is not installed. 
Using SCS instead.
ECOS solver failed:  The solver ECOS is not installed. 
Using SCS instead.
ECOS solver failed:  The solver ECOS is not installed. 
Using SCS instead.
ECOS solver failed:  The solver ECOS is not installed. 
Using SCS instead.
ECOS solver failed:  The solver ECOS is not installed. 
Using SCS instead.
ECOS solver failed:  The solver ECOS is not installed. 
Using SCS instead.
ECOS solver failed:  The solver ECOS is not installed. 
Using SCS instead.
ECOS solver failed:  The solver ECOS is not installed. 
Using SCS instead.
ECOS solver failed:  The solver ECOS is not installed. 
Using SCS instead.
ECOS solver failed:  The solver ECOS is not installed. 
Using SCS instead.
ECOS solver failed:  The solver ECOS is not installed. 
Using SCS instead.
ECOS solver failed:  The solver ECOS is not installed. 
Using SCS instead.
ECOS solver failed:  The solver ECOS is not installed. 
Using SCS instead.
ECOS solver failed:  The solver ECOS is not installed. 
Using SCS instead.
ECOS solver failed:  The solver ECOS is not installed. 
Using SCS instead.
ECOS solver failed:  The solver ECOS is not installed. 
Using SCS instead.
ECOS solver failed:  The solver ECOS is not installed. 
Using SCS instead.
M-step Design Matrix Calculation time (sec): 0.0724
ECOS solver failed in IPCW_HAL_init, falling back to SCS: The solver ECOS is not installed.
WARNING - large complementary slackness residual: 0.012521
M-step CVXPY optimize time (sec): 5.2284
ECOS solver failed:  The solver ECOS is not installed. 
Using SCS instead.
ECOS solver failed:  The solver ECOS is not installed. 
Using SCS instead.
ECOS solver failed:  The solver ECOS is not installed. 
Using SCS instead.
ECOS solver failed:  The solver ECOS is not installed. 
Using SCS instead.
ECOS solver failed:  The solver ECOS is not installed. 
Using SCS instead.
ECOS solver failed:  The solver ECOS is not installed. 
Using SCS instead.
ECOS solver failed:  The solver ECOS is not installed. 
Using SCS instead.
ECOS solver failed:  The solver ECOS is not installed. 
Using SCS instead.
ECOS solver failed:  The solver ECOS is not installed. 
Using SCS instead.
ECOS solver failed:  The solver ECOS is not installed. 
Using SCS instead.
ECOS solver failed:  The solver ECOS is not installed. 
Using SCS instead.
ECOS solver failed:  The solver ECOS is not installed. 
Using SCS instead.
ECOS solver failed:  The solver ECOS is not installed. 
Using SCS instead.
ECOS solver failed:  The solver ECOS is not installed. 
Using SCS instead.
ECOS solver failed:  The solver ECOS is not installed. 
Using SCS instead.
ECOS solver failed:  The solver ECOS is not installed. 
Using SCS instead.
ECOS solver failed:  The solver ECOS is not installed. 
Using SCS instead.
ECOS solver failed:  The solver ECOS is not installed. 
Using SCS instead.
ECOS solver failed:  The solver ECOS is not installed. 
Using SCS instead.
ECOS solver failed:  The solver ECOS is not installed. 
Using SCS instead.
ECOS solver failed:  The solver ECOS is not installed. 
Using SCS instead.
M-step Design Matrix Calculation time (sec): 0.0195
ECOS solver failed in IPCW_HAL_init, falling back to SCS: The solver ECOS is not installed.
M-step CVXPY optimize time (sec): 1.0504
ECOS solver failed:  The solver ECOS is not installed. 
Using SCS instead.
ECOS solver failed:  The solver ECOS is not installed. 
Using SCS instead.
ECOS solver failed:  The solver ECOS is not installed. 
Using SCS instead.
ECOS solver failed:  The solver ECOS is not installed. 
Using SCS instead.
ECOS solver failed:  The solver ECOS is not installed. 
Using SCS instead.
ECOS solver failed:  The solver ECOS is not installed. 
Using SCS instead.
ECOS solver failed:  The solver ECOS is not installed. 
Using SCS instead.
ECOS solver failed:  The solver ECOS is not installed. 
Using SCS instead.
ECOS solver failed:  The solver ECOS is not installed. 
Using SCS instead.
ECOS solver failed:  The solver ECOS is not installed. 
Using SCS instead.
ECOS solver failed:  The solver ECOS is not installed. 
Using SCS instead.
ECOS solver failed:  The solver ECOS is not installed. 
Using SCS instead.
ECOS solver failed:  The solver ECOS is not installed. 
Using SCS instead.
ECOS solver failed:  The solver ECOS is not installed. 
Using SCS instead.
ECOS solver failed:  The solver ECOS is not installed. 
Using SCS instead.
ECOS solver failed:  The solver ECOS is not installed. 
Using SCS instead.
ECOS solver failed:  The solver ECOS is not installed. 
Using SCS instead.
ECOS solver failed:  The solver ECOS is not installed. 
Using SCS instead.
ECOS solver failed:  The solver ECOS is not installed. 
Using SCS instead.
ECOS solver failed:  The solver ECOS is not installed. 
Using SCS instead.
ECOS solver failed:  The solver ECOS is not installed. 
Using SCS instead.
M-step Design Matrix Calculation time (sec): 0.0203
ECOS solver failed in IPCW_HAL_init, falling back to SCS: The solver ECOS is not installed.
M-step CVXPY optimize time (sec): 2.4088
ECOS solver failed:  The solver ECOS is not installed. 
Using SCS instead.
ECOS solver failed:  The solver ECOS is not installed. 
Using SCS instead.
ECOS solver failed:  The solver ECOS is not installed. 
Using SCS instead.
ECOS solver failed:  The solver ECOS is not installed. 
Using SCS instead.
ECOS solver failed:  The solver ECOS is not installed. 
Using SCS instead.
ECOS solver failed:  The solver ECOS is not installed. 
Using SCS instead.
ECOS solver failed:  The solver ECOS is not installed. 
Using SCS instead.
ECOS solver failed:  The solver ECOS is not installed. 
Using SCS instead.
ECOS solver failed:  The solver ECOS is not installed. 
Using SCS instead.
ECOS solver failed:  The solver ECOS is not installed. 
Using SCS instead.
ECOS solver failed:  The solver ECOS is not installed. 
Using SCS instead.
ECOS solver failed:  The solver ECOS is not installed. 
Using SCS instead.
ECOS solver failed:  The solver ECOS is not installed. 
Using SCS instead.
ECOS solver failed:  The solver ECOS is not installed. 
Using SCS instead.
ECOS solver failed:  The solver ECOS is not installed. 
Using SCS instead.
ECOS solver failed:  The solver ECOS is not installed. 
Using SCS instead.
ECOS solver failed:  The solver ECOS is not installed. 
Using SCS instead.
ECOS solver failed:  The solver ECOS is not installed. 
Using SCS instead.
ECOS solver failed:  The solver ECOS is not installed. 
Using SCS instead.
ECOS solver failed:  The solver ECOS is not installed. 
Using SCS instead.
ECOS solver failed:  The solver ECOS is not installed. 
Using SCS instead.
M-step Design Matrix Calculation time (sec): 0.0217
ECOS solver failed in IPCW_HAL_init, falling back to SCS: The solver ECOS is not installed.
M-step CVXPY optimize time (sec): 0.7334
ECOS solver failed:  The solver ECOS is not installed. 
Using SCS instead.
ECOS solver failed:  The solver ECOS is not installed. 
Using SCS instead.
ECOS solver failed:  The solver ECOS is not installed. 
Using SCS instead.
ECOS solver failed:  The solver ECOS is not installed. 
Using SCS instead.
ECOS solver failed:  The solver ECOS is not installed. 
Using SCS instead.
ECOS solver failed:  The solver ECOS is not installed. 
Using SCS instead.
ECOS solver failed:  The solver ECOS is not installed. 
Using SCS instead.
ECOS solver failed:  The solver ECOS is not installed. 
Using SCS instead.
ECOS solver failed:  The solver ECOS is not installed. 
Using SCS instead.
ECOS solver failed:  The solver ECOS is not installed. 
Using SCS instead.
ECOS solver failed:  The solver ECOS is not installed. 
Using SCS instead.
ECOS solver failed:  The solver ECOS is not installed. 
Using SCS instead.
ECOS solver failed:  The solver ECOS is not installed. 
Using SCS instead.
ECOS solver failed:  The solver ECOS is not installed. 
Using SCS instead.
ECOS solver failed:  The solver ECOS is not installed. 
Using SCS instead.
ECOS solver failed:  The solver ECOS is not installed. 
Using SCS instead.
ECOS solver failed:  The solver ECOS is not installed. 
Using SCS instead.
ECOS solver failed:  The solver ECOS is not installed. 
Using SCS instead.
ECOS solver failed:  The solver ECOS is not installed. 
Using SCS instead.
ECOS solver failed:  The solver ECOS is not installed. 
Using SCS instead.
ECOS solver failed:  The solver ECOS is not installed. 
Using SCS instead.
M-step Design Matrix Calculation time (sec): 0.0781
ECOS solver failed in IPCW_HAL_init, falling back to SCS: The solver ECOS is not installed.
M-step CVXPY optimize time (sec): 0.8196
ECOS solver failed:  The solver ECOS is not installed. 
Using SCS instead.
ECOS solver failed:  The solver ECOS is not installed. 
Using SCS instead.
ECOS solver failed:  The solver ECOS is not installed. 
Using SCS instead.
ECOS solver failed:  The solver ECOS is not installed. 
Using SCS instead.
ECOS solver failed:  The solver ECOS is not installed. 
Using SCS instead.
ECOS solver failed:  The solver ECOS is not installed. 
Using SCS instead.
ECOS solver failed:  The solver ECOS is not installed. 
Using SCS instead.
ECOS solver failed:  The solver ECOS is not installed. 
Using SCS instead.
ECOS solver failed:  The solver ECOS is not installed. 
Using SCS instead.
ECOS solver failed:  The solver ECOS is not installed. 
Using SCS instead.
ECOS solver failed:  The solver ECOS is not installed. 
Using SCS instead.
ECOS solver failed:  The solver ECOS is not installed. 
Using SCS instead.
ECOS solver failed:  The solver ECOS is not installed. 
Using SCS instead.
ECOS solver failed:  The solver ECOS is not installed. 
Using SCS instead.
ECOS solver failed:  The solver ECOS is not installed. 
Using SCS instead.
ECOS solver failed:  The solver ECOS is not installed. 
Using SCS instead.
ECOS solver failed:  The solver ECOS is not installed. 
Using SCS instead.
ECOS solver failed:  The solver ECOS is not installed. 
Using SCS instead.
ECOS solver failed:  The solver ECOS is not installed. 
Using SCS instead.
ECOS solver failed:  The solver ECOS is not installed. 
Using SCS instead.
ECOS solver failed:  The solver ECOS is not installed. 
Using SCS instead.
M-step Design Matrix Calculation time (sec): 0.0763
ECOS solver failed in IPCW_HAL_init, falling back to SCS: The solver ECOS is not installed.
M-step CVXPY optimize time (sec): 1.3617
ECOS solver failed:  The solver ECOS is not installed. 
Using SCS instead.
ECOS solver failed:  The solver ECOS is not installed. 
Using SCS instead.
ECOS solver failed:  The solver ECOS is not installed. 
Using SCS instead.
ECOS solver failed:  The solver ECOS is not installed. 
Using SCS instead.
ECOS solver failed:  The solver ECOS is not installed. 
Using SCS instead.
ECOS solver failed:  The solver ECOS is not installed. 
Using SCS instead.
ECOS solver failed:  The solver ECOS is not installed. 
Using SCS instead.
ECOS solver failed:  The solver ECOS is not installed. 
Using SCS instead.
ECOS solver failed:  The solver ECOS is not installed. 
Using SCS instead.
ECOS solver failed:  The solver ECOS is not installed. 
Using SCS instead.
ECOS solver failed:  The solver ECOS is not installed. 
Using SCS instead.
ECOS solver failed:  The solver ECOS is not installed. 
Using SCS instead.
ECOS solver failed:  The solver ECOS is not installed. 
Using SCS instead.
ECOS solver failed:  The solver ECOS is not installed. 
Using SCS instead.
ECOS solver failed:  The solver ECOS is not installed. 
Using SCS instead.
ECOS solver failed:  The solver ECOS is not installed. 
Using SCS instead.
ECOS solver failed:  The solver ECOS is not installed. 
Using SCS instead.
ECOS solver failed:  The solver ECOS is not installed. 
Using SCS instead.
ECOS solver failed:  The solver ECOS is not installed. 
Using SCS instead.
ECOS solver failed:  The solver ECOS is not installed. 
Using SCS instead.
ECOS solver failed:  The solver ECOS is not installed. 
Using SCS instead.
M-step Design Matrix Calculation time (sec): 0.0170
ECOS solver failed in IPCW_HAL_init, falling back to SCS: The solver ECOS is not installed.
WARNING - large complementary slackness residual: 0.030984
M-step CVXPY optimize time (sec): 1.3253
ECOS solver failed:  The solver ECOS is not installed. 
Using SCS instead.
ECOS solver failed:  The solver ECOS is not installed. 
Using SCS instead.
ECOS solver failed:  The solver ECOS is not installed. 
Using SCS instead.
ECOS solver failed:  The solver ECOS is not installed. 
Using SCS instead.
ECOS solver failed:  The solver ECOS is not installed. 
Using SCS instead.
ECOS solver failed:  The solver ECOS is not installed. 
Using SCS instead.
ECOS solver failed:  The solver ECOS is not installed. 
Using SCS instead.
ECOS solver failed:  The solver ECOS is not installed. 
Using SCS instead.
ECOS solver failed:  The solver ECOS is not installed. 
Using SCS instead.
ECOS solver failed:  The solver ECOS is not installed. 
Using SCS instead.
ECOS solver failed:  The solver ECOS is not installed. 
Using SCS instead.
ECOS solver failed:  The solver ECOS is not installed. 
Using SCS instead.
ECOS solver failed:  The solver ECOS is not installed. 
Using SCS instead.
ECOS solver failed:  The solver ECOS is not installed. 
Using SCS instead.
ECOS solver failed:  The solver ECOS is not installed. 
Using SCS instead.
ECOS solver failed:  The solver ECOS is not installed. 
Using SCS instead.
ECOS solver failed:  The solver ECOS is not installed. 
Using SCS instead.
ECOS solver failed:  The solver ECOS is not installed. 
Using SCS instead.
ECOS solver failed:  The solver ECOS is not installed. 
Using SCS instead.
ECOS solver failed:  The solver ECOS is not installed. 
Using SCS instead.
ECOS solver failed:  The solver ECOS is not installed. 
Using SCS instead.
M-step Design Matrix Calculation time (sec): 0.0152
ECOS solver failed in IPCW_HAL_init, falling back to SCS: The solver ECOS is not installed.
M-step CVXPY optimize time (sec): 0.2709
ECOS solver failed:  The solver ECOS is not installed. 
Using SCS instead.
ECOS solver failed:  The solver ECOS is not installed. 
Using SCS instead.
ECOS solver failed:  The solver ECOS is not installed. 
Using SCS instead.
ECOS solver failed:  The solver ECOS is not installed. 
Using SCS instead.
ECOS solver failed:  The solver ECOS is not installed. 
Using SCS instead.
ECOS solver failed:  The solver ECOS is not installed. 
Using SCS instead.
ECOS solver failed:  The solver ECOS is not installed. 
Using SCS instead.
ECOS solver failed:  The solver ECOS is not installed. 
Using SCS instead.
ECOS solver failed:  The solver ECOS is not installed. 
Using SCS instead.
ECOS solver failed:  The solver ECOS is not installed. 
Using SCS instead.
ECOS solver failed:  The solver ECOS is not installed. 
Using SCS instead.
ECOS solver failed:  The solver ECOS is not installed. 
Using SCS instead.
ECOS solver failed:  The solver ECOS is not installed. 
Using SCS instead.
ECOS solver failed:  The solver ECOS is not installed. 
Using SCS instead.
ECOS solver failed:  The solver ECOS is not installed. 
Using SCS instead.
ECOS solver failed:  The solver ECOS is not installed. 
Using SCS instead.
ECOS solver failed:  The solver ECOS is not installed. 
Using SCS instead.
ECOS solver failed:  The solver ECOS is not installed. 
Using SCS instead.
ECOS solver failed:  The solver ECOS is not installed. 
Using SCS instead.
ECOS solver failed:  The solver ECOS is not installed. 
Using SCS instead.
ECOS solver failed:  The solver ECOS is not installed. 
Using SCS instead.
M-step Design Matrix Calculation time (sec): 0.2664
ECOS solver failed in IPCW_HAL_init, falling back to SCS: The solver ECOS is not installed.
M-step CVXPY optimize time (sec): 2.2306
ECOS solver failed:  The solver ECOS is not installed. 
Using SCS instead.
ECOS solver failed:  The solver ECOS is not installed. 
Using SCS instead.
ECOS solver failed:  The solver ECOS is not installed. 
Using SCS instead.
ECOS solver failed:  The solver ECOS is not installed. 
Using SCS instead.
ECOS solver failed:  The solver ECOS is not installed. 
Using SCS instead.
ECOS solver failed:  The solver ECOS is not installed. 
Using SCS instead.
ECOS solver failed:  The solver ECOS is not installed. 
Using SCS instead.
ECOS solver failed:  The solver ECOS is not installed. 
Using SCS instead.
ECOS solver failed:  The solver ECOS is not installed. 
Using SCS instead.
ECOS solver failed:  The solver ECOS is not installed. 
Using SCS instead.
ECOS solver failed:  The solver ECOS is not installed. 
Using SCS instead.
ECOS solver failed:  The solver ECOS is not installed. 
Using SCS instead.
ECOS solver failed:  The solver ECOS is not installed. 
Using SCS instead.
ECOS solver failed:  The solver ECOS is not installed. 
Using SCS instead.
ECOS solver failed:  The solver ECOS is not installed. 
Using SCS instead.
ECOS solver failed:  The solver ECOS is not installed. 
Using SCS instead.
ECOS solver failed:  The solver ECOS is not installed. 
Using SCS instead.
ECOS solver failed:  The solver ECOS is not installed. 
Using SCS instead.
ECOS solver failed:  The solver ECOS is not installed. 
Using SCS instead.
ECOS solver failed:  The solver ECOS is not installed. 
Using SCS instead.
ECOS solver failed:  The solver ECOS is not installed. 
Using SCS instead.
M-step Design Matrix Calculation time (sec): 0.3383
ECOS solver failed in IPCW_HAL_init, falling back to SCS: The solver ECOS is not installed.
M-step CVXPY optimize time (sec): 1.8378
ECOS solver failed:  The solver ECOS is not installed. 
Using SCS instead.
ECOS solver failed:  The solver ECOS is not installed. 
Using SCS instead.
ECOS solver failed:  The solver ECOS is not installed. 
Using SCS instead.
ECOS solver failed:  The solver ECOS is not installed. 
Using SCS instead.
ECOS solver failed:  The solver ECOS is not installed. 
Using SCS instead.
ECOS solver failed:  The solver ECOS is not installed. 
Using SCS instead.
ECOS solver failed:  The solver ECOS is not installed. 
Using SCS instead.
ECOS solver failed:  The solver ECOS is not installed. 
Using SCS instead.
ECOS solver failed:  The solver ECOS is not installed. 
Using SCS instead.
ECOS solver failed:  The solver ECOS is not installed. 
Using SCS instead.
ECOS solver failed:  The solver ECOS is not installed. 
Using SCS instead.
ECOS solver failed:  The solver ECOS is not installed. 
Using SCS instead.
ECOS solver failed:  The solver ECOS is not installed. 
Using SCS instead.
ECOS solver failed:  The solver ECOS is not installed. 
Using SCS instead.
ECOS solver failed:  The solver ECOS is not installed. 
Using SCS instead.
ECOS solver failed:  The solver ECOS is not installed. 
Using SCS instead.
ECOS solver failed:  The solver ECOS is not installed. 
Using SCS instead.
ECOS solver failed:  The solver ECOS is not installed. 
Using SCS instead.
ECOS solver failed:  The solver ECOS is not installed. 
Using SCS instead.
ECOS solver failed:  The solver ECOS is not installed. 
Using SCS instead.
ECOS solver failed:  The solver ECOS is not installed. 
Using SCS instead.
M-step Design Matrix Calculation time (sec): 0.0380
ECOS solver failed in IPCW_HAL_init, falling back to SCS: The solver ECOS is not installed.
WARNING - large complementary slackness residual: 0.017144
M-step CVXPY optimize time (sec): 5.5726
ECOS solver failed:  The solver ECOS is not installed. 
Using SCS instead.
ECOS solver failed:  The solver ECOS is not installed. 
Using SCS instead.
ECOS solver failed:  The solver ECOS is not installed. 
Using SCS instead.
ECOS solver failed:  The solver ECOS is not installed. 
Using SCS instead.
ECOS solver failed:  The solver ECOS is not installed. 
Using SCS instead.
ECOS solver failed:  The solver ECOS is not installed. 
Using SCS instead.
ECOS solver failed:  The solver ECOS is not installed. 
Using SCS instead.
ECOS solver failed:  The solver ECOS is not installed. 
Using SCS instead.
ECOS solver failed:  The solver ECOS is not installed. 
Using SCS instead.
ECOS solver failed:  The solver ECOS is not installed. 
Using SCS instead.
ECOS solver failed:  The solver ECOS is not installed. 
Using SCS instead.
ECOS solver failed:  The solver ECOS is not installed. 
Using SCS instead.
ECOS solver failed:  The solver ECOS is not installed. 
Using SCS instead.
ECOS solver failed:  The solver ECOS is not installed. 
Using SCS instead.
ECOS solver failed:  The solver ECOS is not installed. 
Using SCS instead.
ECOS solver failed:  The solver ECOS is not installed. 
Using SCS instead.
ECOS solver failed:  The solver ECOS is not installed. 
Using SCS instead.
ECOS solver failed:  The solver ECOS is not installed. 
Using SCS instead.
ECOS solver failed:  The solver ECOS is not installed. 
Using SCS instead.
ECOS solver failed:  The solver ECOS is not installed. 
Using SCS instead.
ECOS solver failed:  The solver ECOS is not installed. 
Using SCS instead.
M-step Design Matrix Calculation time (sec): 0.0688
ECOS solver failed in IPCW_HAL_init, falling back to SCS: The solver ECOS is not installed.
M-step CVXPY optimize time (sec): 4.3562
ECOS solver failed:  The solver ECOS is not installed. 
Using SCS instead.
ECOS solver failed:  The solver ECOS is not installed. 
Using SCS instead.
ECOS solver failed:  The solver ECOS is not installed. 
Using SCS instead.
ECOS solver failed:  The solver ECOS is not installed. 
Using SCS instead.
ECOS solver failed:  The solver ECOS is not installed. 
Using SCS instead.
ECOS solver failed:  The solver ECOS is not installed. 
Using SCS instead.
ECOS solver failed:  The solver ECOS is not installed. 
Using SCS instead.
ECOS solver failed:  The solver ECOS is not installed. 
Using SCS instead.
ECOS solver failed:  The solver ECOS is not installed. 
Using SCS instead.
ECOS solver failed:  The solver ECOS is not installed. 
Using SCS instead.
ECOS solver failed:  The solver ECOS is not installed. 
Using SCS instead.
ECOS solver failed:  The solver ECOS is not installed. 
Using SCS instead.
ECOS solver failed:  The solver ECOS is not installed. 
Using SCS instead.
ECOS solver failed:  The solver ECOS is not installed. 
Using SCS instead.
ECOS solver failed:  The solver ECOS is not installed. 
Using SCS instead.
ECOS solver failed:  The solver ECOS is not installed. 
Using SCS instead.
ECOS solver failed:  The solver ECOS is not installed. 
Using SCS instead.
ECOS solver failed:  The solver ECOS is not installed. 
Using SCS instead.
ECOS solver failed:  The solver ECOS is not installed. 
Using SCS instead.
ECOS solver failed:  The solver ECOS is not installed. 
Using SCS instead.
ECOS solver failed:  The solver ECOS is not installed. 
Using SCS instead.
M-step Design Matrix Calculation time (sec): 0.0201
ECOS solver failed in IPCW_HAL_init, falling back to SCS: The solver ECOS is not installed.
WARNING - large complementary slackness residual: 0.033051
M-step CVXPY optimize time (sec): 1.0947
ECOS solver failed:  The solver ECOS is not installed. 
Using SCS instead.
ECOS solver failed:  The solver ECOS is not installed. 
Using SCS instead.
ECOS solver failed:  The solver ECOS is not installed. 
Using SCS instead.
ECOS solver failed:  The solver ECOS is not installed. 
Using SCS instead.
ECOS solver failed:  The solver ECOS is not installed. 
Using SCS instead.
ECOS solver failed:  The solver ECOS is not installed. 
Using SCS instead.
ECOS solver failed:  The solver ECOS is not installed. 
Using SCS instead.
ECOS solver failed:  The solver ECOS is not installed. 
Using SCS instead.
ECOS solver failed:  The solver ECOS is not installed. 
Using SCS instead.
ECOS solver failed:  The solver ECOS is not installed. 
Using SCS instead.
ECOS solver failed:  The solver ECOS is not installed. 
Using SCS instead.
ECOS solver failed:  The solver ECOS is not installed. 
Using SCS instead.
ECOS solver failed:  The solver ECOS is not installed. 
Using SCS instead.
ECOS solver failed:  The solver ECOS is not installed. 
Using SCS instead.
ECOS solver failed:  The solver ECOS is not installed. 
Using SCS instead.
ECOS solver failed:  The solver ECOS is not installed. 
Using SCS instead.
ECOS solver failed:  The solver ECOS is not installed. 
Using SCS instead.
ECOS solver failed:  The solver ECOS is not installed. 
Using SCS instead.
ECOS solver failed:  The solver ECOS is not installed. 
Using SCS instead.
ECOS solver failed:  The solver ECOS is not installed. 
Using SCS instead.
ECOS solver failed:  The solver ECOS is not installed. 
Using SCS instead.
M-step Design Matrix Calculation time (sec): 0.0203
ECOS solver failed in IPCW_HAL_init, falling back to SCS: The solver ECOS is not installed.
WARNING - large complementary slackness residual: 0.017177
M-step CVXPY optimize time (sec): 3.0555
ECOS solver failed:  The solver ECOS is not installed. 
Using SCS instead.
ECOS solver failed:  The solver ECOS is not installed. 
Using SCS instead.
ECOS solver failed:  The solver ECOS is not installed. 
Using SCS instead.
ECOS solver failed:  The solver ECOS is not installed. 
Using SCS instead.
ECOS solver failed:  The solver ECOS is not installed. 
Using SCS instead.
ECOS solver failed:  The solver ECOS is not installed. 
Using SCS instead.
ECOS solver failed:  The solver ECOS is not installed. 
Using SCS instead.
ECOS solver failed:  The solver ECOS is not installed. 
Using SCS instead.
ECOS solver failed:  The solver ECOS is not installed. 
Using SCS instead.
ECOS solver failed:  The solver ECOS is not installed. 
Using SCS instead.
ECOS solver failed:  The solver ECOS is not installed. 
Using SCS instead.
ECOS solver failed:  The solver ECOS is not installed. 
Using SCS instead.
ECOS solver failed:  The solver ECOS is not installed. 
Using SCS instead.
ECOS solver failed:  The solver ECOS is not installed. 
Using SCS instead.
ECOS solver failed:  The solver ECOS is not installed. 
Using SCS instead.
ECOS solver failed:  The solver ECOS is not installed. 
Using SCS instead.
ECOS solver failed:  The solver ECOS is not installed. 
Using SCS instead.
ECOS solver failed:  The solver ECOS is not installed. 
Using SCS instead.
ECOS solver failed:  The solver ECOS is not installed. 
Using SCS instead.
ECOS solver failed:  The solver ECOS is not installed. 
Using SCS instead.
ECOS solver failed:  The solver ECOS is not installed. 
Using SCS instead.
M-step Design Matrix Calculation time (sec): 0.0851
ECOS solver failed in IPCW_HAL_init, falling back to SCS: The solver ECOS is not installed.
M-step CVXPY optimize time (sec): 3.3007
ECOS solver failed:  The solver ECOS is not installed. 
Using SCS instead.
ECOS solver failed:  The solver ECOS is not installed. 
Using SCS instead.
ECOS solver failed:  The solver ECOS is not installed. 
Using SCS instead.
ECOS solver failed:  The solver ECOS is not installed. 
Using SCS instead.
ECOS solver failed:  The solver ECOS is not installed. 
Using SCS instead.
ECOS solver failed:  The solver ECOS is not installed. 
Using SCS instead.
ECOS solver failed:  The solver ECOS is not installed. 
Using SCS instead.
ECOS solver failed:  The solver ECOS is not installed. 
Using SCS instead.
ECOS solver failed:  The solver ECOS is not installed. 
Using SCS instead.
ECOS solver failed:  The solver ECOS is not installed. 
Using SCS instead.
ECOS solver failed:  The solver ECOS is not installed. 
Using SCS instead.
ECOS solver failed:  The solver ECOS is not installed. 
Using SCS instead.
ECOS solver failed:  The solver ECOS is not installed. 
Using SCS instead.
ECOS solver failed:  The solver ECOS is not installed. 
Using SCS instead.
ECOS solver failed:  The solver ECOS is not installed. 
Using SCS instead.
ECOS solver failed:  The solver ECOS is not installed. 
Using SCS instead.
ECOS solver failed:  The solver ECOS is not installed. 
Using SCS instead.
ECOS solver failed:  The solver ECOS is not installed. 
Using SCS instead.
ECOS solver failed:  The solver ECOS is not installed. 
Using SCS instead.
ECOS solver failed:  The solver ECOS is not installed. 
Using SCS instead.
ECOS solver failed:  The solver ECOS is not installed. 
Using SCS instead.
M-step Design Matrix Calculation time (sec): 0.0355
ECOS solver failed in IPCW_HAL_init, falling back to SCS: The solver ECOS is not installed.
M-step CVXPY optimize time (sec): 1.5806
ECOS solver failed:  The solver ECOS is not installed. 
Using SCS instead.
ECOS solver failed:  The solver ECOS is not installed. 
Using SCS instead.
ECOS solver failed:  The solver ECOS is not installed. 
Using SCS instead.
ECOS solver failed:  The solver ECOS is not installed. 
Using SCS instead.
ECOS solver failed:  The solver ECOS is not installed. 
Using SCS instead.
ECOS solver failed:  The solver ECOS is not installed. 
Using SCS instead.
ECOS solver failed:  The solver ECOS is not installed. 
Using SCS instead.
ECOS solver failed:  The solver ECOS is not installed. 
Using SCS instead.
ECOS solver failed:  The solver ECOS is not installed. 
Using SCS instead.
ECOS solver failed:  The solver ECOS is not installed. 
Using SCS instead.
ECOS solver failed:  The solver ECOS is not installed. 
Using SCS instead.
ECOS solver failed:  The solver ECOS is not installed. 
Using SCS instead.
ECOS solver failed:  The solver ECOS is not installed. 
Using SCS instead.
ECOS solver failed:  The solver ECOS is not installed. 
Using SCS instead.
ECOS solver failed:  The solver ECOS is not installed. 
Using SCS instead.
ECOS solver failed:  The solver ECOS is not installed. 
Using SCS instead.
ECOS solver failed:  The solver ECOS is not installed. 
Using SCS instead.
ECOS solver failed:  The solver ECOS is not installed. 
Using SCS instead.
ECOS solver failed:  The solver ECOS is not installed. 
Using SCS instead.
ECOS solver failed:  The solver ECOS is not installed. 
Using SCS instead.
ECOS solver failed:  The solver ECOS is not installed. 
Using SCS instead.
M-step Design Matrix Calculation time (sec): 0.1678
ECOS solver failed in IPCW_HAL_init, falling back to SCS: The solver ECOS is not installed.
WARNING - large complementary slackness residual: 0.023535
M-step CVXPY optimize time (sec): 3.0085
ECOS solver failed:  The solver ECOS is not installed. 
Using SCS instead.
ECOS solver failed:  The solver ECOS is not installed. 
Using SCS instead.
ECOS solver failed:  The solver ECOS is not installed. 
Using SCS instead.
ECOS solver failed:  The solver ECOS is not installed. 
Using SCS instead.
ECOS solver failed:  The solver ECOS is not installed. 
Using SCS instead.
ECOS solver failed:  The solver ECOS is not installed. 
Using SCS instead.
ECOS solver failed:  The solver ECOS is not installed. 
Using SCS instead.
ECOS solver failed:  The solver ECOS is not installed. 
Using SCS instead.
ECOS solver failed:  The solver ECOS is not installed. 
Using SCS instead.
ECOS solver failed:  The solver ECOS is not installed. 
Using SCS instead.
ECOS solver failed:  The solver ECOS is not installed. 
Using SCS instead.
ECOS solver failed:  The solver ECOS is not installed. 
Using SCS instead.
ECOS solver failed:  The solver ECOS is not installed. 
Using SCS instead.
ECOS solver failed:  The solver ECOS is not installed. 
Using SCS instead.
ECOS solver failed:  The solver ECOS is not installed. 
Using SCS instead.
ECOS solver failed:  The solver ECOS is not installed. 
Using SCS instead.
ECOS solver failed:  The solver ECOS is not installed. 
Using SCS instead.
ECOS solver failed:  The solver ECOS is not installed. 
Using SCS instead.
ECOS solver failed:  The solver ECOS is not installed. 
Using SCS instead.
ECOS solver failed:  The solver ECOS is not installed. 
Using SCS instead.
ECOS solver failed:  The solver ECOS is not installed. 
Using SCS instead.
M-step Design Matrix Calculation time (sec): 0.0205
ECOS solver failed in IPCW_HAL_init, falling back to SCS: The solver ECOS is not installed.
M-step CVXPY optimize time (sec): 0.5305
ECOS solver failed:  The solver ECOS is not installed. 
Using SCS instead.
ECOS solver failed:  The solver ECOS is not installed. 
Using SCS instead.
ECOS solver failed:  The solver ECOS is not installed. 
Using SCS instead.
ECOS solver failed:  The solver ECOS is not installed. 
Using SCS instead.
ECOS solver failed:  The solver ECOS is not installed. 
Using SCS instead.
ECOS solver failed:  The solver ECOS is not installed. 
Using SCS instead.
ECOS solver failed:  The solver ECOS is not installed. 
Using SCS instead.
ECOS solver failed:  The solver ECOS is not installed. 
Using SCS instead.
ECOS solver failed:  The solver ECOS is not installed. 
Using SCS instead.
ECOS solver failed:  The solver ECOS is not installed. 
Using SCS instead.
ECOS solver failed:  The solver ECOS is not installed. 
Using SCS instead.
ECOS solver failed:  The solver ECOS is not installed. 
Using SCS instead.
ECOS solver failed:  The solver ECOS is not installed. 
Using SCS instead.
ECOS solver failed:  The solver ECOS is not installed. 
Using SCS instead.
ECOS solver failed:  The solver ECOS is not installed. 
Using SCS instead.
ECOS solver failed:  The solver ECOS is not installed. 
Using SCS instead.
ECOS solver failed:  The solver ECOS is not installed. 
Using SCS instead.
ECOS solver failed:  The solver ECOS is not installed. 
Using SCS instead.
ECOS solver failed:  The solver ECOS is not installed. 
Using SCS instead.
ECOS solver failed:  The solver ECOS is not installed. 
Using SCS instead.
ECOS solver failed:  The solver ECOS is not installed. 
Using SCS instead.
M-step Design Matrix Calculation time (sec): 0.0210
ECOS solver failed in IPCW_HAL_init, falling back to SCS: The solver ECOS is not installed.
M-step CVXPY optimize time (sec): 0.9642
ECOS solver failed:  The solver ECOS is not installed. 
Using SCS instead.
ECOS solver failed:  The solver ECOS is not installed. 
Using SCS instead.
ECOS solver failed:  The solver ECOS is not installed. 
Using SCS instead.
ECOS solver failed:  The solver ECOS is not installed. 
Using SCS instead.
ECOS solver failed:  The solver ECOS is not installed. 
Using SCS instead.
ECOS solver failed:  The solver ECOS is not installed. 
Using SCS instead.
ECOS solver failed:  The solver ECOS is not installed. 
Using SCS instead.
ECOS solver failed:  The solver ECOS is not installed. 
Using SCS instead.
ECOS solver failed:  The solver ECOS is not installed. 
Using SCS instead.
ECOS solver failed:  The solver ECOS is not installed. 
Using SCS instead.
ECOS solver failed:  The solver ECOS is not installed. 
Using SCS instead.
ECOS solver failed:  The solver ECOS is not installed. 
Using SCS instead.
ECOS solver failed:  The solver ECOS is not installed. 
Using SCS instead.
ECOS solver failed:  The solver ECOS is not installed. 
Using SCS instead.
ECOS solver failed:  The solver ECOS is not installed. 
Using SCS instead.
ECOS solver failed:  The solver ECOS is not installed. 
Using SCS instead.
ECOS solver failed:  The solver ECOS is not installed. 
Using SCS instead.
ECOS solver failed:  The solver ECOS is not installed. 
Using SCS instead.
ECOS solver failed:  The solver ECOS is not installed. 
Using SCS instead.
ECOS solver failed:  The solver ECOS is not installed. 
Using SCS instead.
ECOS solver failed:  The solver ECOS is not installed. 
Using SCS instead.
M-step Design Matrix Calculation time (sec): 0.0192
ECOS solver failed in IPCW_HAL_init, falling back to SCS: The solver ECOS is not installed.
M-step CVXPY optimize time (sec): 0.4892
ECOS solver failed:  The solver ECOS is not installed. 
Using SCS instead.
ECOS solver failed:  The solver ECOS is not installed. 
Using SCS instead.
ECOS solver failed:  The solver ECOS is not installed. 
Using SCS instead.
ECOS solver failed:  The solver ECOS is not installed. 
Using SCS instead.
ECOS solver failed:  The solver ECOS is not installed. 
Using SCS instead.
ECOS solver failed:  The solver ECOS is not installed. 
Using SCS instead.
ECOS solver failed:  The solver ECOS is not installed. 
Using SCS instead.
ECOS solver failed:  The solver ECOS is not installed. 
Using SCS instead.
ECOS solver failed:  The solver ECOS is not installed. 
Using SCS instead.
ECOS solver failed:  The solver ECOS is not installed. 
Using SCS instead.
ECOS solver failed:  The solver ECOS is not installed. 
Using SCS instead.
ECOS solver failed:  The solver ECOS is not installed. 
Using SCS instead.
ECOS solver failed:  The solver ECOS is not installed. 
Using SCS instead.
ECOS solver failed:  The solver ECOS is not installed. 
Using SCS instead.
ECOS solver failed:  The solver ECOS is not installed. 
Using SCS instead.
ECOS solver failed:  The solver ECOS is not installed. 
Using SCS instead.
ECOS solver failed:  The solver ECOS is not installed. 
Using SCS instead.
ECOS solver failed:  The solver ECOS is not installed. 
Using SCS instead.
ECOS solver failed:  The solver ECOS is not installed. 
Using SCS instead.
ECOS solver failed:  The solver ECOS is not installed. 
Using SCS instead.
ECOS solver failed:  The solver ECOS is not installed. 
Using SCS instead.
M-step Design Matrix Calculation time (sec): 0.0439
ECOS solver failed in IPCW_HAL_init, falling back to SCS: The solver ECOS is not installed.
WARNING - large complementary slackness residual: 0.032865
M-step CVXPY optimize time (sec): 1.0167
ECOS solver failed:  The solver ECOS is not installed. 
Using SCS instead.
ECOS solver failed:  The solver ECOS is not installed. 
Using SCS instead.
ECOS solver failed:  The solver ECOS is not installed. 
Using SCS instead.
ECOS solver failed:  The solver ECOS is not installed. 
Using SCS instead.
ECOS solver failed:  The solver ECOS is not installed. 
Using SCS instead.
ECOS solver failed:  The solver ECOS is not installed. 
Using SCS instead.
ECOS solver failed:  The solver ECOS is not installed. 
Using SCS instead.
ECOS solver failed:  The solver ECOS is not installed. 
Using SCS instead.
ECOS solver failed:  The solver ECOS is not installed. 
Using SCS instead.
ECOS solver failed:  The solver ECOS is not installed. 
Using SCS instead.
ECOS solver failed:  The solver ECOS is not installed. 
Using SCS instead.
ECOS solver failed:  The solver ECOS is not installed. 
Using SCS instead.
ECOS solver failed:  The solver ECOS is not installed. 
Using SCS instead.
ECOS solver failed:  The solver ECOS is not installed. 
Using SCS instead.
ECOS solver failed:  The solver ECOS is not installed. 
Using SCS instead.
ECOS solver failed:  The solver ECOS is not installed. 
Using SCS instead.
ECOS solver failed:  The solver ECOS is not installed. 
Using SCS instead.
ECOS solver failed:  The solver ECOS is not installed. 
Using SCS instead.
ECOS solver failed:  The solver ECOS is not installed. 
Using SCS instead.
ECOS solver failed:  The solver ECOS is not installed. 
Using SCS instead.
ECOS solver failed:  The solver ECOS is not installed. 
Using SCS instead.
M-step Design Matrix Calculation time (sec): 0.0246
ECOS solver failed in IPCW_HAL_init, falling back to SCS: The solver ECOS is not installed.
WARNING - large complementary slackness residual: 0.026355
M-step CVXPY optimize time (sec): 4.4508
ECOS solver failed:  The solver ECOS is not installed. 
Using SCS instead.
ECOS solver failed:  The solver ECOS is not installed. 
Using SCS instead.
ECOS solver failed:  The solver ECOS is not installed. 
Using SCS instead.
ECOS solver failed:  The solver ECOS is not installed. 
Using SCS instead.
ECOS solver failed:  The solver ECOS is not installed. 
Using SCS instead.
ECOS solver failed:  The solver ECOS is not installed. 
Using SCS instead.
ECOS solver failed:  The solver ECOS is not installed. 
Using SCS instead.
ECOS solver failed:  The solver ECOS is not installed. 
Using SCS instead.
ECOS solver failed:  The solver ECOS is not installed. 
Using SCS instead.
ECOS solver failed:  The solver ECOS is not installed. 
Using SCS instead.
ECOS solver failed:  The solver ECOS is not installed. 
Using SCS instead.
ECOS solver failed:  The solver ECOS is not installed. 
Using SCS instead.
ECOS solver failed:  The solver ECOS is not installed. 
Using SCS instead.
ECOS solver failed:  The solver ECOS is not installed. 
Using SCS instead.
ECOS solver failed:  The solver ECOS is not installed. 
Using SCS instead.
ECOS solver failed:  The solver ECOS is not installed. 
Using SCS instead.
ECOS solver failed:  The solver ECOS is not installed. 
Using SCS instead.
ECOS solver failed:  The solver ECOS is not installed. 
Using SCS instead.
ECOS solver failed:  The solver ECOS is not installed. 
Using SCS instead.
ECOS solver failed:  The solver ECOS is not installed. 
Using SCS instead.
ECOS solver failed:  The solver ECOS is not installed. 
Using SCS instead.
M-step Design Matrix Calculation time (sec): 0.0221
ECOS solver failed in IPCW_HAL_init, falling back to SCS: The solver ECOS is not installed.
WARNING - large complementary slackness residual: 0.012366
M-step CVXPY optimize time (sec): 4.4191
ECOS solver failed:  The solver ECOS is not installed. 
Using SCS instead.
ECOS solver failed:  The solver ECOS is not installed. 
Using SCS instead.
ECOS solver failed:  The solver ECOS is not installed. 
Using SCS instead.
ECOS solver failed:  The solver ECOS is not installed. 
Using SCS instead.
ECOS solver failed:  The solver ECOS is not installed. 
Using SCS instead.
ECOS solver failed:  The solver ECOS is not installed. 
Using SCS instead.
ECOS solver failed:  The solver ECOS is not installed. 
Using SCS instead.
ECOS solver failed:  The solver ECOS is not installed. 
Using SCS instead.
ECOS solver failed:  The solver ECOS is not installed. 
Using SCS instead.
ECOS solver failed:  The solver ECOS is not installed. 
Using SCS instead.
ECOS solver failed:  The solver ECOS is not installed. 
Using SCS instead.
ECOS solver failed:  The solver ECOS is not installed. 
Using SCS instead.
ECOS solver failed:  The solver ECOS is not installed. 
Using SCS instead.
ECOS solver failed:  The solver ECOS is not installed. 
Using SCS instead.
ECOS solver failed:  The solver ECOS is not installed. 
Using SCS instead.
ECOS solver failed:  The solver ECOS is not installed. 
Using SCS instead.
ECOS solver failed:  The solver ECOS is not installed. 
Using SCS instead.
ECOS solver failed:  The solver ECOS is not installed. 
Using SCS instead.
ECOS solver failed:  The solver ECOS is not installed. 
Using SCS instead.
ECOS solver failed:  The solver ECOS is not installed. 
Using SCS instead.
ECOS solver failed:  The solver ECOS is not installed. 
Using SCS instead.
M-step Design Matrix Calculation time (sec): 0.1808
ECOS solver failed in IPCW_HAL_init, falling back to SCS: The solver ECOS is not installed.
M-step CVXPY optimize time (sec): 1.7671
ECOS solver failed:  The solver ECOS is not installed. 
Using SCS instead.
ECOS solver failed:  The solver ECOS is not installed. 
Using SCS instead.
ECOS solver failed:  The solver ECOS is not installed. 
Using SCS instead.
ECOS solver failed:  The solver ECOS is not installed. 
Using SCS instead.
ECOS solver failed:  The solver ECOS is not installed. 
Using SCS instead.
ECOS solver failed:  The solver ECOS is not installed. 
Using SCS instead.
ECOS solver failed:  The solver ECOS is not installed. 
Using SCS instead.
ECOS solver failed:  The solver ECOS is not installed. 
Using SCS instead.
ECOS solver failed:  The solver ECOS is not installed. 
Using SCS instead.
ECOS solver failed:  The solver ECOS is not installed. 
Using SCS instead.
ECOS solver failed:  The solver ECOS is not installed. 
Using SCS instead.
ECOS solver failed:  The solver ECOS is not installed. 
Using SCS instead.
ECOS solver failed:  The solver ECOS is not installed. 
Using SCS instead.
ECOS solver failed:  The solver ECOS is not installed. 
Using SCS instead.
ECOS solver failed:  The solver ECOS is not installed. 
Using SCS instead.
ECOS solver failed:  The solver ECOS is not installed. 
Using SCS instead.
ECOS solver failed:  The solver ECOS is not installed. 
Using SCS instead.
ECOS solver failed:  The solver ECOS is not installed. 
Using SCS instead.
ECOS solver failed:  The solver ECOS is not installed. 
Using SCS instead.
ECOS solver failed:  The solver ECOS is not installed. 
Using SCS instead.
ECOS solver failed:  The solver ECOS is not installed. 
Using SCS instead.
M-step Design Matrix Calculation time (sec): 0.2095
ECOS solver failed in IPCW_HAL_init, falling back to SCS: The solver ECOS is not installed.
M-step CVXPY optimize time (sec): 1.8515
ECOS solver failed:  The solver ECOS is not installed. 
Using SCS instead.
ECOS solver failed:  The solver ECOS is not installed. 
Using SCS instead.
ECOS solver failed:  The solver ECOS is not installed. 
Using SCS instead.
ECOS solver failed:  The solver ECOS is not installed. 
Using SCS instead.
ECOS solver failed:  The solver ECOS is not installed. 
Using SCS instead.
ECOS solver failed:  The solver ECOS is not installed. 
Using SCS instead.
ECOS solver failed:  The solver ECOS is not installed. 
Using SCS instead.
ECOS solver failed:  The solver ECOS is not installed. 
Using SCS instead.
ECOS solver failed:  The solver ECOS is not installed. 
Using SCS instead.
ECOS solver failed:  The solver ECOS is not installed. 
Using SCS instead.
ECOS solver failed:  The solver ECOS is not installed. 
Using SCS instead.
ECOS solver failed:  The solver ECOS is not installed. 
Using SCS instead.
ECOS solver failed:  The solver ECOS is not installed. 
Using SCS instead.
ECOS solver failed:  The solver ECOS is not installed. 
Using SCS instead.
ECOS solver failed:  The solver ECOS is not installed. 
Using SCS instead.
ECOS solver failed:  The solver ECOS is not installed. 
Using SCS instead.
ECOS solver failed:  The solver ECOS is not installed. 
Using SCS instead.
ECOS solver failed:  The solver ECOS is not installed. 
Using SCS instead.
ECOS solver failed:  The solver ECOS is not installed. 
Using SCS instead.
ECOS solver failed:  The solver ECOS is not installed. 
Using SCS instead.
ECOS solver failed:  The solver ECOS is not installed. 
Using SCS instead.
M-step Design Matrix Calculation time (sec): 0.1593
ECOS solver failed in IPCW_HAL_init, falling back to SCS: The solver ECOS is not installed.
WARNING - large complementary slackness residual: 0.013888
M-step CVXPY optimize time (sec): 4.0103
ECOS solver failed:  The solver ECOS is not installed. 
Using SCS instead.
ECOS solver failed:  The solver ECOS is not installed. 
Using SCS instead.
ECOS solver failed:  The solver ECOS is not installed. 
Using SCS instead.
ECOS solver failed:  The solver ECOS is not installed. 
Using SCS instead.
ECOS solver failed:  The solver ECOS is not installed. 
Using SCS instead.
ECOS solver failed:  The solver ECOS is not installed. 
Using SCS instead.
ECOS solver failed:  The solver ECOS is not installed. 
Using SCS instead.
ECOS solver failed:  The solver ECOS is not installed. 
Using SCS instead.
ECOS solver failed:  The solver ECOS is not installed. 
Using SCS instead.
ECOS solver failed:  The solver ECOS is not installed. 
Using SCS instead.
ECOS solver failed:  The solver ECOS is not installed. 
Using SCS instead.
ECOS solver failed:  The solver ECOS is not installed. 
Using SCS instead.
ECOS solver failed:  The solver ECOS is not installed. 
Using SCS instead.
ECOS solver failed:  The solver ECOS is not installed. 
Using SCS instead.
ECOS solver failed:  The solver ECOS is not installed. 
Using SCS instead.
ECOS solver failed:  The solver ECOS is not installed. 
Using SCS instead.
ECOS solver failed:  The solver ECOS is not installed. 
Using SCS instead.
ECOS solver failed:  The solver ECOS is not installed. 
Using SCS instead.
ECOS solver failed:  The solver ECOS is not installed. 
Using SCS instead.
ECOS solver failed:  The solver ECOS is not installed. 
Using SCS instead.
ECOS solver failed:  The solver ECOS is not installed. 
Using SCS instead.
M-step Design Matrix Calculation time (sec): 0.0322
ECOS solver failed in IPCW_HAL_init, falling back to SCS: The solver ECOS is not installed.
WARNING - large complementary slackness residual: 0.026854
M-step CVXPY optimize time (sec): 2.7505
ECOS solver failed:  The solver ECOS is not installed. 
Using SCS instead.
ECOS solver failed:  The solver ECOS is not installed. 
Using SCS instead.
ECOS solver failed:  The solver ECOS is not installed. 
Using SCS instead.
ECOS solver failed:  The solver ECOS is not installed. 
Using SCS instead.
ECOS solver failed:  The solver ECOS is not installed. 
Using SCS instead.
ECOS solver failed:  The solver ECOS is not installed. 
Using SCS instead.
ECOS solver failed:  The solver ECOS is not installed. 
Using SCS instead.
ECOS solver failed:  The solver ECOS is not installed. 
Using SCS instead.
ECOS solver failed:  The solver ECOS is not installed. 
Using SCS instead.
ECOS solver failed:  The solver ECOS is not installed. 
Using SCS instead.
ECOS solver failed:  The solver ECOS is not installed. 
Using SCS instead.
ECOS solver failed:  The solver ECOS is not installed. 
Using SCS instead.
ECOS solver failed:  The solver ECOS is not installed. 
Using SCS instead.
ECOS solver failed:  The solver ECOS is not installed. 
Using SCS instead.
ECOS solver failed:  The solver ECOS is not installed. 
Using SCS instead.
ECOS solver failed:  The solver ECOS is not installed. 
Using SCS instead.
ECOS solver failed:  The solver ECOS is not installed. 
Using SCS instead.
ECOS solver failed:  The solver ECOS is not installed. 
Using SCS instead.
ECOS solver failed:  The solver ECOS is not installed. 
Using SCS instead.
ECOS solver failed:  The solver ECOS is not installed. 
Using SCS instead.
ECOS solver failed:  The solver ECOS is not installed. 
Using SCS instead.
M-step Design Matrix Calculation time (sec): 0.1889
ECOS solver failed in IPCW_HAL_init, falling back to SCS: The solver ECOS is not installed.
WARNING - large complementary slackness residual: 0.006262
M-step CVXPY optimize time (sec): 2.5357
ECOS solver failed:  The solver ECOS is not installed. 
Using SCS instead.
ECOS solver failed:  The solver ECOS is not installed. 
Using SCS instead.
ECOS solver failed:  The solver ECOS is not installed. 
Using SCS instead.
ECOS solver failed:  The solver ECOS is not installed. 
Using SCS instead.
ECOS solver failed:  The solver ECOS is not installed. 
Using SCS instead.
ECOS solver failed:  The solver ECOS is not installed. 
Using SCS instead.
ECOS solver failed:  The solver ECOS is not installed. 
Using SCS instead.
ECOS solver failed:  The solver ECOS is not installed. 
Using SCS instead.
ECOS solver failed:  The solver ECOS is not installed. 
Using SCS instead.
ECOS solver failed:  The solver ECOS is not installed. 
Using SCS instead.
ECOS solver failed:  The solver ECOS is not installed. 
Using SCS instead.
ECOS solver failed:  The solver ECOS is not installed. 
Using SCS instead.
ECOS solver failed:  The solver ECOS is not installed. 
Using SCS instead.
ECOS solver failed:  The solver ECOS is not installed. 
Using SCS instead.
ECOS solver failed:  The solver ECOS is not installed. 
Using SCS instead.
ECOS solver failed:  The solver ECOS is not installed. 
Using SCS instead.
ECOS solver failed:  The solver ECOS is not installed. 
Using SCS instead.
ECOS solver failed:  The solver ECOS is not installed. 
Using SCS instead.
ECOS solver failed:  The solver ECOS is not installed. 
Using SCS instead.
ECOS solver failed:  The solver ECOS is not installed. 
Using SCS instead.
ECOS solver failed:  The solver ECOS is not installed. 
Using SCS instead.
M-step Design Matrix Calculation time (sec): 0.0184
ECOS solver failed in IPCW_HAL_init, falling back to SCS: The solver ECOS is not installed.
WARNING - large complementary slackness residual: 0.007256
M-step CVXPY optimize time (sec): 2.0599
ECOS solver failed:  The solver ECOS is not installed. 
Using SCS instead.
ECOS solver failed:  The solver ECOS is not installed. 
Using SCS instead.
ECOS solver failed:  The solver ECOS is not installed. 
Using SCS instead.
ECOS solver failed:  The solver ECOS is not installed. 
Using SCS instead.
ECOS solver failed:  The solver ECOS is not installed. 
Using SCS instead.
ECOS solver failed:  The solver ECOS is not installed. 
Using SCS instead.
ECOS solver failed:  The solver ECOS is not installed. 
Using SCS instead.
ECOS solver failed:  The solver ECOS is not installed. 
Using SCS instead.
ECOS solver failed:  The solver ECOS is not installed. 
Using SCS instead.
ECOS solver failed:  The solver ECOS is not installed. 
Using SCS instead.
ECOS solver failed:  The solver ECOS is not installed. 
Using SCS instead.
ECOS solver failed:  The solver ECOS is not installed. 
Using SCS instead.
ECOS solver failed:  The solver ECOS is not installed. 
Using SCS instead.
ECOS solver failed:  The solver ECOS is not installed. 
Using SCS instead.
ECOS solver failed:  The solver ECOS is not installed. 
Using SCS instead.
ECOS solver failed:  The solver ECOS is not installed. 
Using SCS instead.
ECOS solver failed:  The solver ECOS is not installed. 
Using SCS instead.
ECOS solver failed:  The solver ECOS is not installed. 
Using SCS instead.
ECOS solver failed:  The solver ECOS is not installed. 
Using SCS instead.
ECOS solver failed:  The solver ECOS is not installed. 
Using SCS instead.
ECOS solver failed:  The solver ECOS is not installed. 
Using SCS instead.
M-step Design Matrix Calculation time (sec): 0.0195
ECOS solver failed in IPCW_HAL_init, falling back to SCS: The solver ECOS is not installed.
M-step CVXPY optimize time (sec): 1.5890
ECOS solver failed:  The solver ECOS is not installed. 
Using SCS instead.
ECOS solver failed:  The solver ECOS is not installed. 
Using SCS instead.
ECOS solver failed:  The solver ECOS is not installed. 
Using SCS instead.
ECOS solver failed:  The solver ECOS is not installed. 
Using SCS instead.
ECOS solver failed:  The solver ECOS is not installed. 
Using SCS instead.
ECOS solver failed:  The solver ECOS is not installed. 
Using SCS instead.
ECOS solver failed:  The solver ECOS is not installed. 
Using SCS instead.
ECOS solver failed:  The solver ECOS is not installed. 
Using SCS instead.
ECOS solver failed:  The solver ECOS is not installed. 
Using SCS instead.
ECOS solver failed:  The solver ECOS is not installed. 
Using SCS instead.
ECOS solver failed:  The solver ECOS is not installed. 
Using SCS instead.
ECOS solver failed:  The solver ECOS is not installed. 
Using SCS instead.
ECOS solver failed:  The solver ECOS is not installed. 
Using SCS instead.
ECOS solver failed:  The solver ECOS is not installed. 
Using SCS instead.
ECOS solver failed:  The solver ECOS is not installed. 
Using SCS instead.
ECOS solver failed:  The solver ECOS is not installed. 
Using SCS instead.
ECOS solver failed:  The solver ECOS is not installed. 
Using SCS instead.
ECOS solver failed:  The solver ECOS is not installed. 
Using SCS instead.
ECOS solver failed:  The solver ECOS is not installed. 
Using SCS instead.
ECOS solver failed:  The solver ECOS is not installed. 
Using SCS instead.
ECOS solver failed:  The solver ECOS is not installed. 
Using SCS instead.
M-step Design Matrix Calculation time (sec): 0.0191
ECOS solver failed in IPCW_HAL_init, falling back to SCS: The solver ECOS is not installed.
WARNING - large complementary slackness residual: 0.023369
M-step CVXPY optimize time (sec): 2.1649
ECOS solver failed:  The solver ECOS is not installed. 
Using SCS instead.
ECOS solver failed:  The solver ECOS is not installed. 
Using SCS instead.
ECOS solver failed:  The solver ECOS is not installed. 
Using SCS instead.
ECOS solver failed:  The solver ECOS is not installed. 
Using SCS instead.
ECOS solver failed:  The solver ECOS is not installed. 
Using SCS instead.
ECOS solver failed:  The solver ECOS is not installed. 
Using SCS instead.
ECOS solver failed:  The solver ECOS is not installed. 
Using SCS instead.
ECOS solver failed:  The solver ECOS is not installed. 
Using SCS instead.
ECOS solver failed:  The solver ECOS is not installed. 
Using SCS instead.
ECOS solver failed:  The solver ECOS is not installed. 
Using SCS instead.
ECOS solver failed:  The solver ECOS is not installed. 
Using SCS instead.
ECOS solver failed:  The solver ECOS is not installed. 
Using SCS instead.
ECOS solver failed:  The solver ECOS is not installed. 
Using SCS instead.
ECOS solver failed:  The solver ECOS is not installed. 
Using SCS instead.
ECOS solver failed:  The solver ECOS is not installed. 
Using SCS instead.
ECOS solver failed:  The solver ECOS is not installed. 
Using SCS instead.
ECOS solver failed:  The solver ECOS is not installed. 
Using SCS instead.
ECOS solver failed:  The solver ECOS is not installed. 
Using SCS instead.
ECOS solver failed:  The solver ECOS is not installed. 
Using SCS instead.
ECOS solver failed:  The solver ECOS is not installed. 
Using SCS instead.
ECOS solver failed:  The solver ECOS is not installed. 
Using SCS instead.
M-step Design Matrix Calculation time (sec): 0.0177
ECOS solver failed in IPCW_HAL_init, falling back to SCS: The solver ECOS is not installed.
M-step CVXPY optimize time (sec): 0.4013
ECOS solver failed:  The solver ECOS is not installed. 
Using SCS instead.
ECOS solver failed:  The solver ECOS is not installed. 
Using SCS instead.
ECOS solver failed:  The solver ECOS is not installed. 
Using SCS instead.
ECOS solver failed:  The solver ECOS is not installed. 
Using SCS instead.
ECOS solver failed:  The solver ECOS is not installed. 
Using SCS instead.
ECOS solver failed:  The solver ECOS is not installed. 
Using SCS instead.
ECOS solver failed:  The solver ECOS is not installed. 
Using SCS instead.
ECOS solver failed:  The solver ECOS is not installed. 
Using SCS instead.
ECOS solver failed:  The solver ECOS is not installed. 
Using SCS instead.
ECOS solver failed:  The solver ECOS is not installed. 
Using SCS instead.
ECOS solver failed:  The solver ECOS is not installed. 
Using SCS instead.
ECOS solver failed:  The solver ECOS is not installed. 
Using SCS instead.
ECOS solver failed:  The solver ECOS is not installed. 
Using SCS instead.
ECOS solver failed:  The solver ECOS is not installed. 
Using SCS instead.
ECOS solver failed:  The solver ECOS is not installed. 
Using SCS instead.
ECOS solver failed:  The solver ECOS is not installed. 
Using SCS instead.
ECOS solver failed:  The solver ECOS is not installed. 
Using SCS instead.
ECOS solver failed:  The solver ECOS is not installed. 
Using SCS instead.
ECOS solver failed:  The solver ECOS is not installed. 
Using SCS instead.
ECOS solver failed:  The solver ECOS is not installed. 
Using SCS instead.
ECOS solver failed:  The solver ECOS is not installed. 
Using SCS instead.
M-step Design Matrix Calculation time (sec): 0.1141
ECOS solver failed in IPCW_HAL_init, falling back to SCS: The solver ECOS is not installed.
WARNING - large complementary slackness residual: 0.022218
M-step CVXPY optimize time (sec): 6.0732
ECOS solver failed:  The solver ECOS is not installed. 
Using SCS instead.
ECOS solver failed:  The solver ECOS is not installed. 
Using SCS instead.
ECOS solver failed:  The solver ECOS is not installed. 
Using SCS instead.
ECOS solver failed:  The solver ECOS is not installed. 
Using SCS instead.
ECOS solver failed:  The solver ECOS is not installed. 
Using SCS instead.
ECOS solver failed:  The solver ECOS is not installed. 
Using SCS instead.
ECOS solver failed:  The solver ECOS is not installed. 
Using SCS instead.
ECOS solver failed:  The solver ECOS is not installed. 
Using SCS instead.
ECOS solver failed:  The solver ECOS is not installed. 
Using SCS instead.
ECOS solver failed:  The solver ECOS is not installed. 
Using SCS instead.
ECOS solver failed:  The solver ECOS is not installed. 
Using SCS instead.
ECOS solver failed:  The solver ECOS is not installed. 
Using SCS instead.
ECOS solver failed:  The solver ECOS is not installed. 
Using SCS instead.
ECOS solver failed:  The solver ECOS is not installed. 
Using SCS instead.
ECOS solver failed:  The solver ECOS is not installed. 
Using SCS instead.
ECOS solver failed:  The solver ECOS is not installed. 
Using SCS instead.
ECOS solver failed:  The solver ECOS is not installed. 
Using SCS instead.
ECOS solver failed:  The solver ECOS is not installed. 
Using SCS instead.
ECOS solver failed:  The solver ECOS is not installed. 
Using SCS instead.
ECOS solver failed:  The solver ECOS is not installed. 
Using SCS instead.
ECOS solver failed:  The solver ECOS is not installed. 
Using SCS instead.
M-step Design Matrix Calculation time (sec): 0.0280
ECOS solver failed in IPCW_HAL_init, falling back to SCS: The solver ECOS is not installed.
M-step CVXPY optimize time (sec): 1.6626
ECOS solver failed:  The solver ECOS is not installed. 
Using SCS instead.
ECOS solver failed:  The solver ECOS is not installed. 
Using SCS instead.
ECOS solver failed:  The solver ECOS is not installed. 
Using SCS instead.
ECOS solver failed:  The solver ECOS is not installed. 
Using SCS instead.
ECOS solver failed:  The solver ECOS is not installed. 
Using SCS instead.
ECOS solver failed:  The solver ECOS is not installed. 
Using SCS instead.
ECOS solver failed:  The solver ECOS is not installed. 
Using SCS instead.
ECOS solver failed:  The solver ECOS is not installed. 
Using SCS instead.
ECOS solver failed:  The solver ECOS is not installed. 
Using SCS instead.
ECOS solver failed:  The solver ECOS is not installed. 
Using SCS instead.
ECOS solver failed:  The solver ECOS is not installed. 
Using SCS instead.
ECOS solver failed:  The solver ECOS is not installed. 
Using SCS instead.
ECOS solver failed:  The solver ECOS is not installed. 
Using SCS instead.
ECOS solver failed:  The solver ECOS is not installed. 
Using SCS instead.
ECOS solver failed:  The solver ECOS is not installed. 
Using SCS instead.
ECOS solver failed:  The solver ECOS is not installed. 
Using SCS instead.
ECOS solver failed:  The solver ECOS is not installed. 
Using SCS instead.
ECOS solver failed:  The solver ECOS is not installed. 
Using SCS instead.
ECOS solver failed:  The solver ECOS is not installed. 
Using SCS instead.
ECOS solver failed:  The solver ECOS is not installed. 
Using SCS instead.
ECOS solver failed:  The solver ECOS is not installed. 
Using SCS instead.
M-step Design Matrix Calculation time (sec): 0.0181
ECOS solver failed in IPCW_HAL_init, falling back to SCS: The solver ECOS is not installed.
WARNING - large complementary slackness residual: 0.012647
M-step CVXPY optimize time (sec): 1.6333
ECOS solver failed:  The solver ECOS is not installed. 
Using SCS instead.
ECOS solver failed:  The solver ECOS is not installed. 
Using SCS instead.
ECOS solver failed:  The solver ECOS is not installed. 
Using SCS instead.
ECOS solver failed:  The solver ECOS is not installed. 
Using SCS instead.
ECOS solver failed:  The solver ECOS is not installed. 
Using SCS instead.
ECOS solver failed:  The solver ECOS is not installed. 
Using SCS instead.
ECOS solver failed:  The solver ECOS is not installed. 
Using SCS instead.
ECOS solver failed:  The solver ECOS is not installed. 
Using SCS instead.
ECOS solver failed:  The solver ECOS is not installed. 
Using SCS instead.
ECOS solver failed:  The solver ECOS is not installed. 
Using SCS instead.
ECOS solver failed:  The solver ECOS is not installed. 
Using SCS instead.
ECOS solver failed:  The solver ECOS is not installed. 
Using SCS instead.
ECOS solver failed:  The solver ECOS is not installed. 
Using SCS instead.
ECOS solver failed:  The solver ECOS is not installed. 
Using SCS instead.
ECOS solver failed:  The solver ECOS is not installed. 
Using SCS instead.
ECOS solver failed:  The solver ECOS is not installed. 
Using SCS instead.
ECOS solver failed:  The solver ECOS is not installed. 
Using SCS instead.
ECOS solver failed:  The solver ECOS is not installed. 
Using SCS instead.
ECOS solver failed:  The solver ECOS is not installed. 
Using SCS instead.
ECOS solver failed:  The solver ECOS is not installed. 
Using SCS instead.
ECOS solver failed:  The solver ECOS is not installed. 
Using SCS instead.
M-step Design Matrix Calculation time (sec): 0.1195
ECOS solver failed in IPCW_HAL_init, falling back to SCS: The solver ECOS is not installed.
WARNING - large complementary slackness residual: 0.017482
M-step CVXPY optimize time (sec): 3.9433
ECOS solver failed:  The solver ECOS is not installed. 
Using SCS instead.
ECOS solver failed:  The solver ECOS is not installed. 
Using SCS instead.
ECOS solver failed:  The solver ECOS is not installed. 
Using SCS instead.
ECOS solver failed:  The solver ECOS is not installed. 
Using SCS instead.
ECOS solver failed:  The solver ECOS is not installed. 
Using SCS instead.
ECOS solver failed:  The solver ECOS is not installed. 
Using SCS instead.
ECOS solver failed:  The solver ECOS is not installed. 
Using SCS instead.
ECOS solver failed:  The solver ECOS is not installed. 
Using SCS instead.
ECOS solver failed:  The solver ECOS is not installed. 
Using SCS instead.
ECOS solver failed:  The solver ECOS is not installed. 
Using SCS instead.
ECOS solver failed:  The solver ECOS is not installed. 
Using SCS instead.
ECOS solver failed:  The solver ECOS is not installed. 
Using SCS instead.
ECOS solver failed:  The solver ECOS is not installed. 
Using SCS instead.
ECOS solver failed:  The solver ECOS is not installed. 
Using SCS instead.
ECOS solver failed:  The solver ECOS is not installed. 
Using SCS instead.
ECOS solver failed:  The solver ECOS is not installed. 
Using SCS instead.
ECOS solver failed:  The solver ECOS is not installed. 
Using SCS instead.
ECOS solver failed:  The solver ECOS is not installed. 
Using SCS instead.
ECOS solver failed:  The solver ECOS is not installed. 
Using SCS instead.
ECOS solver failed:  The solver ECOS is not installed. 
Using SCS instead.
ECOS solver failed:  The solver ECOS is not installed. 
Using SCS instead.
M-step Design Matrix Calculation time (sec): 0.0190
ECOS solver failed in IPCW_HAL_init, falling back to SCS: The solver ECOS is not installed.
WARNING - large complementary slackness residual: 0.026705
M-step CVXPY optimize time (sec): 2.5245
ECOS solver failed:  The solver ECOS is not installed. 
Using SCS instead.
ECOS solver failed:  The solver ECOS is not installed. 
Using SCS instead.
ECOS solver failed:  The solver ECOS is not installed. 
Using SCS instead.
ECOS solver failed:  The solver ECOS is not installed. 
Using SCS instead.
ECOS solver failed:  The solver ECOS is not installed. 
Using SCS instead.
ECOS solver failed:  The solver ECOS is not installed. 
Using SCS instead.
ECOS solver failed:  The solver ECOS is not installed. 
Using SCS instead.
ECOS solver failed:  The solver ECOS is not installed. 
Using SCS instead.
ECOS solver failed:  The solver ECOS is not installed. 
Using SCS instead.
ECOS solver failed:  The solver ECOS is not installed. 
Using SCS instead.
ECOS solver failed:  The solver ECOS is not installed. 
Using SCS instead.
ECOS solver failed:  The solver ECOS is not installed. 
Using SCS instead.
ECOS solver failed:  The solver ECOS is not installed. 
Using SCS instead.
ECOS solver failed:  The solver ECOS is not installed. 
Using SCS instead.
ECOS solver failed:  The solver ECOS is not installed. 
Using SCS instead.
ECOS solver failed:  The solver ECOS is not installed. 
Using SCS instead.
ECOS solver failed:  The solver ECOS is not installed. 
Using SCS instead.
ECOS solver failed:  The solver ECOS is not installed. 
Using SCS instead.
ECOS solver failed:  The solver ECOS is not installed. 
Using SCS instead.
ECOS solver failed:  The solver ECOS is not installed. 
Using SCS instead.
ECOS solver failed:  The solver ECOS is not installed. 
Using SCS instead.
M-step Design Matrix Calculation time (sec): 0.0569
ECOS solver failed in IPCW_HAL_init, falling back to SCS: The solver ECOS is not installed.
WARNING - large complementary slackness residual: 0.004641
M-step CVXPY optimize time (sec): 3.2609
ECOS solver failed:  The solver ECOS is not installed. 
Using SCS instead.
ECOS solver failed:  The solver ECOS is not installed. 
Using SCS instead.
ECOS solver failed:  The solver ECOS is not installed. 
Using SCS instead.
ECOS solver failed:  The solver ECOS is not installed. 
Using SCS instead.
ECOS solver failed:  The solver ECOS is not installed. 
Using SCS instead.
ECOS solver failed:  The solver ECOS is not installed. 
Using SCS instead.
ECOS solver failed:  The solver ECOS is not installed. 
Using SCS instead.
ECOS solver failed:  The solver ECOS is not installed. 
Using SCS instead.
ECOS solver failed:  The solver ECOS is not installed. 
Using SCS instead.
ECOS solver failed:  The solver ECOS is not installed. 
Using SCS instead.
ECOS solver failed:  The solver ECOS is not installed. 
Using SCS instead.
ECOS solver failed:  The solver ECOS is not installed. 
Using SCS instead.
ECOS solver failed:  The solver ECOS is not installed. 
Using SCS instead.
ECOS solver failed:  The solver ECOS is not installed. 
Using SCS instead.
ECOS solver failed:  The solver ECOS is not installed. 
Using SCS instead.
ECOS solver failed:  The solver ECOS is not installed. 
Using SCS instead.
ECOS solver failed:  The solver ECOS is not installed. 
Using SCS instead.
ECOS solver failed:  The solver ECOS is not installed. 
Using SCS instead.
ECOS solver failed:  The solver ECOS is not installed. 
Using SCS instead.
ECOS solver failed:  The solver ECOS is not installed. 
Using SCS instead.
ECOS solver failed:  The solver ECOS is not installed. 
Using SCS instead.
M-step Design Matrix Calculation time (sec): 0.0758
ECOS solver failed in IPCW_HAL_init, falling back to SCS: The solver ECOS is not installed.
WARNING - large complementary slackness residual: 0.033213
M-step CVXPY optimize time (sec): 2.0025
ECOS solver failed:  The solver ECOS is not installed. 
Using SCS instead.
ECOS solver failed:  The solver ECOS is not installed. 
Using SCS instead.
ECOS solver failed:  The solver ECOS is not installed. 
Using SCS instead.
ECOS solver failed:  The solver ECOS is not installed. 
Using SCS instead.
ECOS solver failed:  The solver ECOS is not installed. 
Using SCS instead.
ECOS solver failed:  The solver ECOS is not installed. 
Using SCS instead.
ECOS solver failed:  The solver ECOS is not installed. 
Using SCS instead.
ECOS solver failed:  The solver ECOS is not installed. 
Using SCS instead.
ECOS solver failed:  The solver ECOS is not installed. 
Using SCS instead.
ECOS solver failed:  The solver ECOS is not installed. 
Using SCS instead.
ECOS solver failed:  The solver ECOS is not installed. 
Using SCS instead.
ECOS solver failed:  The solver ECOS is not installed. 
Using SCS instead.
ECOS solver failed:  The solver ECOS is not installed. 
Using SCS instead.
ECOS solver failed:  The solver ECOS is not installed. 
Using SCS instead.
ECOS solver failed:  The solver ECOS is not installed. 
Using SCS instead.
ECOS solver failed:  The solver ECOS is not installed. 
Using SCS instead.
ECOS solver failed:  The solver ECOS is not installed. 
Using SCS instead.
ECOS solver failed:  The solver ECOS is not installed. 
Using SCS instead.
ECOS solver failed:  The solver ECOS is not installed. 
Using SCS instead.
ECOS solver failed:  The solver ECOS is not installed. 
Using SCS instead.
ECOS solver failed:  The solver ECOS is not installed. 
Using SCS instead.
M-step Design Matrix Calculation time (sec): 0.0718
ECOS solver failed in IPCW_HAL_init, falling back to SCS: The solver ECOS is not installed.
WARNING - large complementary slackness residual: 0.011396
M-step CVXPY optimize time (sec): 4.3192
ECOS solver failed:  The solver ECOS is not installed. 
Using SCS instead.
ECOS solver failed:  The solver ECOS is not installed. 
Using SCS instead.
ECOS solver failed:  The solver ECOS is not installed. 
Using SCS instead.
ECOS solver failed:  The solver ECOS is not installed. 
Using SCS instead.
ECOS solver failed:  The solver ECOS is not installed. 
Using SCS instead.
ECOS solver failed:  The solver ECOS is not installed. 
Using SCS instead.
ECOS solver failed:  The solver ECOS is not installed. 
Using SCS instead.
ECOS solver failed:  The solver ECOS is not installed. 
Using SCS instead.
ECOS solver failed:  The solver ECOS is not installed. 
Using SCS instead.
ECOS solver failed:  The solver ECOS is not installed. 
Using SCS instead.
ECOS solver failed:  The solver ECOS is not installed. 
Using SCS instead.
ECOS solver failed:  The solver ECOS is not installed. 
Using SCS instead.
ECOS solver failed:  The solver ECOS is not installed. 
Using SCS instead.
ECOS solver failed:  The solver ECOS is not installed. 
Using SCS instead.
ECOS solver failed:  The solver ECOS is not installed. 
Using SCS instead.
ECOS solver failed:  The solver ECOS is not installed. 
Using SCS instead.
ECOS solver failed:  The solver ECOS is not installed. 
Using SCS instead.
ECOS solver failed:  The solver ECOS is not installed. 
Using SCS instead.
ECOS solver failed:  The solver ECOS is not installed. 
Using SCS instead.
ECOS solver failed:  The solver ECOS is not installed. 
Using SCS instead.
ECOS solver failed:  The solver ECOS is not installed. 
Using SCS instead.
M-step Design Matrix Calculation time (sec): 0.1003
ECOS solver failed in IPCW_HAL_init, falling back to SCS: The solver ECOS is not installed.
WARNING - large complementary slackness residual: 0.020012
M-step CVXPY optimize time (sec): 2.6903
ECOS solver failed:  The solver ECOS is not installed. 
Using SCS instead.
ECOS solver failed:  The solver ECOS is not installed. 
Using SCS instead.
ECOS solver failed:  The solver ECOS is not installed. 
Using SCS instead.
ECOS solver failed:  The solver ECOS is not installed. 
Using SCS instead.
ECOS solver failed:  The solver ECOS is not installed. 
Using SCS instead.
ECOS solver failed:  The solver ECOS is not installed. 
Using SCS instead.
ECOS solver failed:  The solver ECOS is not installed. 
Using SCS instead.
ECOS solver failed:  The solver ECOS is not installed. 
Using SCS instead.
ECOS solver failed:  The solver ECOS is not installed. 
Using SCS instead.
ECOS solver failed:  The solver ECOS is not installed. 
Using SCS instead.
ECOS solver failed:  The solver ECOS is not installed. 
Using SCS instead.
ECOS solver failed:  The solver ECOS is not installed. 
Using SCS instead.
ECOS solver failed:  The solver ECOS is not installed. 
Using SCS instead.
ECOS solver failed:  The solver ECOS is not installed. 
Using SCS instead.
ECOS solver failed:  The solver ECOS is not installed. 
Using SCS instead.
ECOS solver failed:  The solver ECOS is not installed. 
Using SCS instead.
ECOS solver failed:  The solver ECOS is not installed. 
Using SCS instead.
ECOS solver failed:  The solver ECOS is not installed. 
Using SCS instead.
ECOS solver failed:  The solver ECOS is not installed. 
Using SCS instead.
ECOS solver failed:  The solver ECOS is not installed. 
Using SCS instead.
ECOS solver failed:  The solver ECOS is not installed. 
Using SCS instead.
M-step Design Matrix Calculation time (sec): 0.0467
ECOS solver failed in IPCW_HAL_init, falling back to SCS: The solver ECOS is not installed.
WARNING - large complementary slackness residual: 0.006588
M-step CVXPY optimize time (sec): 1.0715
ECOS solver failed:  The solver ECOS is not installed. 
Using SCS instead.
ECOS solver failed:  The solver ECOS is not installed. 
Using SCS instead.
ECOS solver failed:  The solver ECOS is not installed. 
Using SCS instead.
ECOS solver failed:  The solver ECOS is not installed. 
Using SCS instead.
ECOS solver failed:  The solver ECOS is not installed. 
Using SCS instead.
ECOS solver failed:  The solver ECOS is not installed. 
Using SCS instead.
ECOS solver failed:  The solver ECOS is not installed. 
Using SCS instead.
ECOS solver failed:  The solver ECOS is not installed. 
Using SCS instead.
ECOS solver failed:  The solver ECOS is not installed. 
Using SCS instead.
ECOS solver failed:  The solver ECOS is not installed. 
Using SCS instead.
ECOS solver failed:  The solver ECOS is not installed. 
Using SCS instead.
ECOS solver failed:  The solver ECOS is not installed. 
Using SCS instead.
ECOS solver failed:  The solver ECOS is not installed. 
Using SCS instead.
ECOS solver failed:  The solver ECOS is not installed. 
Using SCS instead.
ECOS solver failed:  The solver ECOS is not installed. 
Using SCS instead.
ECOS solver failed:  The solver ECOS is not installed. 
Using SCS instead.
ECOS solver failed:  The solver ECOS is not installed. 
Using SCS instead.
ECOS solver failed:  The solver ECOS is not installed. 
Using SCS instead.
ECOS solver failed:  The solver ECOS is not installed. 
Using SCS instead.
ECOS solver failed:  The solver ECOS is not installed. 
Using SCS instead.
ECOS solver failed:  The solver ECOS is not installed. 
Using SCS instead.
M-step Design Matrix Calculation time (sec): 0.0389
ECOS solver failed in IPCW_HAL_init, falling back to SCS: The solver ECOS is not installed.
WARNING - large complementary slackness residual: 0.017142
M-step CVXPY optimize time (sec): 4.3270
ECOS solver failed:  The solver ECOS is not installed. 
Using SCS instead.
ECOS solver failed:  The solver ECOS is not installed. 
Using SCS instead.
ECOS solver failed:  The solver ECOS is not installed. 
Using SCS instead.
ECOS solver failed:  The solver ECOS is not installed. 
Using SCS instead.
ECOS solver failed:  The solver ECOS is not installed. 
Using SCS instead.
ECOS solver failed:  The solver ECOS is not installed. 
Using SCS instead.
ECOS solver failed:  The solver ECOS is not installed. 
Using SCS instead.
ECOS solver failed:  The solver ECOS is not installed. 
Using SCS instead.
ECOS solver failed:  The solver ECOS is not installed. 
Using SCS instead.
ECOS solver failed:  The solver ECOS is not installed. 
Using SCS instead.
ECOS solver failed:  The solver ECOS is not installed. 
Using SCS instead.
ECOS solver failed:  The solver ECOS is not installed. 
Using SCS instead.
ECOS solver failed:  The solver ECOS is not installed. 
Using SCS instead.
ECOS solver failed:  The solver ECOS is not installed. 
Using SCS instead.
ECOS solver failed:  The solver ECOS is not installed. 
Using SCS instead.
ECOS solver failed:  The solver ECOS is not installed. 
Using SCS instead.
ECOS solver failed:  The solver ECOS is not installed. 
Using SCS instead.
ECOS solver failed:  The solver ECOS is not installed. 
Using SCS instead.
ECOS solver failed:  The solver ECOS is not installed. 
Using SCS instead.
ECOS solver failed:  The solver ECOS is not installed. 
Using SCS instead.
ECOS solver failed:  The solver ECOS is not installed. 
Using SCS instead.
M-step Design Matrix Calculation time (sec): 0.0701
ECOS solver failed in IPCW_HAL_init, falling back to SCS: The solver ECOS is not installed.
M-step CVXPY optimize time (sec): 0.3684
ECOS solver failed:  The solver ECOS is not installed. 
Using SCS instead.
ECOS solver failed:  The solver ECOS is not installed. 
Using SCS instead.
ECOS solver failed:  The solver ECOS is not installed. 
Using SCS instead.
ECOS solver failed:  The solver ECOS is not installed. 
Using SCS instead.
ECOS solver failed:  The solver ECOS is not installed. 
Using SCS instead.
ECOS solver failed:  The solver ECOS is not installed. 
Using SCS instead.
ECOS solver failed:  The solver ECOS is not installed. 
Using SCS instead.
ECOS solver failed:  The solver ECOS is not installed. 
Using SCS instead.
ECOS solver failed:  The solver ECOS is not installed. 
Using SCS instead.
ECOS solver failed:  The solver ECOS is not installed. 
Using SCS instead.
ECOS solver failed:  The solver ECOS is not installed. 
Using SCS instead.
ECOS solver failed:  The solver ECOS is not installed. 
Using SCS instead.
ECOS solver failed:  The solver ECOS is not installed. 
Using SCS instead.
ECOS solver failed:  The solver ECOS is not installed. 
Using SCS instead.
ECOS solver failed:  The solver ECOS is not installed. 
Using SCS instead.
ECOS solver failed:  The solver ECOS is not installed. 
Using SCS instead.
ECOS solver failed:  The solver ECOS is not installed. 
Using SCS instead.
ECOS solver failed:  The solver ECOS is not installed. 
Using SCS instead.
ECOS solver failed:  The solver ECOS is not installed. 
Using SCS instead.
ECOS solver failed:  The solver ECOS is not installed. 
Using SCS instead.
ECOS solver failed:  The solver ECOS is not installed. 
Using SCS instead.
M-step Design Matrix Calculation time (sec): 0.3055
ECOS solver failed in IPCW_HAL_init, falling back to SCS: The solver ECOS is not installed.
WARNING - large complementary slackness residual: 0.006045
M-step CVXPY optimize time (sec): 1.9617
ECOS solver failed:  The solver ECOS is not installed. 
Using SCS instead.
ECOS solver failed:  The solver ECOS is not installed. 
Using SCS instead.
ECOS solver failed:  The solver ECOS is not installed. 
Using SCS instead.
ECOS solver failed:  The solver ECOS is not installed. 
Using SCS instead.
ECOS solver failed:  The solver ECOS is not installed. 
Using SCS instead.
ECOS solver failed:  The solver ECOS is not installed. 
Using SCS instead.
ECOS solver failed:  The solver ECOS is not installed. 
Using SCS instead.
ECOS solver failed:  The solver ECOS is not installed. 
Using SCS instead.
ECOS solver failed:  The solver ECOS is not installed. 
Using SCS instead.
ECOS solver failed:  The solver ECOS is not installed. 
Using SCS instead.
ECOS solver failed:  The solver ECOS is not installed. 
Using SCS instead.
ECOS solver failed:  The solver ECOS is not installed. 
Using SCS instead.
ECOS solver failed:  The solver ECOS is not installed. 
Using SCS instead.
ECOS solver failed:  The solver ECOS is not installed. 
Using SCS instead.
ECOS solver failed:  The solver ECOS is not installed. 
Using SCS instead.
ECOS solver failed:  The solver ECOS is not installed. 
Using SCS instead.
ECOS solver failed:  The solver ECOS is not installed. 
Using SCS instead.
ECOS solver failed:  The solver ECOS is not installed. 
Using SCS instead.
ECOS solver failed:  The solver ECOS is not installed. 
Using SCS instead.
ECOS solver failed:  The solver ECOS is not installed. 
Using SCS instead.
ECOS solver failed:  The solver ECOS is not installed. 
Using SCS instead.
M-step Design Matrix Calculation time (sec): 0.0655
ECOS solver failed in IPCW_HAL_init, falling back to SCS: The solver ECOS is not installed.
M-step CVXPY optimize time (sec): 0.8268
ECOS solver failed:  The solver ECOS is not installed. 
Using SCS instead.
ECOS solver failed:  The solver ECOS is not installed. 
Using SCS instead.
ECOS solver failed:  The solver ECOS is not installed. 
Using SCS instead.
ECOS solver failed:  The solver ECOS is not installed. 
Using SCS instead.
ECOS solver failed:  The solver ECOS is not installed. 
Using SCS instead.
ECOS solver failed:  The solver ECOS is not installed. 
Using SCS instead.
ECOS solver failed:  The solver ECOS is not installed. 
Using SCS instead.
ECOS solver failed:  The solver ECOS is not installed. 
Using SCS instead.
ECOS solver failed:  The solver ECOS is not installed. 
Using SCS instead.
ECOS solver failed:  The solver ECOS is not installed. 
Using SCS instead.
ECOS solver failed:  The solver ECOS is not installed. 
Using SCS instead.
ECOS solver failed:  The solver ECOS is not installed. 
Using SCS instead.
ECOS solver failed:  The solver ECOS is not installed. 
Using SCS instead.
ECOS solver failed:  The solver ECOS is not installed. 
Using SCS instead.
ECOS solver failed:  The solver ECOS is not installed. 
Using SCS instead.
ECOS solver failed:  The solver ECOS is not installed. 
Using SCS instead.
ECOS solver failed:  The solver ECOS is not installed. 
Using SCS instead.
ECOS solver failed:  The solver ECOS is not installed. 
Using SCS instead.
ECOS solver failed:  The solver ECOS is not installed. 
Using SCS instead.
ECOS solver failed:  The solver ECOS is not installed. 
Using SCS instead.
ECOS solver failed:  The solver ECOS is not installed. 
Using SCS instead.
M-step Design Matrix Calculation time (sec): 0.0431
ECOS solver failed in IPCW_HAL_init, falling back to SCS: The solver ECOS is not installed.
WARNING - large complementary slackness residual: 0.026248
M-step CVXPY optimize time (sec): 1.6731
ECOS solver failed:  The solver ECOS is not installed. 
Using SCS instead.
ECOS solver failed:  The solver ECOS is not installed. 
Using SCS instead.
ECOS solver failed:  The solver ECOS is not installed. 
Using SCS instead.
ECOS solver failed:  The solver ECOS is not installed. 
Using SCS instead.
ECOS solver failed:  The solver ECOS is not installed. 
Using SCS instead.
ECOS solver failed:  The solver ECOS is not installed. 
Using SCS instead.
ECOS solver failed:  The solver ECOS is not installed. 
Using SCS instead.
ECOS solver failed:  The solver ECOS is not installed. 
Using SCS instead.
ECOS solver failed:  The solver ECOS is not installed. 
Using SCS instead.
ECOS solver failed:  The solver ECOS is not installed. 
Using SCS instead.
ECOS solver failed:  The solver ECOS is not installed. 
Using SCS instead.
ECOS solver failed:  The solver ECOS is not installed. 
Using SCS instead.
ECOS solver failed:  The solver ECOS is not installed. 
Using SCS instead.
ECOS solver failed:  The solver ECOS is not installed. 
Using SCS instead.
ECOS solver failed:  The solver ECOS is not installed. 
Using SCS instead.
ECOS solver failed:  The solver ECOS is not installed. 
Using SCS instead.
ECOS solver failed:  The solver ECOS is not installed. 
Using SCS instead.
ECOS solver failed:  The solver ECOS is not installed. 
Using SCS instead.
ECOS solver failed:  The solver ECOS is not installed. 
Using SCS instead.
ECOS solver failed:  The solver ECOS is not installed. 
Using SCS instead.
ECOS solver failed:  The solver ECOS is not installed. 
Using SCS instead.
M-step Design Matrix Calculation time (sec): 0.0195
ECOS solver failed in IPCW_HAL_init, falling back to SCS: The solver ECOS is not installed.
WARNING - large complementary slackness residual: 0.004497
M-step CVXPY optimize time (sec): 2.0648
ECOS solver failed:  The solver ECOS is not installed. 
Using SCS instead.
ECOS solver failed:  The solver ECOS is not installed. 
Using SCS instead.
ECOS solver failed:  The solver ECOS is not installed. 
Using SCS instead.
ECOS solver failed:  The solver ECOS is not installed. 
Using SCS instead.
ECOS solver failed:  The solver ECOS is not installed. 
Using SCS instead.
ECOS solver failed:  The solver ECOS is not installed. 
Using SCS instead.
ECOS solver failed:  The solver ECOS is not installed. 
Using SCS instead.
ECOS solver failed:  The solver ECOS is not installed. 
Using SCS instead.
ECOS solver failed:  The solver ECOS is not installed. 
Using SCS instead.
ECOS solver failed:  The solver ECOS is not installed. 
Using SCS instead.
ECOS solver failed:  The solver ECOS is not installed. 
Using SCS instead.
ECOS solver failed:  The solver ECOS is not installed. 
Using SCS instead.
ECOS solver failed:  The solver ECOS is not installed. 
Using SCS instead.
ECOS solver failed:  The solver ECOS is not installed. 
Using SCS instead.
ECOS solver failed:  The solver ECOS is not installed. 
Using SCS instead.
ECOS solver failed:  The solver ECOS is not installed. 
Using SCS instead.
ECOS solver failed:  The solver ECOS is not installed. 
Using SCS instead.
ECOS solver failed:  The solver ECOS is not installed. 
Using SCS instead.
ECOS solver failed:  The solver ECOS is not installed. 
Using SCS instead.
ECOS solver failed:  The solver ECOS is not installed. 
Using SCS instead.
ECOS solver failed:  The solver ECOS is not installed. 
Using SCS instead.
M-step Design Matrix Calculation time (sec): 0.2485
ECOS solver failed in IPCW_HAL_init, falling back to SCS: The solver ECOS is not installed.
WARNING - large complementary slackness residual: 0.032767
M-step CVXPY optimize time (sec): 3.2029
ECOS solver failed:  The solver ECOS is not installed. 
Using SCS instead.
ECOS solver failed:  The solver ECOS is not installed. 
Using SCS instead.
ECOS solver failed:  The solver ECOS is not installed. 
Using SCS instead.
ECOS solver failed:  The solver ECOS is not installed. 
Using SCS instead.
ECOS solver failed:  The solver ECOS is not installed. 
Using SCS instead.
ECOS solver failed:  The solver ECOS is not installed. 
Using SCS instead.
ECOS solver failed:  The solver ECOS is not installed. 
Using SCS instead.
ECOS solver failed:  The solver ECOS is not installed. 
Using SCS instead.
ECOS solver failed:  The solver ECOS is not installed. 
Using SCS instead.
ECOS solver failed:  The solver ECOS is not installed. 
Using SCS instead.
ECOS solver failed:  The solver ECOS is not installed. 
Using SCS instead.
ECOS solver failed:  The solver ECOS is not installed. 
Using SCS instead.
ECOS solver failed:  The solver ECOS is not installed. 
Using SCS instead.
ECOS solver failed:  The solver ECOS is not installed. 
Using SCS instead.
ECOS solver failed:  The solver ECOS is not installed. 
Using SCS instead.
ECOS solver failed:  The solver ECOS is not installed. 
Using SCS instead.
ECOS solver failed:  The solver ECOS is not installed. 
Using SCS instead.
ECOS solver failed:  The solver ECOS is not installed. 
Using SCS instead.
ECOS solver failed:  The solver ECOS is not installed. 
Using SCS instead.
ECOS solver failed:  The solver ECOS is not installed. 
Using SCS instead.
ECOS solver failed:  The solver ECOS is not installed. 
Using SCS instead.
M-step Design Matrix Calculation time (sec): 0.0908
ECOS solver failed in IPCW_HAL_init, falling back to SCS: The solver ECOS is not installed.
WARNING - large complementary slackness residual: 0.004752
M-step CVXPY optimize time (sec): 2.4082
ECOS solver failed:  The solver ECOS is not installed. 
Using SCS instead.
ECOS solver failed:  The solver ECOS is not installed. 
Using SCS instead.
ECOS solver failed:  The solver ECOS is not installed. 
Using SCS instead.
ECOS solver failed:  The solver ECOS is not installed. 
Using SCS instead.
ECOS solver failed:  The solver ECOS is not installed. 
Using SCS instead.
ECOS solver failed:  The solver ECOS is not installed. 
Using SCS instead.
ECOS solver failed:  The solver ECOS is not installed. 
Using SCS instead.
ECOS solver failed:  The solver ECOS is not installed. 
Using SCS instead.
ECOS solver failed:  The solver ECOS is not installed. 
Using SCS instead.
ECOS solver failed:  The solver ECOS is not installed. 
Using SCS instead.
ECOS solver failed:  The solver ECOS is not installed. 
Using SCS instead.
ECOS solver failed:  The solver ECOS is not installed. 
Using SCS instead.
ECOS solver failed:  The solver ECOS is not installed. 
Using SCS instead.
ECOS solver failed:  The solver ECOS is not installed. 
Using SCS instead.
ECOS solver failed:  The solver ECOS is not installed. 
Using SCS instead.
ECOS solver failed:  The solver ECOS is not installed. 
Using SCS instead.
ECOS solver failed:  The solver ECOS is not installed. 
Using SCS instead.
ECOS solver failed:  The solver ECOS is not installed. 
Using SCS instead.
ECOS solver failed:  The solver ECOS is not installed. 
Using SCS instead.
ECOS solver failed:  The solver ECOS is not installed. 
Using SCS instead.
ECOS solver failed:  The solver ECOS is not installed. 
Using SCS instead.
M-step Design Matrix Calculation time (sec): 0.0191
ECOS solver failed in IPCW_HAL_init, falling back to SCS: The solver ECOS is not installed.
WARNING - large complementary slackness residual: 0.004321
M-step CVXPY optimize time (sec): 1.9864
ECOS solver failed:  The solver ECOS is not installed. 
Using SCS instead.
ECOS solver failed:  The solver ECOS is not installed. 
Using SCS instead.
ECOS solver failed:  The solver ECOS is not installed. 
Using SCS instead.
ECOS solver failed:  The solver ECOS is not installed. 
Using SCS instead.
ECOS solver failed:  The solver ECOS is not installed. 
Using SCS instead.
ECOS solver failed:  The solver ECOS is not installed. 
Using SCS instead.
ECOS solver failed:  The solver ECOS is not installed. 
Using SCS instead.
ECOS solver failed:  The solver ECOS is not installed. 
Using SCS instead.
ECOS solver failed:  The solver ECOS is not installed. 
Using SCS instead.
ECOS solver failed:  The solver ECOS is not installed. 
Using SCS instead.
ECOS solver failed:  The solver ECOS is not installed. 
Using SCS instead.
ECOS solver failed:  The solver ECOS is not installed. 
Using SCS instead.
ECOS solver failed:  The solver ECOS is not installed. 
Using SCS instead.
ECOS solver failed:  The solver ECOS is not installed. 
Using SCS instead.
ECOS solver failed:  The solver ECOS is not installed. 
Using SCS instead.
ECOS solver failed:  The solver ECOS is not installed. 
Using SCS instead.
ECOS solver failed:  The solver ECOS is not installed. 
Using SCS instead.
ECOS solver failed:  The solver ECOS is not installed. 
Using SCS instead.
ECOS solver failed:  The solver ECOS is not installed. 
Using SCS instead.
ECOS solver failed:  The solver ECOS is not installed. 
Using SCS instead.
ECOS solver failed:  The solver ECOS is not installed. 
Using SCS instead.
M-step Design Matrix Calculation time (sec): 0.0171
ECOS solver failed in IPCW_HAL_init, falling back to SCS: The solver ECOS is not installed.
WARNING - large complementary slackness residual: 0.018022
M-step CVXPY optimize time (sec): 2.8431
ECOS solver failed:  The solver ECOS is not installed. 
Using SCS instead.
ECOS solver failed:  The solver ECOS is not installed. 
Using SCS instead.
ECOS solver failed:  The solver ECOS is not installed. 
Using SCS instead.
ECOS solver failed:  The solver ECOS is not installed. 
Using SCS instead.
ECOS solver failed:  The solver ECOS is not installed. 
Using SCS instead.
ECOS solver failed:  The solver ECOS is not installed. 
Using SCS instead.
ECOS solver failed:  The solver ECOS is not installed. 
Using SCS instead.
ECOS solver failed:  The solver ECOS is not installed. 
Using SCS instead.
ECOS solver failed:  The solver ECOS is not installed. 
Using SCS instead.
ECOS solver failed:  The solver ECOS is not installed. 
Using SCS instead.
ECOS solver failed:  The solver ECOS is not installed. 
Using SCS instead.
ECOS solver failed:  The solver ECOS is not installed. 
Using SCS instead.
ECOS solver failed:  The solver ECOS is not installed. 
Using SCS instead.
ECOS solver failed:  The solver ECOS is not installed. 
Using SCS instead.
ECOS solver failed:  The solver ECOS is not installed. 
Using SCS instead.
ECOS solver failed:  The solver ECOS is not installed. 
Using SCS instead.
ECOS solver failed:  The solver ECOS is not installed. 
Using SCS instead.
ECOS solver failed:  The solver ECOS is not installed. 
Using SCS instead.
ECOS solver failed:  The solver ECOS is not installed. 
Using SCS instead.
ECOS solver failed:  The solver ECOS is not installed. 
Using SCS instead.
ECOS solver failed:  The solver ECOS is not installed. 
Using SCS instead.
M-step Design Matrix Calculation time (sec): 0.0253
ECOS solver failed in IPCW_HAL_init, falling back to SCS: The solver ECOS is not installed.
WARNING - large complementary slackness residual: 0.007261
M-step CVXPY optimize time (sec): 1.3788
ECOS solver failed:  The solver ECOS is not installed. 
Using SCS instead.
ECOS solver failed:  The solver ECOS is not installed. 
Using SCS instead.
ECOS solver failed:  The solver ECOS is not installed. 
Using SCS instead.
ECOS solver failed:  The solver ECOS is not installed. 
Using SCS instead.
ECOS solver failed:  The solver ECOS is not installed. 
Using SCS instead.
ECOS solver failed:  The solver ECOS is not installed. 
Using SCS instead.
ECOS solver failed:  The solver ECOS is not installed. 
Using SCS instead.
ECOS solver failed:  The solver ECOS is not installed. 
Using SCS instead.
ECOS solver failed:  The solver ECOS is not installed. 
Using SCS instead.
ECOS solver failed:  The solver ECOS is not installed. 
Using SCS instead.
ECOS solver failed:  The solver ECOS is not installed. 
Using SCS instead.
ECOS solver failed:  The solver ECOS is not installed. 
Using SCS instead.
ECOS solver failed:  The solver ECOS is not installed. 
Using SCS instead.
ECOS solver failed:  The solver ECOS is not installed. 
Using SCS instead.
ECOS solver failed:  The solver ECOS is not installed. 
Using SCS instead.
ECOS solver failed:  The solver ECOS is not installed. 
Using SCS instead.
ECOS solver failed:  The solver ECOS is not installed. 
Using SCS instead.
ECOS solver failed:  The solver ECOS is not installed. 
Using SCS instead.
ECOS solver failed:  The solver ECOS is not installed. 
Using SCS instead.
ECOS solver failed:  The solver ECOS is not installed. 
Using SCS instead.
ECOS solver failed:  The solver ECOS is not installed. 
Using SCS instead.
M-step Design Matrix Calculation time (sec): 0.0416
ECOS solver failed in IPCW_HAL_init, falling back to SCS: The solver ECOS is not installed.
WARNING - large complementary slackness residual: 0.017315
M-step CVXPY optimize time (sec): 2.9485
ECOS solver failed:  The solver ECOS is not installed. 
Using SCS instead.
ECOS solver failed:  The solver ECOS is not installed. 
Using SCS instead.
ECOS solver failed:  The solver ECOS is not installed. 
Using SCS instead.
ECOS solver failed:  The solver ECOS is not installed. 
Using SCS instead.
ECOS solver failed:  The solver ECOS is not installed. 
Using SCS instead.
ECOS solver failed:  The solver ECOS is not installed. 
Using SCS instead.
ECOS solver failed:  The solver ECOS is not installed. 
Using SCS instead.
ECOS solver failed:  The solver ECOS is not installed. 
Using SCS instead.
ECOS solver failed:  The solver ECOS is not installed. 
Using SCS instead.
ECOS solver failed:  The solver ECOS is not installed. 
Using SCS instead.
ECOS solver failed:  The solver ECOS is not installed. 
Using SCS instead.
ECOS solver failed:  The solver ECOS is not installed. 
Using SCS instead.
ECOS solver failed:  The solver ECOS is not installed. 
Using SCS instead.
ECOS solver failed:  The solver ECOS is not installed. 
Using SCS instead.
ECOS solver failed:  The solver ECOS is not installed. 
Using SCS instead.
ECOS solver failed:  The solver ECOS is not installed. 
Using SCS instead.
ECOS solver failed:  The solver ECOS is not installed. 
Using SCS instead.
ECOS solver failed:  The solver ECOS is not installed. 
Using SCS instead.
ECOS solver failed:  The solver ECOS is not installed. 
Using SCS instead.
ECOS solver failed:  The solver ECOS is not installed. 
Using SCS instead.
ECOS solver failed:  The solver ECOS is not installed. 
Using SCS instead.
M-step Design Matrix Calculation time (sec): 0.0196
ECOS solver failed in IPCW_HAL_init, falling back to SCS: The solver ECOS is not installed.
WARNING - large complementary slackness residual: 0.005467
M-step CVXPY optimize time (sec): 2.3053
ECOS solver failed:  The solver ECOS is not installed. 
Using SCS instead.
ECOS solver failed:  The solver ECOS is not installed. 
Using SCS instead.
ECOS solver failed:  The solver ECOS is not installed. 
Using SCS instead.
ECOS solver failed:  The solver ECOS is not installed. 
Using SCS instead.
ECOS solver failed:  The solver ECOS is not installed. 
Using SCS instead.
ECOS solver failed:  The solver ECOS is not installed. 
Using SCS instead.
ECOS solver failed:  The solver ECOS is not installed. 
Using SCS instead.
ECOS solver failed:  The solver ECOS is not installed. 
Using SCS instead.
ECOS solver failed:  The solver ECOS is not installed. 
Using SCS instead.
ECOS solver failed:  The solver ECOS is not installed. 
Using SCS instead.
ECOS solver failed:  The solver ECOS is not installed. 
Using SCS instead.
ECOS solver failed:  The solver ECOS is not installed. 
Using SCS instead.
ECOS solver failed:  The solver ECOS is not installed. 
Using SCS instead.
ECOS solver failed:  The solver ECOS is not installed. 
Using SCS instead.
ECOS solver failed:  The solver ECOS is not installed. 
Using SCS instead.
ECOS solver failed:  The solver ECOS is not installed. 
Using SCS instead.
ECOS solver failed:  The solver ECOS is not installed. 
Using SCS instead.
ECOS solver failed:  The solver ECOS is not installed. 
Using SCS instead.
ECOS solver failed:  The solver ECOS is not installed. 
Using SCS instead.
ECOS solver failed:  The solver ECOS is not installed. 
Using SCS instead.
ECOS solver failed:  The solver ECOS is not installed. 
Using SCS instead.
M-step Design Matrix Calculation time (sec): 0.0195
ECOS solver failed in IPCW_HAL_init, falling back to SCS: The solver ECOS is not installed.
WARNING - large complementary slackness residual: 0.005021
M-step CVXPY optimize time (sec): 0.5783
ECOS solver failed:  The solver ECOS is not installed. 
Using SCS instead.
ECOS solver failed:  The solver ECOS is not installed. 
Using SCS instead.
ECOS solver failed:  The solver ECOS is not installed. 
Using SCS instead.
ECOS solver failed:  The solver ECOS is not installed. 
Using SCS instead.
ECOS solver failed:  The solver ECOS is not installed. 
Using SCS instead.
ECOS solver failed:  The solver ECOS is not installed. 
Using SCS instead.
ECOS solver failed:  The solver ECOS is not installed. 
Using SCS instead.
ECOS solver failed:  The solver ECOS is not installed. 
Using SCS instead.
ECOS solver failed:  The solver ECOS is not installed. 
Using SCS instead.
ECOS solver failed:  The solver ECOS is not installed. 
Using SCS instead.
ECOS solver failed:  The solver ECOS is not installed. 
Using SCS instead.
ECOS solver failed:  The solver ECOS is not installed. 
Using SCS instead.
ECOS solver failed:  The solver ECOS is not installed. 
Using SCS instead.
ECOS solver failed:  The solver ECOS is not installed. 
Using SCS instead.
ECOS solver failed:  The solver ECOS is not installed. 
Using SCS instead.
ECOS solver failed:  The solver ECOS is not installed. 
Using SCS instead.
ECOS solver failed:  The solver ECOS is not installed. 
Using SCS instead.
ECOS solver failed:  The solver ECOS is not installed. 
Using SCS instead.
ECOS solver failed:  The solver ECOS is not installed. 
Using SCS instead.
ECOS solver failed:  The solver ECOS is not installed. 
Using SCS instead.
ECOS solver failed:  The solver ECOS is not installed. 
Using SCS instead.
M-step Design Matrix Calculation time (sec): 0.0272
ECOS solver failed in IPCW_HAL_init, falling back to SCS: The solver ECOS is not installed.
WARNING - large complementary slackness residual: 0.005151
M-step CVXPY optimize time (sec): 2.1794
ECOS solver failed:  The solver ECOS is not installed. 
Using SCS instead.
ECOS solver failed:  The solver ECOS is not installed. 
Using SCS instead.
ECOS solver failed:  The solver ECOS is not installed. 
Using SCS instead.
ECOS solver failed:  The solver ECOS is not installed. 
Using SCS instead.
ECOS solver failed:  The solver ECOS is not installed. 
Using SCS instead.
ECOS solver failed:  The solver ECOS is not installed. 
Using SCS instead.
ECOS solver failed:  The solver ECOS is not installed. 
Using SCS instead.
ECOS solver failed:  The solver ECOS is not installed. 
Using SCS instead.
ECOS solver failed:  The solver ECOS is not installed. 
Using SCS instead.
ECOS solver failed:  The solver ECOS is not installed. 
Using SCS instead.
ECOS solver failed:  The solver ECOS is not installed. 
Using SCS instead.
ECOS solver failed:  The solver ECOS is not installed. 
Using SCS instead.
ECOS solver failed:  The solver ECOS is not installed. 
Using SCS instead.
ECOS solver failed:  The solver ECOS is not installed. 
Using SCS instead.
ECOS solver failed:  The solver ECOS is not installed. 
Using SCS instead.
ECOS solver failed:  The solver ECOS is not installed. 
Using SCS instead.
ECOS solver failed:  The solver ECOS is not installed. 
Using SCS instead.
ECOS solver failed:  The solver ECOS is not installed. 
Using SCS instead.
ECOS solver failed:  The solver ECOS is not installed. 
Using SCS instead.
ECOS solver failed:  The solver ECOS is not installed. 
Using SCS instead.
ECOS solver failed:  The solver ECOS is not installed. 
Using SCS instead.
M-step Design Matrix Calculation time (sec): 0.0187
ECOS solver failed in IPCW_HAL_init, falling back to SCS: The solver ECOS is not installed.
WARNING - large complementary slackness residual: 0.008322
M-step CVXPY optimize time (sec): 0.7784
ECOS solver failed:  The solver ECOS is not installed. 
Using SCS instead.
ECOS solver failed:  The solver ECOS is not installed. 
Using SCS instead.
ECOS solver failed:  The solver ECOS is not installed. 
Using SCS instead.
ECOS solver failed:  The solver ECOS is not installed. 
Using SCS instead.
ECOS solver failed:  The solver ECOS is not installed. 
Using SCS instead.
ECOS solver failed:  The solver ECOS is not installed. 
Using SCS instead.
ECOS solver failed:  The solver ECOS is not installed. 
Using SCS instead.
ECOS solver failed:  The solver ECOS is not installed. 
Using SCS instead.
ECOS solver failed:  The solver ECOS is not installed. 
Using SCS instead.
ECOS solver failed:  The solver ECOS is not installed. 
Using SCS instead.
ECOS solver failed:  The solver ECOS is not installed. 
Using SCS instead.
ECOS solver failed:  The solver ECOS is not installed. 
Using SCS instead.
ECOS solver failed:  The solver ECOS is not installed. 
Using SCS instead.
ECOS solver failed:  The solver ECOS is not installed. 
Using SCS instead.
ECOS solver failed:  The solver ECOS is not installed. 
Using SCS instead.
ECOS solver failed:  The solver ECOS is not installed. 
Using SCS instead.
ECOS solver failed:  The solver ECOS is not installed. 
Using SCS instead.
ECOS solver failed:  The solver ECOS is not installed. 
Using SCS instead.
ECOS solver failed:  The solver ECOS is not installed. 
Using SCS instead.
ECOS solver failed:  The solver ECOS is not installed. 
Using SCS instead.
ECOS solver failed:  The solver ECOS is not installed. 
Using SCS instead.
M-step Design Matrix Calculation time (sec): 0.0330
ECOS solver failed in IPCW_HAL_init, falling back to SCS: The solver ECOS is not installed.
WARNING - large complementary slackness residual: 0.015452
M-step CVXPY optimize time (sec): 2.6960
ECOS solver failed:  The solver ECOS is not installed. 
Using SCS instead.
ECOS solver failed:  The solver ECOS is not installed. 
Using SCS instead.
ECOS solver failed:  The solver ECOS is not installed. 
Using SCS instead.
ECOS solver failed:  The solver ECOS is not installed. 
Using SCS instead.
ECOS solver failed:  The solver ECOS is not installed. 
Using SCS instead.
ECOS solver failed:  The solver ECOS is not installed. 
Using SCS instead.
ECOS solver failed:  The solver ECOS is not installed. 
Using SCS instead.
ECOS solver failed:  The solver ECOS is not installed. 
Using SCS instead.
ECOS solver failed:  The solver ECOS is not installed. 
Using SCS instead.
ECOS solver failed:  The solver ECOS is not installed. 
Using SCS instead.
ECOS solver failed:  The solver ECOS is not installed. 
Using SCS instead.
ECOS solver failed:  The solver ECOS is not installed. 
Using SCS instead.
ECOS solver failed:  The solver ECOS is not installed. 
Using SCS instead.
ECOS solver failed:  The solver ECOS is not installed. 
Using SCS instead.
ECOS solver failed:  The solver ECOS is not installed. 
Using SCS instead.
ECOS solver failed:  The solver ECOS is not installed. 
Using SCS instead.
ECOS solver failed:  The solver ECOS is not installed. 
Using SCS instead.
ECOS solver failed:  The solver ECOS is not installed. 
Using SCS instead.
ECOS solver failed:  The solver ECOS is not installed. 
Using SCS instead.
ECOS solver failed:  The solver ECOS is not installed. 
Using SCS instead.
ECOS solver failed:  The solver ECOS is not installed. 
Using SCS instead.
M-step Design Matrix Calculation time (sec): 0.0203
ECOS solver failed in IPCW_HAL_init, falling back to SCS: The solver ECOS is not installed.
WARNING - large complementary slackness residual: 0.021000
M-step CVXPY optimize time (sec): 0.9254
ECOS solver failed:  The solver ECOS is not installed. 
Using SCS instead.
ECOS solver failed:  The solver ECOS is not installed. 
Using SCS instead.
ECOS solver failed:  The solver ECOS is not installed. 
Using SCS instead.
ECOS solver failed:  The solver ECOS is not installed. 
Using SCS instead.
ECOS solver failed:  The solver ECOS is not installed. 
Using SCS instead.
ECOS solver failed:  The solver ECOS is not installed. 
Using SCS instead.
ECOS solver failed:  The solver ECOS is not installed. 
Using SCS instead.
ECOS solver failed:  The solver ECOS is not installed. 
Using SCS instead.
ECOS solver failed:  The solver ECOS is not installed. 
Using SCS instead.
ECOS solver failed:  The solver ECOS is not installed. 
Using SCS instead.
ECOS solver failed:  The solver ECOS is not installed. 
Using SCS instead.
ECOS solver failed:  The solver ECOS is not installed. 
Using SCS instead.
ECOS solver failed:  The solver ECOS is not installed. 
Using SCS instead.
ECOS solver failed:  The solver ECOS is not installed. 
Using SCS instead.
ECOS solver failed:  The solver ECOS is not installed. 
Using SCS instead.
ECOS solver failed:  The solver ECOS is not installed. 
Using SCS instead.
ECOS solver failed:  The solver ECOS is not installed. 
Using SCS instead.
ECOS solver failed:  The solver ECOS is not installed. 
Using SCS instead.
ECOS solver failed:  The solver ECOS is not installed. 
Using SCS instead.
ECOS solver failed:  The solver ECOS is not installed. 
Using SCS instead.
ECOS solver failed:  The solver ECOS is not installed. 
Using SCS instead.
M-step Design Matrix Calculation time (sec): 0.0196
ECOS solver failed in IPCW_HAL_init, falling back to SCS: The solver ECOS is not installed.
WARNING - large complementary slackness residual: 0.011712
M-step CVXPY optimize time (sec): 3.0049
ECOS solver failed:  The solver ECOS is not installed. 
Using SCS instead.
ECOS solver failed:  The solver ECOS is not installed. 
Using SCS instead.
ECOS solver failed:  The solver ECOS is not installed. 
Using SCS instead.
ECOS solver failed:  The solver ECOS is not installed. 
Using SCS instead.
ECOS solver failed:  The solver ECOS is not installed. 
Using SCS instead.
ECOS solver failed:  The solver ECOS is not installed. 
Using SCS instead.
ECOS solver failed:  The solver ECOS is not installed. 
Using SCS instead.
ECOS solver failed:  The solver ECOS is not installed. 
Using SCS instead.
ECOS solver failed:  The solver ECOS is not installed. 
Using SCS instead.
ECOS solver failed:  The solver ECOS is not installed. 
Using SCS instead.
ECOS solver failed:  The solver ECOS is not installed. 
Using SCS instead.
ECOS solver failed:  The solver ECOS is not installed. 
Using SCS instead.
ECOS solver failed:  The solver ECOS is not installed. 
Using SCS instead.
ECOS solver failed:  The solver ECOS is not installed. 
Using SCS instead.
ECOS solver failed:  The solver ECOS is not installed. 
Using SCS instead.
ECOS solver failed:  The solver ECOS is not installed. 
Using SCS instead.
ECOS solver failed:  The solver ECOS is not installed. 
Using SCS instead.
ECOS solver failed:  The solver ECOS is not installed. 
Using SCS instead.
ECOS solver failed:  The solver ECOS is not installed. 
Using SCS instead.
ECOS solver failed:  The solver ECOS is not installed. 
Using SCS instead.
ECOS solver failed:  The solver ECOS is not installed. 
Using SCS instead.
M-step Design Matrix Calculation time (sec): 0.0181
ECOS solver failed in IPCW_HAL_init, falling back to SCS: The solver ECOS is not installed.
WARNING - large complementary slackness residual: 0.015362
M-step CVXPY optimize time (sec): 2.6267
ECOS solver failed:  The solver ECOS is not installed. 
Using SCS instead.
ECOS solver failed:  The solver ECOS is not installed. 
Using SCS instead.
ECOS solver failed:  The solver ECOS is not installed. 
Using SCS instead.
ECOS solver failed:  The solver ECOS is not installed. 
Using SCS instead.
ECOS solver failed:  The solver ECOS is not installed. 
Using SCS instead.
ECOS solver failed:  The solver ECOS is not installed. 
Using SCS instead.
ECOS solver failed:  The solver ECOS is not installed. 
Using SCS instead.
ECOS solver failed:  The solver ECOS is not installed. 
Using SCS instead.
ECOS solver failed:  The solver ECOS is not installed. 
Using SCS instead.
ECOS solver failed:  The solver ECOS is not installed. 
Using SCS instead.
ECOS solver failed:  The solver ECOS is not installed. 
Using SCS instead.
ECOS solver failed:  The solver ECOS is not installed. 
Using SCS instead.
ECOS solver failed:  The solver ECOS is not installed. 
Using SCS instead.
ECOS solver failed:  The solver ECOS is not installed. 
Using SCS instead.
ECOS solver failed:  The solver ECOS is not installed. 
Using SCS instead.
ECOS solver failed:  The solver ECOS is not installed. 
Using SCS instead.
ECOS solver failed:  The solver ECOS is not installed. 
Using SCS instead.
ECOS solver failed:  The solver ECOS is not installed. 
Using SCS instead.
ECOS solver failed:  The solver ECOS is not installed. 
Using SCS instead.
ECOS solver failed:  The solver ECOS is not installed. 
Using SCS instead.
ECOS solver failed:  The solver ECOS is not installed. 
Using SCS instead.
M-step Design Matrix Calculation time (sec): 0.0504
ECOS solver failed in IPCW_HAL_init, falling back to SCS: The solver ECOS is not installed.
M-step CVXPY optimize time (sec): 1.1798
ECOS solver failed:  The solver ECOS is not installed. 
Using SCS instead.
ECOS solver failed:  The solver ECOS is not installed. 
Using SCS instead.
ECOS solver failed:  The solver ECOS is not installed. 
Using SCS instead.
ECOS solver failed:  The solver ECOS is not installed. 
Using SCS instead.
ECOS solver failed:  The solver ECOS is not installed. 
Using SCS instead.
ECOS solver failed:  The solver ECOS is not installed. 
Using SCS instead.
ECOS solver failed:  The solver ECOS is not installed. 
Using SCS instead.
ECOS solver failed:  The solver ECOS is not installed. 
Using SCS instead.
ECOS solver failed:  The solver ECOS is not installed. 
Using SCS instead.
ECOS solver failed:  The solver ECOS is not installed. 
Using SCS instead.
ECOS solver failed:  The solver ECOS is not installed. 
Using SCS instead.
ECOS solver failed:  The solver ECOS is not installed. 
Using SCS instead.
ECOS solver failed:  The solver ECOS is not installed. 
Using SCS instead.
ECOS solver failed:  The solver ECOS is not installed. 
Using SCS instead.
ECOS solver failed:  The solver ECOS is not installed. 
Using SCS instead.
ECOS solver failed:  The solver ECOS is not installed. 
Using SCS instead.
ECOS solver failed:  The solver ECOS is not installed. 
Using SCS instead.
ECOS solver failed:  The solver ECOS is not installed. 
Using SCS instead.
ECOS solver failed:  The solver ECOS is not installed. 
Using SCS instead.
ECOS solver failed:  The solver ECOS is not installed. 
Using SCS instead.
ECOS solver failed:  The solver ECOS is not installed. 
Using SCS instead.
M-step Design Matrix Calculation time (sec): 0.0612
ECOS solver failed in IPCW_HAL_init, falling back to SCS: The solver ECOS is not installed.
M-step CVXPY optimize time (sec): 0.6736
ECOS solver failed:  The solver ECOS is not installed. 
Using SCS instead.
ECOS solver failed:  The solver ECOS is not installed. 
Using SCS instead.
ECOS solver failed:  The solver ECOS is not installed. 
Using SCS instead.
ECOS solver failed:  The solver ECOS is not installed. 
Using SCS instead.
ECOS solver failed:  The solver ECOS is not installed. 
Using SCS instead.
ECOS solver failed:  The solver ECOS is not installed. 
Using SCS instead.
ECOS solver failed:  The solver ECOS is not installed. 
Using SCS instead.
ECOS solver failed:  The solver ECOS is not installed. 
Using SCS instead.
ECOS solver failed:  The solver ECOS is not installed. 
Using SCS instead.
ECOS solver failed:  The solver ECOS is not installed. 
Using SCS instead.
ECOS solver failed:  The solver ECOS is not installed. 
Using SCS instead.
ECOS solver failed:  The solver ECOS is not installed. 
Using SCS instead.
ECOS solver failed:  The solver ECOS is not installed. 
Using SCS instead.
ECOS solver failed:  The solver ECOS is not installed. 
Using SCS instead.
ECOS solver failed:  The solver ECOS is not installed. 
Using SCS instead.
ECOS solver failed:  The solver ECOS is not installed. 
Using SCS instead.
ECOS solver failed:  The solver ECOS is not installed. 
Using SCS instead.
ECOS solver failed:  The solver ECOS is not installed. 
Using SCS instead.
ECOS solver failed:  The solver ECOS is not installed. 
Using SCS instead.
ECOS solver failed:  The solver ECOS is not installed. 
Using SCS instead.
ECOS solver failed:  The solver ECOS is not installed. 
Using SCS instead.
M-step Design Matrix Calculation time (sec): 0.0931
ECOS solver failed in IPCW_HAL_init, falling back to SCS: The solver ECOS is not installed.
M-step CVXPY optimize time (sec): 1.0304
ECOS solver failed:  The solver ECOS is not installed. 
Using SCS instead.
ECOS solver failed:  The solver ECOS is not installed. 
Using SCS instead.
ECOS solver failed:  The solver ECOS is not installed. 
Using SCS instead.
ECOS solver failed:  The solver ECOS is not installed. 
Using SCS instead.
ECOS solver failed:  The solver ECOS is not installed. 
Using SCS instead.
ECOS solver failed:  The solver ECOS is not installed. 
Using SCS instead.
ECOS solver failed:  The solver ECOS is not installed. 
Using SCS instead.
ECOS solver failed:  The solver ECOS is not installed. 
Using SCS instead.
ECOS solver failed:  The solver ECOS is not installed. 
Using SCS instead.
ECOS solver failed:  The solver ECOS is not installed. 
Using SCS instead.
ECOS solver failed:  The solver ECOS is not installed. 
Using SCS instead.
ECOS solver failed:  The solver ECOS is not installed. 
Using SCS instead.
ECOS solver failed:  The solver ECOS is not installed. 
Using SCS instead.
ECOS solver failed:  The solver ECOS is not installed. 
Using SCS instead.
ECOS solver failed:  The solver ECOS is not installed. 
Using SCS instead.
ECOS solver failed:  The solver ECOS is not installed. 
Using SCS instead.
ECOS solver failed:  The solver ECOS is not installed. 
Using SCS instead.
ECOS solver failed:  The solver ECOS is not installed. 
Using SCS instead.
ECOS solver failed:  The solver ECOS is not installed. 
Using SCS instead.
ECOS solver failed:  The solver ECOS is not installed. 
Using SCS instead.
ECOS solver failed:  The solver ECOS is not installed. 
Using SCS instead.
M-step Design Matrix Calculation time (sec): 0.0455
ECOS solver failed in IPCW_HAL_init, falling back to SCS: The solver ECOS is not installed.
M-step CVXPY optimize time (sec): 1.0753
ECOS solver failed:  The solver ECOS is not installed. 
Using SCS instead.
ECOS solver failed:  The solver ECOS is not installed. 
Using SCS instead.
ECOS solver failed:  The solver ECOS is not installed. 
Using SCS instead.
ECOS solver failed:  The solver ECOS is not installed. 
Using SCS instead.
ECOS solver failed:  The solver ECOS is not installed. 
Using SCS instead.
ECOS solver failed:  The solver ECOS is not installed. 
Using SCS instead.
ECOS solver failed:  The solver ECOS is not installed. 
Using SCS instead.
ECOS solver failed:  The solver ECOS is not installed. 
Using SCS instead.
ECOS solver failed:  The solver ECOS is not installed. 
Using SCS instead.
ECOS solver failed:  The solver ECOS is not installed. 
Using SCS instead.
ECOS solver failed:  The solver ECOS is not installed. 
Using SCS instead.
ECOS solver failed:  The solver ECOS is not installed. 
Using SCS instead.
ECOS solver failed:  The solver ECOS is not installed. 
Using SCS instead.
ECOS solver failed:  The solver ECOS is not installed. 
Using SCS instead.
ECOS solver failed:  The solver ECOS is not installed. 
Using SCS instead.
ECOS solver failed:  The solver ECOS is not installed. 
Using SCS instead.
ECOS solver failed:  The solver ECOS is not installed. 
Using SCS instead.
ECOS solver failed:  The solver ECOS is not installed. 
Using SCS instead.
ECOS solver failed:  The solver ECOS is not installed. 
Using SCS instead.
ECOS solver failed:  The solver ECOS is not installed. 
Using SCS instead.
ECOS solver failed:  The solver ECOS is not installed. 
Using SCS instead.
M-step Design Matrix Calculation time (sec): 0.0556
ECOS solver failed in IPCW_HAL_init, falling back to SCS: The solver ECOS is not installed.
WARNING - large complementary slackness residual: 0.010599
M-step CVXPY optimize time (sec): 1.9661
ECOS solver failed:  The solver ECOS is not installed. 
Using SCS instead.
ECOS solver failed:  The solver ECOS is not installed. 
Using SCS instead.
ECOS solver failed:  The solver ECOS is not installed. 
Using SCS instead.
ECOS solver failed:  The solver ECOS is not installed. 
Using SCS instead.
ECOS solver failed:  The solver ECOS is not installed. 
Using SCS instead.
ECOS solver failed:  The solver ECOS is not installed. 
Using SCS instead.
ECOS solver failed:  The solver ECOS is not installed. 
Using SCS instead.
ECOS solver failed:  The solver ECOS is not installed. 
Using SCS instead.
ECOS solver failed:  The solver ECOS is not installed. 
Using SCS instead.
ECOS solver failed:  The solver ECOS is not installed. 
Using SCS instead.
ECOS solver failed:  The solver ECOS is not installed. 
Using SCS instead.
ECOS solver failed:  The solver ECOS is not installed. 
Using SCS instead.
ECOS solver failed:  The solver ECOS is not installed. 
Using SCS instead.
ECOS solver failed:  The solver ECOS is not installed. 
Using SCS instead.
ECOS solver failed:  The solver ECOS is not installed. 
Using SCS instead.
ECOS solver failed:  The solver ECOS is not installed. 
Using SCS instead.
ECOS solver failed:  The solver ECOS is not installed. 
Using SCS instead.
ECOS solver failed:  The solver ECOS is not installed. 
Using SCS instead.
ECOS solver failed:  The solver ECOS is not installed. 
Using SCS instead.
ECOS solver failed:  The solver ECOS is not installed. 
Using SCS instead.
ECOS solver failed:  The solver ECOS is not installed. 
Using SCS instead.
M-step Design Matrix Calculation time (sec): 0.0199
ECOS solver failed in IPCW_HAL_init, falling back to SCS: The solver ECOS is not installed.
WARNING - large complementary slackness residual: 0.015984
M-step CVXPY optimize time (sec): 2.5152
ECOS solver failed:  The solver ECOS is not installed. 
Using SCS instead.
ECOS solver failed:  The solver ECOS is not installed. 
Using SCS instead.
ECOS solver failed:  The solver ECOS is not installed. 
Using SCS instead.
ECOS solver failed:  The solver ECOS is not installed. 
Using SCS instead.
ECOS solver failed:  The solver ECOS is not installed. 
Using SCS instead.
ECOS solver failed:  The solver ECOS is not installed. 
Using SCS instead.
ECOS solver failed:  The solver ECOS is not installed. 
Using SCS instead.
ECOS solver failed:  The solver ECOS is not installed. 
Using SCS instead.
ECOS solver failed:  The solver ECOS is not installed. 
Using SCS instead.
ECOS solver failed:  The solver ECOS is not installed. 
Using SCS instead.
ECOS solver failed:  The solver ECOS is not installed. 
Using SCS instead.
ECOS solver failed:  The solver ECOS is not installed. 
Using SCS instead.
ECOS solver failed:  The solver ECOS is not installed. 
Using SCS instead.
ECOS solver failed:  The solver ECOS is not installed. 
Using SCS instead.
ECOS solver failed:  The solver ECOS is not installed. 
Using SCS instead.
ECOS solver failed:  The solver ECOS is not installed. 
Using SCS instead.
ECOS solver failed:  The solver ECOS is not installed. 
Using SCS instead.
ECOS solver failed:  The solver ECOS is not installed. 
Using SCS instead.
ECOS solver failed:  The solver ECOS is not installed. 
Using SCS instead.
ECOS solver failed:  The solver ECOS is not installed. 
Using SCS instead.
ECOS solver failed:  The solver ECOS is not installed. 
Using SCS instead.
M-step Design Matrix Calculation time (sec): 0.0198
ECOS solver failed in IPCW_HAL_init, falling back to SCS: The solver ECOS is not installed.
WARNING - large complementary slackness residual: 0.032912
M-step CVXPY optimize time (sec): 1.0410
ECOS solver failed:  The solver ECOS is not installed. 
Using SCS instead.
ECOS solver failed:  The solver ECOS is not installed. 
Using SCS instead.
ECOS solver failed:  The solver ECOS is not installed. 
Using SCS instead.
ECOS solver failed:  The solver ECOS is not installed. 
Using SCS instead.
ECOS solver failed:  The solver ECOS is not installed. 
Using SCS instead.
ECOS solver failed:  The solver ECOS is not installed. 
Using SCS instead.
ECOS solver failed:  The solver ECOS is not installed. 
Using SCS instead.
ECOS solver failed:  The solver ECOS is not installed. 
Using SCS instead.
ECOS solver failed:  The solver ECOS is not installed. 
Using SCS instead.
ECOS solver failed:  The solver ECOS is not installed. 
Using SCS instead.
ECOS solver failed:  The solver ECOS is not installed. 
Using SCS instead.
ECOS solver failed:  The solver ECOS is not installed. 
Using SCS instead.
ECOS solver failed:  The solver ECOS is not installed. 
Using SCS instead.
ECOS solver failed:  The solver ECOS is not installed. 
Using SCS instead.
ECOS solver failed:  The solver ECOS is not installed. 
Using SCS instead.
ECOS solver failed:  The solver ECOS is not installed. 
Using SCS instead.
ECOS solver failed:  The solver ECOS is not installed. 
Using SCS instead.
ECOS solver failed:  The solver ECOS is not installed. 
Using SCS instead.
ECOS solver failed:  The solver ECOS is not installed. 
Using SCS instead.
ECOS solver failed:  The solver ECOS is not installed. 
Using SCS instead.
ECOS solver failed:  The solver ECOS is not installed. 
Using SCS instead.
M-step Design Matrix Calculation time (sec): 0.0198
ECOS solver failed in IPCW_HAL_init, falling back to SCS: The solver ECOS is not installed.
WARNING - large complementary slackness residual: 0.018404
M-step CVXPY optimize time (sec): 1.0169
ECOS solver failed:  The solver ECOS is not installed. 
Using SCS instead.
ECOS solver failed:  The solver ECOS is not installed. 
Using SCS instead.
ECOS solver failed:  The solver ECOS is not installed. 
Using SCS instead.
ECOS solver failed:  The solver ECOS is not installed. 
Using SCS instead.
ECOS solver failed:  The solver ECOS is not installed. 
Using SCS instead.
ECOS solver failed:  The solver ECOS is not installed. 
Using SCS instead.
ECOS solver failed:  The solver ECOS is not installed. 
Using SCS instead.
ECOS solver failed:  The solver ECOS is not installed. 
Using SCS instead.
ECOS solver failed:  The solver ECOS is not installed. 
Using SCS instead.
ECOS solver failed:  The solver ECOS is not installed. 
Using SCS instead.
ECOS solver failed:  The solver ECOS is not installed. 
Using SCS instead.
ECOS solver failed:  The solver ECOS is not installed. 
Using SCS instead.
ECOS solver failed:  The solver ECOS is not installed. 
Using SCS instead.
ECOS solver failed:  The solver ECOS is not installed. 
Using SCS instead.
ECOS solver failed:  The solver ECOS is not installed. 
Using SCS instead.
ECOS solver failed:  The solver ECOS is not installed. 
Using SCS instead.
ECOS solver failed:  The solver ECOS is not installed. 
Using SCS instead.
ECOS solver failed:  The solver ECOS is not installed. 
Using SCS instead.
ECOS solver failed:  The solver ECOS is not installed. 
Using SCS instead.
ECOS solver failed:  The solver ECOS is not installed. 
Using SCS instead.
ECOS solver failed:  The solver ECOS is not installed. 
Using SCS instead.
M-step Design Matrix Calculation time (sec): 0.0169
ECOS solver failed in IPCW_HAL_init, falling back to SCS: The solver ECOS is not installed.
WARNING - large complementary slackness residual: 0.031938
M-step CVXPY optimize time (sec): 0.3858
ECOS solver failed:  The solver ECOS is not installed. 
Using SCS instead.
ECOS solver failed:  The solver ECOS is not installed. 
Using SCS instead.
ECOS solver failed:  The solver ECOS is not installed. 
Using SCS instead.
ECOS solver failed:  The solver ECOS is not installed. 
Using SCS instead.
ECOS solver failed:  The solver ECOS is not installed. 
Using SCS instead.
ECOS solver failed:  The solver ECOS is not installed. 
Using SCS instead.
ECOS solver failed:  The solver ECOS is not installed. 
Using SCS instead.
ECOS solver failed:  The solver ECOS is not installed. 
Using SCS instead.
ECOS solver failed:  The solver ECOS is not installed. 
Using SCS instead.
ECOS solver failed:  The solver ECOS is not installed. 
Using SCS instead.
ECOS solver failed:  The solver ECOS is not installed. 
Using SCS instead.
ECOS solver failed:  The solver ECOS is not installed. 
Using SCS instead.
ECOS solver failed:  The solver ECOS is not installed. 
Using SCS instead.
ECOS solver failed:  The solver ECOS is not installed. 
Using SCS instead.
ECOS solver failed:  The solver ECOS is not installed. 
Using SCS instead.
ECOS solver failed:  The solver ECOS is not installed. 
Using SCS instead.
ECOS solver failed:  The solver ECOS is not installed. 
Using SCS instead.
ECOS solver failed:  The solver ECOS is not installed. 
Using SCS instead.
ECOS solver failed:  The solver ECOS is not installed. 
Using SCS instead.
ECOS solver failed:  The solver ECOS is not installed. 
Using SCS instead.
ECOS solver failed:  The solver ECOS is not installed. 
Using SCS instead.
M-step Design Matrix Calculation time (sec): 0.0110
ECOS solver failed in IPCW_HAL_init, falling back to SCS: The solver ECOS is not installed.
M-step CVXPY optimize time (sec): 0.2110
ECOS solver failed:  The solver ECOS is not installed. 
Using SCS instead.
ECOS solver failed:  The solver ECOS is not installed. 
Using SCS instead.
ECOS solver failed:  The solver ECOS is not installed. 
Using SCS instead.
ECOS solver failed:  The solver ECOS is not installed. 
Using SCS instead.
ECOS solver failed:  The solver ECOS is not installed. 
Using SCS instead.
ECOS solver failed:  The solver ECOS is not installed. 
Using SCS instead.
ECOS solver failed:  The solver ECOS is not installed. 
Using SCS instead.
ECOS solver failed:  The solver ECOS is not installed. 
Using SCS instead.
ECOS solver failed:  The solver ECOS is not installed. 
Using SCS instead.
ECOS solver failed:  The solver ECOS is not installed. 
Using SCS instead.
ECOS solver failed:  The solver ECOS is not installed. 
Using SCS instead.
ECOS solver failed:  The solver ECOS is not installed. 
Using SCS instead.
ECOS solver failed:  The solver ECOS is not installed. 
Using SCS instead.
ECOS solver failed:  The solver ECOS is not installed. 
Using SCS instead.
ECOS solver failed:  The solver ECOS is not installed. 
Using SCS instead.
ECOS solver failed:  The solver ECOS is not installed. 
Using SCS instead.
ECOS solver failed:  The solver ECOS is not installed. 
Using SCS instead.
ECOS solver failed:  The solver ECOS is not installed. 
Using SCS instead.
ECOS solver failed:  The solver ECOS is not installed. 
Using SCS instead.
ECOS solver failed:  The solver ECOS is not installed. 
Using SCS instead.
ECOS solver failed:  The solver ECOS is not installed. 
Using SCS instead.
M-step Design Matrix Calculation time (sec): 0.0376
ECOS solver failed in IPCW_HAL_init, falling back to SCS: The solver ECOS is not installed.
WARNING - large complementary slackness residual: 0.006895
M-step CVXPY optimize time (sec): 1.8061
ECOS solver failed:  The solver ECOS is not installed. 
Using SCS instead.
ECOS solver failed:  The solver ECOS is not installed. 
Using SCS instead.
ECOS solver failed:  The solver ECOS is not installed. 
Using SCS instead.
ECOS solver failed:  The solver ECOS is not installed. 
Using SCS instead.
ECOS solver failed:  The solver ECOS is not installed. 
Using SCS instead.
ECOS solver failed:  The solver ECOS is not installed. 
Using SCS instead.
ECOS solver failed:  The solver ECOS is not installed. 
Using SCS instead.
ECOS solver failed:  The solver ECOS is not installed. 
Using SCS instead.
ECOS solver failed:  The solver ECOS is not installed. 
Using SCS instead.
ECOS solver failed:  The solver ECOS is not installed. 
Using SCS instead.
ECOS solver failed:  The solver ECOS is not installed. 
Using SCS instead.
ECOS solver failed:  The solver ECOS is not installed. 
Using SCS instead.
ECOS solver failed:  The solver ECOS is not installed. 
Using SCS instead.
ECOS solver failed:  The solver ECOS is not installed. 
Using SCS instead.
ECOS solver failed:  The solver ECOS is not installed. 
Using SCS instead.
ECOS solver failed:  The solver ECOS is not installed. 
Using SCS instead.
ECOS solver failed:  The solver ECOS is not installed. 
Using SCS instead.
ECOS solver failed:  The solver ECOS is not installed. 
Using SCS instead.
ECOS solver failed:  The solver ECOS is not installed. 
Using SCS instead.
ECOS solver failed:  The solver ECOS is not installed. 
Using SCS instead.
ECOS solver failed:  The solver ECOS is not installed. 
Using SCS instead.
M-step Design Matrix Calculation time (sec): 0.0182
ECOS solver failed in IPCW_HAL_init, falling back to SCS: The solver ECOS is not installed.
WARNING - large complementary slackness residual: 0.005031
M-step CVXPY optimize time (sec): 1.4398
ECOS solver failed:  The solver ECOS is not installed. 
Using SCS instead.
ECOS solver failed:  The solver ECOS is not installed. 
Using SCS instead.
ECOS solver failed:  The solver ECOS is not installed. 
Using SCS instead.
ECOS solver failed:  The solver ECOS is not installed. 
Using SCS instead.
ECOS solver failed:  The solver ECOS is not installed. 
Using SCS instead.
ECOS solver failed:  The solver ECOS is not installed. 
Using SCS instead.
ECOS solver failed:  The solver ECOS is not installed. 
Using SCS instead.
ECOS solver failed:  The solver ECOS is not installed. 
Using SCS instead.
ECOS solver failed:  The solver ECOS is not installed. 
Using SCS instead.
ECOS solver failed:  The solver ECOS is not installed. 
Using SCS instead.
ECOS solver failed:  The solver ECOS is not installed. 
Using SCS instead.
ECOS solver failed:  The solver ECOS is not installed. 
Using SCS instead.
ECOS solver failed:  The solver ECOS is not installed. 
Using SCS instead.
ECOS solver failed:  The solver ECOS is not installed. 
Using SCS instead.
ECOS solver failed:  The solver ECOS is not installed. 
Using SCS instead.
ECOS solver failed:  The solver ECOS is not installed. 
Using SCS instead.
ECOS solver failed:  The solver ECOS is not installed. 
Using SCS instead.
ECOS solver failed:  The solver ECOS is not installed. 
Using SCS instead.
ECOS solver failed:  The solver ECOS is not installed. 
Using SCS instead.
ECOS solver failed:  The solver ECOS is not installed. 
Using SCS instead.
ECOS solver failed:  The solver ECOS is not installed. 
Using SCS instead.
M-step Design Matrix Calculation time (sec): 0.0221
ECOS solver failed in IPCW_HAL_init, falling back to SCS: The solver ECOS is not installed.
M-step CVXPY optimize time (sec): 1.2084
ECOS solver failed:  The solver ECOS is not installed. 
Using SCS instead.
ECOS solver failed:  The solver ECOS is not installed. 
Using SCS instead.
ECOS solver failed:  The solver ECOS is not installed. 
Using SCS instead.
ECOS solver failed:  The solver ECOS is not installed. 
Using SCS instead.
ECOS solver failed:  The solver ECOS is not installed. 
Using SCS instead.
ECOS solver failed:  The solver ECOS is not installed. 
Using SCS instead.
ECOS solver failed:  The solver ECOS is not installed. 
Using SCS instead.
ECOS solver failed:  The solver ECOS is not installed. 
Using SCS instead.
ECOS solver failed:  The solver ECOS is not installed. 
Using SCS instead.
ECOS solver failed:  The solver ECOS is not installed. 
Using SCS instead.
ECOS solver failed:  The solver ECOS is not installed. 
Using SCS instead.
ECOS solver failed:  The solver ECOS is not installed. 
Using SCS instead.
ECOS solver failed:  The solver ECOS is not installed. 
Using SCS instead.
ECOS solver failed:  The solver ECOS is not installed. 
Using SCS instead.
ECOS solver failed:  The solver ECOS is not installed. 
Using SCS instead.
ECOS solver failed:  The solver ECOS is not installed. 
Using SCS instead.
ECOS solver failed:  The solver ECOS is not installed. 
Using SCS instead.
ECOS solver failed:  The solver ECOS is not installed. 
Using SCS instead.
ECOS solver failed:  The solver ECOS is not installed. 
Using SCS instead.
ECOS solver failed:  The solver ECOS is not installed. 
Using SCS instead.
ECOS solver failed:  The solver ECOS is not installed. 
Using SCS instead.
M-step Design Matrix Calculation time (sec): 0.0185
ECOS solver failed in IPCW_HAL_init, falling back to SCS: The solver ECOS is not installed.
WARNING - large complementary slackness residual: 0.023892
M-step CVXPY optimize time (sec): 1.5405
ECOS solver failed:  The solver ECOS is not installed. 
Using SCS instead.
ECOS solver failed:  The solver ECOS is not installed. 
Using SCS instead.
ECOS solver failed:  The solver ECOS is not installed. 
Using SCS instead.
ECOS solver failed:  The solver ECOS is not installed. 
Using SCS instead.
ECOS solver failed:  The solver ECOS is not installed. 
Using SCS instead.
ECOS solver failed:  The solver ECOS is not installed. 
Using SCS instead.
ECOS solver failed:  The solver ECOS is not installed. 
Using SCS instead.
ECOS solver failed:  The solver ECOS is not installed. 
Using SCS instead.
ECOS solver failed:  The solver ECOS is not installed. 
Using SCS instead.
ECOS solver failed:  The solver ECOS is not installed. 
Using SCS instead.
ECOS solver failed:  The solver ECOS is not installed. 
Using SCS instead.
ECOS solver failed:  The solver ECOS is not installed. 
Using SCS instead.
ECOS solver failed:  The solver ECOS is not installed. 
Using SCS instead.
ECOS solver failed:  The solver ECOS is not installed. 
Using SCS instead.
ECOS solver failed:  The solver ECOS is not installed. 
Using SCS instead.
ECOS solver failed:  The solver ECOS is not installed. 
Using SCS instead.
ECOS solver failed:  The solver ECOS is not installed. 
Using SCS instead.
ECOS solver failed:  The solver ECOS is not installed. 
Using SCS instead.
ECOS solver failed:  The solver ECOS is not installed. 
Using SCS instead.
ECOS solver failed:  The solver ECOS is not installed. 
Using SCS instead.
ECOS solver failed:  The solver ECOS is not installed. 
Using SCS instead.
M-step Design Matrix Calculation time (sec): 0.0170
ECOS solver failed in IPCW_HAL_init, falling back to SCS: The solver ECOS is not installed.
WARNING - large complementary slackness residual: 0.013202
M-step CVXPY optimize time (sec): 3.9187
ECOS solver failed:  The solver ECOS is not installed. 
Using SCS instead.
ECOS solver failed:  The solver ECOS is not installed. 
Using SCS instead.
ECOS solver failed:  The solver ECOS is not installed. 
Using SCS instead.
ECOS solver failed:  The solver ECOS is not installed. 
Using SCS instead.
ECOS solver failed:  The solver ECOS is not installed. 
Using SCS instead.
ECOS solver failed:  The solver ECOS is not installed. 
Using SCS instead.
ECOS solver failed:  The solver ECOS is not installed. 
Using SCS instead.
ECOS solver failed:  The solver ECOS is not installed. 
Using SCS instead.
ECOS solver failed:  The solver ECOS is not installed. 
Using SCS instead.
ECOS solver failed:  The solver ECOS is not installed. 
Using SCS instead.
ECOS solver failed:  The solver ECOS is not installed. 
Using SCS instead.
ECOS solver failed:  The solver ECOS is not installed. 
Using SCS instead.
ECOS solver failed:  The solver ECOS is not installed. 
Using SCS instead.
ECOS solver failed:  The solver ECOS is not installed. 
Using SCS instead.
ECOS solver failed:  The solver ECOS is not installed. 
Using SCS instead.
ECOS solver failed:  The solver ECOS is not installed. 
Using SCS instead.
ECOS solver failed:  The solver ECOS is not installed. 
Using SCS instead.
ECOS solver failed:  The solver ECOS is not installed. 
Using SCS instead.
ECOS solver failed:  The solver ECOS is not installed. 
Using SCS instead.
ECOS solver failed:  The solver ECOS is not installed. 
Using SCS instead.
ECOS solver failed:  The solver ECOS is not installed. 
Using SCS instead.
M-step Design Matrix Calculation time (sec): 0.0220
ECOS solver failed in IPCW_HAL_init, falling back to SCS: The solver ECOS is not installed.
WARNING - large complementary slackness residual: 0.011737
M-step CVXPY optimize time (sec): 2.8460
ECOS solver failed:  The solver ECOS is not installed. 
Using SCS instead.
ECOS solver failed:  The solver ECOS is not installed. 
Using SCS instead.
ECOS solver failed:  The solver ECOS is not installed. 
Using SCS instead.
ECOS solver failed:  The solver ECOS is not installed. 
Using SCS instead.
ECOS solver failed:  The solver ECOS is not installed. 
Using SCS instead.
ECOS solver failed:  The solver ECOS is not installed. 
Using SCS instead.
ECOS solver failed:  The solver ECOS is not installed. 
Using SCS instead.
ECOS solver failed:  The solver ECOS is not installed. 
Using SCS instead.
ECOS solver failed:  The solver ECOS is not installed. 
Using SCS instead.
ECOS solver failed:  The solver ECOS is not installed. 
Using SCS instead.
ECOS solver failed:  The solver ECOS is not installed. 
Using SCS instead.
ECOS solver failed:  The solver ECOS is not installed. 
Using SCS instead.
ECOS solver failed:  The solver ECOS is not installed. 
Using SCS instead.
ECOS solver failed:  The solver ECOS is not installed. 
Using SCS instead.
ECOS solver failed:  The solver ECOS is not installed. 
Using SCS instead.
ECOS solver failed:  The solver ECOS is not installed. 
Using SCS instead.
ECOS solver failed:  The solver ECOS is not installed. 
Using SCS instead.
ECOS solver failed:  The solver ECOS is not installed. 
Using SCS instead.
ECOS solver failed:  The solver ECOS is not installed. 
Using SCS instead.
ECOS solver failed:  The solver ECOS is not installed. 
Using SCS instead.
ECOS solver failed:  The solver ECOS is not installed. 
Using SCS instead.
M-step Design Matrix Calculation time (sec): 0.0190
ECOS solver failed in IPCW_HAL_init, falling back to SCS: The solver ECOS is not installed.
WARNING - large complementary slackness residual: 0.010468
M-step CVXPY optimize time (sec): 1.9185
ECOS solver failed:  The solver ECOS is not installed. 
Using SCS instead.
ECOS solver failed:  The solver ECOS is not installed. 
Using SCS instead.
ECOS solver failed:  The solver ECOS is not installed. 
Using SCS instead.
ECOS solver failed:  The solver ECOS is not installed. 
Using SCS instead.
ECOS solver failed:  The solver ECOS is not installed. 
Using SCS instead.
ECOS solver failed:  The solver ECOS is not installed. 
Using SCS instead.
ECOS solver failed:  The solver ECOS is not installed. 
Using SCS instead.
ECOS solver failed:  The solver ECOS is not installed. 
Using SCS instead.
ECOS solver failed:  The solver ECOS is not installed. 
Using SCS instead.
ECOS solver failed:  The solver ECOS is not installed. 
Using SCS instead.
ECOS solver failed:  The solver ECOS is not installed. 
Using SCS instead.
ECOS solver failed:  The solver ECOS is not installed. 
Using SCS instead.
ECOS solver failed:  The solver ECOS is not installed. 
Using SCS instead.
ECOS solver failed:  The solver ECOS is not installed. 
Using SCS instead.
ECOS solver failed:  The solver ECOS is not installed. 
Using SCS instead.
ECOS solver failed:  The solver ECOS is not installed. 
Using SCS instead.
ECOS solver failed:  The solver ECOS is not installed. 
Using SCS instead.
ECOS solver failed:  The solver ECOS is not installed. 
Using SCS instead.
ECOS solver failed:  The solver ECOS is not installed. 
Using SCS instead.
ECOS solver failed:  The solver ECOS is not installed. 
Using SCS instead.
ECOS solver failed:  The solver ECOS is not installed. 
Using SCS instead.
M-step Design Matrix Calculation time (sec): 0.0175
ECOS solver failed in IPCW_HAL_init, falling back to SCS: The solver ECOS is not installed.
WARNING - large complementary slackness residual: 0.006124
M-step CVXPY optimize time (sec): 2.8512
ECOS solver failed:  The solver ECOS is not installed. 
Using SCS instead.
ECOS solver failed:  The solver ECOS is not installed. 
Using SCS instead.
ECOS solver failed:  The solver ECOS is not installed. 
Using SCS instead.
ECOS solver failed:  The solver ECOS is not installed. 
Using SCS instead.
ECOS solver failed:  The solver ECOS is not installed. 
Using SCS instead.
ECOS solver failed:  The solver ECOS is not installed. 
Using SCS instead.
ECOS solver failed:  The solver ECOS is not installed. 
Using SCS instead.
ECOS solver failed:  The solver ECOS is not installed. 
Using SCS instead.
ECOS solver failed:  The solver ECOS is not installed. 
Using SCS instead.
ECOS solver failed:  The solver ECOS is not installed. 
Using SCS instead.
ECOS solver failed:  The solver ECOS is not installed. 
Using SCS instead.
ECOS solver failed:  The solver ECOS is not installed. 
Using SCS instead.
ECOS solver failed:  The solver ECOS is not installed. 
Using SCS instead.
ECOS solver failed:  The solver ECOS is not installed. 
Using SCS instead.
ECOS solver failed:  The solver ECOS is not installed. 
Using SCS instead.
ECOS solver failed:  The solver ECOS is not installed. 
Using SCS instead.
ECOS solver failed:  The solver ECOS is not installed. 
Using SCS instead.
ECOS solver failed:  The solver ECOS is not installed. 
Using SCS instead.
ECOS solver failed:  The solver ECOS is not installed. 
Using SCS instead.
ECOS solver failed:  The solver ECOS is not installed. 
Using SCS instead.
ECOS solver failed:  The solver ECOS is not installed. 
Using SCS instead.
M-step Design Matrix Calculation time (sec): 0.0170
ECOS solver failed in IPCW_HAL_init, falling back to SCS: The solver ECOS is not installed.
WARNING - large complementary slackness residual: 0.004926
M-step CVXPY optimize time (sec): 2.2494
ECOS solver failed:  The solver ECOS is not installed. 
Using SCS instead.
ECOS solver failed:  The solver ECOS is not installed. 
Using SCS instead.
ECOS solver failed:  The solver ECOS is not installed. 
Using SCS instead.
ECOS solver failed:  The solver ECOS is not installed. 
Using SCS instead.
ECOS solver failed:  The solver ECOS is not installed. 
Using SCS instead.
ECOS solver failed:  The solver ECOS is not installed. 
Using SCS instead.
ECOS solver failed:  The solver ECOS is not installed. 
Using SCS instead.
ECOS solver failed:  The solver ECOS is not installed. 
Using SCS instead.
ECOS solver failed:  The solver ECOS is not installed. 
Using SCS instead.
ECOS solver failed:  The solver ECOS is not installed. 
Using SCS instead.
ECOS solver failed:  The solver ECOS is not installed. 
Using SCS instead.
ECOS solver failed:  The solver ECOS is not installed. 
Using SCS instead.
ECOS solver failed:  The solver ECOS is not installed. 
Using SCS instead.
ECOS solver failed:  The solver ECOS is not installed. 
Using SCS instead.
ECOS solver failed:  The solver ECOS is not installed. 
Using SCS instead.
ECOS solver failed:  The solver ECOS is not installed. 
Using SCS instead.
ECOS solver failed:  The solver ECOS is not installed. 
Using SCS instead.
ECOS solver failed:  The solver ECOS is not installed. 
Using SCS instead.
ECOS solver failed:  The solver ECOS is not installed. 
Using SCS instead.
ECOS solver failed:  The solver ECOS is not installed. 
Using SCS instead.
ECOS solver failed:  The solver ECOS is not installed. 
Using SCS instead.
M-step Design Matrix Calculation time (sec): 0.0168
ECOS solver failed in IPCW_HAL_init, falling back to SCS: The solver ECOS is not installed.
WARNING - large complementary slackness residual: 0.006759
M-step CVXPY optimize time (sec): 1.1192
ECOS solver failed:  The solver ECOS is not installed. 
Using SCS instead.
ECOS solver failed:  The solver ECOS is not installed. 
Using SCS instead.
ECOS solver failed:  The solver ECOS is not installed. 
Using SCS instead.
ECOS solver failed:  The solver ECOS is not installed. 
Using SCS instead.
ECOS solver failed:  The solver ECOS is not installed. 
Using SCS instead.
ECOS solver failed:  The solver ECOS is not installed. 
Using SCS instead.
ECOS solver failed:  The solver ECOS is not installed. 
Using SCS instead.
ECOS solver failed:  The solver ECOS is not installed. 
Using SCS instead.
ECOS solver failed:  The solver ECOS is not installed. 
Using SCS instead.
ECOS solver failed:  The solver ECOS is not installed. 
Using SCS instead.
ECOS solver failed:  The solver ECOS is not installed. 
Using SCS instead.
ECOS solver failed:  The solver ECOS is not installed. 
Using SCS instead.
ECOS solver failed:  The solver ECOS is not installed. 
Using SCS instead.
ECOS solver failed:  The solver ECOS is not installed. 
Using SCS instead.
ECOS solver failed:  The solver ECOS is not installed. 
Using SCS instead.
ECOS solver failed:  The solver ECOS is not installed. 
Using SCS instead.
ECOS solver failed:  The solver ECOS is not installed. 
Using SCS instead.
ECOS solver failed:  The solver ECOS is not installed. 
Using SCS instead.
ECOS solver failed:  The solver ECOS is not installed. 
Using SCS instead.
ECOS solver failed:  The solver ECOS is not installed. 
Using SCS instead.
ECOS solver failed:  The solver ECOS is not installed. 
Using SCS instead.
M-step Design Matrix Calculation time (sec): 0.0301
ECOS solver failed in IPCW_HAL_init, falling back to SCS: The solver ECOS is not installed.
WARNING - large complementary slackness residual: 0.011305
M-step CVXPY optimize time (sec): 1.2959
ECOS solver failed:  The solver ECOS is not installed. 
Using SCS instead.
ECOS solver failed:  The solver ECOS is not installed. 
Using SCS instead.
ECOS solver failed:  The solver ECOS is not installed. 
Using SCS instead.
ECOS solver failed:  The solver ECOS is not installed. 
Using SCS instead.
ECOS solver failed:  The solver ECOS is not installed. 
Using SCS instead.
ECOS solver failed:  The solver ECOS is not installed. 
Using SCS instead.
ECOS solver failed:  The solver ECOS is not installed. 
Using SCS instead.
ECOS solver failed:  The solver ECOS is not installed. 
Using SCS instead.
ECOS solver failed:  The solver ECOS is not installed. 
Using SCS instead.
ECOS solver failed:  The solver ECOS is not installed. 
Using SCS instead.
ECOS solver failed:  The solver ECOS is not installed. 
Using SCS instead.
ECOS solver failed:  The solver ECOS is not installed. 
Using SCS instead.
ECOS solver failed:  The solver ECOS is not installed. 
Using SCS instead.
ECOS solver failed:  The solver ECOS is not installed. 
Using SCS instead.
ECOS solver failed:  The solver ECOS is not installed. 
Using SCS instead.
ECOS solver failed:  The solver ECOS is not installed. 
Using SCS instead.
ECOS solver failed:  The solver ECOS is not installed. 
Using SCS instead.
ECOS solver failed:  The solver ECOS is not installed. 
Using SCS instead.
ECOS solver failed:  The solver ECOS is not installed. 
Using SCS instead.
ECOS solver failed:  The solver ECOS is not installed. 
Using SCS instead.
ECOS solver failed:  The solver ECOS is not installed. 
Using SCS instead.
M-step Design Matrix Calculation time (sec): 0.0186
ECOS solver failed in IPCW_HAL_init, falling back to SCS: The solver ECOS is not installed.
WARNING - large complementary slackness residual: 0.021035
M-step CVXPY optimize time (sec): 3.8233
ECOS solver failed:  The solver ECOS is not installed. 
Using SCS instead.
ECOS solver failed:  The solver ECOS is not installed. 
Using SCS instead.
ECOS solver failed:  The solver ECOS is not installed. 
Using SCS instead.
ECOS solver failed:  The solver ECOS is not installed. 
Using SCS instead.
ECOS solver failed:  The solver ECOS is not installed. 
Using SCS instead.
ECOS solver failed:  The solver ECOS is not installed. 
Using SCS instead.
ECOS solver failed:  The solver ECOS is not installed. 
Using SCS instead.
ECOS solver failed:  The solver ECOS is not installed. 
Using SCS instead.
ECOS solver failed:  The solver ECOS is not installed. 
Using SCS instead.
ECOS solver failed:  The solver ECOS is not installed. 
Using SCS instead.
ECOS solver failed:  The solver ECOS is not installed. 
Using SCS instead.
ECOS solver failed:  The solver ECOS is not installed. 
Using SCS instead.
ECOS solver failed:  The solver ECOS is not installed. 
Using SCS instead.
ECOS solver failed:  The solver ECOS is not installed. 
Using SCS instead.
ECOS solver failed:  The solver ECOS is not installed. 
Using SCS instead.
ECOS solver failed:  The solver ECOS is not installed. 
Using SCS instead.
ECOS solver failed:  The solver ECOS is not installed. 
Using SCS instead.
ECOS solver failed:  The solver ECOS is not installed. 
Using SCS instead.
ECOS solver failed:  The solver ECOS is not installed. 
Using SCS instead.
ECOS solver failed:  The solver ECOS is not installed. 
Using SCS instead.
ECOS solver failed:  The solver ECOS is not installed. 
Using SCS instead.
M-step Design Matrix Calculation time (sec): 0.0340
ECOS solver failed in IPCW_HAL_init, falling back to SCS: The solver ECOS is not installed.
WARNING - large complementary slackness residual: 0.005704
M-step CVXPY optimize time (sec): 0.7553
ECOS solver failed:  The solver ECOS is not installed. 
Using SCS instead.
ECOS solver failed:  The solver ECOS is not installed. 
Using SCS instead.
ECOS solver failed:  The solver ECOS is not installed. 
Using SCS instead.
ECOS solver failed:  The solver ECOS is not installed. 
Using SCS instead.
ECOS solver failed:  The solver ECOS is not installed. 
Using SCS instead.
ECOS solver failed:  The solver ECOS is not installed. 
Using SCS instead.
ECOS solver failed:  The solver ECOS is not installed. 
Using SCS instead.
ECOS solver failed:  The solver ECOS is not installed. 
Using SCS instead.
ECOS solver failed:  The solver ECOS is not installed. 
Using SCS instead.
ECOS solver failed:  The solver ECOS is not installed. 
Using SCS instead.
ECOS solver failed:  The solver ECOS is not installed. 
Using SCS instead.
ECOS solver failed:  The solver ECOS is not installed. 
Using SCS instead.
ECOS solver failed:  The solver ECOS is not installed. 
Using SCS instead.
ECOS solver failed:  The solver ECOS is not installed. 
Using SCS instead.
ECOS solver failed:  The solver ECOS is not installed. 
Using SCS instead.
ECOS solver failed:  The solver ECOS is not installed. 
Using SCS instead.
ECOS solver failed:  The solver ECOS is not installed. 
Using SCS instead.
ECOS solver failed:  The solver ECOS is not installed. 
Using SCS instead.
ECOS solver failed:  The solver ECOS is not installed. 
Using SCS instead.
ECOS solver failed:  The solver ECOS is not installed. 
Using SCS instead.
ECOS solver failed:  The solver ECOS is not installed. 
Using SCS instead.
M-step Design Matrix Calculation time (sec): 0.0364
ECOS solver failed in IPCW_HAL_init, falling back to SCS: The solver ECOS is not installed.
WARNING - large complementary slackness residual: 0.017668
M-step CVXPY optimize time (sec): 1.0345
ECOS solver failed:  The solver ECOS is not installed. 
Using SCS instead.
ECOS solver failed:  The solver ECOS is not installed. 
Using SCS instead.
ECOS solver failed:  The solver ECOS is not installed. 
Using SCS instead.
ECOS solver failed:  The solver ECOS is not installed. 
Using SCS instead.
ECOS solver failed:  The solver ECOS is not installed. 
Using SCS instead.
ECOS solver failed:  The solver ECOS is not installed. 
Using SCS instead.
ECOS solver failed:  The solver ECOS is not installed. 
Using SCS instead.
ECOS solver failed:  The solver ECOS is not installed. 
Using SCS instead.
ECOS solver failed:  The solver ECOS is not installed. 
Using SCS instead.
ECOS solver failed:  The solver ECOS is not installed. 
Using SCS instead.
ECOS solver failed:  The solver ECOS is not installed. 
Using SCS instead.
ECOS solver failed:  The solver ECOS is not installed. 
Using SCS instead.
ECOS solver failed:  The solver ECOS is not installed. 
Using SCS instead.
ECOS solver failed:  The solver ECOS is not installed. 
Using SCS instead.
ECOS solver failed:  The solver ECOS is not installed. 
Using SCS instead.
ECOS solver failed:  The solver ECOS is not installed. 
Using SCS instead.
ECOS solver failed:  The solver ECOS is not installed. 
Using SCS instead.
ECOS solver failed:  The solver ECOS is not installed. 
Using SCS instead.
ECOS solver failed:  The solver ECOS is not installed. 
Using SCS instead.
ECOS solver failed:  The solver ECOS is not installed. 
Using SCS instead.
ECOS solver failed:  The solver ECOS is not installed. 
Using SCS instead.
M-step Design Matrix Calculation time (sec): 0.0159
ECOS solver failed in IPCW_HAL_init, falling back to SCS: The solver ECOS is not installed.
WARNING - large complementary slackness residual: 0.039701
M-step CVXPY optimize time (sec): 0.6096
ECOS solver failed:  The solver ECOS is not installed. 
Using SCS instead.
ECOS solver failed:  The solver ECOS is not installed. 
Using SCS instead.
ECOS solver failed:  The solver ECOS is not installed. 
Using SCS instead.
ECOS solver failed:  The solver ECOS is not installed. 
Using SCS instead.
ECOS solver failed:  The solver ECOS is not installed. 
Using SCS instead.
ECOS solver failed:  The solver ECOS is not installed. 
Using SCS instead.
ECOS solver failed:  The solver ECOS is not installed. 
Using SCS instead.
ECOS solver failed:  The solver ECOS is not installed. 
Using SCS instead.
ECOS solver failed:  The solver ECOS is not installed. 
Using SCS instead.
ECOS solver failed:  The solver ECOS is not installed. 
Using SCS instead.
ECOS solver failed:  The solver ECOS is not installed. 
Using SCS instead.
ECOS solver failed:  The solver ECOS is not installed. 
Using SCS instead.
ECOS solver failed:  The solver ECOS is not installed. 
Using SCS instead.
ECOS solver failed:  The solver ECOS is not installed. 
Using SCS instead.
ECOS solver failed:  The solver ECOS is not installed. 
Using SCS instead.
ECOS solver failed:  The solver ECOS is not installed. 
Using SCS instead.
ECOS solver failed:  The solver ECOS is not installed. 
Using SCS instead.
ECOS solver failed:  The solver ECOS is not installed. 
Using SCS instead.
ECOS solver failed:  The solver ECOS is not installed. 
Using SCS instead.
ECOS solver failed:  The solver ECOS is not installed. 
Using SCS instead.
ECOS solver failed:  The solver ECOS is not installed. 
Using SCS instead.
M-step Design Matrix Calculation time (sec): 0.0117
ECOS solver failed in IPCW_HAL_init, falling back to SCS: The solver ECOS is not installed.
WARNING - large complementary slackness residual: 0.006663
M-step CVXPY optimize time (sec): 0.4702
ECOS solver failed:  The solver ECOS is not installed. 
Using SCS instead.
ECOS solver failed:  The solver ECOS is not installed. 
Using SCS instead.
ECOS solver failed:  The solver ECOS is not installed. 
Using SCS instead.
ECOS solver failed:  The solver ECOS is not installed. 
Using SCS instead.
ECOS solver failed:  The solver ECOS is not installed. 
Using SCS instead.
ECOS solver failed:  The solver ECOS is not installed. 
Using SCS instead.
ECOS solver failed:  The solver ECOS is not installed. 
Using SCS instead.
ECOS solver failed:  The solver ECOS is not installed. 
Using SCS instead.
ECOS solver failed:  The solver ECOS is not installed. 
Using SCS instead.
ECOS solver failed:  The solver ECOS is not installed. 
Using SCS instead.
ECOS solver failed:  The solver ECOS is not installed. 
Using SCS instead.
ECOS solver failed:  The solver ECOS is not installed. 
Using SCS instead.
ECOS solver failed:  The solver ECOS is not installed. 
Using SCS instead.
ECOS solver failed:  The solver ECOS is not installed. 
Using SCS instead.
ECOS solver failed:  The solver ECOS is not installed. 
Using SCS instead.
ECOS solver failed:  The solver ECOS is not installed. 
Using SCS instead.
ECOS solver failed:  The solver ECOS is not installed. 
Using SCS instead.
ECOS solver failed:  The solver ECOS is not installed. 
Using SCS instead.
ECOS solver failed:  The solver ECOS is not installed. 
Using SCS instead.
ECOS solver failed:  The solver ECOS is not installed. 
Using SCS instead.
ECOS solver failed:  The solver ECOS is not installed. 
Using SCS instead.
M-step Design Matrix Calculation time (sec): 0.0336
ECOS solver failed in IPCW_HAL_init, falling back to SCS: The solver ECOS is not installed.
M-step CVXPY optimize time (sec): 0.6935
ECOS solver failed:  The solver ECOS is not installed. 
Using SCS instead.
ECOS solver failed:  The solver ECOS is not installed. 
Using SCS instead.
ECOS solver failed:  The solver ECOS is not installed. 
Using SCS instead.
ECOS solver failed:  The solver ECOS is not installed. 
Using SCS instead.
ECOS solver failed:  The solver ECOS is not installed. 
Using SCS instead.
ECOS solver failed:  The solver ECOS is not installed. 
Using SCS instead.
ECOS solver failed:  The solver ECOS is not installed. 
Using SCS instead.
ECOS solver failed:  The solver ECOS is not installed. 
Using SCS instead.
ECOS solver failed:  The solver ECOS is not installed. 
Using SCS instead.
ECOS solver failed:  The solver ECOS is not installed. 
Using SCS instead.
ECOS solver failed:  The solver ECOS is not installed. 
Using SCS instead.
ECOS solver failed:  The solver ECOS is not installed. 
Using SCS instead.
ECOS solver failed:  The solver ECOS is not installed. 
Using SCS instead.
ECOS solver failed:  The solver ECOS is not installed. 
Using SCS instead.
ECOS solver failed:  The solver ECOS is not installed. 
Using SCS instead.
ECOS solver failed:  The solver ECOS is not installed. 
Using SCS instead.
ECOS solver failed:  The solver ECOS is not installed. 
Using SCS instead.
ECOS solver failed:  The solver ECOS is not installed. 
Using SCS instead.
ECOS solver failed:  The solver ECOS is not installed. 
Using SCS instead.
ECOS solver failed:  The solver ECOS is not installed. 
Using SCS instead.
ECOS solver failed:  The solver ECOS is not installed. 
Using SCS instead.
M-step Design Matrix Calculation time (sec): 0.0238
ECOS solver failed in IPCW_HAL_init, falling back to SCS: The solver ECOS is not installed.
WARNING - large complementary slackness residual: 0.005149
M-step CVXPY optimize time (sec): 1.6782
ECOS solver failed:  The solver ECOS is not installed. 
Using SCS instead.
ECOS solver failed:  The solver ECOS is not installed. 
Using SCS instead.
ECOS solver failed:  The solver ECOS is not installed. 
Using SCS instead.
ECOS solver failed:  The solver ECOS is not installed. 
Using SCS instead.
ECOS solver failed:  The solver ECOS is not installed. 
Using SCS instead.
ECOS solver failed:  The solver ECOS is not installed. 
Using SCS instead.
ECOS solver failed:  The solver ECOS is not installed. 
Using SCS instead.
ECOS solver failed:  The solver ECOS is not installed. 
Using SCS instead.
ECOS solver failed:  The solver ECOS is not installed. 
Using SCS instead.
ECOS solver failed:  The solver ECOS is not installed. 
Using SCS instead.
ECOS solver failed:  The solver ECOS is not installed. 
Using SCS instead.
ECOS solver failed:  The solver ECOS is not installed. 
Using SCS instead.
ECOS solver failed:  The solver ECOS is not installed. 
Using SCS instead.
ECOS solver failed:  The solver ECOS is not installed. 
Using SCS instead.
ECOS solver failed:  The solver ECOS is not installed. 
Using SCS instead.
ECOS solver failed:  The solver ECOS is not installed. 
Using SCS instead.
ECOS solver failed:  The solver ECOS is not installed. 
Using SCS instead.
ECOS solver failed:  The solver ECOS is not installed. 
Using SCS instead.
ECOS solver failed:  The solver ECOS is not installed. 
Using SCS instead.
ECOS solver failed:  The solver ECOS is not installed. 
Using SCS instead.
ECOS solver failed:  The solver ECOS is not installed. 
Using SCS instead.
M-step Design Matrix Calculation time (sec): 0.0194
ECOS solver failed in IPCW_HAL_init, falling back to SCS: The solver ECOS is not installed.
WARNING - large complementary slackness residual: 0.016595
M-step CVXPY optimize time (sec): 1.8391
ECOS solver failed:  The solver ECOS is not installed. 
Using SCS instead.
ECOS solver failed:  The solver ECOS is not installed. 
Using SCS instead.
ECOS solver failed:  The solver ECOS is not installed. 
Using SCS instead.
ECOS solver failed:  The solver ECOS is not installed. 
Using SCS instead.
ECOS solver failed:  The solver ECOS is not installed. 
Using SCS instead.
ECOS solver failed:  The solver ECOS is not installed. 
Using SCS instead.
ECOS solver failed:  The solver ECOS is not installed. 
Using SCS instead.
ECOS solver failed:  The solver ECOS is not installed. 
Using SCS instead.
ECOS solver failed:  The solver ECOS is not installed. 
Using SCS instead.
ECOS solver failed:  The solver ECOS is not installed. 
Using SCS instead.
ECOS solver failed:  The solver ECOS is not installed. 
Using SCS instead.
ECOS solver failed:  The solver ECOS is not installed. 
Using SCS instead.
ECOS solver failed:  The solver ECOS is not installed. 
Using SCS instead.
ECOS solver failed:  The solver ECOS is not installed. 
Using SCS instead.
ECOS solver failed:  The solver ECOS is not installed. 
Using SCS instead.
ECOS solver failed:  The solver ECOS is not installed. 
Using SCS instead.
ECOS solver failed:  The solver ECOS is not installed. 
Using SCS instead.
ECOS solver failed:  The solver ECOS is not installed. 
Using SCS instead.
ECOS solver failed:  The solver ECOS is not installed. 
Using SCS instead.
ECOS solver failed:  The solver ECOS is not installed. 
Using SCS instead.
ECOS solver failed:  The solver ECOS is not installed. 
Using SCS instead.
M-step Design Matrix Calculation time (sec): 0.0189
ECOS solver failed in IPCW_HAL_init, falling back to SCS: The solver ECOS is not installed.
WARNING - large complementary slackness residual: 0.006100
M-step CVXPY optimize time (sec): 2.4874
ECOS solver failed:  The solver ECOS is not installed. 
Using SCS instead.
ECOS solver failed:  The solver ECOS is not installed. 
Using SCS instead.
ECOS solver failed:  The solver ECOS is not installed. 
Using SCS instead.
ECOS solver failed:  The solver ECOS is not installed. 
Using SCS instead.
ECOS solver failed:  The solver ECOS is not installed. 
Using SCS instead.
ECOS solver failed:  The solver ECOS is not installed. 
Using SCS instead.
ECOS solver failed:  The solver ECOS is not installed. 
Using SCS instead.
ECOS solver failed:  The solver ECOS is not installed. 
Using SCS instead.
ECOS solver failed:  The solver ECOS is not installed. 
Using SCS instead.
ECOS solver failed:  The solver ECOS is not installed. 
Using SCS instead.
ECOS solver failed:  The solver ECOS is not installed. 
Using SCS instead.
ECOS solver failed:  The solver ECOS is not installed. 
Using SCS instead.
ECOS solver failed:  The solver ECOS is not installed. 
Using SCS instead.
ECOS solver failed:  The solver ECOS is not installed. 
Using SCS instead.
ECOS solver failed:  The solver ECOS is not installed. 
Using SCS instead.
ECOS solver failed:  The solver ECOS is not installed. 
Using SCS instead.
ECOS solver failed:  The solver ECOS is not installed. 
Using SCS instead.
ECOS solver failed:  The solver ECOS is not installed. 
Using SCS instead.
ECOS solver failed:  The solver ECOS is not installed. 
Using SCS instead.
ECOS solver failed:  The solver ECOS is not installed. 
Using SCS instead.
ECOS solver failed:  The solver ECOS is not installed. 
Using SCS instead.
M-step Design Matrix Calculation time (sec): 0.0366
ECOS solver failed in IPCW_HAL_init, falling back to SCS: The solver ECOS is not installed.
WARNING - large complementary slackness residual: 0.008081
M-step CVXPY optimize time (sec): 2.1300
ECOS solver failed:  The solver ECOS is not installed. 
Using SCS instead.
ECOS solver failed:  The solver ECOS is not installed. 
Using SCS instead.
ECOS solver failed:  The solver ECOS is not installed. 
Using SCS instead.
ECOS solver failed:  The solver ECOS is not installed. 
Using SCS instead.
ECOS solver failed:  The solver ECOS is not installed. 
Using SCS instead.
ECOS solver failed:  The solver ECOS is not installed. 
Using SCS instead.
ECOS solver failed:  The solver ECOS is not installed. 
Using SCS instead.
ECOS solver failed:  The solver ECOS is not installed. 
Using SCS instead.
ECOS solver failed:  The solver ECOS is not installed. 
Using SCS instead.
ECOS solver failed:  The solver ECOS is not installed. 
Using SCS instead.
ECOS solver failed:  The solver ECOS is not installed. 
Using SCS instead.
ECOS solver failed:  The solver ECOS is not installed. 
Using SCS instead.
ECOS solver failed:  The solver ECOS is not installed. 
Using SCS instead.
ECOS solver failed:  The solver ECOS is not installed. 
Using SCS instead.
ECOS solver failed:  The solver ECOS is not installed. 
Using SCS instead.
ECOS solver failed:  The solver ECOS is not installed. 
Using SCS instead.
ECOS solver failed:  The solver ECOS is not installed. 
Using SCS instead.
ECOS solver failed:  The solver ECOS is not installed. 
Using SCS instead.
ECOS solver failed:  The solver ECOS is not installed. 
Using SCS instead.
ECOS solver failed:  The solver ECOS is not installed. 
Using SCS instead.
ECOS solver failed:  The solver ECOS is not installed. 
Using SCS instead.
M-step Design Matrix Calculation time (sec): 0.0196
ECOS solver failed in IPCW_HAL_init, falling back to SCS: The solver ECOS is not installed.
WARNING - large complementary slackness residual: 0.012675
M-step CVXPY optimize time (sec): 2.1730
ECOS solver failed:  The solver ECOS is not installed. 
Using SCS instead.
ECOS solver failed:  The solver ECOS is not installed. 
Using SCS instead.
ECOS solver failed:  The solver ECOS is not installed. 
Using SCS instead.
ECOS solver failed:  The solver ECOS is not installed. 
Using SCS instead.
ECOS solver failed:  The solver ECOS is not installed. 
Using SCS instead.
ECOS solver failed:  The solver ECOS is not installed. 
Using SCS instead.
ECOS solver failed:  The solver ECOS is not installed. 
Using SCS instead.
ECOS solver failed:  The solver ECOS is not installed. 
Using SCS instead.
ECOS solver failed:  The solver ECOS is not installed. 
Using SCS instead.
ECOS solver failed:  The solver ECOS is not installed. 
Using SCS instead.
ECOS solver failed:  The solver ECOS is not installed. 
Using SCS instead.
ECOS solver failed:  The solver ECOS is not installed. 
Using SCS instead.
ECOS solver failed:  The solver ECOS is not installed. 
Using SCS instead.
ECOS solver failed:  The solver ECOS is not installed. 
Using SCS instead.
ECOS solver failed:  The solver ECOS is not installed. 
Using SCS instead.
ECOS solver failed:  The solver ECOS is not installed. 
Using SCS instead.
ECOS solver failed:  The solver ECOS is not installed. 
Using SCS instead.
ECOS solver failed:  The solver ECOS is not installed. 
Using SCS instead.
ECOS solver failed:  The solver ECOS is not installed. 
Using SCS instead.
ECOS solver failed:  The solver ECOS is not installed. 
Using SCS instead.
ECOS solver failed:  The solver ECOS is not installed. 
Using SCS instead.
M-step Design Matrix Calculation time (sec): 0.0205
ECOS solver failed in IPCW_HAL_init, falling back to SCS: The solver ECOS is not installed.
WARNING - large complementary slackness residual: 0.008188
M-step CVXPY optimize time (sec): 2.2125
ECOS solver failed:  The solver ECOS is not installed. 
Using SCS instead.
ECOS solver failed:  The solver ECOS is not installed. 
Using SCS instead.
ECOS solver failed:  The solver ECOS is not installed. 
Using SCS instead.
ECOS solver failed:  The solver ECOS is not installed. 
Using SCS instead.
ECOS solver failed:  The solver ECOS is not installed. 
Using SCS instead.
ECOS solver failed:  The solver ECOS is not installed. 
Using SCS instead.
ECOS solver failed:  The solver ECOS is not installed. 
Using SCS instead.
ECOS solver failed:  The solver ECOS is not installed. 
Using SCS instead.
ECOS solver failed:  The solver ECOS is not installed. 
Using SCS instead.
ECOS solver failed:  The solver ECOS is not installed. 
Using SCS instead.
ECOS solver failed:  The solver ECOS is not installed. 
Using SCS instead.
ECOS solver failed:  The solver ECOS is not installed. 
Using SCS instead.
ECOS solver failed:  The solver ECOS is not installed. 
Using SCS instead.
ECOS solver failed:  The solver ECOS is not installed. 
Using SCS instead.
ECOS solver failed:  The solver ECOS is not installed. 
Using SCS instead.
ECOS solver failed:  The solver ECOS is not installed. 
Using SCS instead.
ECOS solver failed:  The solver ECOS is not installed. 
Using SCS instead.
ECOS solver failed:  The solver ECOS is not installed. 
Using SCS instead.
ECOS solver failed:  The solver ECOS is not installed. 
Using SCS instead.
ECOS solver failed:  The solver ECOS is not installed. 
Using SCS instead.
ECOS solver failed:  The solver ECOS is not installed. 
Using SCS instead.
M-step Design Matrix Calculation time (sec): 0.1060
ECOS solver failed in IPCW_HAL_init, falling back to SCS: The solver ECOS is not installed.
M-step CVXPY optimize time (sec): 1.5621
ECOS solver failed:  The solver ECOS is not installed. 
Using SCS instead.
ECOS solver failed:  The solver ECOS is not installed. 
Using SCS instead.
ECOS solver failed:  The solver ECOS is not installed. 
Using SCS instead.
ECOS solver failed:  The solver ECOS is not installed. 
Using SCS instead.
ECOS solver failed:  The solver ECOS is not installed. 
Using SCS instead.
ECOS solver failed:  The solver ECOS is not installed. 
Using SCS instead.
ECOS solver failed:  The solver ECOS is not installed. 
Using SCS instead.
ECOS solver failed:  The solver ECOS is not installed. 
Using SCS instead.
ECOS solver failed:  The solver ECOS is not installed. 
Using SCS instead.
ECOS solver failed:  The solver ECOS is not installed. 
Using SCS instead.
ECOS solver failed:  The solver ECOS is not installed. 
Using SCS instead.
ECOS solver failed:  The solver ECOS is not installed. 
Using SCS instead.
ECOS solver failed:  The solver ECOS is not installed. 
Using SCS instead.
ECOS solver failed:  The solver ECOS is not installed. 
Using SCS instead.
ECOS solver failed:  The solver ECOS is not installed. 
Using SCS instead.
ECOS solver failed:  The solver ECOS is not installed. 
Using SCS instead.
ECOS solver failed:  The solver ECOS is not installed. 
Using SCS instead.
ECOS solver failed:  The solver ECOS is not installed. 
Using SCS instead.
ECOS solver failed:  The solver ECOS is not installed. 
Using SCS instead.
ECOS solver failed:  The solver ECOS is not installed. 
Using SCS instead.
ECOS solver failed:  The solver ECOS is not installed. 
Using SCS instead.
M-step Design Matrix Calculation time (sec): 0.2193
ECOS solver failed in IPCW_HAL_init, falling back to SCS: The solver ECOS is not installed.
M-step CVXPY optimize time (sec): 0.8918
ECOS solver failed:  The solver ECOS is not installed. 
Using SCS instead.
ECOS solver failed:  The solver ECOS is not installed. 
Using SCS instead.
ECOS solver failed:  The solver ECOS is not installed. 
Using SCS instead.
ECOS solver failed:  The solver ECOS is not installed. 
Using SCS instead.
ECOS solver failed:  The solver ECOS is not installed. 
Using SCS instead.
ECOS solver failed:  The solver ECOS is not installed. 
Using SCS instead.
ECOS solver failed:  The solver ECOS is not installed. 
Using SCS instead.
ECOS solver failed:  The solver ECOS is not installed. 
Using SCS instead.
ECOS solver failed:  The solver ECOS is not installed. 
Using SCS instead.
ECOS solver failed:  The solver ECOS is not installed. 
Using SCS instead.
ECOS solver failed:  The solver ECOS is not installed. 
Using SCS instead.
ECOS solver failed:  The solver ECOS is not installed. 
Using SCS instead.
ECOS solver failed:  The solver ECOS is not installed. 
Using SCS instead.
ECOS solver failed:  The solver ECOS is not installed. 
Using SCS instead.
ECOS solver failed:  The solver ECOS is not installed. 
Using SCS instead.
ECOS solver failed:  The solver ECOS is not installed. 
Using SCS instead.
ECOS solver failed:  The solver ECOS is not installed. 
Using SCS instead.
ECOS solver failed:  The solver ECOS is not installed. 
Using SCS instead.
ECOS solver failed:  The solver ECOS is not installed. 
Using SCS instead.
ECOS solver failed:  The solver ECOS is not installed. 
Using SCS instead.
ECOS solver failed:  The solver ECOS is not installed. 
Using SCS instead.
M-step Design Matrix Calculation time (sec): 0.1959
ECOS solver failed in IPCW_HAL_init, falling back to SCS: The solver ECOS is not installed.
WARNING - large complementary slackness residual: 0.017694
M-step CVXPY optimize time (sec): 3.7007
ECOS solver failed:  The solver ECOS is not installed. 
Using SCS instead.
ECOS solver failed:  The solver ECOS is not installed. 
Using SCS instead.
ECOS solver failed:  The solver ECOS is not installed. 
Using SCS instead.
ECOS solver failed:  The solver ECOS is not installed. 
Using SCS instead.
ECOS solver failed:  The solver ECOS is not installed. 
Using SCS instead.
ECOS solver failed:  The solver ECOS is not installed. 
Using SCS instead.
ECOS solver failed:  The solver ECOS is not installed. 
Using SCS instead.
ECOS solver failed:  The solver ECOS is not installed. 
Using SCS instead.
ECOS solver failed:  The solver ECOS is not installed. 
Using SCS instead.
ECOS solver failed:  The solver ECOS is not installed. 
Using SCS instead.
ECOS solver failed:  The solver ECOS is not installed. 
Using SCS instead.
ECOS solver failed:  The solver ECOS is not installed. 
Using SCS instead.
ECOS solver failed:  The solver ECOS is not installed. 
Using SCS instead.
ECOS solver failed:  The solver ECOS is not installed. 
Using SCS instead.
ECOS solver failed:  The solver ECOS is not installed. 
Using SCS instead.
ECOS solver failed:  The solver ECOS is not installed. 
Using SCS instead.
ECOS solver failed:  The solver ECOS is not installed. 
Using SCS instead.
ECOS solver failed:  The solver ECOS is not installed. 
Using SCS instead.
ECOS solver failed:  The solver ECOS is not installed. 
Using SCS instead.
ECOS solver failed:  The solver ECOS is not installed. 
Using SCS instead.
ECOS solver failed:  The solver ECOS is not installed. 
Using SCS instead.
M-step Design Matrix Calculation time (sec): 0.0853
ECOS solver failed in IPCW_HAL_init, falling back to SCS: The solver ECOS is not installed.
M-step CVXPY optimize time (sec): 1.2691
ECOS solver failed:  The solver ECOS is not installed. 
Using SCS instead.
ECOS solver failed:  The solver ECOS is not installed. 
Using SCS instead.
ECOS solver failed:  The solver ECOS is not installed. 
Using SCS instead.
ECOS solver failed:  The solver ECOS is not installed. 
Using SCS instead.
ECOS solver failed:  The solver ECOS is not installed. 
Using SCS instead.
ECOS solver failed:  The solver ECOS is not installed. 
Using SCS instead.
ECOS solver failed:  The solver ECOS is not installed. 
Using SCS instead.
ECOS solver failed:  The solver ECOS is not installed. 
Using SCS instead.
ECOS solver failed:  The solver ECOS is not installed. 
Using SCS instead.
ECOS solver failed:  The solver ECOS is not installed. 
Using SCS instead.
ECOS solver failed:  The solver ECOS is not installed. 
Using SCS instead.
ECOS solver failed:  The solver ECOS is not installed. 
Using SCS instead.
ECOS solver failed:  The solver ECOS is not installed. 
Using SCS instead.
ECOS solver failed:  The solver ECOS is not installed. 
Using SCS instead.
ECOS solver failed:  The solver ECOS is not installed. 
Using SCS instead.
ECOS solver failed:  The solver ECOS is not installed. 
Using SCS instead.
ECOS solver failed:  The solver ECOS is not installed. 
Using SCS instead.
ECOS solver failed:  The solver ECOS is not installed. 
Using SCS instead.
ECOS solver failed:  The solver ECOS is not installed. 
Using SCS instead.
ECOS solver failed:  The solver ECOS is not installed. 
Using SCS instead.
ECOS solver failed:  The solver ECOS is not installed. 
Using SCS instead.
M-step Design Matrix Calculation time (sec): 0.1828
ECOS solver failed in IPCW_HAL_init, falling back to SCS: The solver ECOS is not installed.
M-step CVXPY optimize time (sec): 1.9007
ECOS solver failed:  The solver ECOS is not installed. 
Using SCS instead.
ECOS solver failed:  The solver ECOS is not installed. 
Using SCS instead.
ECOS solver failed:  The solver ECOS is not installed. 
Using SCS instead.
ECOS solver failed:  The solver ECOS is not installed. 
Using SCS instead.
ECOS solver failed:  The solver ECOS is not installed. 
Using SCS instead.
ECOS solver failed:  The solver ECOS is not installed. 
Using SCS instead.
ECOS solver failed:  The solver ECOS is not installed. 
Using SCS instead.
ECOS solver failed:  The solver ECOS is not installed. 
Using SCS instead.
ECOS solver failed:  The solver ECOS is not installed. 
Using SCS instead.
ECOS solver failed:  The solver ECOS is not installed. 
Using SCS instead.
ECOS solver failed:  The solver ECOS is not installed. 
Using SCS instead.
ECOS solver failed:  The solver ECOS is not installed. 
Using SCS instead.
ECOS solver failed:  The solver ECOS is not installed. 
Using SCS instead.
ECOS solver failed:  The solver ECOS is not installed. 
Using SCS instead.
ECOS solver failed:  The solver ECOS is not installed. 
Using SCS instead.
ECOS solver failed:  The solver ECOS is not installed. 
Using SCS instead.
ECOS solver failed:  The solver ECOS is not installed. 
Using SCS instead.
ECOS solver failed:  The solver ECOS is not installed. 
Using SCS instead.
ECOS solver failed:  The solver ECOS is not installed. 
Using SCS instead.
ECOS solver failed:  The solver ECOS is not installed. 
Using SCS instead.
ECOS solver failed:  The solver ECOS is not installed. 
Using SCS instead.
M-step Design Matrix Calculation time (sec): 0.0195
ECOS solver failed in IPCW_HAL_init, falling back to SCS: The solver ECOS is not installed.
WARNING - large complementary slackness residual: 0.006815
M-step CVXPY optimize time (sec): 2.1290
ECOS solver failed:  The solver ECOS is not installed. 
Using SCS instead.
ECOS solver failed:  The solver ECOS is not installed. 
Using SCS instead.
ECOS solver failed:  The solver ECOS is not installed. 
Using SCS instead.
ECOS solver failed:  The solver ECOS is not installed. 
Using SCS instead.
ECOS solver failed:  The solver ECOS is not installed. 
Using SCS instead.
ECOS solver failed:  The solver ECOS is not installed. 
Using SCS instead.
ECOS solver failed:  The solver ECOS is not installed. 
Using SCS instead.
ECOS solver failed:  The solver ECOS is not installed. 
Using SCS instead.
ECOS solver failed:  The solver ECOS is not installed. 
Using SCS instead.
ECOS solver failed:  The solver ECOS is not installed. 
Using SCS instead.
ECOS solver failed:  The solver ECOS is not installed. 
Using SCS instead.
ECOS solver failed:  The solver ECOS is not installed. 
Using SCS instead.
ECOS solver failed:  The solver ECOS is not installed. 
Using SCS instead.
ECOS solver failed:  The solver ECOS is not installed. 
Using SCS instead.
ECOS solver failed:  The solver ECOS is not installed. 
Using SCS instead.
ECOS solver failed:  The solver ECOS is not installed. 
Using SCS instead.
ECOS solver failed:  The solver ECOS is not installed. 
Using SCS instead.
ECOS solver failed:  The solver ECOS is not installed. 
Using SCS instead.
ECOS solver failed:  The solver ECOS is not installed. 
Using SCS instead.
ECOS solver failed:  The solver ECOS is not installed. 
Using SCS instead.
ECOS solver failed:  The solver ECOS is not installed. 
Using SCS instead.
M-step Design Matrix Calculation time (sec): 0.0563
ECOS solver failed in IPCW_HAL_init, falling back to SCS: The solver ECOS is not installed.
M-step CVXPY optimize time (sec): 0.4217
ECOS solver failed:  The solver ECOS is not installed. 
Using SCS instead.
ECOS solver failed:  The solver ECOS is not installed. 
Using SCS instead.
ECOS solver failed:  The solver ECOS is not installed. 
Using SCS instead.
ECOS solver failed:  The solver ECOS is not installed. 
Using SCS instead.
ECOS solver failed:  The solver ECOS is not installed. 
Using SCS instead.
ECOS solver failed:  The solver ECOS is not installed. 
Using SCS instead.
ECOS solver failed:  The solver ECOS is not installed. 
Using SCS instead.
ECOS solver failed:  The solver ECOS is not installed. 
Using SCS instead.
ECOS solver failed:  The solver ECOS is not installed. 
Using SCS instead.
ECOS solver failed:  The solver ECOS is not installed. 
Using SCS instead.
ECOS solver failed:  The solver ECOS is not installed. 
Using SCS instead.
ECOS solver failed:  The solver ECOS is not installed. 
Using SCS instead.
ECOS solver failed:  The solver ECOS is not installed. 
Using SCS instead.
ECOS solver failed:  The solver ECOS is not installed. 
Using SCS instead.
ECOS solver failed:  The solver ECOS is not installed. 
Using SCS instead.
ECOS solver failed:  The solver ECOS is not installed. 
Using SCS instead.
ECOS solver failed:  The solver ECOS is not installed. 
Using SCS instead.
ECOS solver failed:  The solver ECOS is not installed. 
Using SCS instead.
ECOS solver failed:  The solver ECOS is not installed. 
Using SCS instead.
ECOS solver failed:  The solver ECOS is not installed. 
Using SCS instead.
ECOS solver failed:  The solver ECOS is not installed. 
Using SCS instead.
M-step Design Matrix Calculation time (sec): 0.0204
ECOS solver failed in IPCW_HAL_init, falling back to SCS: The solver ECOS is not installed.
M-step CVXPY optimize time (sec): 0.2678
ECOS solver failed:  The solver ECOS is not installed. 
Using SCS instead.
ECOS solver failed:  The solver ECOS is not installed. 
Using SCS instead.
ECOS solver failed:  The solver ECOS is not installed. 
Using SCS instead.
ECOS solver failed:  The solver ECOS is not installed. 
Using SCS instead.
ECOS solver failed:  The solver ECOS is not installed. 
Using SCS instead.
ECOS solver failed:  The solver ECOS is not installed. 
Using SCS instead.
ECOS solver failed:  The solver ECOS is not installed. 
Using SCS instead.
ECOS solver failed:  The solver ECOS is not installed. 
Using SCS instead.
ECOS solver failed:  The solver ECOS is not installed. 
Using SCS instead.
ECOS solver failed:  The solver ECOS is not installed. 
Using SCS instead.
ECOS solver failed:  The solver ECOS is not installed. 
Using SCS instead.
ECOS solver failed:  The solver ECOS is not installed. 
Using SCS instead.
ECOS solver failed:  The solver ECOS is not installed. 
Using SCS instead.
ECOS solver failed:  The solver ECOS is not installed. 
Using SCS instead.
ECOS solver failed:  The solver ECOS is not installed. 
Using SCS instead.
ECOS solver failed:  The solver ECOS is not installed. 
Using SCS instead.
ECOS solver failed:  The solver ECOS is not installed. 
Using SCS instead.
ECOS solver failed:  The solver ECOS is not installed. 
Using SCS instead.
ECOS solver failed:  The solver ECOS is not installed. 
Using SCS instead.
ECOS solver failed:  The solver ECOS is not installed. 
Using SCS instead.
ECOS solver failed:  The solver ECOS is not installed. 
Using SCS instead.
M-step Design Matrix Calculation time (sec): 0.0113
ECOS solver failed in IPCW_HAL_init, falling back to SCS: The solver ECOS is not installed.
WARNING - large complementary slackness residual: 0.033596
M-step CVXPY optimize time (sec): 0.2865
Saved CSV files and lambda frequency plot.
